survey,row_index,object_id,snr,valid_fraction,selected,selection_reason,split
LAMOST_DR2_HO2017,0,2M00005271+1509401,90.2522441352364,1.0,True,selected,source_train
LAMOST_DR2_HO2017,1,2M00013901+1658396,148.86970772877544,1.0,True,selected,source_train
LAMOST_DR2_HO2017,2,2M00022406+1625382,147.63706475472603,1.0,True,selected,source_train
LAMOST_DR2_HO2017,3,2M00025331+1642008,94.46804417916157,1.0,True,selected,source_train
LAMOST_DR2_HO2017,4,2M00234405+5542455,86.21996916746227,0.9744,True,selected,source_train
LAMOST_DR2_HO2017,5,2M00243398+5442060,100.98237825332907,0.9797333333333333,True,selected,source_train
LAMOST_DR2_HO2017,6,2M00243735+5507357,192.41733942510047,1.0,True,selected,source_train
LAMOST_DR2_HO2017,7,2M00270542+5437396,106.93319179796843,0.9648,True,selected,source_holdout
LAMOST_DR2_HO2017,8,2M00273477+5442589,237.76826862352172,0.976,True,selected,source_train
LAMOST_DR2_HO2017,9,2M00280947+5558349,86.5371753602792,0.9941333333333333,True,selected,source_train
LAMOST_DR2_HO2017,10,2M00312588+5415080,107.76149749617511,0.9866666666666667,True,selected,source_holdout
LAMOST_DR2_HO2017,11,2M00322869+5744177,130.19748929232213,0.9952,True,selected,source_train
LAMOST_DR2_HO2017,12,2M00341690+5507129,91.83874200929533,0.9498666666666666,False,quality_cut,excluded
LAMOST_DR2_HO2017,13,2M00344475+5355303,123.19506733969047,0.9957333333333334,True,selected,source_train
LAMOST_DR2_HO2017,14,2M00345951+5558383,176.42115179989474,1.0,True,selected,source_holdout
LAMOST_DR2_HO2017,15,2M00364665+5540284,94.24650838239444,1.0,True,selected,source_train
LAMOST_DR2_HO2017,16,2M00372038+5347298,118.57106903495585,0.9797333333333333,True,selected,source_holdout
LAMOST_DR2_HO2017,17,2M00393440+5458390,122.15059191858197,0.9802666666666666,True,selected,source_train
LAMOST_DR2_HO2017,18,2M00434152+4142243,249.0585529096181,1.0,True,selected,source_train
LAMOST_DR2_HO2017,19,2M00443001+4007595,186.79044067643107,1.0,True,selected,source_train
LAMOST_DR2_HO2017,20,2M01230542+1734289,107.32499313997974,1.0,True,selected,source_train
LAMOST_DR2_HO2017,21,2M01233762+1730153,98.44815227266822,0.9685333333333334,True,selected,source_train
LAMOST_DR2_HO2017,22,2M01240965+1724401,108.87305965777965,0.9882666666666666,True,selected,source_train
LAMOST_DR2_HO2017,23,2M01252336+1756024,85.98992465775017,0.9904,True,selected,source_holdout
LAMOST_DR2_HO2017,24,2M01265432+1813144,153.3552758441328,0.9957333333333334,True,selected,source_train
LAMOST_DR2_HO2017,25,2M01564527+4838495,85.62241610198235,0.9797333333333333,True,selected,source_train
LAMOST_DR2_HO2017,26,2M01583110+4835106,93.88747703232035,1.0,True,selected,source_train
LAMOST_DR2_HO2017,27,2M02024375+4822449,107.1932975522125,0.9861333333333333,True,selected,source_train
LAMOST_DR2_HO2017,28,2M02025695+5026182,127.59979302527935,0.9578666666666666,True,selected,source_train
LAMOST_DR2_HO2017,29,2M02035403+4816360,94.97114736868946,0.9962666666666666,True,selected,source_train
LAMOST_DR2_HO2017,30,2M02044418+4854337,129.2657923832238,0.9952,True,selected,source_train
LAMOST_DR2_HO2017,31,2M02052188+1341416,109.4191763157432,1.0,True,selected,source_train
LAMOST_DR2_HO2017,32,2M02093556+1253295,100.75567077422998,0.9957333333333334,True,selected,source_train
LAMOST_DR2_HO2017,33,2M02491623+0930095,193.60894834538578,0.9813333333333333,True,selected,source_train
LAMOST_DR2_HO2017,34,2M02505450+0744321,99.88957404573878,0.9605333333333334,True,selected,source_train
LAMOST_DR2_HO2017,35,2M02512379+0812029,140.3568148629837,0.9802666666666666,True,selected,source_holdout
LAMOST_DR2_HO2017,36,2M03261624+3223238,88.2003964248135,0.9754666666666667,True,selected,source_train
LAMOST_DR2_HO2017,37,2M03364225+4449124,84.08879456382783,1.0,True,selected,source_train
LAMOST_DR2_HO2017,38,2M03385695+4646084,132.20985034465153,0.9962666666666666,True,selected,source_train
LAMOST_DR2_HO2017,39,2M03395821+4635068,93.3398246133406,0.992,True,selected,source_train
LAMOST_DR2_HO2017,40,2M03421849+3326342,94.9886439386686,0.9797333333333333,True,selected,source_holdout
LAMOST_DR2_HO2017,41,2M03434866+3323120,100.79231854011225,0.9418666666666666,False,quality_cut,excluded
LAMOST_DR2_HO2017,42,2M04112526+5200361,98.85868761381975,1.0,True,selected,source_train
LAMOST_DR2_HO2017,43,2M04122820+5207064,109.21504339881757,0.9797333333333333,True,selected,source_train
LAMOST_DR2_HO2017,44,2M04371231+2753185,95.12650851171381,1.0,True,selected,source_train
LAMOST_DR2_HO2017,45,2M04413965+5716424,90.34286303934073,0.9674666666666667,True,selected,source_train
LAMOST_DR2_HO2017,46,2M04471855+5147598,138.61316558393997,0.9797333333333333,True,selected,source_train
LAMOST_DR2_HO2017,47,2M04580137+2218150,85.54859366146556,1.0,True,selected,source_train
LAMOST_DR2_HO2017,48,2M04591059+2159041,109.64452144222237,0.9952,True,selected,source_train
LAMOST_DR2_HO2017,49,2M05044809+2148060,103.39500222041717,0.9808,True,selected,source_holdout
LAMOST_DR2_HO2017,50,2M05055373+2130068,118.34299647154317,1.0,True,selected,source_train
LAMOST_DR2_HO2017,51,2M05055546+2304013,100.50547598084687,1.0,True,selected,source_train
LAMOST_DR2_HO2017,52,2M05170639+3724116,137.03166958350064,1.0,True,selected,source_train
LAMOST_DR2_HO2017,53,2M05215708+3558456,85.57550812245799,0.9754666666666667,True,selected,source_train
LAMOST_DR2_HO2017,54,2M05251993+3418568,89.50714220198728,0.9824,True,selected,source_train
LAMOST_DR2_HO2017,55,2M05302135-0605288,140.98514060211522,0.9845333333333334,True,selected,source_train
LAMOST_DR2_HO2017,56,2M05325767+3949012,100.19944614843011,1.0,True,selected,source_train
LAMOST_DR2_HO2017,57,2M05330777+4042328,116.55052879634894,1.0,True,selected,source_holdout
LAMOST_DR2_HO2017,58,2M05341133-0631195,133.04816863598134,0.9546666666666667,True,selected,source_train
LAMOST_DR2_HO2017,59,2M05373445+2233426,174.0691582743571,1.0,True,selected,source_train
LAMOST_DR2_HO2017,60,2M05380529+2219384,146.1032820102585,0.9952,True,selected,source_holdout
LAMOST_DR2_HO2017,61,2M05381177+4520045,167.00743684413166,0.9797333333333333,True,selected,source_train
LAMOST_DR2_HO2017,62,2M05395079+4427301,124.96172273179458,0.9792,True,selected,source_train
LAMOST_DR2_HO2017,63,2M05395547+4458408,138.04635332551925,1.0,True,selected,source_train
LAMOST_DR2_HO2017,64,2M05412370+2355015,122.97965216111325,0.9621333333333333,True,selected,source_train
LAMOST_DR2_HO2017,65,2M05414319+5250241,203.72808634962442,0.9957333333333334,True,selected,source_train
LAMOST_DR2_HO2017,66,2M05434067+5427166,104.32776287994659,0.9952,True,selected,source_train
LAMOST_DR2_HO2017,67,2M05440888+5434105,101.47120403433756,0.9882666666666666,True,selected,source_train
LAMOST_DR2_HO2017,68,2M05473235+5408289,127.29287161956417,0.9952,True,selected,source_train
LAMOST_DR2_HO2017,69,2M05481581+2105436,122.37163501783323,1.0,True,selected,source_train
LAMOST_DR2_HO2017,70,2M05522126+1942181,97.13243506918364,0.9733333333333334,True,selected,source_train
LAMOST_DR2_HO2017,71,2M05531522+2027534,111.60821242995739,0.9946666666666667,True,selected,source_train
LAMOST_DR2_HO2017,72,2M05534598+1125588,133.15441479958787,0.9952,True,selected,source_train
LAMOST_DR2_HO2017,73,2M05535075+1131278,90.38862225069987,0.9685333333333334,True,selected,source_train
LAMOST_DR2_HO2017,74,2M05535805+1239378,87.34163068997202,1.0,True,selected,source_train
LAMOST_DR2_HO2017,75,2M05571715+1358320,99.02096279412714,0.9962666666666666,True,selected,source_train
LAMOST_DR2_HO2017,76,2M06004812+2938192,122.58290705418783,1.0,True,selected,source_holdout
LAMOST_DR2_HO2017,77,2M06012568+3105048,90.0623903203747,0.9872,True,selected,source_train
LAMOST_DR2_HO2017,78,2M06013474+1313175,132.93685004875564,0.9893333333333333,True,selected,source_train
LAMOST_DR2_HO2017,79,2M06022257+1347338,151.8838545189113,0.9909333333333333,True,selected,source_train
LAMOST_DR2_HO2017,80,2M06052750+1256167,98.77261137025526,0.9434666666666667,False,quality_cut,excluded
LAMOST_DR2_HO2017,81,2M06064726+1506273,135.31286780990106,0.9834666666666667,True,selected,source_train
LAMOST_DR2_HO2017,82,2M06071679+2207417,177.1903589997653,0.9706666666666667,True,selected,source_train
LAMOST_DR2_HO2017,83,2M06072905+1500012,84.87086966537662,0.9957333333333334,True,selected,source_train
LAMOST_DR2_HO2017,84,2M06075374+1303436,110.99429063750561,0.9493333333333334,False,quality_cut,excluded
LAMOST_DR2_HO2017,85,2M06083902+1353201,122.46979407200857,0.9888,True,selected,source_train
LAMOST_DR2_HO2017,86,2M06090331+1133044,116.62934309309364,0.9477333333333333,False,quality_cut,excluded
LAMOST_DR2_HO2017,87,2M06092650+1151403,87.93635579727139,0.9781333333333333,True,selected,source_train
LAMOST_DR2_HO2017,88,2M06105074+1154091,87.82099964500036,0.9797333333333333,True,selected,source_train
LAMOST_DR2_HO2017,89,2M06124207+3314299,84.51070032528919,0.9888,True,selected,source_train
LAMOST_DR2_HO2017,90,2M06134759+1458119,191.72681459361792,0.9877333333333334,True,selected,source_holdout
LAMOST_DR2_HO2017,91,2M06140888+3347477,115.69291403514055,0.9952,True,selected,source_train
LAMOST_DR2_HO2017,92,2M06142432+3340402,135.81282390945037,0.9504,True,selected,source_train
LAMOST_DR2_HO2017,93,2M06143920+3341096,94.87009020750557,0.9477333333333333,False,quality_cut,excluded
LAMOST_DR2_HO2017,94,2M06144665+3323480,108.1601683184241,1.0,True,selected,source_train
LAMOST_DR2_HO2017,95,2M06144770+1550319,119.41588012180796,0.9568,True,selected,source_train
LAMOST_DR2_HO2017,96,2M06144849+3402337,91.13811976982102,0.9344,False,quality_cut,excluded
LAMOST_DR2_HO2017,97,2M06152955+3349006,196.2981317833144,0.9573333333333334,True,selected,source_train
LAMOST_DR2_HO2017,98,2M06153648+3353362,123.96847487218989,0.9946666666666667,True,selected,source_holdout
LAMOST_DR2_HO2017,99,2M06161769+5758284,98.08479062111924,0.9754666666666667,True,selected,source_train
LAMOST_DR2_HO2017,100,2M06161783+3334237,120.49263505475642,0.9861333333333333,True,selected,source_train
LAMOST_DR2_HO2017,101,2M06161927+3347514,116.83625435393594,0.9552,True,selected,source_train
LAMOST_DR2_HO2017,102,2M06163621+5752451,173.6408347195647,1.0,True,selected,source_train
LAMOST_DR2_HO2017,103,2M06163924+1520204,108.41397560439795,0.9829333333333333,True,selected,source_train
LAMOST_DR2_HO2017,104,2M06164445+1517437,145.36391562610714,0.9669333333333333,True,selected,source_train
LAMOST_DR2_HO2017,105,2M06165754+3411118,165.9314787932504,0.9488,False,quality_cut,excluded
LAMOST_DR2_HO2017,106,2M06172592+3405446,105.67410024303166,0.9813333333333333,True,selected,source_train
LAMOST_DR2_HO2017,107,2M06172604+3346062,112.48922531765791,0.9301333333333334,False,quality_cut,excluded
LAMOST_DR2_HO2017,108,2M06175067+3415269,179.6027477919035,0.9829333333333333,True,selected,source_train
LAMOST_DR2_HO2017,109,2M06180315+3402205,113.88233583247299,0.9861333333333333,True,selected,source_train
LAMOST_DR2_HO2017,110,2M06181062+3415243,104.8068008909353,0.9653333333333334,True,selected,source_train
LAMOST_DR2_HO2017,111,2M06181814+3246419,102.96441337375134,1.0,True,selected,source_train
LAMOST_DR2_HO2017,112,2M06182670+3414470,104.63636499645267,0.9632,True,selected,source_holdout
LAMOST_DR2_HO2017,113,2M06183776+3303391,111.37074946356333,0.9834666666666667,True,selected,source_train
LAMOST_DR2_HO2017,114,2M06185613+3330386,95.13247233328818,0.9706666666666667,True,selected,source_train
LAMOST_DR2_HO2017,115,2M06200949+3325106,137.1904015043284,0.9722666666666666,True,selected,source_train
LAMOST_DR2_HO2017,116,2M06202177+3303344,112.45201846886529,0.9797333333333333,True,selected,source_train
LAMOST_DR2_HO2017,117,2M06203652+3251392,90.70477676035347,0.9962666666666666,True,selected,source_train
LAMOST_DR2_HO2017,118,2M06205982+0439235,87.72173716097613,0.9733333333333334,True,selected,source_train
LAMOST_DR2_HO2017,119,2M06211152+3341070,110.8546553787471,0.9648,True,selected,source_train
LAMOST_DR2_HO2017,120,2M06220948+5802523,123.91801217123437,1.0,True,selected,source_train
LAMOST_DR2_HO2017,121,2M06223961+3253522,117.5749760744972,0.9845333333333334,True,selected,source_train
LAMOST_DR2_HO2017,122,2M06224961+3305268,187.09092848903737,0.9909333333333333,True,selected,source_train
LAMOST_DR2_HO2017,123,2M06225298+2400123,90.0938041180262,0.9461333333333334,False,quality_cut,excluded
LAMOST_DR2_HO2017,124,2M06244174+3325071,138.1248058902861,1.0,True,selected,source_train
LAMOST_DR2_HO2017,125,2M06264613+0058103,99.47766055020146,0.9701333333333333,True,selected,source_train
LAMOST_DR2_HO2017,126,2M06264839+0504425,101.73350313644742,0.9957333333333334,True,selected,source_train
LAMOST_DR2_HO2017,127,2M06281954+2044029,100.96179958656673,0.9658666666666667,True,selected,source_train
LAMOST_DR2_HO2017,128,2M06291774+0420108,127.38955930461901,1.0,True,selected,source_holdout
LAMOST_DR2_HO2017,129,2M06294062+3503555,300.58579981668777,1.0,True,selected,source_train
LAMOST_DR2_HO2017,130,2M06300634+0324404,126.59240386666477,1.0,True,selected,source_train
LAMOST_DR2_HO2017,131,2M06345069+1805566,93.47150840458826,0.9957333333333334,True,selected,source_train
LAMOST_DR2_HO2017,132,2M06351528+0150426,152.53159855893955,0.9962666666666666,True,selected,source_holdout
LAMOST_DR2_HO2017,133,2M06394484+3413080,109.07200351341453,1.0,True,selected,source_train
LAMOST_DR2_HO2017,134,2M06440791+2725183,114.67174501084074,0.976,True,selected,source_holdout
LAMOST_DR2_HO2017,135,2M06442294+2800095,87.8870879809251,0.9856,True,selected,source_holdout
LAMOST_DR2_HO2017,136,2M06450716+2050464,97.89219043576179,0.9946666666666667,True,selected,source_holdout
LAMOST_DR2_HO2017,137,2M06461094+2049418,98.56498537421483,0.9648,True,selected,source_train
LAMOST_DR2_HO2017,138,2M06463073+2858030,92.04847371655467,0.9818666666666667,True,selected,source_train
LAMOST_DR2_HO2017,139,2M06472397+2031301,101.26643055057443,0.9898666666666667,True,selected,source_holdout
LAMOST_DR2_HO2017,140,2M06475323+2638102,159.2937749824267,1.0,True,selected,source_train
LAMOST_DR2_HO2017,141,2M06485946+1810017,93.42327558140815,1.0,True,selected,source_train
LAMOST_DR2_HO2017,142,2M06491923+2025306,87.46856454145453,1.0,True,selected,source_train
LAMOST_DR2_HO2017,143,2M06494642+2031148,98.77908756844204,0.9797333333333333,True,selected,source_train
LAMOST_DR2_HO2017,144,2M06494879+2903038,128.32512249814909,0.9946666666666667,True,selected,source_train
LAMOST_DR2_HO2017,145,2M06503575+0650492,101.5332266335854,1.0,True,selected,source_train
LAMOST_DR2_HO2017,146,2M06511402+0740026,114.14030339614649,0.9749333333333333,True,selected,source_train
LAMOST_DR2_HO2017,147,2M06513586+2016098,111.73579716646496,0.9946666666666667,True,selected,source_train
LAMOST_DR2_HO2017,148,2M06513786+2756111,92.11689168500736,0.9621333333333333,True,selected,source_train
LAMOST_DR2_HO2017,149,2M06514731+2749595,86.91147005524192,0.9882666666666666,True,selected,source_train
LAMOST_DR2_HO2017,150,2M06523097+2812275,128.1686799084219,1.0,True,selected,source_train
LAMOST_DR2_HO2017,151,2M06523519+2716519,84.68021165404195,0.9872,True,selected,source_train
LAMOST_DR2_HO2017,152,2M06525292+2727009,87.9052256228539,1.0,True,selected,source_train
LAMOST_DR2_HO2017,153,2M06525412+1610286,90.2114471410156,1.0,True,selected,source_train
LAMOST_DR2_HO2017,154,2M06525549+1624571,199.34711693718023,1.0,True,selected,source_train
LAMOST_DR2_HO2017,155,2M06530530+4238384,89.49235638911522,0.9946666666666667,True,selected,source_holdout
LAMOST_DR2_HO2017,156,2M06534447+2703190,100.92930256719431,0.9904,True,selected,source_train
LAMOST_DR2_HO2017,157,2M06543447+2702425,141.29162957670871,1.0,True,selected,source_train
LAMOST_DR2_HO2017,158,2M06545988+4241598,165.6768100712463,1.0,True,selected,source_train
LAMOST_DR2_HO2017,159,2M06564930+0729487,87.5293712424788,1.0,True,selected,source_train
LAMOST_DR2_HO2017,160,2M06573555+1614071,91.66032307009536,0.9802666666666666,True,selected,source_train
LAMOST_DR2_HO2017,161,2M06582378+3804471,104.57422352767877,1.0,True,selected,source_train
LAMOST_DR2_HO2017,162,2M06584701+3640101,96.4031439100787,1.0,True,selected,source_train
LAMOST_DR2_HO2017,163,2M06590396+3602216,88.46793461516125,1.0,True,selected,source_train
LAMOST_DR2_HO2017,164,2M06595264+3653454,153.87616773170038,0.9962666666666666,True,selected,source_train
LAMOST_DR2_HO2017,165,2M06595287+3632488,124.9194062683562,0.9946666666666667,True,selected,source_train
LAMOST_DR2_HO2017,166,2M07002190+3536547,100.91415342474457,0.9962666666666666,True,selected,source_train
LAMOST_DR2_HO2017,167,2M07032795+3821002,99.46674477965274,1.0,True,selected,source_holdout
LAMOST_DR2_HO2017,168,2M07033362+3727189,85.42226990537137,1.0,True,selected,source_holdout
LAMOST_DR2_HO2017,169,2M07035198+3742453,92.4815959232145,0.9957333333333334,True,selected,source_holdout
LAMOST_DR2_HO2017,170,2M07035311+3702491,157.44456537532176,1.0,True,selected,source_train
LAMOST_DR2_HO2017,171,2M07035923+3708246,83.40734975741492,0.9914666666666667,True,selected,source_train
LAMOST_DR2_HO2017,172,2M07040572+3643137,85.65773223069135,1.0,True,selected,source_train
LAMOST_DR2_HO2017,173,2M07041989+3536023,109.39678030230866,0.9909333333333333,True,selected,source_train
LAMOST_DR2_HO2017,174,2M07043453+3629341,157.32399919599885,0.992,True,selected,source_train
LAMOST_DR2_HO2017,175,2M07043592+3546474,93.05680171349005,0.9962666666666666,True,selected,source_train
LAMOST_DR2_HO2017,176,2M07043898+3633542,128.84195099016412,1.0,True,selected,source_train
LAMOST_DR2_HO2017,177,2M07050261+3825256,87.16165156118663,0.9909333333333333,True,selected,source_holdout
LAMOST_DR2_HO2017,178,2M07050282+3835338,106.53629282988867,1.0,True,selected,source_train
LAMOST_DR2_HO2017,179,2M07050900+3639223,120.23903614442307,1.0,True,selected,source_holdout
LAMOST_DR2_HO2017,180,2M07050913+3717191,86.61795104155836,0.9952,True,selected,source_train
LAMOST_DR2_HO2017,181,2M07051150+3701391,91.83179767175912,1.0,True,selected,source_train
LAMOST_DR2_HO2017,182,2M07052300+3829506,102.09971661671545,1.0,True,selected,source_train
LAMOST_DR2_HO2017,183,2M07053309+3838540,100.9671100068883,0.9866666666666667,True,selected,source_train
LAMOST_DR2_HO2017,184,2M07060107+3700235,111.45306908978847,0.9962666666666666,True,selected,source_holdout
LAMOST_DR2_HO2017,185,2M07060407+3653291,96.56370607059023,1.0,True,selected,source_train
LAMOST_DR2_HO2017,186,2M07060755+3656505,173.13273129301902,1.0,True,selected,source_train
LAMOST_DR2_HO2017,187,2M07062630+3830238,98.54925114163214,0.9845333333333334,True,selected,source_train
LAMOST_DR2_HO2017,188,2M07063540+3613594,309.459266460043,1.0,True,selected,source_train
LAMOST_DR2_HO2017,189,2M07064413+3641398,88.37524461610987,1.0,True,selected,source_holdout
LAMOST_DR2_HO2017,190,2M07071939+3708234,212.57975168535867,0.9882666666666666,True,selected,source_train
LAMOST_DR2_HO2017,191,2M07072038+3749456,84.21717053460925,1.0,True,selected,source_train
LAMOST_DR2_HO2017,192,2M07080503+3653023,130.56594022479425,0.9962666666666666,True,selected,source_holdout
LAMOST_DR2_HO2017,193,2M07080601+3815550,304.36169739133896,0.9952,True,selected,source_train
LAMOST_DR2_HO2017,194,2M07080879+3637192,165.58996691192,0.9952,True,selected,source_train
LAMOST_DR2_HO2017,195,2M07081731+3625547,111.93861367378804,1.0,True,selected,source_holdout
LAMOST_DR2_HO2017,196,2M07082423+3617183,283.0225365783605,0.9962666666666666,True,selected,source_train
LAMOST_DR2_HO2017,197,2M07083277+3723228,88.8342378287077,0.9845333333333334,True,selected,source_train
LAMOST_DR2_HO2017,198,2M07083704+3627477,108.43417670546563,1.0,True,selected,source_train
LAMOST_DR2_HO2017,199,2M07085575+3609329,271.9780323875217,1.0,True,selected,source_train
LAMOST_DR2_HO2017,200,2M07085931+3020164,85.5504929487922,0.9936,True,selected,source_train
LAMOST_DR2_HO2017,201,2M07091972+3751292,93.31784195346678,1.0,True,selected,source_train
LAMOST_DR2_HO2017,202,2M07095295+3708058,134.8235130955868,1.0,True,selected,source_train
LAMOST_DR2_HO2017,203,2M07101287+3828361,123.11439154322815,1.0,True,selected,source_train
LAMOST_DR2_HO2017,204,2M07102420+3640112,99.11473005399331,1.0,True,selected,source_holdout
LAMOST_DR2_HO2017,205,2M07103913+3602366,110.30141276266633,0.9765333333333334,True,selected,source_holdout
LAMOST_DR2_HO2017,206,2M07105020+3806429,95.65147612432918,0.9952,True,selected,source_train
LAMOST_DR2_HO2017,207,2M07111289+3716226,215.7173744084553,0.9957333333333334,True,selected,source_train
LAMOST_DR2_HO2017,208,2M07111852+3600111,227.3537103292925,0.9648,True,selected,source_train
LAMOST_DR2_HO2017,209,2M07112049+3705406,99.83385183969006,1.0,True,selected,source_train
LAMOST_DR2_HO2017,210,2M07112600+3046114,96.9767904747475,1.0,True,selected,source_train
LAMOST_DR2_HO2017,211,2M07112902+3039576,105.97109655424852,0.9946666666666667,True,selected,source_holdout
LAMOST_DR2_HO2017,212,2M07122531+1501438,91.55290060024332,1.0,True,selected,source_holdout
LAMOST_DR2_HO2017,213,2M07122823+1438253,104.54458635140121,0.9797333333333333,True,selected,source_train
LAMOST_DR2_HO2017,214,2M07123440+1356550,161.27371485802695,0.9930666666666667,True,selected,source_train
LAMOST_DR2_HO2017,215,2M07124184+3712454,108.58272345136692,0.9962666666666666,True,selected,source_train
LAMOST_DR2_HO2017,216,2M07125958+3634018,102.24991890702432,1.0,True,selected,source_holdout
LAMOST_DR2_HO2017,217,2M07133920+3624254,90.77759143287916,1.0,True,selected,source_holdout
LAMOST_DR2_HO2017,218,2M07134926+2939220,98.8861305432199,1.0,True,selected,source_train
LAMOST_DR2_HO2017,219,2M07142477+3020309,102.76687908770543,1.0,True,selected,source_train
LAMOST_DR2_HO2017,220,2M07143298+1322598,87.4960402018655,0.9696,True,selected,source_holdout
LAMOST_DR2_HO2017,221,2M07145366+2929461,97.39710700347804,1.0,True,selected,source_holdout
LAMOST_DR2_HO2017,222,2M07145806+1402560,89.32986204292125,0.9872,True,selected,source_train
LAMOST_DR2_HO2017,223,2M07150299+2916274,141.39074286400853,0.9962666666666666,True,selected,source_holdout
LAMOST_DR2_HO2017,224,2M07153020+3101093,107.55564606256658,0.9914666666666667,True,selected,source_train
LAMOST_DR2_HO2017,225,2M07183724+3009208,103.12420814206192,0.9946666666666667,True,selected,source_holdout
LAMOST_DR2_HO2017,226,2M07185841+0551272,116.39135009130862,1.0,True,selected,source_train
LAMOST_DR2_HO2017,227,2M07195167+3040202,131.85767304628223,1.0,True,selected,source_train
LAMOST_DR2_HO2017,228,2M07195948+0609102,91.51526449308152,0.9818666666666667,True,selected,source_train
LAMOST_DR2_HO2017,229,2M07200658+3027435,123.3536687002618,0.9957333333333334,True,selected,source_train
LAMOST_DR2_HO2017,230,2M07204597+2937366,111.52403869400649,1.0,True,selected,source_train
LAMOST_DR2_HO2017,231,2M07205288+2321486,85.6919225611986,0.9957333333333334,True,selected,source_train
LAMOST_DR2_HO2017,232,2M07205318+3032054,102.2718706733109,0.9621333333333333,True,selected,source_train
LAMOST_DR2_HO2017,233,2M07210905+3036051,235.3174075237458,1.0,True,selected,source_train
LAMOST_DR2_HO2017,234,2M07215618+2254053,108.78673760697444,0.9877333333333334,True,selected,source_train
LAMOST_DR2_HO2017,235,2M07221364+2345562,89.24209767312192,0.9952,True,selected,source_train
LAMOST_DR2_HO2017,236,2M07223624+2248562,126.27852270892052,0.9936,True,selected,source_train
LAMOST_DR2_HO2017,237,2M07230941+2339464,89.99405149089675,0.9925333333333334,True,selected,source_train
LAMOST_DR2_HO2017,238,2M07231662+2228285,107.9189521011928,1.0,True,selected,source_holdout
LAMOST_DR2_HO2017,239,2M07245351+2418070,178.06623839275676,1.0,True,selected,source_train
LAMOST_DR2_HO2017,240,2M07253303+2416552,85.36468552026462,1.0,True,selected,source_train
LAMOST_DR2_HO2017,241,2M07253786+2453554,90.45206653023969,0.9242666666666667,False,quality_cut,excluded
LAMOST_DR2_HO2017,242,2M07262224+2218103,105.36303070696022,1.0,True,selected,source_train
LAMOST_DR2_HO2017,243,2M07281433+2438101,116.57428870347059,0.9909333333333333,True,selected,source_holdout
LAMOST_DR2_HO2017,244,2M07281502+2310029,97.80774981793715,0.9941333333333333,True,selected,source_train
LAMOST_DR2_HO2017,245,2M07282530+2326439,94.33763986241077,0.9914666666666667,True,selected,source_train
LAMOST_DR2_HO2017,246,2M07282739+2333413,123.96363662845036,0.9813333333333333,True,selected,source_train
LAMOST_DR2_HO2017,247,2M07282899+2309061,88.84406338913324,1.0,True,selected,source_train
LAMOST_DR2_HO2017,248,2M07295716+2238584,129.89805759924522,1.0,True,selected,source_train
LAMOST_DR2_HO2017,249,2M07313197+3648473,91.44010179179324,0.9861333333333333,True,selected,source_train
LAMOST_DR2_HO2017,250,2M07313756+3704242,105.81073549533882,0.9946666666666667,True,selected,source_train
LAMOST_DR2_HO2017,251,2M07320768+3757114,110.37076851843563,1.0,True,selected,source_train
LAMOST_DR2_HO2017,252,2M07322870+3742160,128.87765807171158,1.0,True,selected,source_train
LAMOST_DR2_HO2017,253,2M07323747+3726566,112.98832683216756,1.0,True,selected,source_train
LAMOST_DR2_HO2017,254,2M07325834+2130078,152.54657753300125,1.0,True,selected,source_train
LAMOST_DR2_HO2017,255,2M07333133+2136092,128.29428567718887,0.9957333333333334,True,selected,source_train
LAMOST_DR2_HO2017,256,2M07334802+3806245,84.22503030643884,1.0,True,selected,source_train
LAMOST_DR2_HO2017,257,2M07340002+3822343,170.26479034469043,1.0,True,selected,source_holdout
LAMOST_DR2_HO2017,258,2M07345270+2233019,109.5275871704162,0.9909333333333333,True,selected,source_train
LAMOST_DR2_HO2017,259,2M07355437+3705296,141.32819211750808,1.0,True,selected,source_train
LAMOST_DR2_HO2017,260,2M07355441+2123267,96.65844660711394,0.9898666666666667,True,selected,source_train
LAMOST_DR2_HO2017,261,2M07360198+2127554,96.41889869922454,0.9936,True,selected,source_train
LAMOST_DR2_HO2017,262,2M07361801+2243152,127.58683507665545,0.9957333333333334,True,selected,source_train
LAMOST_DR2_HO2017,263,2M07362258+2254055,113.46662222354873,0.9861333333333333,True,selected,source_train
LAMOST_DR2_HO2017,264,2M07362319+2217136,102.39793566311042,0.9952,True,selected,source_train
LAMOST_DR2_HO2017,265,2M07362776+2227496,115.82288164053107,1.0,True,selected,source_train
LAMOST_DR2_HO2017,266,2M07364852+2204473,91.05468043843872,0.9872,True,selected,source_train
LAMOST_DR2_HO2017,267,2M07371036+3730525,87.14374360984661,1.0,True,selected,source_train
LAMOST_DR2_HO2017,268,2M07372961+3726028,86.2904664359663,1.0,True,selected,source_train
LAMOST_DR2_HO2017,269,2M07373060+2115080,85.91748795297012,0.9904,True,selected,source_train
LAMOST_DR2_HO2017,270,2M07380278+3619346,294.64433930550774,0.9962666666666666,True,selected,source_train
LAMOST_DR2_HO2017,271,2M07383889+2235347,85.16742783143333,1.0,True,selected,source_holdout
LAMOST_DR2_HO2017,272,2M07384367+2139557,85.23792075891927,0.9962666666666666,True,selected,source_train
LAMOST_DR2_HO2017,273,2M07392734+2252449,108.26819105054368,1.0,True,selected,source_train
LAMOST_DR2_HO2017,274,2M07393051+2209148,105.20446765018714,0.9808,True,selected,source_train
LAMOST_DR2_HO2017,275,2M07404216+3558542,113.58164597702388,1.0,True,selected,source_train
LAMOST_DR2_HO2017,276,2M07412993+1616432,115.66467534987214,1.0,True,selected,source_train
LAMOST_DR2_HO2017,277,2M07413233+3704112,85.55560352033396,0.992,True,selected,source_train
LAMOST_DR2_HO2017,278,2M07422834+1039221,124.77801837606852,0.9701333333333333,True,selected,source_train
LAMOST_DR2_HO2017,279,2M07432632+1108073,153.40121868843954,0.9706666666666667,True,selected,source_train
LAMOST_DR2_HO2017,280,2M07434384+2157484,95.57478710554086,0.9962666666666666,True,selected,source_train
LAMOST_DR2_HO2017,281,2M07450762+5255384,131.8656961529642,1.0,True,selected,source_train
LAMOST_DR2_HO2017,282,2M07452296+1012397,135.10019884451407,0.9792,True,selected,source_holdout
LAMOST_DR2_HO2017,283,2M07460610+1059106,111.66376882000921,0.9824,True,selected,source_train
LAMOST_DR2_HO2017,284,2M07464900+5328047,168.10780237745126,0.9877333333333334,True,selected,source_train
LAMOST_DR2_HO2017,285,2M07465223+1040405,164.00170347409406,0.9957333333333334,True,selected,source_train
LAMOST_DR2_HO2017,286,2M07475702+1015227,86.84720596639289,0.9946666666666667,True,selected,source_train
LAMOST_DR2_HO2017,287,2M07503101+5244138,121.3520158526082,1.0,True,selected,source_train
LAMOST_DR2_HO2017,288,2M07510066+5359073,112.92197183248152,0.992,True,selected,source_train
LAMOST_DR2_HO2017,289,2M07512586+5249262,133.86161353285152,0.9957333333333334,True,selected,source_train
LAMOST_DR2_HO2017,290,2M07513191+5301014,97.02820311240501,1.0,True,selected,source_train
LAMOST_DR2_HO2017,291,2M07520600+5328226,123.3892904065012,0.9770666666666666,True,selected,source_train
LAMOST_DR2_HO2017,292,2M07525184+5415174,127.44179548502547,0.9754666666666667,True,selected,source_train
LAMOST_DR2_HO2017,293,2M07532611+5300256,112.55299433652065,0.992,True,selected,source_holdout
LAMOST_DR2_HO2017,294,2M07533572+5350447,209.21887942639907,0.9861333333333333,True,selected,source_train
LAMOST_DR2_HO2017,295,2M07543832+5426319,123.24740484258228,1.0,True,selected,source_train
LAMOST_DR2_HO2017,296,2M07553242+3936272,113.77005968316465,1.0,True,selected,source_train
LAMOST_DR2_HO2017,297,2M07564276+5408237,96.67365575082388,1.0,True,selected,source_train
LAMOST_DR2_HO2017,298,2M07571025+5407392,133.42224462027752,1.0,True,selected,source_train
LAMOST_DR2_HO2017,299,2M07595846+4031270,89.26891715134379,0.9754666666666667,True,selected,source_train
LAMOST_DR2_HO2017,300,2M08010331+3910518,107.72632978821576,0.9898666666666667,True,selected,source_train
LAMOST_DR2_HO2017,301,2M08044266+4012081,159.60020362005707,0.9898666666666667,True,selected,source_train
LAMOST_DR2_HO2017,302,2M08154648+3322351,94.710800442895,1.0,True,selected,source_train
LAMOST_DR2_HO2017,303,2M08163955+3258122,104.89568587954419,1.0,True,selected,source_holdout
LAMOST_DR2_HO2017,304,2M08165743+3256475,127.66025228763449,1.0,True,selected,source_train
LAMOST_DR2_HO2017,305,2M08185117+2644471,85.71976245906552,1.0,True,selected,source_train
LAMOST_DR2_HO2017,306,2M08195789+3245410,92.46508491647083,0.992,True,selected,source_train
LAMOST_DR2_HO2017,307,2M08551851+0427127,92.90765862437894,0.9957333333333334,True,selected,source_train
LAMOST_DR2_HO2017,308,2M08562881+0337571,85.4753581911972,1.0,True,selected,source_train
LAMOST_DR2_HO2017,309,2M08570203+0233295,95.83628231505179,0.9957333333333334,True,selected,source_train
LAMOST_DR2_HO2017,310,2M08590599+0223458,139.3484092618941,1.0,True,selected,source_train
LAMOST_DR2_HO2017,311,2M09002355+3715568,94.5744542397561,0.9781333333333333,True,selected,source_train
LAMOST_DR2_HO2017,312,2M09003118+3740509,144.44630349222848,0.9962666666666666,True,selected,source_train
LAMOST_DR2_HO2017,313,2M09004010+0238468,143.881801385399,0.992,True,selected,source_holdout
LAMOST_DR2_HO2017,314,2M09004972+3731110,118.12226047527653,0.9802666666666666,True,selected,source_train
LAMOST_DR2_HO2017,315,2M09012394+3644024,434.55756235472467,1.0,True,selected,source_train
LAMOST_DR2_HO2017,316,2M09015126+3620182,107.87725767949271,1.0,True,selected,source_train
LAMOST_DR2_HO2017,317,2M09015564+3702521,112.13953053098558,1.0,True,selected,source_holdout
LAMOST_DR2_HO2017,318,2M09015727+3728403,333.8017116912797,0.9904,True,selected,source_train
LAMOST_DR2_HO2017,319,2M09020096+3812074,103.48277270932304,1.0,True,selected,source_train
LAMOST_DR2_HO2017,320,2M09021241+3713597,170.52072986552514,1.0,True,selected,source_train
LAMOST_DR2_HO2017,321,2M09021883+3618240,95.30965188430665,0.9664,True,selected,source_holdout
LAMOST_DR2_HO2017,322,2M09023562+3627169,98.55551885108187,1.0,True,selected,source_train
LAMOST_DR2_HO2017,323,2M09025289+0313312,143.8861556915581,0.9605333333333334,True,selected,source_train
LAMOST_DR2_HO2017,324,2M09030874+3620517,133.89019787293051,1.0,True,selected,source_holdout
LAMOST_DR2_HO2017,325,2M09034330+3655120,101.05793744211715,1.0,True,selected,source_holdout
LAMOST_DR2_HO2017,326,2M09035423+3621065,115.93409659962968,1.0,True,selected,source_train
LAMOST_DR2_HO2017,327,2M09035979+3805088,215.09463930858539,0.9962666666666666,True,selected,source_train
LAMOST_DR2_HO2017,328,2M09040056+3815432,318.71574039860417,0.9866666666666667,True,selected,source_train
LAMOST_DR2_HO2017,329,2M09045385+3716238,167.40750629861432,0.9893333333333333,True,selected,source_holdout
LAMOST_DR2_HO2017,330,2M09051570+3833044,107.71808207914759,1.0,True,selected,source_train
LAMOST_DR2_HO2017,331,2M09052940+3700433,133.84929684512002,1.0,True,selected,source_train
LAMOST_DR2_HO2017,332,2M09053303+3838403,85.95231289814777,0.9941333333333333,True,selected,source_train
LAMOST_DR2_HO2017,333,2M09055470+3743349,88.05503685303958,0.9957333333333334,True,selected,source_train
LAMOST_DR2_HO2017,334,2M09072961+3720207,192.67967723593532,1.0,True,selected,source_train
LAMOST_DR2_HO2017,335,2M09073008+3732577,352.7430646765696,0.9557333333333333,True,selected,source_train
LAMOST_DR2_HO2017,336,2M09074994+3740344,124.52342956793827,0.9898666666666667,True,selected,source_holdout
LAMOST_DR2_HO2017,337,2M09080807+3700367,154.42244792871657,1.0,True,selected,source_train
LAMOST_DR2_HO2017,338,2M09081846+3700529,122.26219521220732,1.0,True,selected,source_train
LAMOST_DR2_HO2017,339,2M09084935+3820034,461.9449937652099,1.0,True,selected,source_holdout
LAMOST_DR2_HO2017,340,2M09085043+3649453,112.82843768500419,1.0,True,selected,source_train
LAMOST_DR2_HO2017,341,2M09095767+3642383,136.06204970248476,0.9653333333333334,True,selected,source_holdout
LAMOST_DR2_HO2017,342,2M09104866+3732025,208.32589709561879,1.0,True,selected,source_train
LAMOST_DR2_HO2017,343,2M09111909+3633558,103.02621818592957,0.9962666666666666,True,selected,source_train
LAMOST_DR2_HO2017,344,2M09113005+3747559,163.14964407252359,0.9866666666666667,True,selected,source_train
LAMOST_DR2_HO2017,345,2M09114225+3746096,110.26207437394312,1.0,True,selected,source_train
LAMOST_DR2_HO2017,346,2M09215942+2711045,93.79029559587619,0.9914666666666667,True,selected,source_train
LAMOST_DR2_HO2017,347,2M09231460+2812144,178.2672902544133,1.0,True,selected,source_holdout
LAMOST_DR2_HO2017,348,2M09234336+2634507,93.36610768610433,1.0,True,selected,source_holdout
LAMOST_DR2_HO2017,349,2M09240552+2836029,84.1921889357177,1.0,True,selected,source_train
LAMOST_DR2_HO2017,350,2M09274318+2811186,97.64937723953315,0.9621333333333333,True,selected,source_holdout
LAMOST_DR2_HO2017,351,2M09275588+2819153,145.64916534762335,0.9509333333333333,True,selected,source_train
LAMOST_DR2_HO2017,352,2M09295319+5608599,98.3043314027023,0.9962666666666666,True,selected,source_train
LAMOST_DR2_HO2017,353,2M09412319+3707363,124.31757492554165,0.9962666666666666,True,selected,source_train
LAMOST_DR2_HO2017,354,2M09423268+3759182,138.88198443520375,0.9802666666666666,True,selected,source_train
LAMOST_DR2_HO2017,355,2M09425785+5507103,85.27084129561817,1.0,True,selected,source_train
LAMOST_DR2_HO2017,356,2M10232130+1557065,95.42894452264858,1.0,True,selected,source_holdout
LAMOST_DR2_HO2017,357,2M10261804+1620405,134.77189775562766,0.9861333333333333,True,selected,source_holdout
LAMOST_DR2_HO2017,358,2M10282605+3503581,128.7687076756931,1.0,True,selected,source_train
LAMOST_DR2_HO2017,359,2M10282676+1741395,124.53004627215257,1.0,True,selected,source_train
LAMOST_DR2_HO2017,360,2M10301916+1654029,167.61197877485017,0.9808,True,selected,source_train
LAMOST_DR2_HO2017,361,2M10305935+1728561,92.59054579060798,1.0,True,selected,source_holdout
LAMOST_DR2_HO2017,362,2M10312611+3528467,135.21430440621535,0.9904,True,selected,source_train
LAMOST_DR2_HO2017,363,2M10313153+1735344,111.24875938408508,0.9962666666666666,True,selected,source_train
LAMOST_DR2_HO2017,364,2M10314390+1623470,109.13953379453821,0.9461333333333334,False,quality_cut,excluded
LAMOST_DR2_HO2017,365,2M10335589+4008440,103.23673147797784,1.0,True,selected,source_train
LAMOST_DR2_HO2017,366,2M10341627+2908444,99.38919081801426,1.0,True,selected,source_holdout
LAMOST_DR2_HO2017,367,2M10344529+3414412,115.65787316195957,0.9952,True,selected,source_train
LAMOST_DR2_HO2017,368,2M10345043+4040579,89.87894069804037,1.0,True,selected,source_train
LAMOST_DR2_HO2017,369,2M10351597+3107077,88.4758369422116,0.9754666666666667,True,selected,source_train
LAMOST_DR2_HO2017,370,2M10353763+3419023,127.36217723061728,0.9952,True,selected,source_holdout
LAMOST_DR2_HO2017,371,2M10364974+3809555,126.82972453164113,1.0,True,selected,source_train
LAMOST_DR2_HO2017,372,2M10371722+2505123,85.99530777422322,1.0,True,selected,source_train
LAMOST_DR2_HO2017,373,2M10374537+4001245,109.65427451841644,1.0,True,selected,source_holdout
LAMOST_DR2_HO2017,374,2M10382582+3932205,135.39642986183512,1.0,True,selected,source_train
LAMOST_DR2_HO2017,375,2M10390519+2848583,112.17263612264296,1.0,True,selected,source_train
LAMOST_DR2_HO2017,376,2M10403846+2517511,98.94632980983891,1.0,True,selected,source_train
LAMOST_DR2_HO2017,377,2M10411022+3807161,104.55137114779382,1.0,True,selected,source_holdout
LAMOST_DR2_HO2017,378,2M10411564+4041285,97.35981878585845,1.0,True,selected,source_train
LAMOST_DR2_HO2017,379,2M10414878+3844568,93.977676377186,1.0,True,selected,source_train
LAMOST_DR2_HO2017,380,2M10415825+3824518,136.1796775848979,1.0,True,selected,source_train
LAMOST_DR2_HO2017,381,2M10424268+4506087,84.47128020093729,1.0,True,selected,source_train
LAMOST_DR2_HO2017,382,2M10461178+3913494,96.666901153702,0.9957333333333334,True,selected,source_train
LAMOST_DR2_HO2017,383,2M10490424+1927471,181.16201552674838,0.9866666666666667,True,selected,source_holdout
LAMOST_DR2_HO2017,384,2M10500817+4348082,132.71269496635932,1.0,True,selected,source_train
LAMOST_DR2_HO2017,385,2M10513105-0103246,154.79448131866124,0.9653333333333334,True,selected,source_train
LAMOST_DR2_HO2017,386,2M10514732+4406536,99.8008556431785,1.0,True,selected,source_train
LAMOST_DR2_HO2017,387,2M10515711-0034222,141.91278316358932,1.0,True,selected,source_holdout
LAMOST_DR2_HO2017,388,2M10520644-0046059,141.49277400315512,0.9712,True,selected,source_train
LAMOST_DR2_HO2017,389,2M10522544-0103268,170.21435519602034,0.9648,True,selected,source_train
LAMOST_DR2_HO2017,390,2M10544293+0012220,169.22730488994767,1.0,True,selected,source_train
LAMOST_DR2_HO2017,391,2M10544673-0023511,124.23518643350984,1.0,True,selected,source_train
LAMOST_DR2_HO2017,392,2M10561210+4840264,109.60992441061119,1.0,True,selected,source_train
LAMOST_DR2_HO2017,393,2M10590188+4750222,138.28432745238624,1.0,True,selected,source_train
LAMOST_DR2_HO2017,394,2M11145790+5151370,196.86832962380495,1.0,True,selected,source_train
LAMOST_DR2_HO2017,395,2M11262334+0345270,209.91671361034406,0.9648,True,selected,source_train
LAMOST_DR2_HO2017,396,2M11270126+0431487,275.3223329791198,1.0,True,selected,source_train
LAMOST_DR2_HO2017,397,2M11271817+0349002,131.85701585002448,1.0,True,selected,source_train
LAMOST_DR2_HO2017,398,2M11272227+0339414,135.3152372768516,0.9610666666666666,True,selected,source_holdout
LAMOST_DR2_HO2017,399,2M11275424+0437174,94.28912969662639,0.9914666666666667,True,selected,source_train
LAMOST_DR2_HO2017,400,2M11282875+0312177,134.62545848753211,1.0,True,selected,source_train
LAMOST_DR2_HO2017,401,2M11285194+0252473,98.19418801610587,1.0,True,selected,source_train
LAMOST_DR2_HO2017,402,2M11285947+0406168,171.76794802761628,0.9962666666666666,True,selected,source_train
LAMOST_DR2_HO2017,403,2M11291290+0506376,95.6378567505597,0.9818666666666667,True,selected,source_train
LAMOST_DR2_HO2017,404,2M11293143+0402211,137.03508619626658,1.0,True,selected,source_train
LAMOST_DR2_HO2017,405,2M11294257+0334494,490.65674702794036,1.0,True,selected,source_holdout
LAMOST_DR2_HO2017,406,2M11294840+0519554,98.62109747189547,0.9376,False,quality_cut,excluded
LAMOST_DR2_HO2017,407,2M11302205+0408240,101.4457958865983,1.0,True,selected,source_train
LAMOST_DR2_HO2017,408,2M11302548+0315227,109.47698171842801,1.0,True,selected,source_train
LAMOST_DR2_HO2017,409,2M11311916+0422513,163.26828165463175,0.9914666666666667,True,selected,source_train
LAMOST_DR2_HO2017,410,2M11323715+0437177,108.31871548771859,0.9898666666666667,True,selected,source_train
LAMOST_DR2_HO2017,411,2M11332305+0242514,171.88046380151917,1.0,True,selected,source_train
LAMOST_DR2_HO2017,412,2M11340666+0410128,113.0363131741687,1.0,True,selected,source_holdout
LAMOST_DR2_HO2017,413,2M11342832+0311048,174.19773191523907,1.0,True,selected,source_holdout
LAMOST_DR2_HO2017,414,2M11350455+0356286,92.81848439810581,1.0,True,selected,source_train
LAMOST_DR2_HO2017,415,2M11391397+2648061,238.00929616211437,1.0,True,selected,source_train
LAMOST_DR2_HO2017,416,2M11391462+2653528,86.4693649424106,1.0,True,selected,source_holdout
LAMOST_DR2_HO2017,417,2M11394381+2621095,92.9671424539776,0.9962666666666666,True,selected,source_train
LAMOST_DR2_HO2017,418,2M11434557+2740450,130.20808046316122,1.0,True,selected,source_train
LAMOST_DR2_HO2017,419,2M11443609+2739361,251.03707723305664,0.9776,True,selected,source_train
LAMOST_DR2_HO2017,420,2M11455289+3331502,137.77740561288982,1.0,True,selected,source_train
LAMOST_DR2_HO2017,421,2M11460594+3356419,186.9528091884701,0.9957333333333334,True,selected,source_train
LAMOST_DR2_HO2017,422,2M11462443+3405171,173.0670805643995,1.0,True,selected,source_holdout
LAMOST_DR2_HO2017,423,2M11473571-0046554,94.89935164878071,1.0,True,selected,source_train
LAMOST_DR2_HO2017,424,2M11475871+5610185,97.12843124334798,1.0,True,selected,source_train
LAMOST_DR2_HO2017,425,2M11480926-0029282,85.84418149145506,0.9946666666666667,True,selected,source_train
LAMOST_DR2_HO2017,426,2M11481862+3421022,156.80658403739804,1.0,True,selected,source_train
LAMOST_DR2_HO2017,427,2M11491746+0032527,136.00745342183785,1.0,True,selected,source_train
LAMOST_DR2_HO2017,428,2M11492514+2622164,108.19790409480767,1.0,True,selected,source_train
LAMOST_DR2_HO2017,429,2M11493022-0014212,93.58522442514004,0.9898666666666667,True,selected,source_train
LAMOST_DR2_HO2017,430,2M11502111-0146049,121.93582503161205,0.9584,True,selected,source_train
LAMOST_DR2_HO2017,431,2M11503975+0227363,105.2694666260505,0.9936,True,selected,source_train
LAMOST_DR2_HO2017,432,2M11531881+0151537,105.28556542656396,0.9530666666666666,True,selected,source_train
LAMOST_DR2_HO2017,433,2M11533208+3308475,97.4797234164054,1.0,True,selected,source_holdout
LAMOST_DR2_HO2017,434,2M11540911+0054163,104.95498990376406,1.0,True,selected,source_holdout
LAMOST_DR2_HO2017,435,2M11565021+3352112,311.086322288048,1.0,True,selected,source_train
LAMOST_DR2_HO2017,436,2M12023557+1928263,112.41935778554952,1.0,True,selected,source_holdout
LAMOST_DR2_HO2017,437,2M12034161-0039346,96.57822742409135,1.0,True,selected,source_train
LAMOST_DR2_HO2017,438,2M12053948+1731448,178.55305674375256,1.0,True,selected,source_train
LAMOST_DR2_HO2017,439,2M12061814+1916180,84.53575512968989,0.9957333333333334,True,selected,source_train
LAMOST_DR2_HO2017,440,2M12071056+1556259,92.1407909247999,1.0,True,selected,source_train
LAMOST_DR2_HO2017,441,2M12071192-0030031,129.96438889569927,0.9850666666666666,True,selected,source_train
LAMOST_DR2_HO2017,442,2M12072936+1758588,146.00637621724871,0.9914666666666667,True,selected,source_train
LAMOST_DR2_HO2017,443,2M12111752+1819593,92.85633272145733,1.0,True,selected,source_train
LAMOST_DR2_HO2017,444,2M12162755+1441165,120.92856827412545,0.9946666666666667,True,selected,source_train
LAMOST_DR2_HO2017,445,2M12181538+1519238,248.96292964750654,0.9957333333333334,True,selected,source_holdout
LAMOST_DR2_HO2017,446,2M12183254+3943174,90.50461964025726,0.9962666666666666,True,selected,source_train
LAMOST_DR2_HO2017,447,2M12185726+2553109,214.31006831626058,0.9952,True,selected,source_train
LAMOST_DR2_HO2017,448,2M12185769-0050206,114.24908761820011,0.9946666666666667,True,selected,source_train
LAMOST_DR2_HO2017,449,2M12202922-0221059,113.49280432735208,1.0,True,selected,source_train
LAMOST_DR2_HO2017,450,2M12205445-0112044,139.03007713395334,0.952,True,selected,source_train
LAMOST_DR2_HO2017,451,2M12213929-0248085,143.3673011973081,0.9536,True,selected,source_holdout
LAMOST_DR2_HO2017,452,2M12225717-0124159,107.93583630698973,0.9802666666666666,True,selected,source_train
LAMOST_DR2_HO2017,453,2M12230628-0244253,146.71335007837138,0.9957333333333334,True,selected,source_train
LAMOST_DR2_HO2017,454,2M12231256-0153541,103.20606965216625,0.9850666666666666,True,selected,source_holdout
LAMOST_DR2_HO2017,455,2M12253335-0102510,84.65648156446146,1.0,True,selected,source_train
LAMOST_DR2_HO2017,456,2M12263610-0209078,117.73839157877921,1.0,True,selected,source_train
LAMOST_DR2_HO2017,457,2M12271961-0151043,86.17696192977932,1.0,True,selected,source_train
LAMOST_DR2_HO2017,458,2M12274588+5558001,88.27968597099049,1.0,True,selected,source_train
LAMOST_DR2_HO2017,459,2M12283317-0102232,133.45391160765894,1.0,True,selected,source_holdout
LAMOST_DR2_HO2017,460,2M12285283-0232156,92.08567604483841,0.9605333333333334,True,selected,source_train
LAMOST_DR2_HO2017,461,2M12302010-0209409,113.17370825327211,0.9952,True,selected,source_train
LAMOST_DR2_HO2017,462,2M12304950+5743008,112.71275100800857,1.0,True,selected,source_train
LAMOST_DR2_HO2017,463,2M12343464+5644193,114.47755763840505,1.0,True,selected,source_train
LAMOST_DR2_HO2017,464,2M12421696+1202019,92.0385173459829,0.9808,True,selected,source_train
LAMOST_DR2_HO2017,465,2M12431999-0700250,88.73997790836853,1.0,True,selected,source_train
LAMOST_DR2_HO2017,466,2M12465853+1053448,179.1677032782755,0.9952,True,selected,source_train
LAMOST_DR2_HO2017,467,2M12480707+1141164,100.25154169489382,1.0,True,selected,source_train
LAMOST_DR2_HO2017,468,2M12485056-0302265,82.91661953294913,1.0,True,selected,source_train
LAMOST_DR2_HO2017,469,2M12492246+1250416,130.934008856971,0.9952,True,selected,source_holdout
LAMOST_DR2_HO2017,470,2M12504206+4133361,135.24380941929505,1.0,True,selected,source_train
LAMOST_DR2_HO2017,471,2M12514195+1203555,88.73120048477301,0.9872,True,selected,source_train
LAMOST_DR2_HO2017,472,2M12525352+4150248,107.93970870517006,0.9952,True,selected,source_train
LAMOST_DR2_HO2017,473,2M12532826+1209236,99.53491012646373,0.9744,True,selected,source_train
LAMOST_DR2_HO2017,474,2M12582748+5642045,94.2018945126265,1.0,True,selected,source_holdout
LAMOST_DR2_HO2017,475,2M13004552-0237372,90.30895597351909,0.9621333333333333,True,selected,source_holdout
LAMOST_DR2_HO2017,476,2M13005036+4248225,137.23190336537618,1.0,True,selected,source_holdout
LAMOST_DR2_HO2017,477,2M13015540+4254540,125.23430538278335,1.0,True,selected,source_train
LAMOST_DR2_HO2017,478,2M13031465+4206238,138.82095345454437,1.0,True,selected,source_train
LAMOST_DR2_HO2017,479,2M13032075-0351405,141.03032414744715,0.9957333333333334,True,selected,source_train
LAMOST_DR2_HO2017,480,2M13042519-0336547,112.97808479997092,1.0,True,selected,source_train
LAMOST_DR2_HO2017,481,2M13081091+1716359,164.9389683311,1.0,True,selected,source_holdout
LAMOST_DR2_HO2017,482,2M13113590+1724025,166.8400418683574,0.9856,True,selected,source_train
LAMOST_DR2_HO2017,483,2M13121505+1759276,301.3320842069639,1.0,True,selected,source_train
LAMOST_DR2_HO2017,484,2M13154896+1757555,138.642883223646,0.9605333333333334,True,selected,source_train
LAMOST_DR2_HO2017,485,2M13163029+1701177,116.55161791337409,0.9461333333333334,False,quality_cut,excluded
LAMOST_DR2_HO2017,486,2M13210124-0135342,92.72554932291216,1.0,True,selected,source_train
LAMOST_DR2_HO2017,487,2M13250030-0027053,116.70847448933458,0.9962666666666666,True,selected,source_train
LAMOST_DR2_HO2017,488,2M13261237-0117265,84.49342945680957,1.0,True,selected,source_train
LAMOST_DR2_HO2017,489,2M13263121-0207009,113.53956701875015,0.9909333333333333,True,selected,source_train
LAMOST_DR2_HO2017,490,2M13272620-0056221,103.72285283264313,1.0,True,selected,source_train
LAMOST_DR2_HO2017,491,2M13280720-0214378,104.28391038136299,1.0,True,selected,source_holdout
LAMOST_DR2_HO2017,492,2M13331211+4008207,83.60561404840473,0.9909333333333333,True,selected,source_train
LAMOST_DR2_HO2017,493,2M13400566+1921060,134.29617703125834,1.0,True,selected,source_train
LAMOST_DR2_HO2017,494,2M13413240-0116003,104.10629656329732,0.9674666666666667,True,selected,source_train
LAMOST_DR2_HO2017,495,2M13415778+1715381,187.11293265441495,1.0,True,selected,source_train
LAMOST_DR2_HO2017,496,2M13421765+1710380,98.4838605123821,1.0,True,selected,source_train
LAMOST_DR2_HO2017,497,2M13444613+1829158,88.34210285137512,0.9946666666666667,True,selected,source_train
LAMOST_DR2_HO2017,498,2M13460916-0047525,87.52629553634794,0.9573333333333334,True,selected,source_train
LAMOST_DR2_HO2017,499,2M13461640+1719560,103.97468461523869,1.0,True,selected,source_holdout
LAMOST_DR2_HO2017,500,2M13463194+1827473,106.83190725690406,1.0,True,selected,source_train
LAMOST_DR2_HO2017,501,2M13470434+4308403,102.70176708640273,1.0,True,selected,source_holdout
LAMOST_DR2_HO2017,502,2M13471964+1837482,106.13682962613991,1.0,True,selected,source_train
LAMOST_DR2_HO2017,503,2M13472808-0023194,84.45892223043751,1.0,True,selected,source_train
LAMOST_DR2_HO2017,504,2M13475191+1837255,95.32813336944375,0.9701333333333333,True,selected,source_holdout
LAMOST_DR2_HO2017,505,2M13480109+1804528,86.77623963147053,1.0,True,selected,source_train
LAMOST_DR2_HO2017,506,2M13483160+1923363,113.92372529397213,0.9962666666666666,True,selected,source_train
LAMOST_DR2_HO2017,507,2M13495809+1822362,87.40676209166047,0.9957333333333334,True,selected,source_holdout
LAMOST_DR2_HO2017,508,2M13532861+4158575,94.22875853091956,1.0,True,selected,source_train
LAMOST_DR2_HO2017,509,2M13540338+4344024,96.09453935094537,1.0,True,selected,source_train
LAMOST_DR2_HO2017,510,2M13555893+3300300,166.2515072954637,0.9946666666666667,True,selected,source_train
LAMOST_DR2_HO2017,511,2M13563116+3345051,117.37590646429175,1.0,True,selected,source_train
LAMOST_DR2_HO2017,512,2M13572829+3259545,91.45720190477638,1.0,True,selected,source_holdout
LAMOST_DR2_HO2017,513,2M13575686+3328445,100.12608064692122,1.0,True,selected,source_holdout
LAMOST_DR2_HO2017,514,2M13583372+3205385,113.15941017578808,1.0,True,selected,source_holdout
LAMOST_DR2_HO2017,515,2M13593736+3259216,110.1439984682036,1.0,True,selected,source_train
LAMOST_DR2_HO2017,516,2M13593808+3252317,101.70914866034938,1.0,True,selected,source_train
LAMOST_DR2_HO2017,517,2M14032931+2955100,96.11226369033399,0.9946666666666667,True,selected,source_train
LAMOST_DR2_HO2017,518,2M14161012+0405037,87.36846900355013,1.0,True,selected,source_train
LAMOST_DR2_HO2017,519,2M14162095+0554085,144.28900885767774,1.0,True,selected,source_train
LAMOST_DR2_HO2017,520,2M14162378+0457403,116.27274845676928,1.0,True,selected,source_train
LAMOST_DR2_HO2017,521,2M14162461+0356041,239.21042431841997,1.0,True,selected,source_train
LAMOST_DR2_HO2017,522,2M14165762+0404050,100.50461257586717,1.0,True,selected,source_train
LAMOST_DR2_HO2017,523,2M14180465+0436572,121.78243364842093,1.0,True,selected,source_train
LAMOST_DR2_HO2017,524,2M14193377+0423253,133.91304674027543,1.0,True,selected,source_train
LAMOST_DR2_HO2017,525,2M14201660+0523069,89.21274926771748,1.0,True,selected,source_train
LAMOST_DR2_HO2017,526,2M14203857+0446476,109.2133917852053,1.0,True,selected,source_train
LAMOST_DR2_HO2017,527,2M14222736+0515273,142.50449761460385,0.9962666666666666,True,selected,source_train
LAMOST_DR2_HO2017,528,2M14232430+5018169,135.82615785283565,0.9813333333333333,True,selected,source_train
LAMOST_DR2_HO2017,529,2M14274409+5104121,108.14256215876362,0.9738666666666667,True,selected,source_train
LAMOST_DR2_HO2017,530,2M14282381+4912522,163.22330366376787,1.0,True,selected,source_train
LAMOST_DR2_HO2017,531,2M14334832+4922134,95.13563924532211,0.9957333333333334,True,selected,source_train
LAMOST_DR2_HO2017,532,2M14361610+5102583,83.0733491587068,0.9952,True,selected,source_holdout
LAMOST_DR2_HO2017,533,2M14371020+4929016,221.56639296844418,1.0,True,selected,source_train
LAMOST_DR2_HO2017,534,2M14402926+5013221,136.72097813663186,0.9957333333333334,True,selected,source_train
LAMOST_DR2_HO2017,535,2M14444730+1250462,82.9981745044117,1.0,True,selected,source_holdout
LAMOST_DR2_HO2017,536,2M14503826+1751127,128.32090636695867,1.0,True,selected,source_train
LAMOST_DR2_HO2017,537,2M14511718+1812029,98.77536102590445,1.0,True,selected,source_train
LAMOST_DR2_HO2017,538,2M14513359+1752478,86.42063714078627,1.0,True,selected,source_train
LAMOST_DR2_HO2017,539,2M14532120+3132144,169.51602753785036,0.9957333333333334,True,selected,source_train
LAMOST_DR2_HO2017,540,2M14533226+3021533,167.01533706396071,0.9957333333333334,True,selected,source_holdout
LAMOST_DR2_HO2017,541,2M14535047+1828493,91.0497619240391,0.9962666666666666,True,selected,source_train
LAMOST_DR2_HO2017,542,2M14540487+3134286,209.2320293808081,1.0,True,selected,source_holdout
LAMOST_DR2_HO2017,543,2M14553541+2126390,140.26695342313923,0.9872,True,selected,source_train
LAMOST_DR2_HO2017,544,2M14560060+2222506,176.42311480680593,0.9637333333333333,True,selected,source_train
LAMOST_DR2_HO2017,545,2M14560126+3155353,157.6474132955467,0.9909333333333333,True,selected,source_train
LAMOST_DR2_HO2017,546,2M14560433+2139369,113.42514667991547,1.0,True,selected,source_holdout
LAMOST_DR2_HO2017,547,2M14561554+2209395,122.5916082155254,1.0,True,selected,source_train
LAMOST_DR2_HO2017,548,2M14565809+3143337,182.27300163034081,1.0,True,selected,source_train
LAMOST_DR2_HO2017,549,2M14570634+2112438,200.03786823245412,0.9653333333333334,True,selected,source_train
LAMOST_DR2_HO2017,550,2M14575196+2235273,126.15340172500981,0.9952,True,selected,source_train
LAMOST_DR2_HO2017,551,2M14581590+3000052,96.13534993162675,1.0,True,selected,source_train
LAMOST_DR2_HO2017,552,2M14583034+2144302,167.20588794092527,0.9962666666666666,True,selected,source_train
LAMOST_DR2_HO2017,553,2M14584926+3031202,95.80165366216485,1.0,True,selected,source_train
LAMOST_DR2_HO2017,554,2M14590866+3019237,122.5987374237611,1.0,True,selected,source_train
LAMOST_DR2_HO2017,555,2M14593358+3059067,204.63218122358654,1.0,True,selected,source_train
LAMOST_DR2_HO2017,556,2M14595739+3025497,96.09503128272549,1.0,True,selected,source_train
LAMOST_DR2_HO2017,557,2M15002433+3028175,88.37114668562481,0.9962666666666666,True,selected,source_train
LAMOST_DR2_HO2017,558,2M15004436+3230388,196.1153887576104,0.9552,True,selected,source_holdout
LAMOST_DR2_HO2017,559,2M15010879+3135267,207.92766147445064,1.0,True,selected,source_train
LAMOST_DR2_HO2017,560,2M15011242+2652356,94.33426525586673,1.0,True,selected,source_train
LAMOST_DR2_HO2017,561,2M15011344+3027590,90.8185503541899,1.0,True,selected,source_holdout
LAMOST_DR2_HO2017,562,2M15022982+2714208,188.69995463428188,1.0,True,selected,source_train
LAMOST_DR2_HO2017,563,2M15030467+3243580,112.96394484073167,1.0,True,selected,source_train
LAMOST_DR2_HO2017,564,2M15031947+3241164,106.24019791659114,1.0,True,selected,source_train
LAMOST_DR2_HO2017,565,2M15033910+3032073,149.24511919504397,1.0,True,selected,source_train
LAMOST_DR2_HO2017,566,2M15041120+2649493,104.74634801440894,1.0,True,selected,source_holdout
LAMOST_DR2_HO2017,567,2M15042419+2650110,158.7959473537137,1.0,True,selected,source_train
LAMOST_DR2_HO2017,568,2M15053315+3149471,101.64437309547762,1.0,True,selected,source_train
LAMOST_DR2_HO2017,569,2M15054782+3206376,87.31911854830206,1.0,True,selected,source_train
LAMOST_DR2_HO2017,570,2M15063039+2057130,86.6257896117865,0.9845333333333334,True,selected,source_train
LAMOST_DR2_HO2017,571,2M15071300+3024015,122.06205345849786,1.0,True,selected,source_train
LAMOST_DR2_HO2017,572,2M15075185+2804096,103.64116842729236,1.0,True,selected,source_train
LAMOST_DR2_HO2017,573,2M15083561+3247180,108.10167435111931,0.9957333333333334,True,selected,source_train
LAMOST_DR2_HO2017,574,2M15083833+2806051,91.70376872466903,1.0,True,selected,source_train
LAMOST_DR2_HO2017,575,2M15091724+2658095,132.39663726033706,1.0,True,selected,source_holdout
LAMOST_DR2_HO2017,576,2M15095746+3027221,104.48827589537674,0.9904,True,selected,source_train
LAMOST_DR2_HO2017,577,2M15102682+3539321,85.80641495949946,0.9957333333333334,True,selected,source_holdout
LAMOST_DR2_HO2017,578,2M15104955+3054264,105.55374269589383,1.0,True,selected,source_holdout
LAMOST_DR2_HO2017,579,2M15113929+3542539,154.11454362265562,0.9722666666666666,True,selected,source_holdout
LAMOST_DR2_HO2017,580,2M15123920+2620187,129.99328175123736,1.0,True,selected,source_holdout
LAMOST_DR2_HO2017,581,2M15263190+4220197,102.33307484987284,1.0,True,selected,source_holdout
LAMOST_DR2_HO2017,582,2M15272388+4228285,98.12944142155723,0.9909333333333333,True,selected,source_train
LAMOST_DR2_HO2017,583,2M15273569+3846089,88.25245230490624,0.9957333333333334,True,selected,source_holdout
LAMOST_DR2_HO2017,584,2M15284921+3830031,110.30990887086615,1.0,True,selected,source_train
LAMOST_DR2_HO2017,585,2M15322311+4227566,102.40949593044222,1.0,True,selected,source_train
LAMOST_DR2_HO2017,586,2M15572070+2808003,112.20120059615584,0.9664,True,selected,source_train
LAMOST_DR2_HO2017,587,2M15582802+2703263,87.67889903059778,0.9914666666666667,True,selected,source_train
LAMOST_DR2_HO2017,588,2M15585501+2707457,111.32323899216199,1.0,True,selected,source_holdout
LAMOST_DR2_HO2017,589,2M15592540+2834203,127.10069265829182,1.0,True,selected,source_train
LAMOST_DR2_HO2017,590,2M16003938+2920404,97.07695759283091,0.9962666666666666,True,selected,source_train
LAMOST_DR2_HO2017,591,2M16025173+2920504,134.60868426099685,1.0,True,selected,source_train
LAMOST_DR2_HO2017,592,2M16081746+2806003,114.92016229188599,1.0,True,selected,source_holdout
LAMOST_DR2_HO2017,593,2M16084492+2229504,159.52305363348339,1.0,True,selected,source_train
LAMOST_DR2_HO2017,594,2M16093690+2354105,107.32491110294762,0.9765333333333334,True,selected,source_train
LAMOST_DR2_HO2017,595,2M16095754+2500553,128.35353478081635,0.9808,True,selected,source_train
LAMOST_DR2_HO2017,596,2M16104717+2325014,102.03207277700533,0.9914666666666667,True,selected,source_holdout
LAMOST_DR2_HO2017,597,2M16104988+2334203,88.47844551882031,0.9898666666666667,True,selected,source_train
LAMOST_DR2_HO2017,598,2M16113284+2325344,97.22713445165111,1.0,True,selected,source_train
LAMOST_DR2_HO2017,599,2M16115067+2218118,90.69563547883146,1.0,True,selected,source_holdout
LAMOST_DR2_HO2017,600,2M16140634+2220448,86.5755903620511,0.9605333333333334,True,selected,source_holdout
LAMOST_DR2_HO2017,601,2M16162394+2423596,98.03387445040154,0.984,True,selected,source_train
LAMOST_DR2_HO2017,602,2M16162767+2331364,174.66485623249542,0.9909333333333333,True,selected,source_train
LAMOST_DR2_HO2017,603,2M16392535+3525016,99.53342799045949,0.9914666666666667,True,selected,source_train
LAMOST_DR2_HO2017,604,2M16511928+4611132,94.32963099908535,1.0,True,selected,source_holdout
LAMOST_DR2_HO2017,605,2M17044007+5839306,129.83177750773913,1.0,True,selected,source_holdout
LAMOST_DR2_HO2017,606,2M17152211+5313275,108.70860971613746,1.0,True,selected,source_train
LAMOST_DR2_HO2017,607,2M17153563+5433234,120.77989964048504,0.992,True,selected,source_train
LAMOST_DR2_HO2017,608,2M17192144+5445128,114.78735363710722,1.0,True,selected,source_train
LAMOST_DR2_HO2017,609,2M17214493+5502052,92.70510631615808,0.9765333333333334,True,selected,source_train
LAMOST_DR2_HO2017,610,2M17231049+5527202,92.36514909373314,0.9877333333333334,True,selected,source_train
LAMOST_DR2_HO2017,611,2M17294503+5503079,108.31605534813437,1.0,True,selected,source_train
LAMOST_DR2_HO2017,612,2M17382315+3433012,99.22862169341735,1.0,True,selected,source_train
LAMOST_DR2_HO2017,613,2M17402426+3418017,87.39338924136622,1.0,True,selected,source_train
LAMOST_DR2_HO2017,614,2M17484950+4650230,91.32526765317174,0.9957333333333334,True,selected,source_train
LAMOST_DR2_HO2017,615,2M17501968+4744277,98.67852845634616,0.9712,True,selected,source_holdout
LAMOST_DR2_HO2017,616,2M17502653+4738096,182.68678194844327,1.0,True,selected,source_train
LAMOST_DR2_HO2017,617,2M17513284+4802070,107.22231091514276,1.0,True,selected,source_holdout
LAMOST_DR2_HO2017,618,2M17520846+4846480,99.78443558582077,1.0,True,selected,source_train
LAMOST_DR2_HO2017,619,2M17522659+4823567,146.75852603426998,1.0,True,selected,source_train
LAMOST_DR2_HO2017,620,2M17523630+4720447,129.95192344568528,1.0,True,selected,source_train
LAMOST_DR2_HO2017,621,2M17533764+4806043,98.51112090039484,0.9904,True,selected,source_train
LAMOST_DR2_HO2017,622,2M17543966+4800126,197.05543510078533,0.9952,True,selected,source_train
LAMOST_DR2_HO2017,623,2M17563800+4833018,200.79681104689632,0.9957333333333334,True,selected,source_train
LAMOST_DR2_HO2017,624,2M18410298+4315506,98.24998617980398,1.0,True,selected,source_train
LAMOST_DR2_HO2017,625,2M18421213+4337422,88.92500376819207,1.0,True,selected,source_train
LAMOST_DR2_HO2017,626,2M18425680+4730349,113.32235836717459,0.9632,True,selected,source_train
LAMOST_DR2_HO2017,627,2M18430530+4411194,106.96410066078056,1.0,True,selected,source_train
LAMOST_DR2_HO2017,628,2M18433632+4308157,100.7515138232452,0.9898666666666667,True,selected,source_train
LAMOST_DR2_HO2017,629,2M18450968+4253534,118.88846209478244,1.0,True,selected,source_train
LAMOST_DR2_HO2017,630,2M18451823+4335333,113.23748997951654,0.9850666666666666,True,selected,source_train
LAMOST_DR2_HO2017,631,2M18454285+4800452,167.8538986427436,0.9957333333333334,True,selected,source_train
LAMOST_DR2_HO2017,632,2M18455623+4806494,88.53877723122463,1.0,True,selected,source_train
LAMOST_DR2_HO2017,633,2M18455933+4202516,99.2735830061992,0.9866666666666667,True,selected,source_train
LAMOST_DR2_HO2017,634,2M18462587+4819529,178.5921799194831,0.9952,True,selected,source_train
LAMOST_DR2_HO2017,635,2M18463462+4245336,112.58313011638603,1.0,True,selected,source_train
LAMOST_DR2_HO2017,636,2M18464037+4816449,197.9010082858025,1.0,True,selected,source_holdout
LAMOST_DR2_HO2017,637,2M18464118+4351412,102.82490266774602,1.0,True,selected,source_train
LAMOST_DR2_HO2017,638,2M18470492+4428218,171.14320758086646,1.0,True,selected,source_train
LAMOST_DR2_HO2017,639,2M18471977+4213062,125.76813161502253,0.9893333333333333,True,selected,source_train
LAMOST_DR2_HO2017,640,2M18473116+4835502,109.19792153761236,1.0,True,selected,source_holdout
LAMOST_DR2_HO2017,641,2M18473766+4206054,135.23742006751894,0.9952,True,selected,source_train
LAMOST_DR2_HO2017,642,2M18475872+4404481,94.89589824236988,0.9962666666666666,True,selected,source_train
LAMOST_DR2_HO2017,643,2M18482271+4414121,110.53234063812707,0.9957333333333334,True,selected,source_holdout
LAMOST_DR2_HO2017,644,2M18483512+4255517,112.42688821538167,1.0,True,selected,source_train
LAMOST_DR2_HO2017,645,2M18483913+4804360,164.74405872394712,0.9946666666666667,True,selected,source_train
LAMOST_DR2_HO2017,646,2M18484092+4802514,244.3614941243374,0.9872,True,selected,source_train
LAMOST_DR2_HO2017,647,2M18490561+4220324,145.77718595865306,1.0,True,selected,source_train
LAMOST_DR2_HO2017,648,2M18491542+4745000,209.68673727562035,1.0,True,selected,source_holdout
LAMOST_DR2_HO2017,649,2M18493004+4808458,142.15473104453864,1.0,True,selected,source_train
LAMOST_DR2_HO2017,650,2M18493114+4440466,103.61087939915988,1.0,True,selected,source_train
LAMOST_DR2_HO2017,651,2M18495226+4320427,119.7136690914828,0.9914666666666667,True,selected,source_train
LAMOST_DR2_HO2017,652,2M18500537+4441557,97.08884933498608,1.0,True,selected,source_train
LAMOST_DR2_HO2017,653,2M18501850+4325203,122.29110686621779,1.0,True,selected,source_holdout
LAMOST_DR2_HO2017,654,2M18504890+4143597,110.68102132383717,0.9904,True,selected,source_train
LAMOST_DR2_HO2017,655,2M18505286+4432362,144.66891660833315,0.9946666666666667,True,selected,source_holdout
LAMOST_DR2_HO2017,656,2M18505327+4316284,99.0579920917722,1.0,True,selected,source_train
LAMOST_DR2_HO2017,657,2M18510893+4759135,140.02061840265884,1.0,True,selected,source_train
LAMOST_DR2_HO2017,658,2M18511015+4748140,108.6584640531936,0.9856,True,selected,source_train
LAMOST_DR2_HO2017,659,2M18513532+4139235,116.37532851627378,1.0,True,selected,source_train
LAMOST_DR2_HO2017,660,2M18520819+4306304,97.25620937399245,0.9813333333333333,True,selected,source_holdout
LAMOST_DR2_HO2017,661,2M18522037+4811460,161.47723894079766,1.0,True,selected,source_train
LAMOST_DR2_HO2017,662,2M18522063+4149520,91.5273565524758,0.9701333333333333,True,selected,source_train
LAMOST_DR2_HO2017,663,2M18522902+4249485,99.36181496983987,0.9813333333333333,True,selected,source_train
LAMOST_DR2_HO2017,664,2M18531244+4329224,118.81210546536433,0.9882666666666666,True,selected,source_train
LAMOST_DR2_HO2017,665,2M18533528+4136113,109.30325833155038,0.9941333333333333,True,selected,source_train
LAMOST_DR2_HO2017,666,2M18533769+4453356,123.13660012156173,0.9898666666666667,True,selected,source_train
LAMOST_DR2_HO2017,667,2M18541844+4748055,305.36831239294946,0.9898666666666667,True,selected,source_train
LAMOST_DR2_HO2017,668,2M18542630+4108397,100.29967831881463,0.9957333333333334,True,selected,source_train
LAMOST_DR2_HO2017,669,2M18543050+4746325,158.10411188784198,1.0,True,selected,source_holdout
LAMOST_DR2_HO2017,670,2M18543771+4221161,86.37447527904065,0.9952,True,selected,source_train
LAMOST_DR2_HO2017,671,2M18550344+4153087,111.91376541717175,0.9957333333333334,True,selected,source_train
LAMOST_DR2_HO2017,672,2M18550720+4049075,172.06699505047845,0.9930666666666667,True,selected,source_train
LAMOST_DR2_HO2017,673,2M18550880+4105400,87.60862446688552,1.0,True,selected,source_train
LAMOST_DR2_HO2017,674,2M18552997+4058592,176.18520613747415,0.9962666666666666,True,selected,source_train
LAMOST_DR2_HO2017,675,2M18553980+4741393,130.84286086653043,0.9872,True,selected,source_train
LAMOST_DR2_HO2017,676,2M18555831+4841108,89.1039256355764,0.9957333333333334,True,selected,source_train
LAMOST_DR2_HO2017,677,2M18561007+4854290,83.95619427474632,0.9957333333333334,True,selected,source_holdout
LAMOST_DR2_HO2017,678,2M18562944+4153250,216.52591942505538,1.0,True,selected,source_train
LAMOST_DR2_HO2017,679,2M18570482+4853424,94.2273516659937,0.992,True,selected,source_train
LAMOST_DR2_HO2017,680,2M18571019+4848067,262.90125104436083,0.9962666666666666,True,selected,source_train
LAMOST_DR2_HO2017,681,2M18573478+4732431,120.42165745604994,0.9946666666666667,True,selected,source_holdout
LAMOST_DR2_HO2017,682,2M18573737+4554076,172.46221145781777,0.9904,True,selected,source_train
LAMOST_DR2_HO2017,683,2M18575250+4044558,157.00855713357663,0.9952,True,selected,source_train
LAMOST_DR2_HO2017,684,2M18575884+4509290,133.16662490529438,0.992,True,selected,source_train
LAMOST_DR2_HO2017,685,2M18580232+4518280,277.0624939414759,0.9717333333333333,True,selected,source_train
LAMOST_DR2_HO2017,686,2M18581135+4606538,108.86814319044058,0.9818666666666667,True,selected,source_holdout
LAMOST_DR2_HO2017,687,2M18581441+4556412,246.61417409642988,0.9706666666666667,True,selected,source_train
LAMOST_DR2_HO2017,688,2M18582345+4608532,86.88628324133028,0.9962666666666666,True,selected,source_train
LAMOST_DR2_HO2017,689,2M18582962+4604002,195.85466515599728,0.9786666666666667,True,selected,source_holdout
LAMOST_DR2_HO2017,690,2M18583466+4128296,97.84146592749264,1.0,True,selected,source_train
LAMOST_DR2_HO2017,691,2M18585256+4555542,110.2710382158626,0.9685333333333334,True,selected,source_train
LAMOST_DR2_HO2017,692,2M18585846+4205103,115.44247273934637,1.0,True,selected,source_holdout
LAMOST_DR2_HO2017,693,2M18585944+4621585,159.21360051031394,0.9845333333333334,True,selected,source_train
LAMOST_DR2_HO2017,694,2M18592488+4556131,103.18744909218191,0.9781333333333333,True,selected,source_holdout
LAMOST_DR2_HO2017,695,2M18593111+4004053,86.82561686700203,0.9744,True,selected,source_train
LAMOST_DR2_HO2017,696,2M18594313+4555238,97.95826923388492,0.9781333333333333,True,selected,source_holdout
LAMOST_DR2_HO2017,697,2M18594560+4422165,96.22653893644505,0.9952,True,selected,source_train
LAMOST_DR2_HO2017,698,2M18594626+4152101,132.33920037424738,1.0,True,selected,source_train
LAMOST_DR2_HO2017,699,2M18594704+4045279,169.7071249695013,0.9952,True,selected,source_holdout
LAMOST_DR2_HO2017,700,2M18594776+4635013,96.1809407543571,0.9674666666666667,True,selected,source_train
LAMOST_DR2_HO2017,701,2M18595082+4614038,123.37701627621149,0.9808,True,selected,source_holdout
LAMOST_DR2_HO2017,702,2M18595862+4614302,201.8802413021582,0.9898666666666667,True,selected,source_train
LAMOST_DR2_HO2017,703,2M19000443+4604438,185.96481786485234,0.9850666666666666,True,selected,source_train
LAMOST_DR2_HO2017,704,2M19000838+4626085,135.81690175739078,0.9824,True,selected,source_holdout
LAMOST_DR2_HO2017,705,2M19001149+4418421,105.67611846864844,0.9962666666666666,True,selected,source_train
LAMOST_DR2_HO2017,706,2M19002956+4603467,172.36198804677764,0.9733333333333334,True,selected,source_holdout
LAMOST_DR2_HO2017,707,2M19005753+4558041,100.41041636042647,0.9866666666666667,True,selected,source_train
LAMOST_DR2_HO2017,708,2M19011630+4547575,87.6833431264019,0.9829333333333333,True,selected,source_train
LAMOST_DR2_HO2017,709,2M19011998+3924387,240.70338751841712,1.0,True,selected,source_train
LAMOST_DR2_HO2017,710,2M19012443+4547079,143.55180277359526,0.9914666666666667,True,selected,source_train
LAMOST_DR2_HO2017,711,2M19012775+4639209,130.60425364930742,0.9946666666666667,True,selected,source_holdout
LAMOST_DR2_HO2017,712,2M19013780+3931538,179.91389357230992,1.0,True,selected,source_train
LAMOST_DR2_HO2017,713,2M19014347+4553181,233.66336355990165,0.9722666666666666,True,selected,source_train
LAMOST_DR2_HO2017,714,2M19015505+4040564,305.52917243048876,1.0,True,selected,source_train
LAMOST_DR2_HO2017,715,2M19015625+4558178,92.28526227390148,0.9738666666666667,True,selected,source_holdout
LAMOST_DR2_HO2017,716,2M19015635+3926086,171.42381413093946,0.9712,True,selected,source_train
LAMOST_DR2_HO2017,717,2M19015849+3947218,124.54373259224965,0.9754666666666667,True,selected,source_train
LAMOST_DR2_HO2017,718,2M19021015+4540031,87.27320717737125,0.9802666666666666,True,selected,source_holdout
LAMOST_DR2_HO2017,719,2M19021036+4312440,109.2279282321384,0.9866666666666667,True,selected,source_train
LAMOST_DR2_HO2017,720,2M19021038+4618436,142.01417656788558,0.9797333333333333,True,selected,source_train
LAMOST_DR2_HO2017,721,2M19023659+4453513,98.61517850899308,1.0,True,selected,source_train
LAMOST_DR2_HO2017,722,2M19024350+4557355,115.38958291676059,0.9802666666666666,True,selected,source_train
LAMOST_DR2_HO2017,723,2M19024854+4540475,112.79008212263588,0.9610666666666666,True,selected,source_train
LAMOST_DR2_HO2017,724,2M19030150+4318195,92.88211724082426,1.0,True,selected,source_train
LAMOST_DR2_HO2017,725,2M19030401+4236388,107.15565012343444,0.9936,True,selected,source_holdout
LAMOST_DR2_HO2017,726,2M19033775+3924225,286.7385946220658,1.0,True,selected,source_train
LAMOST_DR2_HO2017,727,2M19034369+4612028,83.72612775857074,0.9898666666666667,True,selected,source_train
LAMOST_DR2_HO2017,728,2M19034900+4039359,281.63110252352374,1.0,True,selected,source_holdout
LAMOST_DR2_HO2017,729,2M19035276+4255340,165.03144008781516,0.9957333333333334,True,selected,source_train
LAMOST_DR2_HO2017,730,2M19035400+4547399,95.09818336149564,1.0,True,selected,source_holdout
LAMOST_DR2_HO2017,731,2M19035922+4054350,238.35325987024123,1.0,True,selected,source_train
LAMOST_DR2_HO2017,732,2M19041176+4524471,124.20105188573713,1.0,True,selected,source_train
LAMOST_DR2_HO2017,733,2M19042292+4604293,110.81824529528922,0.9957333333333334,True,selected,source_train
LAMOST_DR2_HO2017,734,2M19042438+4519090,106.55843530594596,1.0,True,selected,source_holdout
LAMOST_DR2_HO2017,735,2M19045904+4438327,91.06079090784371,1.0,True,selected,source_train
LAMOST_DR2_HO2017,736,2M19050592+4435297,105.35461333578347,1.0,True,selected,source_train
LAMOST_DR2_HO2017,737,2M19051309+4302119,109.11257003865352,0.9952,True,selected,source_train
LAMOST_DR2_HO2017,738,2M19052316+4322467,99.45484613508144,0.9850666666666666,True,selected,source_train
LAMOST_DR2_HO2017,739,2M19054455+4004016,146.47122525741128,0.9941333333333333,True,selected,source_train
LAMOST_DR2_HO2017,740,2M19054877+4205008,113.87116911754704,0.9754666666666667,True,selected,source_train
LAMOST_DR2_HO2017,741,2M19055460+4215348,99.93383996927099,1.0,True,selected,source_train
LAMOST_DR2_HO2017,742,2M19060714+4301063,111.21133866178442,1.0,True,selected,source_train
LAMOST_DR2_HO2017,743,2M19065639+4442441,123.03663957815793,0.9914666666666667,True,selected,source_train
LAMOST_DR2_HO2017,744,2M19070058+4314038,150.4711900473034,1.0,True,selected,source_train
LAMOST_DR2_HO2017,745,2M19070205+4401501,94.14000847393822,0.9664,True,selected,source_train
LAMOST_DR2_HO2017,746,2M19071691+4218443,127.51135522030549,1.0,True,selected,source_train
LAMOST_DR2_HO2017,747,2M19073187+4521011,110.35713391986754,1.0,True,selected,source_train
LAMOST_DR2_HO2017,748,2M19073771+4309197,144.41462205672585,1.0,True,selected,source_train
LAMOST_DR2_HO2017,749,2M19074585+4454325,130.05119834431193,1.0,True,selected,source_train
LAMOST_DR2_HO2017,750,2M19074964+3847308,171.24987191139277,1.0,True,selected,source_holdout
LAMOST_DR2_HO2017,751,2M19075705+4131591,144.99028365041636,0.9674666666666667,True,selected,source_train
LAMOST_DR2_HO2017,752,2M19080362+4445483,96.02592642738738,1.0,True,selected,source_train
LAMOST_DR2_HO2017,753,2M19080373+3816090,201.6489703655414,1.0,True,selected,source_train
LAMOST_DR2_HO2017,754,2M19081716+3924583,151.5648690313811,0.9909333333333333,True,selected,source_holdout
LAMOST_DR2_HO2017,755,2M19081804+4300143,86.74048516031044,1.0,True,selected,source_train
LAMOST_DR2_HO2017,756,2M19082032+4141512,104.03735354280576,0.9952,True,selected,source_train
LAMOST_DR2_HO2017,757,2M19083152+4321542,147.85925997650907,0.9962666666666666,True,selected,source_train
LAMOST_DR2_HO2017,758,2M19083351+4011218,95.57678826504132,1.0,True,selected,source_holdout
LAMOST_DR2_HO2017,759,2M19083362+3944043,165.20889352595657,0.9866666666666667,True,selected,source_train
LAMOST_DR2_HO2017,760,2M19084773+4342435,152.3268304734195,0.9957333333333334,True,selected,source_train
LAMOST_DR2_HO2017,761,2M19085178+4326277,234.87027461964254,1.0,True,selected,source_train
LAMOST_DR2_HO2017,762,2M19090196+4255087,96.25012466100989,0.992,True,selected,source_train
LAMOST_DR2_HO2017,763,2M19091057+4317076,91.36510814625873,0.9546666666666667,True,selected,source_train
LAMOST_DR2_HO2017,764,2M19091531+4319095,213.95367389060584,1.0,True,selected,source_train
LAMOST_DR2_HO2017,765,2M19091739+4232274,169.0178956197161,0.9589333333333333,True,selected,source_holdout
LAMOST_DR2_HO2017,766,2M19092934+4549339,102.94359805869358,1.0,True,selected,source_holdout
LAMOST_DR2_HO2017,767,2M19093039+4300341,141.48579453381626,0.9898666666666667,True,selected,source_holdout
LAMOST_DR2_HO2017,768,2M19093153+4421452,153.73261186421144,0.9781333333333333,True,selected,source_train
LAMOST_DR2_HO2017,769,2M19093545+4153417,101.53956155129318,0.9786666666666667,True,selected,source_train
LAMOST_DR2_HO2017,770,2M19095490+4219489,134.8692775456666,0.9722666666666666,True,selected,source_holdout
LAMOST_DR2_HO2017,771,2M19100945+4139472,88.90694479043691,0.9450666666666667,False,quality_cut,excluded
LAMOST_DR2_HO2017,772,2M19101321+4235287,145.63658175501814,0.9482666666666667,False,quality_cut,excluded
LAMOST_DR2_HO2017,773,2M19102508+4136492,118.7929716959022,1.0,True,selected,source_train
LAMOST_DR2_HO2017,774,2M19102942+4319100,143.9942266920848,1.0,True,selected,source_train
LAMOST_DR2_HO2017,775,2M19103023+4207458,206.92226404311685,0.9952,True,selected,source_train
LAMOST_DR2_HO2017,776,2M19103857+4218474,110.24389845039349,1.0,True,selected,source_train
LAMOST_DR2_HO2017,777,2M19104824+3818427,204.33587583967557,1.0,True,selected,source_train
LAMOST_DR2_HO2017,778,2M19105612+4038321,186.7019391059462,1.0,True,selected,source_train
LAMOST_DR2_HO2017,779,2M19105851+4309459,216.749581957197,1.0,True,selected,source_train
LAMOST_DR2_HO2017,780,2M19110008+3922263,366.9564776317818,0.9866666666666667,True,selected,source_holdout
LAMOST_DR2_HO2017,781,2M19110454+4342478,105.1583591351992,0.9946666666666667,True,selected,source_holdout
LAMOST_DR2_HO2017,782,2M19110616+4346188,151.56312155193913,0.9957333333333334,True,selected,source_holdout
LAMOST_DR2_HO2017,783,2M19110642+4200067,137.9991002504557,0.9765333333333334,True,selected,source_train
LAMOST_DR2_HO2017,784,2M19110905+4654575,94.12827544003376,1.0,True,selected,source_holdout
LAMOST_DR2_HO2017,785,2M19111479+4315088,134.43662028338275,0.9941333333333333,True,selected,source_holdout
LAMOST_DR2_HO2017,786,2M19112461+3848276,221.65290461290095,0.9621333333333333,True,selected,source_train
LAMOST_DR2_HO2017,787,2M19112583+4309370,209.35156173454195,1.0,True,selected,source_train
LAMOST_DR2_HO2017,788,2M19113099+4644580,189.64742243271377,0.9957333333333334,True,selected,source_train
LAMOST_DR2_HO2017,789,2M19113755+3900297,92.64280341983164,0.9770666666666666,True,selected,source_train
LAMOST_DR2_HO2017,790,2M19114178+4043134,118.69875856728325,0.9829333333333333,True,selected,source_train
LAMOST_DR2_HO2017,791,2M19114763+4019490,116.96436456375002,0.9850666666666666,True,selected,source_holdout
LAMOST_DR2_HO2017,792,2M19115925+4153351,162.21245647341186,0.9658666666666667,True,selected,source_train
LAMOST_DR2_HO2017,793,2M19115925+4601319,104.30994903718548,1.0,True,selected,source_train
LAMOST_DR2_HO2017,794,2M19120015+4628165,171.27237791986366,0.9861333333333333,True,selected,source_train
LAMOST_DR2_HO2017,795,2M19120422+4320515,95.62991761297327,1.0,True,selected,source_holdout
LAMOST_DR2_HO2017,796,2M19120882+4322488,156.6228705936936,0.9584,True,selected,source_train
LAMOST_DR2_HO2017,797,2M19121456+3857235,134.70597211920935,0.9557333333333333,True,selected,source_train
LAMOST_DR2_HO2017,798,2M19121572+4307296,97.54209352966019,1.0,True,selected,source_train
LAMOST_DR2_HO2017,799,2M19121754+4350247,88.40939039720882,0.9904,True,selected,source_train
LAMOST_DR2_HO2017,800,2M19122254+4223498,213.96353667501214,0.9850666666666666,True,selected,source_holdout
LAMOST_DR2_HO2017,801,2M19122853+3847306,162.8078558620211,1.0,True,selected,source_train
LAMOST_DR2_HO2017,802,2M19123310+4537542,88.13042616699643,0.9952,True,selected,source_train
LAMOST_DR2_HO2017,803,2M19124406+4314396,85.99998534753787,1.0,True,selected,source_train
LAMOST_DR2_HO2017,804,2M19124662+4559227,103.01978403466893,0.9962666666666666,True,selected,source_train
LAMOST_DR2_HO2017,805,2M19125033+4344332,97.36949747610502,1.0,True,selected,source_train
LAMOST_DR2_HO2017,806,2M19125144+3850261,140.3380607938497,0.9872,True,selected,source_holdout
LAMOST_DR2_HO2017,807,2M19130164+3853182,99.77919306670444,0.9866666666666667,True,selected,source_train
LAMOST_DR2_HO2017,808,2M19130666+4355505,111.28790632663184,0.9957333333333334,True,selected,source_holdout
LAMOST_DR2_HO2017,809,2M19130861+3853507,126.39007359352364,0.9802666666666666,True,selected,source_train
LAMOST_DR2_HO2017,810,2M19131391+4012298,123.91603544902466,0.9962666666666666,True,selected,source_holdout
LAMOST_DR2_HO2017,811,2M19132014+4246567,217.2243461946153,0.9946666666666667,True,selected,source_holdout
LAMOST_DR2_HO2017,812,2M19132639+4004394,191.0330316624802,1.0,True,selected,source_train
LAMOST_DR2_HO2017,813,2M19133204+4015143,92.9364651823384,1.0,True,selected,source_train
LAMOST_DR2_HO2017,814,2M19135045+4041260,167.29964981795433,1.0,True,selected,source_train
LAMOST_DR2_HO2017,815,2M19135163+4211223,183.99270879364315,0.9813333333333333,True,selected,source_train
LAMOST_DR2_HO2017,816,2M19135646+4026294,197.53310477889713,0.9946666666666667,True,selected,source_train
LAMOST_DR2_HO2017,817,2M19141495+4118432,181.09529882661778,1.0,True,selected,source_train
LAMOST_DR2_HO2017,818,2M19141861+4238492,231.1787864321727,1.0,True,selected,source_holdout
LAMOST_DR2_HO2017,819,2M19142787+4022324,85.39663050312996,1.0,True,selected,source_train
LAMOST_DR2_HO2017,820,2M19144204+4633144,132.15815655433374,1.0,True,selected,source_train
LAMOST_DR2_HO2017,821,2M19144352+4248445,82.85512663479875,1.0,True,selected,source_train
LAMOST_DR2_HO2017,822,2M19145245+4115440,165.77612280609762,0.9850666666666666,True,selected,source_train
LAMOST_DR2_HO2017,823,2M19145500+4727237,88.75265578345376,0.9861333333333333,True,selected,source_train
LAMOST_DR2_HO2017,824,2M19150365+3924469,90.8947508429351,1.0,True,selected,source_train
LAMOST_DR2_HO2017,825,2M19150476+4109509,133.0832338562181,0.9664,True,selected,source_train
LAMOST_DR2_HO2017,826,2M19150712+4057063,104.72000503504708,1.0,True,selected,source_train
LAMOST_DR2_HO2017,827,2M19150753+4225056,155.74214473715608,0.9813333333333333,True,selected,source_train
LAMOST_DR2_HO2017,828,2M19151761+4636526,154.84975454713594,1.0,True,selected,source_train
LAMOST_DR2_HO2017,829,2M19151771+4323498,127.88139521763291,1.0,True,selected,source_train
LAMOST_DR2_HO2017,830,2M19151828+4736422,165.89756523462512,0.9909333333333333,True,selected,source_train
LAMOST_DR2_HO2017,831,2M19152052+4218256,178.7000328713849,1.0,True,selected,source_train
LAMOST_DR2_HO2017,832,2M19152365+4239107,208.83228729925912,1.0,True,selected,source_train
LAMOST_DR2_HO2017,833,2M19152927+4046014,117.94929815289724,0.9946666666666667,True,selected,source_train
LAMOST_DR2_HO2017,834,2M19153149+4657298,88.52267095090454,0.9909333333333333,True,selected,source_train
LAMOST_DR2_HO2017,835,2M19153439+4544355,110.37000084515331,1.0,True,selected,source_train
LAMOST_DR2_HO2017,836,2M19154014+3957514,468.6457384620417,1.0,True,selected,source_train
LAMOST_DR2_HO2017,837,2M19154418+4214021,192.0486980461195,0.9754666666666667,True,selected,source_holdout
LAMOST_DR2_HO2017,838,2M19154465+4002397,106.55481680756364,0.9909333333333333,True,selected,source_holdout
LAMOST_DR2_HO2017,839,2M19155185+4040542,150.01400668652354,1.0,True,selected,source_train
LAMOST_DR2_HO2017,840,2M19155243+4755537,113.95721544893621,1.0,True,selected,source_train
LAMOST_DR2_HO2017,841,2M19160497+4102351,108.6789394000161,0.9957333333333334,True,selected,source_train
LAMOST_DR2_HO2017,842,2M19160587+4118060,199.05645032640672,1.0,True,selected,source_train
LAMOST_DR2_HO2017,843,2M19160916+3944448,153.78090594819372,0.9952,True,selected,source_train
LAMOST_DR2_HO2017,844,2M19161194+4220362,135.45856477894583,1.0,True,selected,source_train
LAMOST_DR2_HO2017,845,2M19161506+4217079,152.2750056469427,0.9850666666666666,True,selected,source_train
LAMOST_DR2_HO2017,846,2M19161923+4053434,111.12049488147012,1.0,True,selected,source_train
LAMOST_DR2_HO2017,847,2M19162315+4253565,106.97870892196246,1.0,True,selected,source_train
LAMOST_DR2_HO2017,848,2M19162872+3949410,171.8470795037476,1.0,True,selected,source_train
LAMOST_DR2_HO2017,849,2M19163450+4140329,158.6330904831199,1.0,True,selected,source_train
LAMOST_DR2_HO2017,850,2M19163509+4220109,206.68188447723702,1.0,True,selected,source_train
LAMOST_DR2_HO2017,851,2M19163624+3959027,96.15748916645568,1.0,True,selected,source_train
LAMOST_DR2_HO2017,852,2M19163847+4137316,187.50225844622884,1.0,True,selected,source_train
LAMOST_DR2_HO2017,853,2M19164200+4026157,103.38768959026197,0.9872,True,selected,source_train
LAMOST_DR2_HO2017,854,2M19164768+4656480,161.45776180818834,0.9882666666666666,True,selected,source_train
LAMOST_DR2_HO2017,855,2M19165094+4404569,139.84235721673406,1.0,True,selected,source_train
LAMOST_DR2_HO2017,856,2M19165694+4105055,91.74909549799133,1.0,True,selected,source_train
LAMOST_DR2_HO2017,857,2M19165799+4925277,88.57113355014842,1.0,True,selected,source_train
LAMOST_DR2_HO2017,858,2M19170362+3910511,145.8428164034293,0.9962666666666666,True,selected,source_holdout
LAMOST_DR2_HO2017,859,2M19170821+4413014,223.43813063849223,1.0,True,selected,source_train
LAMOST_DR2_HO2017,860,2M19172762+4122148,258.04058845397196,1.0,True,selected,source_train
LAMOST_DR2_HO2017,861,2M19173208+4429578,114.89680549119544,1.0,True,selected,source_train
LAMOST_DR2_HO2017,862,2M19173331+3952433,279.6094793984917,1.0,True,selected,source_train
LAMOST_DR2_HO2017,863,2M19173951+4458049,98.05489073195353,1.0,True,selected,source_train
LAMOST_DR2_HO2017,864,2M19174162+4610173,179.7629616613353,0.9712,True,selected,source_train
LAMOST_DR2_HO2017,865,2M19174660+4141565,164.08810916455334,0.9946666666666667,True,selected,source_train
LAMOST_DR2_HO2017,866,2M19174913+3940269,144.2890204848333,1.0,True,selected,source_train
LAMOST_DR2_HO2017,867,2M19175216+4513583,117.4005708492704,0.9605333333333334,True,selected,source_holdout
LAMOST_DR2_HO2017,868,2M19175546+4047254,92.4632828312846,0.9952,True,selected,source_train
LAMOST_DR2_HO2017,869,2M19180114+4007142,104.17600967085444,1.0,True,selected,source_train
LAMOST_DR2_HO2017,870,2M19180824+4051167,149.00089880084036,0.9893333333333333,True,selected,source_train
LAMOST_DR2_HO2017,871,2M19181631+3933038,119.06979614834087,0.9946666666666667,True,selected,source_train
LAMOST_DR2_HO2017,872,2M19182901+4716548,130.16892098572868,0.9856,True,selected,source_train
LAMOST_DR2_HO2017,873,2M19184517+4449131,93.5239633379052,0.9792,True,selected,source_train
LAMOST_DR2_HO2017,874,2M19184566+3952060,172.8718584728598,1.0,True,selected,source_train
LAMOST_DR2_HO2017,875,2M19185912+4327346,123.59126043739958,0.9696,True,selected,source_holdout
LAMOST_DR2_HO2017,876,2M19192642+4400101,202.38506452475448,1.0,True,selected,source_holdout
LAMOST_DR2_HO2017,877,2M19193317+3945381,294.02199074777565,1.0,True,selected,source_train
LAMOST_DR2_HO2017,878,2M19193843+4314461,97.82682342098201,0.9866666666666667,True,selected,source_train
LAMOST_DR2_HO2017,879,2M19194678+4343584,184.67354394080252,0.9696,True,selected,source_train
LAMOST_DR2_HO2017,880,2M19194691+3824269,112.41193858192885,0.9946666666666667,True,selected,source_train
LAMOST_DR2_HO2017,881,2M19194946+3840506,342.3359102144016,1.0,True,selected,source_holdout
LAMOST_DR2_HO2017,882,2M19194996+4709315,153.55604073793089,1.0,True,selected,source_train
LAMOST_DR2_HO2017,883,2M19195092+4655253,140.42064699009558,0.9914666666666667,True,selected,source_train
LAMOST_DR2_HO2017,884,2M19195310+4403105,180.0803430542374,0.9914666666666667,True,selected,source_train
LAMOST_DR2_HO2017,885,2M19195362+4403495,141.46977007286193,1.0,True,selected,source_train
LAMOST_DR2_HO2017,886,2M19195596+4147099,198.98198937473882,0.9914666666666667,True,selected,source_train
LAMOST_DR2_HO2017,887,2M19195612+4320225,209.75283828992679,1.0,True,selected,source_train
LAMOST_DR2_HO2017,888,2M19200532+4117062,103.38756458241039,1.0,True,selected,source_train
LAMOST_DR2_HO2017,889,2M19200778+4322461,182.34187106829972,0.9877333333333334,True,selected,source_train
LAMOST_DR2_HO2017,890,2M19201126+4831494,86.84998385279286,0.9957333333333334,True,selected,source_train
LAMOST_DR2_HO2017,891,2M19201359+4703351,165.98682450065039,0.9957333333333334,True,selected,source_train
LAMOST_DR2_HO2017,892,2M19203150+4624553,174.84952275086454,0.9952,True,selected,source_train
LAMOST_DR2_HO2017,893,2M19203288+4310050,192.1888427700212,0.9962666666666666,True,selected,source_holdout
LAMOST_DR2_HO2017,894,2M19203353+3817329,165.48626784100327,1.0,True,selected,source_train
LAMOST_DR2_HO2017,895,2M19203536+4929354,164.3585694682429,1.0,True,selected,source_train
LAMOST_DR2_HO2017,896,2M19203972+4451197,110.31354595850163,1.0,True,selected,source_train
LAMOST_DR2_HO2017,897,2M19204819+3843116,94.4803070852018,0.9957333333333334,True,selected,source_train
LAMOST_DR2_HO2017,898,2M19204902+4537443,101.15584331548281,0.9898666666666667,True,selected,source_train
LAMOST_DR2_HO2017,899,2M19205193+3825594,165.66128404352023,1.0,True,selected,source_train
LAMOST_DR2_HO2017,900,2M19205250+4344008,188.39565611784354,1.0,True,selected,source_train
LAMOST_DR2_HO2017,901,2M19205327+4014146,123.89619341378855,1.0,True,selected,source_train
LAMOST_DR2_HO2017,902,2M19210825+4624023,236.0781001265866,0.9952,True,selected,source_train
LAMOST_DR2_HO2017,903,2M19211020+4303292,201.65119281309376,1.0,True,selected,source_train
LAMOST_DR2_HO2017,904,2M19211469+4428128,90.38950261330811,1.0,True,selected,source_train
LAMOST_DR2_HO2017,905,2M19211547+4432480,320.98717574077864,1.0,True,selected,source_train
LAMOST_DR2_HO2017,906,2M19212957+4133481,129.3705670376251,0.9957333333333334,True,selected,source_train
LAMOST_DR2_HO2017,907,2M19213172+4052395,109.34029346870282,0.9888,True,selected,source_train
LAMOST_DR2_HO2017,908,2M19214119+4643528,147.40839098384618,1.0,True,selected,source_train
LAMOST_DR2_HO2017,909,2M19214128+3844323,204.25400190664888,0.9904,True,selected,source_train
LAMOST_DR2_HO2017,910,2M19214727+4034230,97.10133117217305,0.992,True,selected,source_train
LAMOST_DR2_HO2017,911,2M19214848+3842568,108.8191131851575,1.0,True,selected,source_holdout
LAMOST_DR2_HO2017,912,2M19215355+4325572,98.74554359117661,0.9914666666666667,True,selected,source_holdout
LAMOST_DR2_HO2017,913,2M19220526+4014387,85.20334485845785,1.0,True,selected,source_train
LAMOST_DR2_HO2017,914,2M19220808+4850043,109.36027974580756,1.0,True,selected,source_train
LAMOST_DR2_HO2017,915,2M19222335+4853586,225.80967616593773,1.0,True,selected,source_train
LAMOST_DR2_HO2017,916,2M19222881+4003483,173.16285407861477,0.9578666666666666,True,selected,source_train
LAMOST_DR2_HO2017,917,2M19222896+4838114,93.58352741821109,0.9882666666666666,True,selected,source_train
LAMOST_DR2_HO2017,918,2M19223142+4841580,106.02455605209326,0.9877333333333334,True,selected,source_train
LAMOST_DR2_HO2017,919,2M19223506+4051227,164.93751290970525,0.9573333333333334,True,selected,source_train
LAMOST_DR2_HO2017,920,2M19224358+4833554,157.73924798221887,0.9845333333333334,True,selected,source_train
LAMOST_DR2_HO2017,921,2M19224440+4534060,109.93105500145126,0.952,True,selected,source_train
LAMOST_DR2_HO2017,922,2M19225100+4058232,279.6512900666535,1.0,True,selected,source_train
LAMOST_DR2_HO2017,923,2M19225331+4355231,90.2829791078906,0.9877333333333334,True,selected,source_holdout
LAMOST_DR2_HO2017,924,2M19225770+4729465,147.3068759004423,1.0,True,selected,source_train
LAMOST_DR2_HO2017,925,2M19230745+4017484,229.1760031001548,1.0,True,selected,source_train
LAMOST_DR2_HO2017,926,2M19231335+4344255,89.42241257730458,1.0,True,selected,source_holdout
LAMOST_DR2_HO2017,927,2M19231486+4406148,152.70991998270785,1.0,True,selected,source_train
LAMOST_DR2_HO2017,928,2M19231527+4734184,185.8718408046847,0.9909333333333333,True,selected,source_holdout
LAMOST_DR2_HO2017,929,2M19231816+4358316,127.69879960119466,0.9573333333333334,True,selected,source_holdout
LAMOST_DR2_HO2017,930,2M19231877+4755115,223.28482747536373,0.9952,True,selected,source_holdout
LAMOST_DR2_HO2017,931,2M19231932+4410037,134.0228960975494,1.0,True,selected,source_train
LAMOST_DR2_HO2017,932,2M19232207+4210592,120.72258450522214,1.0,True,selected,source_train
LAMOST_DR2_HO2017,933,2M19232513+4322548,108.77385397929511,1.0,True,selected,source_train
LAMOST_DR2_HO2017,934,2M19234066+4336129,127.5022441364091,0.9770666666666666,True,selected,source_train
LAMOST_DR2_HO2017,935,2M19234117+4206085,101.74312201258597,0.9786666666666667,True,selected,source_holdout
LAMOST_DR2_HO2017,936,2M19234712+4824408,137.71593794365344,0.9861333333333333,True,selected,source_holdout
LAMOST_DR2_HO2017,937,2M19235349+4418479,263.2459906670853,1.0,True,selected,source_train
LAMOST_DR2_HO2017,938,2M19241665+4343573,104.50059988643159,1.0,True,selected,source_holdout
LAMOST_DR2_HO2017,939,2M19241947+4446427,112.59586817906869,1.0,True,selected,source_train
LAMOST_DR2_HO2017,940,2M19242285+3958258,104.6546506277328,1.0,True,selected,source_holdout
LAMOST_DR2_HO2017,941,2M19242861+4736427,95.699505791425,0.9877333333333334,True,selected,source_train
LAMOST_DR2_HO2017,942,2M19243781+4350510,121.1978374699437,1.0,True,selected,source_train
LAMOST_DR2_HO2017,943,2M19244351+4909264,91.35982700181187,1.0,True,selected,source_train
LAMOST_DR2_HO2017,944,2M19244413+4817090,90.39981555803845,1.0,True,selected,source_train
LAMOST_DR2_HO2017,945,2M19245271+4517111,90.01698283843274,1.0,True,selected,source_train
LAMOST_DR2_HO2017,946,2M19250256+4730067,168.37049060096672,0.9962666666666666,True,selected,source_holdout
LAMOST_DR2_HO2017,947,2M19250616+4521202,106.32907807550478,0.9946666666666667,True,selected,source_holdout
LAMOST_DR2_HO2017,948,2M19250628+4349524,92.56974441875396,1.0,True,selected,source_train
LAMOST_DR2_HO2017,949,2M19250978+4407427,131.9714939875533,0.9658666666666667,True,selected,source_train
LAMOST_DR2_HO2017,950,2M19251664+4013039,103.55944896064936,1.0,True,selected,source_train
LAMOST_DR2_HO2017,951,2M19251925+4847386,131.2688966498042,1.0,True,selected,source_train
LAMOST_DR2_HO2017,952,2M19252670+4422250,147.9003710569571,0.9914666666666667,True,selected,source_train
LAMOST_DR2_HO2017,953,2M19252710+4719433,203.4169577262063,1.0,True,selected,source_holdout
LAMOST_DR2_HO2017,954,2M19253437+4722392,208.65719752796284,1.0,True,selected,source_train
LAMOST_DR2_HO2017,955,2M19253518+4330183,142.26022664584903,1.0,True,selected,source_train
LAMOST_DR2_HO2017,956,2M19253918+4211134,170.95125382006,1.0,True,selected,source_train
LAMOST_DR2_HO2017,957,2M19254500+4754504,106.23544412702331,1.0,True,selected,source_train
LAMOST_DR2_HO2017,958,2M19255883+4809224,140.71872799016776,1.0,True,selected,source_holdout
LAMOST_DR2_HO2017,959,2M19260046+4137154,256.5897384869775,1.0,True,selected,source_holdout
LAMOST_DR2_HO2017,960,2M19260135+4842580,177.3719576110938,1.0,True,selected,source_train
LAMOST_DR2_HO2017,961,2M19260208+4142358,159.73682930795812,0.9797333333333333,True,selected,source_train
LAMOST_DR2_HO2017,962,2M19260635+4423122,163.42474215837302,0.9904,True,selected,source_train
LAMOST_DR2_HO2017,963,2M19260735+4539539,105.74580555359478,0.9845333333333334,True,selected,source_train
LAMOST_DR2_HO2017,964,2M19261250+4525185,136.7698593394142,0.9893333333333333,True,selected,source_holdout
LAMOST_DR2_HO2017,965,2M19261525+4442020,89.91357053901814,1.0,True,selected,source_train
LAMOST_DR2_HO2017,966,2M19262084+4253245,133.9684978467571,0.9701333333333333,True,selected,source_train
LAMOST_DR2_HO2017,967,2M19262346+4215064,265.3108546613436,1.0,True,selected,source_train
LAMOST_DR2_HO2017,968,2M19262500+4838334,138.76929228084916,1.0,True,selected,source_train
LAMOST_DR2_HO2017,969,2M19263384+4855355,101.07512320510327,0.9754666666666667,True,selected,source_train
LAMOST_DR2_HO2017,970,2M19264679+4454369,149.2549905115984,0.9834666666666667,True,selected,source_train
LAMOST_DR2_HO2017,971,2M19265016+4249252,107.53777540328299,1.0,True,selected,source_train
LAMOST_DR2_HO2017,972,2M19265646+3927123,94.62687370275738,1.0,True,selected,source_train
LAMOST_DR2_HO2017,973,2M19265764+4155072,182.42907722406875,0.9568,True,selected,source_train
LAMOST_DR2_HO2017,974,2M19271026+4852047,100.35184076548931,0.9904,True,selected,source_train
LAMOST_DR2_HO2017,975,2M19271652+4839094,89.19441433881009,1.0,True,selected,source_holdout
LAMOST_DR2_HO2017,976,2M19271679+4202000,138.59815960370952,0.9941333333333333,True,selected,source_train
LAMOST_DR2_HO2017,977,2M19271908+4812115,97.92389404271755,1.0,True,selected,source_train
LAMOST_DR2_HO2017,978,2M19272692+4156404,200.13254613841184,0.9856,True,selected,source_train
LAMOST_DR2_HO2017,979,2M19273063+4412144,192.64549671130519,1.0,True,selected,source_train
LAMOST_DR2_HO2017,980,2M19273691+4423124,190.24401164957044,0.9952,True,selected,source_train
LAMOST_DR2_HO2017,981,2M19274041+4203048,210.75401804945275,0.9893333333333333,True,selected,source_train
LAMOST_DR2_HO2017,982,2M19275088+4257174,106.48897799708172,0.9909333333333333,True,selected,source_train
LAMOST_DR2_HO2017,983,2M19280046+4213570,214.2849254898568,0.9962666666666666,True,selected,source_train
LAMOST_DR2_HO2017,984,2M19280102+4050138,113.01342703852734,1.0,True,selected,source_train
LAMOST_DR2_HO2017,985,2M19280452+4408456,108.81717138641068,0.9877333333333334,True,selected,source_train
LAMOST_DR2_HO2017,986,2M19281279+4730310,116.18838499959685,0.9744,True,selected,source_train
LAMOST_DR2_HO2017,987,2M19282096+4059332,289.49419006796904,1.0,True,selected,source_train
LAMOST_DR2_HO2017,988,2M19282248+4240464,164.04557174852337,0.9957333333333334,True,selected,source_train
LAMOST_DR2_HO2017,989,2M19283472+4818255,131.8689158433084,0.9525333333333333,True,selected,source_train
LAMOST_DR2_HO2017,990,2M19284253+4903436,106.38617362090451,1.0,True,selected,source_train
LAMOST_DR2_HO2017,991,2M19284360+4822321,258.52993068286116,1.0,True,selected,source_train
LAMOST_DR2_HO2017,992,2M19284530+4415424,102.35008967766561,0.9850666666666666,True,selected,source_holdout
LAMOST_DR2_HO2017,993,2M19284844+4225519,241.9447228351861,0.976,True,selected,source_train
LAMOST_DR2_HO2017,994,2M19285267+4303230,111.77790224978324,0.9861333333333333,True,selected,source_train
LAMOST_DR2_HO2017,995,2M19285530+4911281,190.24271882345872,0.9957333333333334,True,selected,source_holdout
LAMOST_DR2_HO2017,996,2M19285628+4750215,198.81155940655947,0.9813333333333333,True,selected,source_train
LAMOST_DR2_HO2017,997,2M19290099+4254058,208.58698028710887,0.9957333333333334,True,selected,source_train
LAMOST_DR2_HO2017,998,2M19290844+4438284,268.15245944931814,0.9952,True,selected,source_train
LAMOST_DR2_HO2017,999,2M19290913+4624111,115.2092561544069,0.9706666666666667,True,selected,source_holdout
LAMOST_DR2_HO2017,1000,2M19291190+4103560,194.18703883642627,1.0,True,selected,source_train
LAMOST_DR2_HO2017,1001,2M19291367+4301372,136.97861623636862,0.9728,True,selected,source_train
LAMOST_DR2_HO2017,1002,2M19292041+4221512,103.33830539021383,0.9685333333333334,True,selected,source_train
LAMOST_DR2_HO2017,1003,2M19292304+4355119,158.88511017932987,0.9914666666666667,True,selected,source_train
LAMOST_DR2_HO2017,1004,2M19293070+4236208,130.314666027366,0.9792,True,selected,source_train
LAMOST_DR2_HO2017,1005,2M19293316+4623530,170.16891390927495,1.0,True,selected,source_train
LAMOST_DR2_HO2017,1006,2M19293351+4427215,112.4736992002348,0.9957333333333334,True,selected,source_train
LAMOST_DR2_HO2017,1007,2M19293396+4410452,142.66062202741685,1.0,True,selected,source_holdout
LAMOST_DR2_HO2017,1008,2M19293455+4054186,127.23199745679875,1.0,True,selected,source_holdout
LAMOST_DR2_HO2017,1009,2M19293679+4858231,110.01469800961948,0.9957333333333334,True,selected,source_train
LAMOST_DR2_HO2017,1010,2M19294351+4406594,122.48609954423763,0.9957333333333334,True,selected,source_train
LAMOST_DR2_HO2017,1011,2M19294437+4848422,191.86446984202223,1.0,True,selected,source_holdout
LAMOST_DR2_HO2017,1012,2M19294564+4855333,83.88588640971898,0.9909333333333333,True,selected,source_holdout
LAMOST_DR2_HO2017,1013,2M19294903+4240091,142.87244536351037,1.0,True,selected,source_train
LAMOST_DR2_HO2017,1014,2M19295910+4614585,208.2975029458908,0.9738666666666667,True,selected,source_train
LAMOST_DR2_HO2017,1015,2M19300813+4755500,131.02470214982083,0.9962666666666666,True,selected,source_train
LAMOST_DR2_HO2017,1016,2M19301970+4232397,193.49697234736777,1.0,True,selected,source_train
LAMOST_DR2_HO2017,1017,2M19302042+4536520,126.10715287598946,1.0,True,selected,source_train
LAMOST_DR2_HO2017,1018,2M19302132+4945412,171.14492531412986,0.9957333333333334,True,selected,source_train
LAMOST_DR2_HO2017,1019,2M19302402+4233381,192.52616821817952,0.9909333333333333,True,selected,source_holdout
LAMOST_DR2_HO2017,1020,2M19302760+4941468,149.043923274299,0.9962666666666666,True,selected,source_holdout
LAMOST_DR2_HO2017,1021,2M19304094+4753132,172.2622797179315,1.0,True,selected,source_train
LAMOST_DR2_HO2017,1022,2M19304193+4905158,159.9292537392917,1.0,True,selected,source_train
LAMOST_DR2_HO2017,1023,2M19304708+4256472,143.02022931333013,1.0,True,selected,source_train
LAMOST_DR2_HO2017,1024,2M19304751+4151063,124.64953325842505,1.0,True,selected,source_train
LAMOST_DR2_HO2017,1025,2M19305904+4553569,100.18717719915747,0.9733333333333334,True,selected,source_train
LAMOST_DR2_HO2017,1026,2M19310992+4128246,95.22348024103415,1.0,True,selected,source_holdout
LAMOST_DR2_HO2017,1027,2M19311194+4811228,159.1966364848466,0.9856,True,selected,source_train
LAMOST_DR2_HO2017,1028,2M19311327+4817412,132.29811185874664,0.9621333333333333,True,selected,source_holdout
LAMOST_DR2_HO2017,1029,2M19311901+4822074,218.11925284501075,0.9909333333333333,True,selected,source_train
LAMOST_DR2_HO2017,1030,2M19312057+4925409,135.8879986972794,0.9909333333333333,True,selected,source_train
LAMOST_DR2_HO2017,1031,2M19312830+4927317,90.7483934251517,1.0,True,selected,source_train
LAMOST_DR2_HO2017,1032,2M19314037+4644253,173.2071167226629,1.0,True,selected,source_train
LAMOST_DR2_HO2017,1033,2M19314427+4521202,89.96161287219441,1.0,True,selected,source_train
LAMOST_DR2_HO2017,1034,2M19315108+4237154,129.72811268502844,1.0,True,selected,source_train
LAMOST_DR2_HO2017,1035,2M19320112+4755406,90.68063095576197,0.9861333333333333,True,selected,source_train
LAMOST_DR2_HO2017,1036,2M19321449+3931177,140.79691040316263,0.9904,True,selected,source_train
LAMOST_DR2_HO2017,1037,2M19321752+4750427,134.4339855489566,0.9946666666666667,True,selected,source_train
LAMOST_DR2_HO2017,1038,2M19321853+4058217,220.0314790384003,0.9914666666666667,True,selected,source_train
LAMOST_DR2_HO2017,1039,2M19322721+4647209,156.34015720156708,0.9914666666666667,True,selected,source_train
LAMOST_DR2_HO2017,1040,2M19322887+4928357,246.741959849661,0.9952,True,selected,source_train
LAMOST_DR2_HO2017,1041,2M19323165+4236307,109.79474051968538,0.9616,True,selected,source_train
LAMOST_DR2_HO2017,1042,2M19323232+3930040,101.02432430677494,1.0,True,selected,source_train
LAMOST_DR2_HO2017,1043,2M19323498+4821380,137.58525601447732,1.0,True,selected,source_train
LAMOST_DR2_HO2017,1044,2M19323713+4753585,124.74967278467372,1.0,True,selected,source_train
LAMOST_DR2_HO2017,1045,2M19324849+4017514,129.84729439382997,1.0,True,selected,source_train
LAMOST_DR2_HO2017,1046,2M19325121+4654090,154.80926641761712,0.9808,True,selected,source_train
LAMOST_DR2_HO2017,1047,2M19325837+3742091,147.3612336719455,1.0,True,selected,source_train
LAMOST_DR2_HO2017,1048,2M19325920+4244428,144.45818215860453,1.0,True,selected,source_train
LAMOST_DR2_HO2017,1049,2M19330045+4210000,91.84543254897004,1.0,True,selected,source_train
LAMOST_DR2_HO2017,1050,2M19330806+3925557,97.0455194336686,0.9909333333333333,True,selected,source_train
LAMOST_DR2_HO2017,1051,2M19331066+4828075,292.4448507300874,1.0,True,selected,source_train
LAMOST_DR2_HO2017,1052,2M19331464+4816148,105.80102185662936,0.9856,True,selected,source_train
LAMOST_DR2_HO2017,1053,2M19331991+3924256,119.04521068519239,1.0,True,selected,source_train
LAMOST_DR2_HO2017,1054,2M19332892+3915469,159.28722737390189,1.0,True,selected,source_train
LAMOST_DR2_HO2017,1055,2M19333557+4745414,192.9918086295187,1.0,True,selected,source_train
LAMOST_DR2_HO2017,1056,2M19333700+4807422,160.90191922699867,1.0,True,selected,source_holdout
LAMOST_DR2_HO2017,1057,2M19334137+4153587,88.91397683769777,1.0,True,selected,source_train
LAMOST_DR2_HO2017,1058,2M19334280+4322590,156.49208735332056,1.0,True,selected,source_holdout
LAMOST_DR2_HO2017,1059,2M19334342+3909063,153.83513448343237,1.0,True,selected,source_train
LAMOST_DR2_HO2017,1060,2M19334574+4153339,88.21718984936716,0.9802666666666666,True,selected,source_holdout
LAMOST_DR2_HO2017,1061,2M19335062+4749363,203.2689139025935,0.9962666666666666,True,selected,source_train
LAMOST_DR2_HO2017,1062,2M19335072+5018091,111.77845100886803,1.0,True,selected,source_train
LAMOST_DR2_HO2017,1063,2M19341938+4830259,488.0633133457204,0.9952,True,selected,source_train
LAMOST_DR2_HO2017,1064,2M19342059+3911303,113.08524841480006,1.0,True,selected,source_train
LAMOST_DR2_HO2017,1065,2M19342668+4005376,131.4006009989069,1.0,True,selected,source_train
LAMOST_DR2_HO2017,1066,2M19343949+4749567,174.67909902446473,1.0,True,selected,source_train
LAMOST_DR2_HO2017,1067,2M19344297+5001061,153.59689934896525,0.9888,True,selected,source_train
LAMOST_DR2_HO2017,1068,2M19344508+3847416,117.71661402756435,1.0,True,selected,source_train
LAMOST_DR2_HO2017,1069,2M19344848+4637564,183.40542926574315,0.9584,True,selected,source_train
LAMOST_DR2_HO2017,1070,2M19344966+3846370,139.7601431574148,0.9962666666666666,True,selected,source_train
LAMOST_DR2_HO2017,1071,2M19345257+4804280,232.46027244785859,0.984,True,selected,source_train
LAMOST_DR2_HO2017,1072,2M19345912+4950038,118.56058876580735,0.9845333333333334,True,selected,source_train
LAMOST_DR2_HO2017,1073,2M19350583+4639071,170.91578784578937,0.9866666666666667,True,selected,source_train
LAMOST_DR2_HO2017,1074,2M19350969+5017487,131.02189705523364,1.0,True,selected,source_train
LAMOST_DR2_HO2017,1075,2M19351709+3844414,135.2442738169297,0.9845333333333334,True,selected,source_train
LAMOST_DR2_HO2017,1076,2M19352533+5036463,284.17332333388634,1.0,True,selected,source_train
LAMOST_DR2_HO2017,1077,2M19353778+3955326,87.6116806854761,0.992,True,selected,source_train
LAMOST_DR2_HO2017,1078,2M19353809+4633064,168.05679193751862,1.0,True,selected,source_train
LAMOST_DR2_HO2017,1079,2M19354218+3927259,158.1709711958844,0.9957333333333334,True,selected,source_holdout
LAMOST_DR2_HO2017,1080,2M19354249+3946497,88.66095485597799,1.0,True,selected,source_train
LAMOST_DR2_HO2017,1081,2M19354405+4631580,128.8357366493144,0.9813333333333333,True,selected,source_train
LAMOST_DR2_HO2017,1082,2M19354557+3924452,84.93791986323211,1.0,True,selected,source_train
LAMOST_DR2_HO2017,1083,2M19355625+3939394,88.28194309256945,1.0,True,selected,source_train
LAMOST_DR2_HO2017,1084,2M19355962+4817304,186.12707906064168,1.0,True,selected,source_train
LAMOST_DR2_HO2017,1085,2M19360616+3854028,115.52964831032934,1.0,True,selected,source_train
LAMOST_DR2_HO2017,1086,2M19360994+4643236,109.62334712028986,1.0,True,selected,source_train
LAMOST_DR2_HO2017,1087,2M19361019+3829150,116.13274935888319,0.9946666666666667,True,selected,source_holdout
LAMOST_DR2_HO2017,1088,2M19361884+4949268,285.5071057612303,1.0,True,selected,source_train
LAMOST_DR2_HO2017,1089,2M19362311+3938494,85.91815999002081,1.0,True,selected,source_train
LAMOST_DR2_HO2017,1090,2M19363394+4938350,98.83470294996525,0.9866666666666667,True,selected,source_train
LAMOST_DR2_HO2017,1091,2M19370279+4940554,197.09396511555502,1.0,True,selected,source_train
LAMOST_DR2_HO2017,1092,2M19370831+4643235,149.96867820566672,0.9754666666666667,True,selected,source_holdout
LAMOST_DR2_HO2017,1093,2M19372938+3939261,97.07444658276988,1.0,True,selected,source_train
LAMOST_DR2_HO2017,1094,2M19374466+4930277,197.98876935851746,1.0,True,selected,source_train
LAMOST_DR2_HO2017,1095,2M19374569+3835356,88.16661674890767,0.9770666666666666,True,selected,source_holdout
LAMOST_DR2_HO2017,1096,2M19374576+5045358,94.74687993985194,1.0,True,selected,source_train
LAMOST_DR2_HO2017,1097,2M19375017+4607465,87.04690957140046,1.0,True,selected,source_train
LAMOST_DR2_HO2017,1098,2M19381224+5005191,246.865415333024,0.9845333333333334,True,selected,source_holdout
LAMOST_DR2_HO2017,1099,2M19383310+4416342,108.24139831803579,1.0,True,selected,source_train
LAMOST_DR2_HO2017,1100,2M19383697+3853306,89.45832444431232,1.0,True,selected,source_train
LAMOST_DR2_HO2017,1101,2M19384625+3851324,91.53411117390237,1.0,True,selected,source_holdout
LAMOST_DR2_HO2017,1102,2M19393017+4354523,183.43686694819283,1.0,True,selected,source_train
LAMOST_DR2_HO2017,1103,2M19393293+4611554,100.04787865614163,1.0,True,selected,source_train
LAMOST_DR2_HO2017,1104,2M19394454+4855577,93.33481637081368,1.0,True,selected,source_train
LAMOST_DR2_HO2017,1105,2M19403166+4938401,127.08070084404208,1.0,True,selected,source_train
LAMOST_DR2_HO2017,1106,2M19404194+4250067,91.14146633729088,0.9792,True,selected,source_train
LAMOST_DR2_HO2017,1107,2M19411102+4011116,86.05145765109646,1.0,True,selected,source_train
LAMOST_DR2_HO2017,1108,2M19413490+4857561,221.75300303342996,0.9952,True,selected,source_train
LAMOST_DR2_HO2017,1109,2M19415970+4438547,233.58618826301637,1.0,True,selected,source_train
LAMOST_DR2_HO2017,1110,2M19420328+4917050,457.74724432831437,1.0,True,selected,source_train
LAMOST_DR2_HO2017,1111,2M19421087+4207154,85.06719231797385,0.9909333333333333,True,selected,source_train
LAMOST_DR2_HO2017,1112,2M19421762+4955054,101.900095634707,0.9877333333333334,True,selected,source_train
LAMOST_DR2_HO2017,1113,2M19422773+4800252,142.2563858869632,0.9664,True,selected,source_train
LAMOST_DR2_HO2017,1114,2M19424601+4008325,85.27124350159096,1.0,True,selected,source_train
LAMOST_DR2_HO2017,1115,2M19425146+4911542,120.60691106181969,0.9957333333333334,True,selected,source_holdout
LAMOST_DR2_HO2017,1116,2M19425474+4855219,86.64901688173235,0.9946666666666667,True,selected,source_train
LAMOST_DR2_HO2017,1117,2M19431057+4909109,167.67448243201656,1.0,True,selected,source_train
LAMOST_DR2_HO2017,1118,2M19431401+4955448,158.5647342391855,0.9866666666666667,True,selected,source_train
LAMOST_DR2_HO2017,1119,2M19433450+4952150,130.05890174567782,0.9882666666666666,True,selected,source_train
LAMOST_DR2_HO2017,1120,2M19433476+4748328,113.65357186401769,0.9946666666666667,True,selected,source_train
LAMOST_DR2_HO2017,1121,2M19435904+4246388,138.50339322206452,0.9866666666666667,True,selected,source_train
LAMOST_DR2_HO2017,1122,2M19441193+4705378,162.93333140082513,1.0,True,selected,source_train
LAMOST_DR2_HO2017,1123,2M19441996+4307421,124.80958779135108,0.9744,True,selected,source_train
LAMOST_DR2_HO2017,1124,2M19442756+5036417,97.63487401404856,1.0,True,selected,source_train
LAMOST_DR2_HO2017,1125,2M19442821+4727545,128.1630299073058,1.0,True,selected,source_holdout
LAMOST_DR2_HO2017,1126,2M19444044+4255127,138.0577056196755,0.9808,True,selected,source_holdout
LAMOST_DR2_HO2017,1127,2M19444284+4741158,129.30513154867506,0.9941333333333333,True,selected,source_holdout
LAMOST_DR2_HO2017,1128,2M19445287+4106530,95.59528834462763,1.0,True,selected,source_train
LAMOST_DR2_HO2017,1129,2M19450175+4931542,143.64504612334224,1.0,True,selected,source_train
LAMOST_DR2_HO2017,1130,2M19450838+4339517,105.47530618703469,1.0,True,selected,source_train
LAMOST_DR2_HO2017,1131,2M19451197+4844271,132.57541948206966,0.9850666666666666,True,selected,source_train
LAMOST_DR2_HO2017,1132,2M19451497+5036578,229.36640445282367,1.0,True,selected,source_train
LAMOST_DR2_HO2017,1133,2M19451967+4243106,111.14823977705662,1.0,True,selected,source_train
LAMOST_DR2_HO2017,1134,2M19452186+4747416,139.30704396480385,1.0,True,selected,source_train
LAMOST_DR2_HO2017,1135,2M19452480+4702290,299.34526393625055,1.0,True,selected,source_holdout
LAMOST_DR2_HO2017,1136,2M19452785+4645420,95.64354004155066,0.992,True,selected,source_train
LAMOST_DR2_HO2017,1137,2M19453332+4715058,99.00566015434462,0.9952,True,selected,source_holdout
LAMOST_DR2_HO2017,1138,2M19453423+4658036,197.2700947296051,1.0,True,selected,source_train
LAMOST_DR2_HO2017,1139,2M19453440+4701491,141.06834818044265,1.0,True,selected,source_train
LAMOST_DR2_HO2017,1140,2M19453520+4322503,93.42768981909641,1.0,True,selected,source_train
LAMOST_DR2_HO2017,1141,2M19454826+4812241,444.94161530011854,1.0,True,selected,source_train
LAMOST_DR2_HO2017,1142,2M19460242+3920092,99.29926431050878,0.9850666666666666,True,selected,source_holdout
LAMOST_DR2_HO2017,1143,2M19461158+4733129,107.02492274162708,1.0,True,selected,source_train
LAMOST_DR2_HO2017,1144,2M19461437+4125593,102.76555872456132,1.0,True,selected,source_holdout
LAMOST_DR2_HO2017,1145,2M19461579+3919057,110.19887633147991,1.0,True,selected,source_holdout
LAMOST_DR2_HO2017,1146,2M19462232+4636483,147.41567055514622,1.0,True,selected,source_train
LAMOST_DR2_HO2017,1147,2M19462273+4702070,121.59140810736544,1.0,True,selected,source_train
LAMOST_DR2_HO2017,1148,2M19462274+4726595,113.81347669027657,1.0,True,selected,source_train
LAMOST_DR2_HO2017,1149,2M19462529+4912393,148.24972677403676,1.0,True,selected,source_train
LAMOST_DR2_HO2017,1150,2M19463392+4739249,105.1668593071219,0.9818666666666667,True,selected,source_train
LAMOST_DR2_HO2017,1151,2M19464551+4635020,512.415750096917,1.0,True,selected,source_holdout
LAMOST_DR2_HO2017,1152,2M19465149+4756160,87.47603687787391,0.9957333333333334,True,selected,source_train
LAMOST_DR2_HO2017,1153,2M19465756+5021258,113.40304208356316,0.9904,True,selected,source_train
LAMOST_DR2_HO2017,1154,2M19470004+4919155,88.63047338503328,1.0,True,selected,source_train
LAMOST_DR2_HO2017,1155,2M19473596+4907029,226.29299768041287,0.9957333333333334,True,selected,source_train
LAMOST_DR2_HO2017,1156,2M19474561+4656095,169.79818808529504,1.0,True,selected,source_holdout
LAMOST_DR2_HO2017,1157,2M19475132+4903336,164.71440450594267,0.9872,True,selected,source_train
LAMOST_DR2_HO2017,1158,2M19475232+4306164,113.98808971385239,0.9962666666666666,True,selected,source_train
LAMOST_DR2_HO2017,1159,2M19475813+4147236,93.85750209912175,0.9850666666666666,True,selected,source_holdout
LAMOST_DR2_HO2017,1160,2M19480815+4611544,111.96280512264549,0.9952,True,selected,source_train
LAMOST_DR2_HO2017,1161,2M19482246+4423256,117.45997253373146,0.9786666666666667,True,selected,source_train
LAMOST_DR2_HO2017,1162,2M19482778+4628063,124.79984541390725,1.0,True,selected,source_train
LAMOST_DR2_HO2017,1163,2M19483187+4904017,146.8937823828503,0.9952,True,selected,source_holdout
LAMOST_DR2_HO2017,1164,2M19485582+4351411,110.63981342433485,0.9792,True,selected,source_train
LAMOST_DR2_HO2017,1165,2M19490667+4629353,185.76483832468153,1.0,True,selected,source_train
LAMOST_DR2_HO2017,1166,2M19491019+4719352,108.25755796423087,0.9845333333333334,True,selected,source_train
LAMOST_DR2_HO2017,1167,2M19491234+4649437,100.67809599940963,0.9845333333333334,True,selected,source_train
LAMOST_DR2_HO2017,1168,2M19493873+4803407,94.29082224929589,1.0,True,selected,source_train
LAMOST_DR2_HO2017,1169,2M19500458+3952215,102.51731051975052,1.0,True,selected,source_train
LAMOST_DR2_HO2017,1170,2M19500511+4958454,304.46527869394413,0.9856,True,selected,source_train
LAMOST_DR2_HO2017,1171,2M19502552+4034171,103.33192891493631,0.9818666666666667,True,selected,source_train
LAMOST_DR2_HO2017,1172,2M19502672+4625332,113.54321572534087,0.9701333333333333,True,selected,source_train
LAMOST_DR2_HO2017,1173,2M19502994+4639147,122.26407139083128,0.9957333333333334,True,selected,source_train
LAMOST_DR2_HO2017,1174,2M19503326+4651469,158.2866748455371,1.0,True,selected,source_train
LAMOST_DR2_HO2017,1175,2M19503467+4640291,122.54767779311375,1.0,True,selected,source_train
LAMOST_DR2_HO2017,1176,2M19503520+4650078,125.69469515166448,1.0,True,selected,source_holdout
LAMOST_DR2_HO2017,1177,2M19504457+4615343,170.72559253061198,1.0,True,selected,source_train
LAMOST_DR2_HO2017,1178,2M19510653+4018409,98.12738016369293,1.0,True,selected,source_train
LAMOST_DR2_HO2017,1179,2M19510681+4526162,163.35171969694449,1.0,True,selected,source_train
LAMOST_DR2_HO2017,1180,2M19511407+4456119,112.57833753066387,0.9962666666666666,True,selected,source_train
LAMOST_DR2_HO2017,1181,2M19511472+4648599,93.03453258738571,0.9818666666666667,True,selected,source_train
LAMOST_DR2_HO2017,1182,2M19511818+4044170,86.76263938460329,0.9962666666666666,True,selected,source_train
LAMOST_DR2_HO2017,1183,2M19512811+4659150,146.88909952183104,1.0,True,selected,source_holdout
LAMOST_DR2_HO2017,1184,2M19513481+4453217,141.1166245199174,0.9952,True,selected,source_holdout
LAMOST_DR2_HO2017,1185,2M19513511+4501566,182.88610276303453,1.0,True,selected,source_train
LAMOST_DR2_HO2017,1186,2M19515315+4747405,109.02498797134568,1.0,True,selected,source_train
LAMOST_DR2_HO2017,1187,2M19521013+4624568,145.55625888654686,1.0,True,selected,source_train
LAMOST_DR2_HO2017,1188,2M19521384+4526135,167.32585438030125,1.0,True,selected,source_train
LAMOST_DR2_HO2017,1189,2M19522027+4622441,134.44367557513777,0.9605333333333334,True,selected,source_train
LAMOST_DR2_HO2017,1190,2M19522419+4723071,93.40200759265919,1.0,True,selected,source_holdout
LAMOST_DR2_HO2017,1191,2M19523269+4634420,228.91925065935402,1.0,True,selected,source_train
LAMOST_DR2_HO2017,1192,2M19524834+4531440,588.318192503442,1.0,True,selected,source_train
LAMOST_DR2_HO2017,1193,2M19525262+4841386,95.44903159214971,0.9957333333333334,True,selected,source_train
LAMOST_DR2_HO2017,1194,2M19530543+4525412,152.37261959118223,0.9882666666666666,True,selected,source_holdout
LAMOST_DR2_HO2017,1195,2M19531236+4740161,152.13647543078562,1.0,True,selected,source_train
LAMOST_DR2_HO2017,1196,2M19531533+4617052,83.00943501613017,1.0,True,selected,source_holdout
LAMOST_DR2_HO2017,1197,2M19532163+4422367,205.74362263762737,0.9946666666666667,True,selected,source_train
LAMOST_DR2_HO2017,1198,2M19533899+4840192,102.31381142610812,1.0,True,selected,source_holdout
LAMOST_DR2_HO2017,1199,2M19533906+4415452,127.68483473509244,0.9952,True,selected,source_train
LAMOST_DR2_HO2017,1200,2M19534379+4505223,144.27016092679165,1.0,True,selected,source_train
LAMOST_DR2_HO2017,1201,2M19534454+4623415,474.5645084163619,1.0,True,selected,source_train
LAMOST_DR2_HO2017,1202,2M19534548+4420540,105.42043667386353,0.9744,True,selected,source_holdout
LAMOST_DR2_HO2017,1203,2M19534690+4504090,110.27911162438157,0.9845333333333334,True,selected,source_holdout
LAMOST_DR2_HO2017,1204,2M19540616+4359240,124.73424134545154,0.9808,True,selected,source_holdout
LAMOST_DR2_HO2017,1205,2M19542149+4632411,88.31055864096056,1.0,True,selected,source_holdout
LAMOST_DR2_HO2017,1206,2M19542240+4707165,180.61824270908485,1.0,True,selected,source_train
LAMOST_DR2_HO2017,1207,2M19542270+4352063,116.60967794957821,0.9856,True,selected,source_train
LAMOST_DR2_HO2017,1208,2M19542487+4643092,98.72902699023145,0.9861333333333333,True,selected,source_train
LAMOST_DR2_HO2017,1209,2M19543393+4512304,158.18547204076572,0.952,True,selected,source_holdout
LAMOST_DR2_HO2017,1210,2M19544526+4700588,179.1046592840946,0.9754666666666667,True,selected,source_train
LAMOST_DR2_HO2017,1211,2M19544656+4705201,414.1333593310239,1.0,True,selected,source_train
LAMOST_DR2_HO2017,1212,2M19544857+4343055,152.92689564717037,1.0,True,selected,source_train
LAMOST_DR2_HO2017,1213,2M19545035+4649589,199.1348412973539,1.0,True,selected,source_train
LAMOST_DR2_HO2017,1214,2M19545628+4536527,138.57609709269104,0.9845333333333334,True,selected,source_train
LAMOST_DR2_HO2017,1215,2M19545970+4632145,88.98414323389363,0.9893333333333333,True,selected,source_train
LAMOST_DR2_HO2017,1216,2M19550000+4434211,143.58869264653046,0.9653333333333334,True,selected,source_train
LAMOST_DR2_HO2017,1217,2M19551417+4418460,180.88407675695527,1.0,True,selected,source_holdout
LAMOST_DR2_HO2017,1218,2M19551455+4655196,136.9541162344674,0.976,True,selected,source_train
LAMOST_DR2_HO2017,1219,2M19551458+4708328,134.35840668740138,1.0,True,selected,source_train
LAMOST_DR2_HO2017,1220,2M19555949+4435327,123.4768532124923,0.992,True,selected,source_train
LAMOST_DR2_HO2017,1221,2M19560657+4452412,182.37045392897147,0.984,True,selected,source_train
LAMOST_DR2_HO2017,1222,2M19561255+4434303,279.29625960096297,1.0,True,selected,source_holdout
LAMOST_DR2_HO2017,1223,2M19561462+4426582,136.34356120515434,0.9669333333333333,True,selected,source_train
LAMOST_DR2_HO2017,1224,2M19562366+4648361,209.7063548370511,1.0,True,selected,source_train
LAMOST_DR2_HO2017,1225,2M19564169+4733296,203.48820802919823,0.9989333333333333,True,selected,source_holdout
LAMOST_DR2_HO2017,1226,2M19564535+4438238,198.87406387460692,1.0,True,selected,source_train
LAMOST_DR2_HO2017,1227,2M19570185+4543390,161.81939554673863,0.9866666666666667,True,selected,source_train
LAMOST_DR2_HO2017,1228,2M19570191+4741231,101.82754768923428,0.9706666666666667,True,selected,source_train
LAMOST_DR2_HO2017,1229,2M19570219+4408327,160.52850369227838,0.984,True,selected,source_train
LAMOST_DR2_HO2017,1230,2M19570850+4550466,226.39581843838607,1.0,True,selected,source_train
LAMOST_DR2_HO2017,1231,2M19571060+4537363,221.40926018847418,1.0,True,selected,source_holdout
LAMOST_DR2_HO2017,1232,2M19571299+4507306,202.0174165145175,0.9792,True,selected,source_train
LAMOST_DR2_HO2017,1233,2M19574896+4358081,120.27040834325635,0.9850666666666666,True,selected,source_holdout
LAMOST_DR2_HO2017,1234,2M19575825+4104110,98.62032307595851,1.0,True,selected,source_holdout
LAMOST_DR2_HO2017,1235,2M19582571+4717243,137.6336107075488,0.9557333333333333,True,selected,source_train
LAMOST_DR2_HO2017,1236,2M19590667+4606353,220.55733617847108,1.0,True,selected,source_holdout
LAMOST_DR2_HO2017,1237,2M19592253+4511259,161.07772787838806,0.9808,True,selected,source_holdout
LAMOST_DR2_HO2017,1238,2M19592289+4408304,157.1966423597353,1.0,True,selected,source_train
LAMOST_DR2_HO2017,1239,2M19593990+4351454,90.35593172442074,0.9952,True,selected,source_train
LAMOST_DR2_HO2017,1240,2M20000121+4433034,185.66624008349692,0.9877333333333334,True,selected,source_train
LAMOST_DR2_HO2017,1241,2M20000234+4451124,144.43407232361264,1.0,True,selected,source_train
LAMOST_DR2_HO2017,1242,2M20000511+4602092,128.3835778240473,0.9957333333333334,True,selected,source_train
LAMOST_DR2_HO2017,1243,2M20001037+4532079,180.53951017075227,1.0,True,selected,source_train
LAMOST_DR2_HO2017,1244,2M20001186+4353127,89.97282905559273,1.0,True,selected,source_holdout
LAMOST_DR2_HO2017,1245,2M20001401+4436356,167.15813764202807,0.9525333333333333,True,selected,source_train
LAMOST_DR2_HO2017,1246,2M20003281+4614128,102.76339933890196,0.9962666666666666,True,selected,source_train
LAMOST_DR2_HO2017,1247,2M20004148+4429312,129.49570712835973,1.0,True,selected,source_train
LAMOST_DR2_HO2017,1248,2M20005803+4502516,165.90507284813737,0.9952,True,selected,source_train
LAMOST_DR2_HO2017,1249,2M20005907+4417469,189.83294454195914,1.0,True,selected,source_train
LAMOST_DR2_HO2017,1250,2M20010135+4434576,96.52177109427616,0.9962666666666666,True,selected,source_holdout
LAMOST_DR2_HO2017,1251,2M20011317+4609482,225.62481422325493,1.0,True,selected,source_train
LAMOST_DR2_HO2017,1252,2M20011735+4439452,159.95324039455988,1.0,True,selected,source_train
LAMOST_DR2_HO2017,1253,2M20014398+4418389,169.4113987287477,1.0,True,selected,source_holdout
LAMOST_DR2_HO2017,1254,2M20015507+4543192,241.56186390231102,0.9909333333333333,True,selected,source_train
LAMOST_DR2_HO2017,1255,2M20015727+4403057,153.85614227976055,1.0,True,selected,source_holdout
LAMOST_DR2_HO2017,1256,2M20020940+4418069,151.79116420445214,1.0,True,selected,source_holdout
LAMOST_DR2_HO2017,1257,2M20020952+4530259,135.56342961367685,1.0,True,selected,source_train
LAMOST_DR2_HO2017,1258,2M20023180+4436091,140.30818667396906,0.9797333333333333,True,selected,source_train
LAMOST_DR2_HO2017,1259,2M20023887+4455347,177.68608344596964,1.0,True,selected,source_holdout
LAMOST_DR2_HO2017,1260,2M20024856+4404005,186.53297643886773,0.9962666666666666,True,selected,source_holdout
LAMOST_DR2_HO2017,1261,2M20024930+4506154,150.19659999186436,0.9946666666666667,True,selected,source_train
LAMOST_DR2_HO2017,1262,2M20030794+4429213,108.32187774272198,1.0,True,selected,source_holdout
LAMOST_DR2_HO2017,1263,2M20031387+4541150,89.27881629231334,0.9792,True,selected,source_train
LAMOST_DR2_HO2017,1264,2M20032282+4415502,171.67404962092658,1.0,True,selected,source_train
LAMOST_DR2_HO2017,1265,2M20033949+4449045,345.1549501370846,1.0,True,selected,source_train
LAMOST_DR2_HO2017,1266,2M20034275+4432408,85.8150665680694,0.9962666666666666,True,selected,source_train
LAMOST_DR2_HO2017,1267,2M20034811+4437105,113.11337188907116,1.0,True,selected,source_holdout
LAMOST_DR2_HO2017,1268,2M20040583+4524553,84.38693910813508,1.0,True,selected,source_train
LAMOST_DR2_HO2017,1269,2M20041739+4509181,148.47062479803316,1.0,True,selected,source_train
LAMOST_DR2_HO2017,1270,2M20041838+4429511,137.31639102119195,1.0,True,selected,source_train
LAMOST_DR2_HO2017,1271,2M20043730+4425100,170.67349897462452,0.9909333333333333,True,selected,source_train
LAMOST_DR2_HO2017,1272,2M20044423+4419543,144.04069402714242,1.0,True,selected,source_train
LAMOST_DR2_HO2017,1273,2M20050538+4423151,110.94730677179987,0.9786666666666667,True,selected,source_train
LAMOST_DR2_HO2017,1274,2M20052798+4451187,237.15622694318054,1.0,True,selected,source_train
LAMOST_DR2_HO2017,1275,2M21374762+4238255,92.78808552671686,0.9802666666666666,True,selected,source_train
LAMOST_DR2_HO2017,1276,2M21381804+4255042,100.47142420642069,0.9589333333333333,True,selected,source_holdout
LAMOST_DR2_HO2017,1277,2M21384410+4123104,142.75145672908184,0.9824,True,selected,source_train
LAMOST_DR2_HO2017,1278,2M21393631+4252352,92.2241219962547,0.9664,True,selected,source_train
LAMOST_DR2_HO2017,1279,2M21402310+4129422,88.80361968115999,0.9626666666666667,True,selected,source_train
LAMOST_DR2_HO2017,1280,2M21414786+4159380,100.8944351101826,0.976,True,selected,source_train
LAMOST_DR2_HO2017,1281,2M21415801+4208133,242.30289815708315,0.9850666666666666,True,selected,source_train
LAMOST_DR2_HO2017,1282,2M21420650+4118146,101.51683318476765,0.9909333333333333,True,selected,source_holdout
LAMOST_DR2_HO2017,1283,2M21421957+4213373,93.77263798900132,0.9504,True,selected,source_train
LAMOST_DR2_HO2017,1284,2M21424657+4248311,120.27055140260583,0.9770666666666666,True,selected,source_holdout
LAMOST_DR2_HO2017,1285,2M21425643+4111565,146.6553526036767,0.9605333333333334,True,selected,source_train
LAMOST_DR2_HO2017,1286,2M21440139+4306349,125.98377854808791,0.9733333333333334,True,selected,source_train
LAMOST_DR2_HO2017,1287,2M21443397+4239115,163.7588657478198,0.9536,True,selected,source_train
LAMOST_DR2_HO2017,1288,2M21471084+4213324,136.8696386767634,0.9722666666666666,True,selected,source_train
LAMOST_DR2_HO2017,1289,2M22121425-0256447,104.65789148561561,0.96,True,selected,source_holdout
LAMOST_DR2_HO2017,1290,2M22151620-0041268,92.48237644225463,0.9482666666666667,False,quality_cut,excluded
LAMOST_DR2_HO2017,1291,2M22151745-0037188,105.07382549590923,0.9605333333333334,True,selected,source_train
LAMOST_DR2_HO2017,1292,2M22171079-0253062,90.73173677489311,0.9802666666666666,True,selected,source_holdout
LAMOST_DR2_HO2017,1293,2M22400665+0640216,114.25825564502092,0.9466666666666667,False,quality_cut,excluded
LAMOST_DR2_HO2017,1294,2M22471761+0428385,99.47254347208424,0.9952,True,selected,source_train
LAMOST_DR2_HO2017,1295,2M23152450+1136019,275.0960641371336,1.0,True,selected,source_train
LAMOST_DR2_HO2017,1296,2M23163508+1218045,96.20738841521776,0.9909333333333333,True,selected,source_train
LAMOST_DR2_HO2017,1297,2M23172101+1047359,206.32702002810524,1.0,True,selected,source_train
LAMOST_DR2_HO2017,1298,2M23172961+1310180,87.10022670787966,1.0,True,selected,source_train
LAMOST_DR2_HO2017,1299,2M23175094+1257053,146.3649648983487,0.9909333333333333,True,selected,source_train
LAMOST_DR2_HO2017,1300,2M23183707+1244471,97.18002043981521,0.9994666666666666,True,selected,source_holdout
LAMOST_DR2_HO2017,1301,2M23185271+1317122,203.14577526806423,1.0,True,selected,source_train
LAMOST_DR2_HO2017,1302,2M23191628+1306324,124.38242781895141,1.0,True,selected,source_train
LAMOST_DR2_HO2017,1303,2M23211216+1242509,91.93436937604505,0.9994666666666666,True,selected,source_holdout
LAMOST_DR2_HO2017,1304,2M23221724+1057193,116.56055497612195,0.9909333333333333,True,selected,source_train
LAMOST_DR2_HO2017,1305,2M23574552+1710104,112.07358176205507,1.0,True,selected,source_train
LAMOST_DR2_HO2017,1306,2M23590197+1720211,102.64727122005112,1.0,True,selected,source_train
LAMOST_DR2_HO2017,1307,2M23590765+1726159,100.86881108492146,0.9754666666666667,True,selected,source_train
LAMOST_DR2_HO2017,1308,2M23594955+1529189,92.99443803474959,1.0,True,selected,source_train
DESI_DR1_SPARCL,0,2M00182495+6137095,67.88079973790981,1.0,True,selected,target_adaptation
DESI_DR1_SPARCL,1,2M00190160+6145045,119.04155955731704,0.9968,True,selected,target_adaptation
DESI_DR1_SPARCL,2,2M00210781+5445254,231.59798741538975,1.0,True,selected,target_evaluation
DESI_DR1_SPARCL,3,2M00214145+5424531,92.32185924887953,1.0,True,selected,target_evaluation
DESI_DR1_SPARCL,4,2M00225944+5451244,172.7704418671633,1.0,True,selected,target_evaluation
DESI_DR1_SPARCL,5,2M00231015+5528361,76.65306952948526,1.0,True,selected,target_adaptation
DESI_DR1_SPARCL,6,2M00232069+5540117,62.57176512817731,1.0,True,selected,target_adaptation
DESI_DR1_SPARCL,7,2M00232731+5450553,86.6384073478436,0.9962666666666666,True,selected,target_adaptation
DESI_DR1_SPARCL,8,2M00241350+5517245,128.48104378318908,1.0,True,selected,target_evaluation
DESI_DR1_SPARCL,9,2M00242372+5948169,23.100449193592492,1.0,True,selected,target_adaptation
DESI_DR1_SPARCL,10,2M00244487+5437493,117.0880239716778,1.0,True,selected,target_evaluation
DESI_DR1_SPARCL,11,2M00252105+5429054,179.01242791225266,1.0,True,selected,target_evaluation
DESI_DR1_SPARCL,12,2M00252821+5341370,96.48045672488779,1.0,True,selected,target_adaptation
DESI_DR1_SPARCL,13,2M00255259+5356332,167.5225185846453,1.0,True,selected,target_evaluation
DESI_DR1_SPARCL,14,2M00255953+5413208,155.91277423989658,1.0,True,selected,target_evaluation
DESI_DR1_SPARCL,15,2M00261329+5338080,116.83152514275632,1.0,True,selected,target_adaptation
DESI_DR1_SPARCL,16,2M00263770+5350543,74.1821689066928,1.0,True,selected,target_evaluation
DESI_DR1_SPARCL,17,2M00264015+5522028,110.80793093818976,1.0,True,selected,target_evaluation
DESI_DR1_SPARCL,18,2M00264084+5507134,70.21988869343953,1.0,True,selected,target_evaluation
DESI_DR1_SPARCL,19,2M00264323+5025287,84.07656003952839,1.0,True,selected,target_evaluation
DESI_DR1_SPARCL,20,2M00265312+5048548,109.58895782194702,0.9968,True,selected,target_evaluation
DESI_DR1_SPARCL,21,2M00270437+5528246,78.34914102472547,1.0,True,selected,target_evaluation
DESI_DR1_SPARCL,22,2M00270668+5020342,95.8959566633311,1.0,True,selected,target_evaluation
DESI_DR1_SPARCL,23,2M00272408+5434485,121.56781713466161,1.0,True,selected,target_evaluation
DESI_DR1_SPARCL,24,2M00272717+5420089,116.93093094942941,1.0,True,selected,target_adaptation
DESI_DR1_SPARCL,25,2M00273023+5352197,168.22853463321388,1.0,True,selected,target_evaluation
DESI_DR1_SPARCL,26,2M00273641+5532481,221.3271200583148,1.0,True,selected,target_evaluation
DESI_DR1_SPARCL,27,2M00274478+5413117,84.42582864706606,1.0,True,selected,target_evaluation
DESI_DR1_SPARCL,28,2M00274726+5600473,165.96793770697872,1.0,True,selected,target_evaluation
DESI_DR1_SPARCL,29,2M00275307+5351372,74.46290263643283,1.0,True,selected,target_adaptation
DESI_DR1_SPARCL,30,2M00280800+5534146,124.81169916395196,1.0,True,selected,target_evaluation
DESI_DR1_SPARCL,31,2M00284340+5444143,169.2757493340965,1.0,True,selected,target_evaluation
DESI_DR1_SPARCL,32,2M00285282+5518101,59.11963038632486,1.0,True,selected,target_evaluation
DESI_DR1_SPARCL,33,2M00285847+5442535,128.34596871420771,1.0,True,selected,target_evaluation
DESI_DR1_SPARCL,34,2M00294493+5515353,55.348798599087274,1.0,True,selected,target_evaluation
DESI_DR1_SPARCL,35,2M00295303+5101106,102.37799423090625,0.9978666666666667,True,selected,target_evaluation
DESI_DR1_SPARCL,36,2M00295328+5336496,97.69232550541052,1.0,True,selected,target_evaluation
DESI_DR1_SPARCL,37,2M00295607+5146582,84.45800396622907,0.9984,True,selected,target_adaptation
DESI_DR1_SPARCL,38,2M00301154+5421511,193.12721412849265,1.0,True,selected,target_evaluation
DESI_DR1_SPARCL,39,2M00303465+5117299,82.58468545253385,0.9984,True,selected,target_adaptation
DESI_DR1_SPARCL,40,2M00304223+5546124,76.68182514212826,1.0,True,selected,target_evaluation
DESI_DR1_SPARCL,41,2M00305140+5152147,152.7611953035775,0.9909333333333333,True,selected,target_evaluation
DESI_DR1_SPARCL,42,2M00305519+5606231,69.83148062987546,1.0,True,selected,target_evaluation
DESI_DR1_SPARCL,43,2M00312312+5551566,60.52540410033702,1.0,True,selected,target_adaptation
DESI_DR1_SPARCL,44,2M00312365+5415585,170.34124330396452,1.0,True,selected,target_evaluation
DESI_DR1_SPARCL,45,2M00315722+5512500,107.00327803286352,1.0,True,selected,target_evaluation
DESI_DR1_SPARCL,46,2M00320868+5403450,192.75283750132985,1.0,True,selected,target_evaluation
DESI_DR1_SPARCL,47,2M00321871+5604376,101.35517609558485,1.0,True,selected,target_evaluation
DESI_DR1_SPARCL,48,2M00325257+5550080,81.19575161913778,1.0,True,selected,target_evaluation
DESI_DR1_SPARCL,49,2M00325391+5333435,244.1591283152618,1.0,True,selected,target_adaptation
DESI_DR1_SPARCL,50,2M00330875+5437572,96.0787536926746,1.0,True,selected,target_evaluation
DESI_DR1_SPARCL,51,2M00331950+5442469,104.07399722599557,1.0,True,selected,target_evaluation
DESI_DR1_SPARCL,52,2M00334054+5450138,100.43784121259408,1.0,True,selected,target_evaluation
DESI_DR1_SPARCL,53,2M00334149+5605428,115.39046112759016,1.0,True,selected,target_evaluation
DESI_DR1_SPARCL,54,2M00334180+5518455,139.70160220463816,1.0,True,selected,target_evaluation
DESI_DR1_SPARCL,55,2M00340441+5431202,207.02647700284325,1.0,True,selected,target_evaluation
DESI_DR1_SPARCL,56,2M00341966+5418283,142.94038857528227,1.0,True,selected,target_evaluation
DESI_DR1_SPARCL,57,2M00342333+5538500,79.90729821939496,1.0,True,selected,target_evaluation
DESI_DR1_SPARCL,58,2M00343672+5537154,77.39286724600876,1.0,True,selected,target_evaluation
DESI_DR1_SPARCL,59,2M00345343+5551111,113.70795262813886,1.0,True,selected,target_adaptation
DESI_DR1_SPARCL,60,2M00345964+5350285,166.23464970903504,1.0,True,selected,target_adaptation
DESI_DR1_SPARCL,61,2M00350768+5413335,170.3280785982195,1.0,True,selected,target_evaluation
DESI_DR1_SPARCL,62,2M00352060+5437421,151.46717115737758,1.0,True,selected,target_adaptation
DESI_DR1_SPARCL,63,2M00353154+5438436,134.6286149568615,1.0,True,selected,target_evaluation
DESI_DR1_SPARCL,64,2M00354331+5508320,84.91940226074675,1.0,True,selected,target_evaluation
DESI_DR1_SPARCL,65,2M00355822+5402496,112.13795024922925,1.0,True,selected,target_evaluation
DESI_DR1_SPARCL,66,2M00362721+5427231,228.0809128649038,1.0,True,selected,target_evaluation
DESI_DR1_SPARCL,67,2M00371537+5516407,98.86867337761022,1.0,True,selected,target_adaptation
DESI_DR1_SPARCL,68,2M00371950+5440298,70.38097570823005,1.0,True,selected,target_adaptation
DESI_DR1_SPARCL,69,2M01514241-0225559,75.88086495205485,1.0,True,selected,target_evaluation
DESI_DR1_SPARCL,70,2M01522089-0210039,46.09471247804346,1.0,True,selected,target_evaluation
DESI_DR1_SPARCL,71,2M01543076-0131140,99.00800524625778,1.0,True,selected,target_evaluation
DESI_DR1_SPARCL,72,2M03132513+0055450,40.444343022562755,1.0,True,selected,target_evaluation
DESI_DR1_SPARCL,73,2M03140322+0052116,57.194196830683396,0.9989333333333333,True,selected,target_evaluation
DESI_DR1_SPARCL,74,2M03140375+0108472,48.31053738307739,1.0,True,selected,target_evaluation
DESI_DR1_SPARCL,75,2M03140582+0106525,55.8667833409368,1.0,True,selected,target_evaluation
DESI_DR1_SPARCL,76,2M03143056+0031040,18.96939631991621,1.0,True,selected,target_adaptation
DESI_DR1_SPARCL,77,2M03145337+0044357,48.525296836666804,1.0,True,selected,target_evaluation
DESI_DR1_SPARCL,78,2M03151521-0001071,68.08812159365665,0.9989333333333333,True,selected,target_adaptation
DESI_DR1_SPARCL,79,2M03153760+0002184,58.320557026032404,1.0,True,selected,target_evaluation
DESI_DR1_SPARCL,80,2M03154075+0017519,99.75315661060004,0.9925333333333334,True,selected,target_adaptation
DESI_DR1_SPARCL,81,2M03160129+0016054,45.464911065752965,0.9957333333333334,True,selected,target_evaluation
DESI_DR1_SPARCL,82,2M03163982+0118176,68.93446979829329,0.9968,True,selected,target_evaluation
DESI_DR1_SPARCL,83,2M03165923+0001237,92.63157342278406,0.9968,True,selected,target_adaptation
DESI_DR1_SPARCL,84,2M03172105+0110368,50.23814385629563,1.0,True,selected,target_evaluation
DESI_DR1_SPARCL,85,2M03180356+0016285,70.9085315631775,1.0,True,selected,target_adaptation
DESI_DR1_SPARCL,86,2M03180471+0040517,103.62456829790169,0.9802666666666666,True,selected,target_adaptation
DESI_DR1_SPARCL,87,2M03180911-0019440,51.505818663744876,1.0,True,selected,target_evaluation
DESI_DR1_SPARCL,88,2M03181375+0105399,89.18942477755978,0.9925333333333334,True,selected,target_evaluation
DESI_DR1_SPARCL,89,2M03182935+0059338,92.8845307852655,0.9904,True,selected,target_evaluation
DESI_DR1_SPARCL,90,2M03183236-0008561,82.84441653332544,0.9909333333333333,True,selected,target_evaluation
DESI_DR1_SPARCL,91,2M03184752+0048223,51.71916714759055,0.9984,True,selected,target_adaptation
DESI_DR1_SPARCL,92,2M03190120-0010156,81.97181537513563,0.9914666666666667,True,selected,target_evaluation
DESI_DR1_SPARCL,93,2M03192561+8007431,104.71968641935075,0.9978666666666667,True,selected,target_adaptation
DESI_DR1_SPARCL,94,2M03195654+0001446,93.9236340152742,0.9989333333333333,True,selected,target_evaluation
DESI_DR1_SPARCL,95,2M03200177+0034251,95.45303890271794,0.9952,True,selected,target_adaptation
DESI_DR1_SPARCL,96,2M03201739+0037428,61.99259419675414,1.0,True,selected,target_adaptation
DESI_DR1_SPARCL,97,2M03203382-0002201,81.77794466655308,0.9952,True,selected,target_evaluation
DESI_DR1_SPARCL,98,2M03210508+0016171,47.55849862489348,1.0,True,selected,target_evaluation
DESI_DR1_SPARCL,99,2M03213905+0028218,87.81444553056862,0.9984,True,selected,target_evaluation
DESI_DR1_SPARCL,100,2M03221225+8019452,27.794839674475714,1.0,True,selected,target_evaluation
DESI_DR1_SPARCL,101,2M03223927+0041350,44.47921768378296,1.0,True,selected,target_evaluation
DESI_DR1_SPARCL,102,2M03251874+8058556,60.78019424885448,1.0,True,selected,target_evaluation
DESI_DR1_SPARCL,103,2M03253971+7958090,70.85093367101429,1.0,True,selected,target_evaluation
DESI_DR1_SPARCL,104,2M03254755+8025477,97.25951069599454,1.0,True,selected,target_evaluation
DESI_DR1_SPARCL,105,2M03280780+8049493,31.849807307631064,1.0,True,selected,target_adaptation
DESI_DR1_SPARCL,106,2M03290197+7952389,39.88181385281878,1.0,True,selected,target_adaptation
DESI_DR1_SPARCL,107,2M03301689+8053034,17.62598507185486,1.0,True,selected,target_evaluation
DESI_DR1_SPARCL,108,2M03305233+8030009,41.29025712109157,1.0,True,selected,target_evaluation
DESI_DR1_SPARCL,109,2M03310701+8055093,65.73561732043079,1.0,True,selected,target_evaluation
DESI_DR1_SPARCL,110,2M03332837+8027592,58.9630706181508,1.0,True,selected,target_evaluation
DESI_DR1_SPARCL,111,2M03342372+7956317,59.294088886439496,1.0,True,selected,target_evaluation
DESI_DR1_SPARCL,112,2M03345682+8016267,41.88333669723182,1.0,True,selected,target_evaluation
DESI_DR1_SPARCL,113,2M03354162+8055043,38.25829915220313,1.0,True,selected,target_adaptation
DESI_DR1_SPARCL,114,2M03382898+7947499,68.32340491349092,1.0,True,selected,target_adaptation
DESI_DR1_SPARCL,115,2M03394328+7926363,48.80652912191,1.0,True,selected,target_evaluation
DESI_DR1_SPARCL,116,2M03401288+7940456,40.874406889396404,1.0,True,selected,target_adaptation
DESI_DR1_SPARCL,117,2M03401921+8030401,106.49413581665824,1.0,True,selected,target_evaluation
DESI_DR1_SPARCL,118,2M03403362+8058478,63.70030269433631,1.0,True,selected,target_adaptation
DESI_DR1_SPARCL,119,2M03430646+8007367,27.69361513894367,1.0,True,selected,target_adaptation
DESI_DR1_SPARCL,120,2M03442280+8036504,40.642267544897486,1.0,True,selected,target_evaluation
DESI_DR1_SPARCL,121,2M03465623+8015585,82.24275489873793,0.9978666666666667,True,selected,target_evaluation
DESI_DR1_SPARCL,122,2M03494972+8011416,54.85868216378349,1.0,True,selected,target_adaptation
DESI_DR1_SPARCL,123,2M03503577+8020005,73.13030853968652,1.0,True,selected,target_evaluation
DESI_DR1_SPARCL,124,2M03531623+7936523,88.64994075058482,0.9989333333333333,True,selected,target_evaluation
DESI_DR1_SPARCL,125,2M03534085+8025561,64.63329491648649,1.0,True,selected,target_evaluation
DESI_DR1_SPARCL,126,2M03545566+7921582,105.68963263724638,0.9968,True,selected,target_adaptation
DESI_DR1_SPARCL,127,2M03563447+8014170,68.2985350101334,1.0,True,selected,target_evaluation
DESI_DR1_SPARCL,128,2M03565465+7917178,35.128185037707624,1.0,True,selected,target_evaluation
DESI_DR1_SPARCL,129,2M03573092+7949392,78.3616881725426,1.0,True,selected,target_evaluation
DESI_DR1_SPARCL,130,2M03573391+7952330,34.921577615666344,1.0,True,selected,target_evaluation
DESI_DR1_SPARCL,131,2M03582724+7959019,28.62666798513047,1.0,True,selected,target_adaptation
DESI_DR1_SPARCL,132,2M03584899+8008123,43.80491365592083,1.0,True,selected,target_adaptation
DESI_DR1_SPARCL,133,2M04002987+7908041,96.98409697399858,0.9989333333333333,True,selected,target_evaluation
DESI_DR1_SPARCL,134,2M04012433+7930488,84.06103191434862,1.0,True,selected,target_evaluation
DESI_DR1_SPARCL,135,2M04051926+7925339,99.54950579188075,0.9989333333333333,True,selected,target_evaluation
DESI_DR1_SPARCL,136,2M04053229+7933509,42.10305861803972,1.0,True,selected,target_evaluation
DESI_DR1_SPARCL,137,2M04085958+7948251,99.70103125365304,0.9952,True,selected,target_evaluation
DESI_DR1_SPARCL,138,2M06133894+3214122,38.25237359637466,1.0,True,selected,target_adaptation
DESI_DR1_SPARCL,139,2M06141878+3236570,37.677750684717545,1.0,True,selected,target_evaluation
DESI_DR1_SPARCL,140,2M06142816+3243383,20.98349850338052,0.9957333333333334,True,selected,target_adaptation
DESI_DR1_SPARCL,141,2M06144116+3217478,83.75993858872282,0.9824,True,selected,target_evaluation
DESI_DR1_SPARCL,142,2M06145452+3141347,56.24807989233528,1.0,True,selected,target_evaluation
DESI_DR1_SPARCL,143,2M06150248+3214255,32.49901469793881,1.0,True,selected,target_evaluation
DESI_DR1_SPARCL,144,2M06151376+3157149,42.23276670077449,1.0,True,selected,target_adaptation
DESI_DR1_SPARCL,145,2M06153307+3254537,31.77869278891008,1.0,True,selected,target_adaptation
DESI_DR1_SPARCL,146,2M06153403+3302399,49.56223336271521,0.9989333333333333,True,selected,target_evaluation
DESI_DR1_SPARCL,147,2M06154082+3301568,58.38504591762154,0.9984,True,selected,target_adaptation
DESI_DR1_SPARCL,148,2M06160272+3138446,79.94252340340662,0.9968,True,selected,target_evaluation
DESI_DR1_SPARCL,149,2M06162651+3157567,70.51209113446345,0.9978666666666667,True,selected,target_adaptation
DESI_DR1_SPARCL,150,2M06163269+3213159,59.092147614681586,1.0,True,selected,target_adaptation
DESI_DR1_SPARCL,151,2M06163975+3315117,59.06726004292934,0.9989333333333333,True,selected,target_evaluation
DESI_DR1_SPARCL,152,2M06170744+3132320,23.7873029450225,1.0,True,selected,target_evaluation
DESI_DR1_SPARCL,153,2M06172622+3243299,27.302554724268504,1.0,True,selected,target_evaluation
DESI_DR1_SPARCL,154,2M06174839+3237004,24.654197546553615,0.9984,True,selected,target_adaptation
DESI_DR1_SPARCL,155,2M06175022+3300303,43.99533677402331,1.0,True,selected,target_adaptation
DESI_DR1_SPARCL,156,2M06180189+3235439,17.48802031609985,1.0,True,selected,target_adaptation
DESI_DR1_SPARCL,157,2M06180753+3215207,81.9988732576972,0.9888,True,selected,target_adaptation
DESI_DR1_SPARCL,158,2M06182037+3215358,43.66561800154831,1.0,True,selected,target_evaluation
DESI_DR1_SPARCL,159,2M06183295+3310533,87.65041694696869,1.0,True,selected,target_evaluation
DESI_DR1_SPARCL,160,2M06183696+3245390,33.75725254339594,1.0,True,selected,target_evaluation
DESI_DR1_SPARCL,161,2M06191773+3313297,33.5481181833089,1.0,True,selected,target_evaluation
DESI_DR1_SPARCL,162,2M06191785+3241491,55.72091636859886,0.9973333333333333,True,selected,target_adaptation
DESI_DR1_SPARCL,163,2M06192069+3157583,39.119709606959944,1.0,True,selected,target_evaluation
DESI_DR1_SPARCL,164,2M06192458+3313369,25.065248956940692,1.0,True,selected,target_evaluation
DESI_DR1_SPARCL,165,2M06195528+3158391,40.16079115614373,1.0,True,selected,target_evaluation
DESI_DR1_SPARCL,166,2M06195954+3331013,32.365740969863545,1.0,True,selected,target_evaluation
DESI_DR1_SPARCL,167,2M06200819+3326104,102.59392477698397,0.9861333333333333,True,selected,target_adaptation
DESI_DR1_SPARCL,168,2M06201828+3142115,38.62422968806587,1.0,True,selected,target_adaptation
DESI_DR1_SPARCL,169,2M06202096+3235530,16.621565165515413,1.0,True,selected,target_evaluation
DESI_DR1_SPARCL,170,2M06203062+3219374,68.71918872201157,0.9984,True,selected,target_evaluation
DESI_DR1_SPARCL,171,2M06204892+3235402,47.55129943584459,1.0,True,selected,target_evaluation
DESI_DR1_SPARCL,172,2M06205421+3218253,67.43729957852788,1.0,True,selected,target_evaluation
DESI_DR1_SPARCL,173,2M06205538+3211467,29.632969903943746,1.0,True,selected,target_adaptation
DESI_DR1_SPARCL,174,2M06210261+3146575,61.930141077052305,0.9962666666666666,True,selected,target_evaluation
DESI_DR1_SPARCL,175,2M06210279+3300244,25.376707152934948,1.0,True,selected,target_evaluation
DESI_DR1_SPARCL,176,2M06220581+3240325,70.91264323615805,0.9989333333333333,True,selected,target_adaptation
DESI_DR1_SPARCL,177,2M06221809+3244280,65.08161557867997,1.0,True,selected,target_evaluation
DESI_DR1_SPARCL,178,2M06223026+3252522,81.5705996628874,1.0,True,selected,target_evaluation
DESI_DR1_SPARCL,179,2M06225554+3229011,35.75660917046245,1.0,True,selected,target_adaptation
DESI_DR1_SPARCL,180,2M06231744+3256468,90.20127037230458,0.9978666666666667,True,selected,target_adaptation
DESI_DR1_SPARCL,181,2M06242022+3307350,61.27543738635477,0.9978666666666667,True,selected,target_adaptation
DESI_DR1_SPARCL,182,2M06242985+3311485,41.07706984351185,1.0,True,selected,target_evaluation
DESI_DR1_SPARCL,183,2M06302531+3342046,85.65469060380407,1.0,True,selected,target_evaluation
DESI_DR1_SPARCL,184,2M06305675+3414052,80.49238055861449,1.0,True,selected,target_adaptation
DESI_DR1_SPARCL,185,2M06311848+3410439,103.36932220631728,1.0,True,selected,target_evaluation
DESI_DR1_SPARCL,186,2M06313652+3337493,92.67510343498742,1.0,True,selected,target_adaptation
DESI_DR1_SPARCL,187,2M06315090+3416119,104.5569199126169,1.0,True,selected,target_adaptation
DESI_DR1_SPARCL,188,2M06321190+3422369,90.32523096043363,1.0,True,selected,target_adaptation
DESI_DR1_SPARCL,189,2M06333377+3315047,62.71636557294329,1.0,True,selected,target_evaluation
DESI_DR1_SPARCL,190,2M06340182+3424271,73.53746836756206,1.0,True,selected,target_evaluation
DESI_DR1_SPARCL,191,2M06342736+3310319,86.08739602538894,1.0,True,selected,target_evaluation
DESI_DR1_SPARCL,192,2M06345653+3434212,71.74671230580792,1.0,True,selected,target_evaluation
DESI_DR1_SPARCL,193,2M06352976+3425482,101.12061777435679,1.0,True,selected,target_evaluation
DESI_DR1_SPARCL,194,2M06374251+3342167,71.38546424612763,1.0,True,selected,target_adaptation
DESI_DR1_SPARCL,195,2M06383955+3344405,102.30359028018395,1.0,True,selected,target_evaluation
DESI_DR1_SPARCL,196,2M06390637+3426295,104.1781342930341,1.0,True,selected,target_adaptation
DESI_DR1_SPARCL,197,2M06393143+3427127,123.43724410357682,1.0,True,selected,target_adaptation
DESI_DR1_SPARCL,198,2M06394668+3350236,96.07125596101243,1.0,True,selected,target_evaluation
DESI_DR1_SPARCL,199,2M06402681+3410127,88.87860041299476,1.0,True,selected,target_evaluation
DESI_DR1_SPARCL,200,2M06402724+3348156,83.37343225824009,1.0,True,selected,target_evaluation
DESI_DR1_SPARCL,201,2M06434460+2731287,82.52022480633636,0.9989333333333333,True,selected,target_evaluation
DESI_DR1_SPARCL,202,2M06440650+2805108,102.71382348141289,0.9861333333333333,True,selected,target_adaptation
DESI_DR1_SPARCL,203,2M06443170+2744127,81.85689174723966,0.9957333333333334,True,selected,target_evaluation
DESI_DR1_SPARCL,204,2M06445228+2841579,105.44505555973319,0.9962666666666666,True,selected,target_evaluation
DESI_DR1_SPARCL,205,2M06460527+2731449,71.33948578071073,0.9978666666666667,True,selected,target_adaptation
DESI_DR1_SPARCL,206,2M06461778+2839347,108.53140359922294,0.9877333333333334,True,selected,target_adaptation
DESI_DR1_SPARCL,207,2M06465113+2654409,89.59872689199112,0.9946666666666667,True,selected,target_evaluation
DESI_DR1_SPARCL,208,2M06472137+2814466,102.65991721436754,0.9973333333333333,True,selected,target_evaluation
DESI_DR1_SPARCL,209,2M06472839+2648367,105.99725009754287,0.9914666666666667,True,selected,target_evaluation
DESI_DR1_SPARCL,210,2M06473762+2757538,115.61284013853265,0.9824,True,selected,target_evaluation
DESI_DR1_SPARCL,211,2M06474268+2721123,93.4673304813745,1.0,True,selected,target_evaluation
DESI_DR1_SPARCL,212,2M06480924+2707288,66.24199484026464,0.9978666666666667,True,selected,target_evaluation
DESI_DR1_SPARCL,213,2M06483853+2654037,105.80952358131123,0.9882666666666666,True,selected,target_evaluation
DESI_DR1_SPARCL,214,2M06485558+2643162,103.72114296565157,0.9893333333333333,True,selected,target_evaluation
DESI_DR1_SPARCL,215,2M06493415+2659252,86.07784684332456,0.9957333333333334,True,selected,target_adaptation
DESI_DR1_SPARCL,216,2M06494666+2808490,108.09509758994288,0.992,True,selected,target_adaptation
DESI_DR1_SPARCL,217,2M06495274+2703465,102.54961848668873,0.9952,True,selected,target_evaluation
DESI_DR1_SPARCL,218,2M06503212+2740309,97.39371893824811,0.992,True,selected,target_evaluation
DESI_DR1_SPARCL,219,2M06504424+2658242,74.67044120830454,0.9984,True,selected,target_evaluation
DESI_DR1_SPARCL,220,2M06510804+2749063,112.35324590409473,0.9802666666666666,True,selected,target_adaptation
DESI_DR1_SPARCL,221,2M06521124+4428050,24.865337757549913,0.9973333333333333,True,selected,target_evaluation
DESI_DR1_SPARCL,222,2M07203307+0633040,108.80136568915611,0.9850666666666666,True,selected,target_adaptation
DESI_DR1_SPARCL,223,2M07405171+3712418,240.5794689243368,1.0,True,selected,target_evaluation
DESI_DR1_SPARCL,224,2M07440303+5200556,60.95839138307236,1.0,True,selected,target_evaluation
DESI_DR1_SPARCL,225,2M07440977+7804166,92.6904419111026,0.9946666666666667,True,selected,target_evaluation
DESI_DR1_SPARCL,226,2M08130590-1214585,80.4706355017249,1.0,True,selected,target_adaptation
DESI_DR1_SPARCL,227,2M08130667-1327363,103.86640912321067,1.0,True,selected,target_adaptation
DESI_DR1_SPARCL,228,2M08141156-1400535,109.73767795706453,1.0,True,selected,target_evaluation
DESI_DR1_SPARCL,229,2M08142881-1446494,85.3320360777835,1.0,True,selected,target_adaptation
DESI_DR1_SPARCL,230,2M08143263-1251186,60.88005963991165,1.0,True,selected,target_evaluation
DESI_DR1_SPARCL,231,2M08144006-1313238,74.96969059280887,1.0,True,selected,target_adaptation
DESI_DR1_SPARCL,232,2M08144288-1243491,108.53795896924134,1.0,True,selected,target_evaluation
DESI_DR1_SPARCL,233,2M08153229-1334328,73.87834940177032,1.0,True,selected,target_adaptation
DESI_DR1_SPARCL,234,2M08162612-1210524,64.46181820006527,1.0,True,selected,target_evaluation
DESI_DR1_SPARCL,235,2M08165885-1440194,77.376513669046,1.0,True,selected,target_adaptation
DESI_DR1_SPARCL,236,2M08170361-1310218,116.44065141478583,1.0,True,selected,target_adaptation
DESI_DR1_SPARCL,237,2M08170874+3252000,130.42354414708248,1.0,True,selected,target_evaluation
DESI_DR1_SPARCL,238,2M08171079-1243589,80.11303369461247,1.0,True,selected,target_evaluation
DESI_DR1_SPARCL,239,2M08174594-1343392,89.48844823845444,1.0,True,selected,target_adaptation
DESI_DR1_SPARCL,240,2M08175473-1301124,87.33762822089083,1.0,True,selected,target_adaptation
DESI_DR1_SPARCL,241,2M08175673-1408120,152.0351286812918,0.9968,True,selected,target_evaluation
DESI_DR1_SPARCL,242,2M08180915-1339168,74.199581448036,1.0,True,selected,target_evaluation
DESI_DR1_SPARCL,243,2M08191888-1346578,101.85344507083066,1.0,True,selected,target_evaluation
DESI_DR1_SPARCL,244,2M08195190-1332364,92.7941297844544,1.0,True,selected,target_evaluation
DESI_DR1_SPARCL,245,2M08195566-1344058,97.96231705961901,1.0,True,selected,target_adaptation
DESI_DR1_SPARCL,246,2M08211545-1419075,50.814304983411546,0.9914666666666667,True,selected,target_evaluation
DESI_DR1_SPARCL,247,2M08443053-1336408,101.63289575934246,1.0,True,selected,target_evaluation
DESI_DR1_SPARCL,248,2M08475903-1454052,102.38975276652606,0.9984,True,selected,target_evaluation
DESI_DR1_SPARCL,249,2M08482280-1428335,80.47478949586281,1.0,True,selected,target_adaptation
DESI_DR1_SPARCL,250,2M08484871-1432133,88.380046127604,1.0,True,selected,target_adaptation
DESI_DR1_SPARCL,251,2M08490889-1322129,116.80129896322045,1.0,True,selected,target_evaluation
DESI_DR1_SPARCL,252,2M08493832-1349559,68.75103695845479,1.0,True,selected,target_evaluation
DESI_DR1_SPARCL,253,2M08494222-1436502,89.93584420686032,1.0,True,selected,target_evaluation
DESI_DR1_SPARCL,254,2M08495402-1433093,83.28838839272638,1.0,True,selected,target_evaluation
DESI_DR1_SPARCL,255,2M08500790-1449448,73.47564761178413,1.0,True,selected,target_adaptation
DESI_DR1_SPARCL,256,2M08500827-1355519,90.17630595355698,1.0,True,selected,target_evaluation
DESI_DR1_SPARCL,257,2M08502058-1433070,85.99000438208402,1.0,True,selected,target_adaptation
DESI_DR1_SPARCL,258,2M08503039-1352260,114.98746258940531,1.0,True,selected,target_evaluation
DESI_DR1_SPARCL,259,2M08503389-1331321,84.28008211181455,1.0,True,selected,target_evaluation
DESI_DR1_SPARCL,260,2M08504501-1328469,70.87701105231037,1.0,True,selected,target_evaluation
DESI_DR1_SPARCL,261,2M08512260-1432382,97.8806178933991,0.9989333333333333,True,selected,target_evaluation
DESI_DR1_SPARCL,262,2M08512867-1327444,121.32001206724101,0.9989333333333333,True,selected,target_evaluation
DESI_DR1_SPARCL,263,2M08523280-1407395,97.87062332746662,1.0,True,selected,target_evaluation
DESI_DR1_SPARCL,264,2M09215019+2647420,48.585783487045276,1.0,True,selected,target_evaluation
DESI_DR1_SPARCL,265,2M09215595+2652534,75.15281193614722,0.9936,True,selected,target_evaluation
DESI_DR1_SPARCL,266,2M09224797+2752143,61.8477357154782,0.9968,True,selected,target_evaluation
DESI_DR1_SPARCL,267,2M09231618+2633455,82.1750400475436,0.9968,True,selected,target_adaptation
DESI_DR1_SPARCL,268,2M09232224+2659456,57.80594797539077,1.0,True,selected,target_evaluation
DESI_DR1_SPARCL,269,2M09245887+2737004,80.31084080260533,0.9834666666666667,True,selected,target_adaptation
DESI_DR1_SPARCL,270,2M09260059+2629333,49.10397199934577,0.9968,True,selected,target_evaluation
DESI_DR1_SPARCL,271,2M09262627+2616036,88.07179908780915,0.9909333333333333,True,selected,target_evaluation
DESI_DR1_SPARCL,272,2M10095022+0159202,79.94448660576745,0.9989333333333333,True,selected,target_adaptation
DESI_DR1_SPARCL,273,2M10102140+0147039,53.92330621463844,0.9989333333333333,True,selected,target_adaptation
DESI_DR1_SPARCL,274,2M10115919+0212104,87.49906744986338,0.9856,True,selected,target_evaluation
DESI_DR1_SPARCL,275,2M10121485+0142472,87.76477840083442,0.9925333333333334,True,selected,target_evaluation
DESI_DR1_SPARCL,276,2M10123289+0310284,93.1541765872437,1.0,True,selected,target_evaluation
DESI_DR1_SPARCL,277,2M10124371+0059582,73.59162124003497,0.9925333333333334,True,selected,target_adaptation
DESI_DR1_SPARCL,278,2M10125506+0126277,86.7978637076728,0.9952,True,selected,target_adaptation
DESI_DR1_SPARCL,279,2M10135002+0058301,97.66651644671872,0.9824,True,selected,target_evaluation
DESI_DR1_SPARCL,280,2M10135651+0121010,61.85762677869471,0.9962666666666666,True,selected,target_adaptation
DESI_DR1_SPARCL,281,2M10135746+0126534,55.93749199859016,0.9989333333333333,True,selected,target_evaluation
DESI_DR1_SPARCL,282,2M10141387+0053185,58.58108005956693,1.0,True,selected,target_evaluation
DESI_DR1_SPARCL,283,2M10153638+0308599,81.0607534312539,0.9984,True,selected,target_adaptation
DESI_DR1_SPARCL,284,2M10161821+0234586,93.95714994828872,0.984,True,selected,target_evaluation
DESI_DR1_SPARCL,285,2M10170389+0203015,83.15083305882709,0.9930666666666667,True,selected,target_adaptation
DESI_DR1_SPARCL,286,2M10173091+0043189,71.00029298413529,0.9989333333333333,True,selected,target_evaluation
DESI_DR1_SPARCL,287,2M10175877+0232471,81.54385754860836,0.9962666666666666,True,selected,target_adaptation
DESI_DR1_SPARCL,288,2M10190092+0100336,107.3574412975322,0.9968,True,selected,target_adaptation
DESI_DR1_SPARCL,289,2M10195171+0142005,81.12628273711093,0.9973333333333333,True,selected,target_evaluation
DESI_DR1_SPARCL,290,2M10200545+0243594,92.50006003375752,0.992,True,selected,target_evaluation
DESI_DR1_SPARCL,291,2M10291655+2855217,31.933022933108713,1.0,True,selected,target_evaluation
DESI_DR1_SPARCL,292,2M10293504+2857371,88.25283744543623,0.9978666666666667,True,selected,target_adaptation
DESI_DR1_SPARCL,293,2M10295131+3010515,90.97044187552368,0.9946666666666667,True,selected,target_evaluation
DESI_DR1_SPARCL,294,2M10314335+3034389,112.7154827859108,0.9749333333333333,True,selected,target_evaluation
DESI_DR1_SPARCL,295,2M10330027+3542032,56.21350220906179,1.0,True,selected,target_adaptation
DESI_DR1_SPARCL,296,2M10394722+3510586,66.75459785307955,1.0,True,selected,target_evaluation
DESI_DR1_SPARCL,297,2M10501003-0007523,24.880279792103437,1.0,True,selected,target_evaluation
DESI_DR1_SPARCL,298,2M10511032-0001427,102.35393466556391,0.9973333333333333,True,selected,target_evaluation
DESI_DR1_SPARCL,299,2M10514192-0009147,76.45697281838348,1.0,True,selected,target_evaluation
DESI_DR1_SPARCL,300,2M10532143-0017295,51.00643485964788,1.0,True,selected,target_evaluation
DESI_DR1_SPARCL,301,2M10532215-0000534,58.705454530401994,1.0,True,selected,target_evaluation
DESI_DR1_SPARCL,302,2M10534499+0008489,94.87609505583755,1.0,True,selected,target_evaluation
DESI_DR1_SPARCL,303,2M11010359-0519023,89.7692208024434,1.0,True,selected,target_evaluation
DESI_DR1_SPARCL,304,2M11011902-0530309,101.07678208746059,1.0,True,selected,target_adaptation
DESI_DR1_SPARCL,305,2M11012579-0628289,89.66145121485471,1.0,True,selected,target_adaptation
DESI_DR1_SPARCL,306,2M11014158-0541253,108.06127898180749,1.0,True,selected,target_evaluation
DESI_DR1_SPARCL,307,2M11023408-0602061,107.76231410008661,1.0,True,selected,target_adaptation
DESI_DR1_SPARCL,308,2M11024124-0601551,75.62928493980081,1.0,True,selected,target_evaluation
DESI_DR1_SPARCL,309,2M11024366-0544050,96.83826219136117,1.0,True,selected,target_adaptation
DESI_DR1_SPARCL,310,2M11024372-0615160,96.3335011761256,1.0,True,selected,target_adaptation
DESI_DR1_SPARCL,311,2M11025249-0531377,67.45464279344164,1.0,True,selected,target_evaluation
DESI_DR1_SPARCL,312,2M11030152-0628094,65.49978806197196,1.0,True,selected,target_evaluation
DESI_DR1_SPARCL,313,2M11032516-0639460,122.13317429937811,1.0,True,selected,target_evaluation
DESI_DR1_SPARCL,314,2M11032552+4849283,41.638394431385116,1.0,True,selected,target_evaluation
DESI_DR1_SPARCL,315,2M11033760-0606017,118.32699421335195,1.0,True,selected,target_adaptation
DESI_DR1_SPARCL,316,2M11033895-0655347,71.44637528894371,1.0,True,selected,target_evaluation
DESI_DR1_SPARCL,317,2M11034621-0627598,59.104752223981734,1.0,True,selected,target_evaluation
DESI_DR1_SPARCL,318,2M11035677-0630084,80.02717814661663,1.0,True,selected,target_evaluation
DESI_DR1_SPARCL,319,2M11035834-0643450,104.19312860294193,1.0,True,selected,target_adaptation
DESI_DR1_SPARCL,320,2M11040724-0643122,63.328439933323274,1.0,True,selected,target_evaluation
DESI_DR1_SPARCL,321,2M11041655-0508394,53.997674032105515,1.0,True,selected,target_evaluation
DESI_DR1_SPARCL,322,2M11042063-0513445,83.24276968936731,1.0,True,selected,target_evaluation
DESI_DR1_SPARCL,323,2M11043541-0613468,127.82145216091583,1.0,True,selected,target_evaluation
DESI_DR1_SPARCL,324,2M11043861-0602467,116.53507278384443,0.9989333333333333,True,selected,target_evaluation
DESI_DR1_SPARCL,325,2M11043970-0626287,87.80091881699704,1.0,True,selected,target_evaluation
DESI_DR1_SPARCL,326,2M11044265-0654125,60.81001918181521,1.0,True,selected,target_adaptation
DESI_DR1_SPARCL,327,2M11044813-0658453,111.89575798218691,1.0,True,selected,target_adaptation
DESI_DR1_SPARCL,328,2M11050999-1252160,139.59135315281247,1.0,True,selected,target_evaluation
DESI_DR1_SPARCL,329,2M11052509-0450051,87.14315532405735,1.0,True,selected,target_evaluation
DESI_DR1_SPARCL,330,2M11052653-0603424,80.39525902081549,1.0,True,selected,target_evaluation
DESI_DR1_SPARCL,331,2M11052868-0645008,54.170267841382696,1.0,True,selected,target_evaluation
DESI_DR1_SPARCL,332,2M11053016-1225308,133.70987137162456,1.0,True,selected,target_evaluation
DESI_DR1_SPARCL,333,2M11054588-0617189,117.97769988052002,1.0,True,selected,target_evaluation
DESI_DR1_SPARCL,334,2M11060702-1232310,69.27591419636595,0.9978666666666667,True,selected,target_adaptation
DESI_DR1_SPARCL,335,2M11071130-0523055,39.04341397061661,1.0,True,selected,target_evaluation
DESI_DR1_SPARCL,336,2M11072232-0516137,75.53790595539883,1.0,True,selected,target_adaptation
DESI_DR1_SPARCL,337,2M11072840-0449286,87.41273093696982,1.0,True,selected,target_evaluation
DESI_DR1_SPARCL,338,2M11073382-0456485,66.063395639394,1.0,True,selected,target_evaluation
DESI_DR1_SPARCL,339,2M11073491-0515004,65.81596634047915,1.0,True,selected,target_adaptation
DESI_DR1_SPARCL,340,2M11074228-1154228,115.88493683342527,1.0,True,selected,target_evaluation
DESI_DR1_SPARCL,341,2M11074431-0445452,73.13370352082697,1.0,True,selected,target_adaptation
DESI_DR1_SPARCL,342,2M11080399-1233042,116.66311635720483,1.0,True,selected,target_evaluation
DESI_DR1_SPARCL,343,2M11080750-0523502,100.13338088219464,0.9962666666666666,True,selected,target_evaluation
DESI_DR1_SPARCL,344,2M11082102-0534375,99.0115783807673,0.9978666666666667,True,selected,target_adaptation
DESI_DR1_SPARCL,345,2M11082486-1243222,60.125813924448806,1.0,True,selected,target_adaptation
DESI_DR1_SPARCL,346,2M11092840-1226552,90.0304535052324,1.0,True,selected,target_adaptation
DESI_DR1_SPARCL,347,2M11093430-0450383,62.361507273176315,1.0,True,selected,target_evaluation
DESI_DR1_SPARCL,348,2M11095687-1222508,159.1755222607391,1.0,True,selected,target_adaptation
DESI_DR1_SPARCL,349,2M11102255-1147098,92.86376782823669,1.0,True,selected,target_adaptation
DESI_DR1_SPARCL,350,2M11110150-0512380,98.22230414037472,0.9978666666666667,True,selected,target_evaluation
DESI_DR1_SPARCL,351,2M11130500-0113366,65.90651906947032,0.9989333333333333,True,selected,target_evaluation
DESI_DR1_SPARCL,352,2M11135428-0027143,85.67322530726621,0.9968,True,selected,target_evaluation
DESI_DR1_SPARCL,353,2M11144754+0000222,48.83803226613575,1.0,True,selected,target_evaluation
DESI_DR1_SPARCL,354,2M11150067-0033174,103.3778600547995,0.9888,True,selected,target_adaptation
DESI_DR1_SPARCL,355,2M11152668-0112145,96.38091239209834,0.9914666666666667,True,selected,target_evaluation
DESI_DR1_SPARCL,356,2M11160159-0020377,64.04435457142802,1.0,True,selected,target_adaptation
DESI_DR1_SPARCL,357,2M11160403-0018540,59.073010544182154,0.9984,True,selected,target_adaptation
DESI_DR1_SPARCL,358,2M11174213+5137065,33.917477093158844,1.0,True,selected,target_evaluation
DESI_DR1_SPARCL,359,2M11174913-0025081,74.36434518506098,0.9978666666666667,True,selected,target_evaluation
DESI_DR1_SPARCL,360,2M11180520-0123383,74.26042572113106,0.9978666666666667,True,selected,target_adaptation
DESI_DR1_SPARCL,361,2M11181227-0029159,84.27816754114306,1.0,True,selected,target_evaluation
DESI_DR1_SPARCL,362,2M11182251+5125022,69.07222227160902,0.9813333333333333,True,selected,target_evaluation
DESI_DR1_SPARCL,363,2M11183303-0018461,53.233422045695136,1.0,True,selected,target_adaptation
DESI_DR1_SPARCL,364,2M11185212+0030318,55.57811816904298,1.0,True,selected,target_evaluation
DESI_DR1_SPARCL,365,2M11185667-0142526,92.1880918364673,0.9856,True,selected,target_evaluation
DESI_DR1_SPARCL,366,2M11185824-0043197,49.31321698895031,1.0,True,selected,target_evaluation
DESI_DR1_SPARCL,367,2M11190826+0001361,64.10997339055928,0.9978666666666667,True,selected,target_adaptation
DESI_DR1_SPARCL,368,2M11191228-0042322,34.475425952911976,1.0,True,selected,target_evaluation
DESI_DR1_SPARCL,369,2M11192204-0012235,55.70986338439995,0.9984,True,selected,target_evaluation
DESI_DR1_SPARCL,370,2M11192813-0037117,82.71490734137416,0.9968,True,selected,target_evaluation
DESI_DR1_SPARCL,371,2M11192948-0123395,76.71303886667319,0.9936,True,selected,target_evaluation
DESI_DR1_SPARCL,372,2M11194692-0122413,99.5543099615063,0.9968,True,selected,target_evaluation
DESI_DR1_SPARCL,373,2M11195590-0104316,74.30783497100657,0.9909333333333333,True,selected,target_evaluation
DESI_DR1_SPARCL,374,2M11195870-0038214,55.221135664315504,1.0,True,selected,target_evaluation
DESI_DR1_SPARCL,375,2M11200506-0132355,57.22090688228682,1.0,True,selected,target_evaluation
DESI_DR1_SPARCL,376,2M11203283-0054312,97.86482001423984,0.9898666666666667,True,selected,target_evaluation
DESI_DR1_SPARCL,377,2M11211220+5217482,49.16572970026559,0.9989333333333333,True,selected,target_adaptation
DESI_DR1_SPARCL,378,2M11224990+5133306,51.688887986950995,0.984,True,selected,target_adaptation
DESI_DR1_SPARCL,379,2M11231423+5101401,38.497472667920825,1.0,True,selected,target_adaptation
DESI_DR1_SPARCL,380,2M11232773+5145345,44.382310665572476,0.9989333333333333,True,selected,target_evaluation
DESI_DR1_SPARCL,381,2M11235345+5223186,38.73780741887923,1.0,True,selected,target_evaluation
DESI_DR1_SPARCL,382,2M11240123+5212161,64.72169869811887,0.9632,True,selected,target_evaluation
DESI_DR1_SPARCL,383,2M11242609+5049317,46.303409583967806,0.9941333333333333,True,selected,target_evaluation
DESI_DR1_SPARCL,384,2M11255152+5220510,65.6677528151003,0.9850666666666666,True,selected,target_evaluation
DESI_DR1_SPARCL,385,2M11263778+5207439,52.51342334087496,0.9989333333333333,True,selected,target_evaluation
DESI_DR1_SPARCL,386,2M11271224+5123566,53.68144876900912,0.9845333333333334,True,selected,target_evaluation
DESI_DR1_SPARCL,387,2M11271402+0311454,66.66193440676005,1.0,True,selected,target_evaluation
DESI_DR1_SPARCL,388,2M11273291+5147597,40.391334102268985,1.0,True,selected,target_evaluation
DESI_DR1_SPARCL,389,2M11274776+0418518,68.61144799722618,1.0,True,selected,target_evaluation
DESI_DR1_SPARCL,390,2M11282541+0449129,65.33447454242507,1.0,True,selected,target_adaptation
DESI_DR1_SPARCL,391,2M11283815+5101126,56.77509786294826,0.9989333333333333,True,selected,target_evaluation
DESI_DR1_SPARCL,392,2M11284744+0331339,92.60295975131089,1.0,True,selected,target_evaluation
DESI_DR1_SPARCL,393,2M11284829+0336340,108.05196709821595,0.9978666666666667,True,selected,target_adaptation
DESI_DR1_SPARCL,394,2M11284870+5130066,52.06701546922025,0.9914666666666667,True,selected,target_evaluation
DESI_DR1_SPARCL,395,2M11284914+0329251,109.04927720772274,0.9989333333333333,True,selected,target_evaluation
DESI_DR1_SPARCL,396,2M11285511+0419185,101.5844218823774,1.0,True,selected,target_adaptation
DESI_DR1_SPARCL,397,2M11291511+0249405,98.79279910358373,1.0,True,selected,target_adaptation
DESI_DR1_SPARCL,398,2M11293291+0240201,126.3692872970937,0.9973333333333333,True,selected,target_evaluation
DESI_DR1_SPARCL,399,2M11293363+0311409,36.638468622936486,1.0,True,selected,target_evaluation
DESI_DR1_SPARCL,400,2M11294854+0317403,60.49846067168821,1.0,True,selected,target_evaluation
DESI_DR1_SPARCL,401,2M11295211+0254560,119.43203838931122,1.0,True,selected,target_evaluation
DESI_DR1_SPARCL,402,2M11300474+0304275,81.66075349422559,1.0,True,selected,target_evaluation
DESI_DR1_SPARCL,403,2M11305235+0447452,54.33106053746102,1.0,True,selected,target_evaluation
DESI_DR1_SPARCL,404,2M11313218+0343089,106.87765781174292,1.0,True,selected,target_evaluation
DESI_DR1_SPARCL,405,2M11313313+0339304,55.95111393786881,1.0,True,selected,target_adaptation
DESI_DR1_SPARCL,406,2M11314379+0407011,70.61439648463188,1.0,True,selected,target_adaptation
DESI_DR1_SPARCL,407,2M11314806+5206590,43.4492009211471,1.0,True,selected,target_evaluation
DESI_DR1_SPARCL,408,2M11315467+0431378,51.920442424235,1.0,True,selected,target_evaluation
DESI_DR1_SPARCL,409,2M11330839+0251010,67.09059435715211,1.0,True,selected,target_evaluation
DESI_DR1_SPARCL,410,2M11331492+0237591,92.95614443653848,0.9989333333333333,True,selected,target_adaptation
DESI_DR1_SPARCL,411,2M11331882+0404270,83.97678638493127,1.0,True,selected,target_evaluation
DESI_DR1_SPARCL,412,2M11340288+0330237,52.40152584413499,1.0,True,selected,target_evaluation
DESI_DR1_SPARCL,413,2M11340482+0515573,87.6747772910645,1.0,True,selected,target_evaluation
DESI_DR1_SPARCL,414,2M11342104+0325239,110.89024704838705,0.9989333333333333,True,selected,target_adaptation
DESI_DR1_SPARCL,415,2M11343561+0359149,84.90374412745952,1.0,True,selected,target_adaptation
DESI_DR1_SPARCL,416,2M11344377+0350593,60.98790280777444,1.0,True,selected,target_evaluation
DESI_DR1_SPARCL,417,2M11345895+0441059,73.58318756834842,1.0,True,selected,target_evaluation
DESI_DR1_SPARCL,418,2M11351908+0433437,107.071765470433,1.0,True,selected,target_evaluation
DESI_DR1_SPARCL,419,2M11352236+0426181,49.50679929768727,1.0,True,selected,target_evaluation
DESI_DR1_SPARCL,420,2M11353481+0308193,80.80639905627321,1.0,True,selected,target_evaluation
DESI_DR1_SPARCL,421,2M11354580+0402249,57.412733219837435,1.0,True,selected,target_adaptation
DESI_DR1_SPARCL,422,2M11355900+0329480,69.97738548272609,1.0,True,selected,target_adaptation
DESI_DR1_SPARCL,423,2M11360378+0430288,54.3359876263753,1.0,True,selected,target_evaluation
DESI_DR1_SPARCL,424,2M11364302+0430104,76.70869430537554,1.0,True,selected,target_adaptation
DESI_DR1_SPARCL,425,2M11395125-1411417,81.04985071326014,1.0,True,selected,target_adaptation
DESI_DR1_SPARCL,426,2M11404862-1400112,126.6764034470865,1.0,True,selected,target_evaluation
DESI_DR1_SPARCL,427,2M11410962-1412197,99.89084934080468,1.0,True,selected,target_evaluation
DESI_DR1_SPARCL,428,2M11411036-1358286,101.44850777977584,1.0,True,selected,target_evaluation
DESI_DR1_SPARCL,429,2M11414935-1403222,60.56470836496285,1.0,True,selected,target_evaluation
DESI_DR1_SPARCL,430,2M11415875-1436410,68.7301292190751,1.0,True,selected,target_evaluation
DESI_DR1_SPARCL,431,2M11421597+5536004,120.77513654386007,0.9877333333333334,True,selected,target_evaluation
DESI_DR1_SPARCL,432,2M11422215+0033565,76.96288322473862,0.9968,True,selected,target_evaluation
DESI_DR1_SPARCL,433,2M11422447-1424054,74.7192321257496,1.0,True,selected,target_adaptation
DESI_DR1_SPARCL,434,2M11423325-1404573,102.16562998380262,1.0,True,selected,target_adaptation
DESI_DR1_SPARCL,435,2M11424248+0045422,148.31976469013802,0.976,True,selected,target_evaluation
DESI_DR1_SPARCL,436,2M11424626+0100137,124.69944968268946,0.9733333333333334,True,selected,target_evaluation
DESI_DR1_SPARCL,437,2M11430214+0049042,62.95355664906414,1.0,True,selected,target_adaptation
DESI_DR1_SPARCL,438,2M11430339-1338578,76.77137390722544,1.0,True,selected,target_adaptation
DESI_DR1_SPARCL,439,2M11432121-1354578,93.31516672527816,1.0,True,selected,target_evaluation
DESI_DR1_SPARCL,440,2M11433432+0159363,134.9904810740681,0.9872,True,selected,target_evaluation
DESI_DR1_SPARCL,441,2M11440441+0124204,90.33955177906597,0.9952,True,selected,target_adaptation
DESI_DR1_SPARCL,442,2M11440447+0035379,46.63865643600022,1.0,True,selected,target_adaptation
DESI_DR1_SPARCL,443,2M11440670+0031590,51.92076560961078,0.9984,True,selected,target_adaptation
DESI_DR1_SPARCL,444,2M11441318+0213466,48.09654600894632,1.0,True,selected,target_evaluation
DESI_DR1_SPARCL,445,2M11443736-1336455,105.29797302297166,1.0,True,selected,target_evaluation
DESI_DR1_SPARCL,446,2M11444539+5601203,64.55278955061667,1.0,True,selected,target_evaluation
DESI_DR1_SPARCL,447,2M11450411-1131009,108.19402153433738,1.0,True,selected,target_adaptation
DESI_DR1_SPARCL,448,2M11453456-1203331,66.81731249547394,1.0,True,selected,target_evaluation
DESI_DR1_SPARCL,449,2M11453918-1057262,61.090724261900036,1.0,True,selected,target_adaptation
DESI_DR1_SPARCL,450,2M11453936-1103319,107.5754196441129,1.0,True,selected,target_adaptation
DESI_DR1_SPARCL,451,2M11454354+5424023,99.31272314107896,0.9834666666666667,True,selected,target_evaluation
DESI_DR1_SPARCL,452,2M11455224+0211001,94.19018461057254,0.9962666666666666,True,selected,target_evaluation
DESI_DR1_SPARCL,453,2M11455872+5525239,121.53894159632614,0.9962666666666666,True,selected,target_evaluation
DESI_DR1_SPARCL,454,2M11455981-1128499,74.66327088713672,1.0,True,selected,target_evaluation
DESI_DR1_SPARCL,455,2M11460693+0144523,65.31007379779994,1.0,True,selected,target_evaluation
DESI_DR1_SPARCL,456,2M11461657+5451092,82.54164365688652,0.9978666666666667,True,selected,target_evaluation
DESI_DR1_SPARCL,457,2M11463511-0128292,65.73853269794294,1.0,True,selected,target_evaluation
DESI_DR1_SPARCL,458,2M11463905-1038516,124.86693250387023,1.0,True,selected,target_evaluation
DESI_DR1_SPARCL,459,2M11464111-0112394,28.790705604090746,1.0,True,selected,target_evaluation
DESI_DR1_SPARCL,460,2M11465701-0056252,47.03790370966649,1.0,True,selected,target_evaluation
DESI_DR1_SPARCL,461,2M11470309+0029022,124.46634192641609,1.0,True,selected,target_adaptation
DESI_DR1_SPARCL,462,2M11470461-0046040,50.397690604252055,0.9978666666666667,True,selected,target_evaluation
DESI_DR1_SPARCL,463,2M11470603+0220523,61.208366071455,1.0,True,selected,target_adaptation
DESI_DR1_SPARCL,464,2M11471344-0114206,41.49186927238216,1.0,True,selected,target_evaluation
DESI_DR1_SPARCL,465,2M11471706-1148529,90.18756842627297,1.0,True,selected,target_evaluation
DESI_DR1_SPARCL,466,2M11472516-1408076,81.30109353344966,1.0,True,selected,target_adaptation
DESI_DR1_SPARCL,467,2M11472591+0031283,88.05298670781325,1.0,True,selected,target_evaluation
DESI_DR1_SPARCL,468,2M11472999-1041572,82.64029374891952,1.0,True,selected,target_evaluation
DESI_DR1_SPARCL,469,2M11474905+0036427,62.45008759751777,0.9925333333333334,True,selected,target_evaluation
DESI_DR1_SPARCL,470,2M11474948+0051345,51.12250060217626,1.0,True,selected,target_evaluation
DESI_DR1_SPARCL,471,2M11475071-1107330,64.46029637562549,1.0,True,selected,target_evaluation
DESI_DR1_SPARCL,472,2M11475223-1409080,66.20610400532594,1.0,True,selected,target_evaluation
DESI_DR1_SPARCL,473,2M11475639+0223441,43.02671967072837,1.0,True,selected,target_evaluation
DESI_DR1_SPARCL,474,2M11480172-1451161,60.333678942483985,1.0,True,selected,target_evaluation
DESI_DR1_SPARCL,475,2M11480236-1030083,50.31360189471519,1.0,True,selected,target_evaluation
DESI_DR1_SPARCL,476,2M11480246-1020338,106.97267058573492,1.0,True,selected,target_adaptation
DESI_DR1_SPARCL,477,2M11480373+0034309,60.31243856121278,1.0,True,selected,target_adaptation
DESI_DR1_SPARCL,478,2M11480442-1211044,121.16549251329548,1.0,True,selected,target_evaluation
DESI_DR1_SPARCL,479,2M11480774+5506389,96.85271382483269,0.9978666666666667,True,selected,target_evaluation
DESI_DR1_SPARCL,480,2M11480818+0013419,72.72029591755073,1.0,True,selected,target_adaptation
DESI_DR1_SPARCL,481,2M11480847-1507314,95.20273566046507,1.0,True,selected,target_evaluation
DESI_DR1_SPARCL,482,2M11481581-1051184,107.55449677621408,1.0,True,selected,target_evaluation
DESI_DR1_SPARCL,483,2M11482142+0012498,109.29129236963175,1.0,True,selected,target_evaluation
DESI_DR1_SPARCL,484,2M11482462+0226295,131.84322251902918,0.9690666666666666,True,selected,target_evaluation
DESI_DR1_SPARCL,485,2M11482506-1020203,122.56045523612718,1.0,True,selected,target_evaluation
DESI_DR1_SPARCL,486,2M11482634+0011149,110.04411218194038,1.0,True,selected,target_evaluation
DESI_DR1_SPARCL,487,2M11482702-1221462,112.58396135224915,1.0,True,selected,target_evaluation
DESI_DR1_SPARCL,488,2M11482971+0213516,95.63400842866605,0.9978666666666667,True,selected,target_evaluation
DESI_DR1_SPARCL,489,2M11483229-1127103,70.86961806861186,1.0,True,selected,target_evaluation
DESI_DR1_SPARCL,490,2M11483510+0106313,130.0891075283066,0.9984,True,selected,target_adaptation
DESI_DR1_SPARCL,491,2M11483586-1055079,82.91472598094397,1.0,True,selected,target_evaluation
DESI_DR1_SPARCL,492,2M11483902+0052331,64.27550570478773,1.0,True,selected,target_adaptation
DESI_DR1_SPARCL,493,2M11484033-1219443,67.10587732367613,1.0,True,selected,target_evaluation
DESI_DR1_SPARCL,494,2M11484471-1101250,85.50827708570542,1.0,True,selected,target_adaptation
DESI_DR1_SPARCL,495,2M11484614-1011023,82.71906308107906,1.0,True,selected,target_evaluation
DESI_DR1_SPARCL,496,2M11484648+0037009,138.6136114268944,0.9989333333333333,True,selected,target_evaluation
DESI_DR1_SPARCL,497,2M11485218+5556256,90.43873694844136,1.0,True,selected,target_adaptation
DESI_DR1_SPARCL,498,2M11485308-1035084,143.12097569804774,0.9957333333333334,True,selected,target_evaluation
DESI_DR1_SPARCL,499,2M11485360-1011567,88.40175638989248,1.0,True,selected,target_evaluation
DESI_DR1_SPARCL,500,2M11485740-1243409,105.44639755105455,1.0,True,selected,target_evaluation
DESI_DR1_SPARCL,501,2M11490114+5420187,110.04513676375956,0.9957333333333334,True,selected,target_adaptation
DESI_DR1_SPARCL,502,2M11490156-1139113,57.28025016643815,1.0,True,selected,target_evaluation
DESI_DR1_SPARCL,503,2M11490227-0208108,47.68777593088703,1.0,True,selected,target_adaptation
DESI_DR1_SPARCL,504,2M11490873-1154398,80.12644593458475,1.0,True,selected,target_evaluation
DESI_DR1_SPARCL,505,2M11491050-1409535,67.34355093414175,1.0,True,selected,target_evaluation
DESI_DR1_SPARCL,506,2M11491252+1901002,72.26411170149333,0.9984,True,selected,target_adaptation
DESI_DR1_SPARCL,507,2M11491417-1121352,85.68900212458954,1.0,True,selected,target_evaluation
DESI_DR1_SPARCL,508,2M11491574-1134584,123.97157177995446,0.9989333333333333,True,selected,target_evaluation
DESI_DR1_SPARCL,509,2M11493902-0155228,53.161968362943355,0.9989333333333333,True,selected,target_evaluation
DESI_DR1_SPARCL,510,2M11494005+5503558,116.32267406130376,0.9872,True,selected,target_evaluation
DESI_DR1_SPARCL,511,2M11494229+0127177,90.81324099524686,1.0,True,selected,target_adaptation
DESI_DR1_SPARCL,512,2M11494402-1201309,124.5357229834976,1.0,True,selected,target_adaptation
DESI_DR1_SPARCL,513,2M11494445-1120563,81.4644081948196,1.0,True,selected,target_evaluation
DESI_DR1_SPARCL,514,2M11501459-1403364,92.72395948268135,1.0,True,selected,target_adaptation
DESI_DR1_SPARCL,515,2M11501867-1037393,107.15525331596002,1.0,True,selected,target_adaptation
DESI_DR1_SPARCL,516,2M11502026-1159429,75.21822313669884,1.0,True,selected,target_adaptation
DESI_DR1_SPARCL,517,2M11502160+0008402,75.76576892813398,1.0,True,selected,target_evaluation
DESI_DR1_SPARCL,518,2M11502301-1148594,96.81600021944462,1.0,True,selected,target_evaluation
DESI_DR1_SPARCL,519,2M11502592+1903483,104.63355686439716,0.9946666666666667,True,selected,target_adaptation
DESI_DR1_SPARCL,520,2M11502912+0034317,80.66826698816571,1.0,True,selected,target_adaptation
DESI_DR1_SPARCL,521,2M11503103+0113148,116.620963512759,1.0,True,selected,target_evaluation
DESI_DR1_SPARCL,522,2M11503766-1246399,55.00867534884013,1.0,True,selected,target_evaluation
DESI_DR1_SPARCL,523,2M11503782+1853556,77.91722654657717,0.9968,True,selected,target_evaluation
DESI_DR1_SPARCL,524,2M11503841+0142288,62.690724665611214,1.0,True,selected,target_evaluation
DESI_DR1_SPARCL,525,2M11503952+1838560,104.63788092806669,0.9968,True,selected,target_evaluation
DESI_DR1_SPARCL,526,2M11504005-0002099,64.37906231681382,1.0,True,selected,target_evaluation
DESI_DR1_SPARCL,527,2M11504156-1033359,72.67304583828161,1.0,True,selected,target_evaluation
DESI_DR1_SPARCL,528,2M11505188-0157243,49.31766149343819,0.9984,True,selected,target_evaluation
DESI_DR1_SPARCL,529,2M11505716-1226503,85.02750891655968,1.0,True,selected,target_evaluation
DESI_DR1_SPARCL,530,2M11505828-1027201,126.03052952481836,1.0,True,selected,target_evaluation
DESI_DR1_SPARCL,531,2M11510490+1912301,51.94571548616148,1.0,True,selected,target_evaluation
DESI_DR1_SPARCL,532,2M11510756-1155183,125.18203661269716,1.0,True,selected,target_evaluation
DESI_DR1_SPARCL,533,2M11510883+5629053,116.01119318193399,0.9882666666666666,True,selected,target_evaluation
DESI_DR1_SPARCL,534,2M11511215-1230351,69.74655402873982,1.0,True,selected,target_adaptation
DESI_DR1_SPARCL,535,2M11512088-1152261,64.08234537707904,1.0,True,selected,target_evaluation
DESI_DR1_SPARCL,536,2M11512192-1055489,122.1631143977511,1.0,True,selected,target_evaluation
DESI_DR1_SPARCL,537,2M11512380+0033387,54.39277010161358,1.0,True,selected,target_evaluation
DESI_DR1_SPARCL,538,2M11514451+0008192,101.52350391489604,1.0,True,selected,target_evaluation
DESI_DR1_SPARCL,539,2M11514597+0029348,76.87396124138814,1.0,True,selected,target_adaptation
DESI_DR1_SPARCL,540,2M11514741-1115442,85.81252292057238,1.0,True,selected,target_evaluation
DESI_DR1_SPARCL,541,2M11514815+0021462,76.98987294637949,1.0,True,selected,target_evaluation
DESI_DR1_SPARCL,542,2M11514850+5559108,131.2399833275109,0.9786666666666667,True,selected,target_evaluation
DESI_DR1_SPARCL,543,2M11515832-1117163,47.67732708876256,1.0,True,selected,target_evaluation
DESI_DR1_SPARCL,544,2M11515878-0028178,80.49717186181823,1.0,True,selected,target_evaluation
DESI_DR1_SPARCL,545,2M11520039-1126396,126.99338826077451,1.0,True,selected,target_evaluation
DESI_DR1_SPARCL,546,2M11520544+1841593,115.9140443570777,0.9893333333333333,True,selected,target_evaluation
DESI_DR1_SPARCL,547,2M11520689-0112074,56.599960567380194,1.0,True,selected,target_evaluation
DESI_DR1_SPARCL,548,2M11521085-1118281,117.22776503872555,0.9984,True,selected,target_evaluation
DESI_DR1_SPARCL,549,2M11522013+1834541,126.02053700095891,0.9850666666666666,True,selected,target_evaluation
DESI_DR1_SPARCL,550,2M11522639+1838091,77.64256114776275,1.0,True,selected,target_evaluation
DESI_DR1_SPARCL,551,2M11522782-1248437,48.852070029289706,1.0,True,selected,target_evaluation
DESI_DR1_SPARCL,552,2M11522802+5605545,82.62254416330217,1.0,True,selected,target_adaptation
DESI_DR1_SPARCL,553,2M11523314-1021245,101.87646112320994,1.0,True,selected,target_adaptation
DESI_DR1_SPARCL,554,2M11523970+1903001,126.73055782364443,1.0,True,selected,target_evaluation
DESI_DR1_SPARCL,555,2M11524274-1106553,78.11026860311998,1.0,True,selected,target_evaluation
DESI_DR1_SPARCL,556,2M11530271+0043036,123.12900954991701,1.0,True,selected,target_evaluation
DESI_DR1_SPARCL,557,2M11530688+5527048,128.61394996328275,0.984,True,selected,target_evaluation
DESI_DR1_SPARCL,558,2M11531593+0136002,121.28648369787976,0.9984,True,selected,target_evaluation
DESI_DR1_SPARCL,559,2M11532204-0100472,102.96102779004903,1.0,True,selected,target_evaluation
DESI_DR1_SPARCL,560,2M11533640+1853564,72.63425557767526,1.0,True,selected,target_evaluation
DESI_DR1_SPARCL,561,2M11533667+5501341,114.49851332467982,0.9861333333333333,True,selected,target_evaluation
DESI_DR1_SPARCL,562,2M11533721-1248412,85.27894569611755,1.0,True,selected,target_adaptation
DESI_DR1_SPARCL,563,2M11534167+5442597,105.8712132053338,1.0,True,selected,target_evaluation
DESI_DR1_SPARCL,564,2M11540638+1807491,127.64191249016294,0.9904,True,selected,target_evaluation
DESI_DR1_SPARCL,565,2M11543400-1237379,100.0461256635842,0.9984,True,selected,target_adaptation
DESI_DR1_SPARCL,566,2M11544222-1116069,128.64858233828932,1.0,True,selected,target_adaptation
DESI_DR1_SPARCL,567,2M11544921-1153158,76.5002282488633,1.0,True,selected,target_adaptation
DESI_DR1_SPARCL,568,2M11545809-1119454,91.6371349874867,1.0,True,selected,target_evaluation
DESI_DR1_SPARCL,569,2M11551240+5442327,91.08090715337741,0.9930666666666667,True,selected,target_adaptation
DESI_DR1_SPARCL,570,2M11551371-1129136,105.07056307186677,1.0,True,selected,target_adaptation
DESI_DR1_SPARCL,571,2M11555895-1143433,71.71944580655838,1.0,True,selected,target_evaluation
DESI_DR1_SPARCL,572,2M11555961-1156162,110.77498388898258,0.9989333333333333,True,selected,target_evaluation
DESI_DR1_SPARCL,573,2M11561316-1141325,57.02074397957968,1.0,True,selected,target_evaluation
DESI_DR1_SPARCL,574,2M11561757-1127585,72.27827688376121,1.0,True,selected,target_evaluation
DESI_DR1_SPARCL,575,2M11561960-1142125,78.09923663322569,1.0,True,selected,target_evaluation
DESI_DR1_SPARCL,576,2M11564263+5515038,87.68333724751841,0.9962666666666666,True,selected,target_adaptation
DESI_DR1_SPARCL,577,2M11564513-1151432,74.97478697557949,1.0,True,selected,target_evaluation
DESI_DR1_SPARCL,578,2M11573472+5354574,112.69184311599565,0.9834666666666667,True,selected,target_adaptation
DESI_DR1_SPARCL,579,2M11574107+5437018,139.2026584477303,0.9797333333333333,True,selected,target_evaluation
DESI_DR1_SPARCL,580,2M11574666+5559464,124.01680012084734,0.9877333333333334,True,selected,target_evaluation
DESI_DR1_SPARCL,581,2M11581366+5407325,78.93145925129986,0.9989333333333333,True,selected,target_evaluation
DESI_DR1_SPARCL,582,2M12011062-0104156,79.07864911369077,1.0,True,selected,target_evaluation
DESI_DR1_SPARCL,583,2M12011863-0009552,68.26424851093772,1.0,True,selected,target_adaptation
DESI_DR1_SPARCL,584,2M12020268-1551257,122.90677066446206,1.0,True,selected,target_evaluation
DESI_DR1_SPARCL,585,2M12023467-0115335,99.22145959298614,0.9946666666666667,True,selected,target_evaluation
DESI_DR1_SPARCL,586,2M12025209-0119318,67.25605575497273,1.0,True,selected,target_adaptation
DESI_DR1_SPARCL,587,2M12033496-0138124,95.48245169783293,0.992,True,selected,target_evaluation
DESI_DR1_SPARCL,588,2M12035412-0057232,83.4546552154452,0.9984,True,selected,target_adaptation
DESI_DR1_SPARCL,589,2M12040305-0007524,77.83820365688389,1.0,True,selected,target_evaluation
DESI_DR1_SPARCL,590,2M12043562-0031202,80.73414325299694,0.9978666666666667,True,selected,target_adaptation
DESI_DR1_SPARCL,591,2M12043873-0003344,67.01035969352112,0.9978666666666667,True,selected,target_evaluation
DESI_DR1_SPARCL,592,2M12052482-0102339,104.97623586650127,0.9941333333333333,True,selected,target_evaluation
DESI_DR1_SPARCL,593,2M12054427-0120515,65.63668051656292,0.9968,True,selected,target_adaptation
DESI_DR1_SPARCL,594,2M12062091-0147244,47.22603680091261,1.0,True,selected,target_evaluation
DESI_DR1_SPARCL,595,2M12072734-0102048,49.48360778676071,1.0,True,selected,target_adaptation
DESI_DR1_SPARCL,596,2M12075497-0138071,58.82563042980046,0.9989333333333333,True,selected,target_evaluation
DESI_DR1_SPARCL,597,2M12075560+0534319,84.72752934180183,0.9978666666666667,True,selected,target_evaluation
DESI_DR1_SPARCL,598,2M12075721+0528372,117.56711765486,0.9941333333333333,True,selected,target_evaluation
DESI_DR1_SPARCL,599,2M12081634+0007485,80.10944935831091,0.9936,True,selected,target_evaluation
DESI_DR1_SPARCL,600,2M12085099+0510103,58.738476432758524,1.0,True,selected,target_adaptation
DESI_DR1_SPARCL,601,2M12091049-0157051,52.119341560162056,1.0,True,selected,target_adaptation
DESI_DR1_SPARCL,602,2M12092632-0122080,100.28640797500655,0.9893333333333333,True,selected,target_evaluation
DESI_DR1_SPARCL,603,2M12093647-0156057,57.18950091046623,1.0,True,selected,target_evaluation
DESI_DR1_SPARCL,604,2M12094466-0039102,97.30775385049448,0.9850666666666666,True,selected,target_evaluation
DESI_DR1_SPARCL,605,2M12094722-0024309,76.20294839910781,0.9968,True,selected,target_evaluation
DESI_DR1_SPARCL,606,2M12094725-0015329,39.39051853787042,0.9978666666666667,True,selected,target_adaptation
DESI_DR1_SPARCL,607,2M12094848+0500194,67.10329724211256,1.0,True,selected,target_evaluation
DESI_DR1_SPARCL,608,2M12100079+0417482,48.43225457013374,1.0,True,selected,target_evaluation
DESI_DR1_SPARCL,609,2M12101143+0459078,76.81593915153442,0.9978666666666667,True,selected,target_evaluation
DESI_DR1_SPARCL,610,2M12101891+0549520,59.788031399916804,1.0,True,selected,target_evaluation
DESI_DR1_SPARCL,611,2M12103216-0105240,87.89679962504009,0.9968,True,selected,target_adaptation
DESI_DR1_SPARCL,612,2M12103859+3920296,141.4268909823877,0.9834666666666667,True,selected,target_evaluation
DESI_DR1_SPARCL,613,2M12105124+0433483,58.88283729451082,0.9978666666666667,True,selected,target_adaptation
DESI_DR1_SPARCL,614,2M12105320+0621461,81.41433787182942,0.9989333333333333,True,selected,target_evaluation
DESI_DR1_SPARCL,615,2M12105450+0448485,69.86269023657785,0.9968,True,selected,target_evaluation
DESI_DR1_SPARCL,616,2M12110400-0025023,68.56107300124903,0.9968,True,selected,target_evaluation
DESI_DR1_SPARCL,617,2M12110526-0004453,105.45701158251471,0.9829333333333333,True,selected,target_adaptation
DESI_DR1_SPARCL,618,2M12110551+0616037,93.64521300211176,1.0,True,selected,target_evaluation
DESI_DR1_SPARCL,619,2M12111667+0359518,79.20446423205638,0.9909333333333333,True,selected,target_adaptation
DESI_DR1_SPARCL,620,2M12113266+0428014,86.81223022755805,0.9989333333333333,True,selected,target_adaptation
DESI_DR1_SPARCL,621,2M12114840+0529275,72.02885848279286,0.9973333333333333,True,selected,target_adaptation
DESI_DR1_SPARCL,622,2M12115673-0044006,54.2493739937647,0.9978666666666667,True,selected,target_evaluation
DESI_DR1_SPARCL,623,2M12120426+0458316,42.46618090525296,1.0,True,selected,target_evaluation
DESI_DR1_SPARCL,624,2M12120618+0558557,92.67630451677007,0.9893333333333333,True,selected,target_evaluation
DESI_DR1_SPARCL,625,2M12120904-0053213,92.65784850576753,0.9946666666666667,True,selected,target_adaptation
DESI_DR1_SPARCL,626,2M12123903+0548400,89.79822251453737,0.9930666666666667,True,selected,target_evaluation
DESI_DR1_SPARCL,627,2M12124919+0416315,26.644267907855095,1.0,True,selected,target_adaptation
DESI_DR1_SPARCL,628,2M12130616+0555266,46.90741669589871,0.9984,True,selected,target_adaptation
DESI_DR1_SPARCL,629,2M12133108+0404407,70.63399445773578,0.9984,True,selected,target_adaptation
DESI_DR1_SPARCL,630,2M12134983+3923285,92.34831238592204,1.0,True,selected,target_evaluation
DESI_DR1_SPARCL,631,2M12135083+0553345,60.479573860594066,1.0,True,selected,target_evaluation
DESI_DR1_SPARCL,632,2M12143530+0447376,57.28967295701585,0.9968,True,selected,target_evaluation
DESI_DR1_SPARCL,633,2M12144768+0622480,52.12706326002857,0.9984,True,selected,target_adaptation
DESI_DR1_SPARCL,634,2M12150835+0415404,55.24677816673648,1.0,True,selected,target_evaluation
DESI_DR1_SPARCL,635,2M12151202+5710072,109.6470159739942,0.9962666666666666,True,selected,target_evaluation
DESI_DR1_SPARCL,636,2M12152145+0426100,64.92918860107781,1.0,True,selected,target_adaptation
DESI_DR1_SPARCL,637,2M12153238+0510202,97.42853210736068,0.9904,True,selected,target_evaluation
DESI_DR1_SPARCL,638,2M12161002+0516215,63.57238133289791,1.0,True,selected,target_adaptation
DESI_DR1_SPARCL,639,2M12162682+0450159,63.037228725010536,1.0,True,selected,target_evaluation
DESI_DR1_SPARCL,640,2M12163840+0457502,45.69459966852226,1.0,True,selected,target_evaluation
DESI_DR1_SPARCL,641,2M12164549+0552567,54.14751146368147,1.0,True,selected,target_evaluation
DESI_DR1_SPARCL,642,2M12165862+5738237,96.13024039289266,0.9989333333333333,True,selected,target_evaluation
DESI_DR1_SPARCL,643,2M12171215+0018103,104.31527812069784,0.9968,True,selected,target_adaptation
DESI_DR1_SPARCL,644,2M12171295-0059486,62.24081614385691,1.0,True,selected,target_adaptation
DESI_DR1_SPARCL,645,2M12172307-0000071,64.87387267619575,0.9968,True,selected,target_evaluation
DESI_DR1_SPARCL,646,2M12173082+0012553,46.087183368013484,1.0,True,selected,target_evaluation
DESI_DR1_SPARCL,647,2M12173772+3914202,88.11735679721714,1.0,True,selected,target_evaluation
DESI_DR1_SPARCL,648,2M12175789+0010510,95.36477060457909,0.9957333333333334,True,selected,target_evaluation
DESI_DR1_SPARCL,649,2M12175814+0014036,101.31074241829532,0.9877333333333334,True,selected,target_evaluation
DESI_DR1_SPARCL,650,2M12175890-0103388,36.75718593358948,0.9962666666666666,True,selected,target_evaluation
DESI_DR1_SPARCL,651,2M12175905+3900278,153.0069525390299,0.9850666666666666,True,selected,target_adaptation
DESI_DR1_SPARCL,652,2M12175982-0035317,57.07427405442225,1.0,True,selected,target_evaluation
DESI_DR1_SPARCL,653,2M12181772-0027124,63.823837950307116,1.0,True,selected,target_evaluation
DESI_DR1_SPARCL,654,2M12181946+0018009,55.834351170677145,1.0,True,selected,target_evaluation
DESI_DR1_SPARCL,655,2M12183156-0036279,81.00883279180916,0.9978666666666667,True,selected,target_evaluation
DESI_DR1_SPARCL,656,2M12183397+0523348,69.86838500272701,1.0,True,selected,target_adaptation
DESI_DR1_SPARCL,657,2M12184031+3939340,92.75592329858434,1.0,True,selected,target_evaluation
DESI_DR1_SPARCL,658,2M12184884-0034307,41.5792307595964,1.0,True,selected,target_evaluation
DESI_DR1_SPARCL,659,2M12185339-0101185,90.78178930779171,0.9941333333333333,True,selected,target_evaluation
DESI_DR1_SPARCL,660,2M12185924+0009126,57.42363814588022,0.9978666666666667,True,selected,target_adaptation
DESI_DR1_SPARCL,661,2M12185942+2622390,74.41133977694268,1.0,True,selected,target_evaluation
DESI_DR1_SPARCL,662,2M12190143+2530354,130.8275027915781,0.9824,True,selected,target_evaluation
DESI_DR1_SPARCL,663,2M12190295+0036040,32.21446929762179,1.0,True,selected,target_evaluation
DESI_DR1_SPARCL,664,2M12190851+0541501,49.11679393591964,1.0,True,selected,target_evaluation
DESI_DR1_SPARCL,665,2M12191509-0021069,62.63610041457772,0.9978666666666667,True,selected,target_evaluation
DESI_DR1_SPARCL,666,2M12191607+0454263,66.76008475579155,0.9973333333333333,True,selected,target_evaluation
DESI_DR1_SPARCL,667,2M12191960+5712590,139.24888371794285,0.9834666666666667,True,selected,target_evaluation
DESI_DR1_SPARCL,668,2M12193159+0513017,52.558461908068885,0.9978666666666667,True,selected,target_adaptation
DESI_DR1_SPARCL,669,2M12193495-0103423,97.83261481924583,0.9984,True,selected,target_evaluation
DESI_DR1_SPARCL,670,2M12193809+2619120,130.4981215356873,0.9984,True,selected,target_evaluation
DESI_DR1_SPARCL,671,2M12193834+5744581,130.28560354584212,0.9872,True,selected,target_evaluation
DESI_DR1_SPARCL,672,2M12195903+5536597,108.97797649147172,0.9978666666666667,True,selected,target_adaptation
DESI_DR1_SPARCL,673,2M12200222+0018052,37.31248096629738,1.0,True,selected,target_evaluation
DESI_DR1_SPARCL,674,2M12200753-0150231,76.17739517106615,1.0,True,selected,target_adaptation
DESI_DR1_SPARCL,675,2M12201116+5635503,76.58362384220042,1.0,True,selected,target_evaluation
DESI_DR1_SPARCL,676,2M12201424+3924565,144.56345564170073,1.0,True,selected,target_evaluation
DESI_DR1_SPARCL,677,2M12202070+3926515,99.23431097473345,1.0,True,selected,target_evaluation
DESI_DR1_SPARCL,678,2M12202708+2707202,125.22253437056469,1.0,True,selected,target_evaluation
DESI_DR1_SPARCL,679,2M12202730-0040485,67.15375375014823,0.9984,True,selected,target_adaptation
DESI_DR1_SPARCL,680,2M12202981-0126392,45.46983850138373,0.9978666666666667,True,selected,target_evaluation
DESI_DR1_SPARCL,681,2M12203083+0002332,118.40360351823242,0.9968,True,selected,target_adaptation
DESI_DR1_SPARCL,682,2M12203444+2659438,102.45501826490975,1.0,True,selected,target_adaptation
DESI_DR1_SPARCL,683,2M12204499+0021254,41.72850139505297,0.9984,True,selected,target_evaluation
DESI_DR1_SPARCL,684,2M12204659-0105079,34.60545190698536,1.0,True,selected,target_adaptation
DESI_DR1_SPARCL,685,2M12211676+0001079,56.12520848105138,1.0,True,selected,target_evaluation
DESI_DR1_SPARCL,686,2M12214301-0101376,88.69741186144543,0.9872,True,selected,target_evaluation
DESI_DR1_SPARCL,687,2M12214343-0309583,69.42729461291394,1.0,True,selected,target_evaluation
DESI_DR1_SPARCL,688,2M12214372+5809200,123.49959175779793,0.9872,True,selected,target_evaluation
DESI_DR1_SPARCL,689,2M12214507+2710503,64.31592016100439,1.0,True,selected,target_adaptation
DESI_DR1_SPARCL,690,2M12214892-0154496,91.73054421172603,0.9824,True,selected,target_evaluation
DESI_DR1_SPARCL,691,2M12220479-0036195,86.8084119207774,0.9941333333333333,True,selected,target_evaluation
DESI_DR1_SPARCL,692,2M12220837-0134249,68.49179915991952,1.0,True,selected,target_evaluation
DESI_DR1_SPARCL,693,2M12221002-0115386,105.83318170858144,0.9946666666666667,True,selected,target_evaluation
DESI_DR1_SPARCL,694,2M12221130-0300154,108.03404804970204,1.0,True,selected,target_adaptation
DESI_DR1_SPARCL,695,2M12221133+0017496,47.49079677550008,1.0,True,selected,target_evaluation
DESI_DR1_SPARCL,696,2M12221349+0030407,110.22273571120652,0.9877333333333334,True,selected,target_evaluation
DESI_DR1_SPARCL,697,2M12221876+0007561,50.25229120174392,1.0,True,selected,target_adaptation
DESI_DR1_SPARCL,698,2M12221898-0121163,96.89430281645306,0.9962666666666666,True,selected,target_adaptation
DESI_DR1_SPARCL,699,2M12222534-0048382,95.25443771986973,0.9952,True,selected,target_evaluation
DESI_DR1_SPARCL,700,2M12223257-0128454,95.4120613289652,1.0,True,selected,target_evaluation
DESI_DR1_SPARCL,701,2M12224548+2559295,85.41975028888395,0.9989333333333333,True,selected,target_evaluation
DESI_DR1_SPARCL,702,2M12224905+0026537,67.95233504373172,1.0,True,selected,target_adaptation
DESI_DR1_SPARCL,703,2M12225433+2517254,103.85221938535076,0.9941333333333333,True,selected,target_adaptation
DESI_DR1_SPARCL,704,2M12225544-0142011,41.69336457127989,1.0,True,selected,target_evaluation
DESI_DR1_SPARCL,705,2M12230385+0028157,112.82276242941367,0.9893333333333333,True,selected,target_evaluation
DESI_DR1_SPARCL,706,2M12230686+0015475,52.169887655928825,1.0,True,selected,target_adaptation
DESI_DR1_SPARCL,707,2M12231252+5736047,76.48489433816162,1.0,True,selected,target_evaluation
DESI_DR1_SPARCL,708,2M12231963-0047383,98.35390590324917,0.9968,True,selected,target_evaluation
DESI_DR1_SPARCL,709,2M12232117+0016320,101.19225956807999,0.9904,True,selected,target_adaptation
DESI_DR1_SPARCL,710,2M12232879+2549234,118.02198081455337,0.9818666666666667,True,selected,target_evaluation
DESI_DR1_SPARCL,711,2M12234726+2456301,107.72325443745568,0.9946666666666667,True,selected,target_evaluation
DESI_DR1_SPARCL,712,2M12234774-0156576,44.24683971222492,0.9978666666666667,True,selected,target_evaluation
DESI_DR1_SPARCL,713,2M12235401+5711297,75.52876162596412,1.0,True,selected,target_evaluation
DESI_DR1_SPARCL,714,2M12240655-0010446,73.90218207648508,0.9978666666666667,True,selected,target_evaluation
DESI_DR1_SPARCL,715,2M12241036-0309217,108.90156199916179,1.0,True,selected,target_evaluation
DESI_DR1_SPARCL,716,2M12242300+2445121,90.21021373348928,1.0,True,selected,target_adaptation
DESI_DR1_SPARCL,717,2M12244033+5812284,62.881874031358166,1.0,True,selected,target_evaluation
DESI_DR1_SPARCL,718,2M12244709-0000495,36.895143888857135,1.0,True,selected,target_evaluation
DESI_DR1_SPARCL,719,2M12245100-0005047,75.63048029034515,0.9989333333333333,True,selected,target_evaluation
DESI_DR1_SPARCL,720,2M12250881+5602422,111.18969399159164,0.992,True,selected,target_evaluation
DESI_DR1_SPARCL,721,2M12250956-0057392,66.82139233631926,1.0,True,selected,target_evaluation
DESI_DR1_SPARCL,722,2M12251124+0019495,50.56553851177196,1.0,True,selected,target_evaluation
DESI_DR1_SPARCL,723,2M12251246+5700260,103.39788955973361,0.9866666666666667,True,selected,target_evaluation
DESI_DR1_SPARCL,724,2M12251364-0015404,53.56769913696796,0.9973333333333333,True,selected,target_adaptation
DESI_DR1_SPARCL,725,2M12251375-0311351,94.2823876023948,1.0,True,selected,target_adaptation
DESI_DR1_SPARCL,726,2M12251999+2531521,28.411273043065716,1.0,True,selected,target_evaluation
DESI_DR1_SPARCL,727,2M12252652+2523219,128.97020799841465,0.9989333333333333,True,selected,target_evaluation
DESI_DR1_SPARCL,728,2M12253262+5650383,115.42649472126733,0.9786666666666667,True,selected,target_adaptation
DESI_DR1_SPARCL,729,2M12253305+5750126,107.93934194591895,0.9872,True,selected,target_adaptation
DESI_DR1_SPARCL,730,2M12253544-0047423,82.08362840388071,0.9989333333333333,True,selected,target_evaluation
DESI_DR1_SPARCL,731,2M12254084+2538277,77.249974402252,0.9984,True,selected,target_evaluation
DESI_DR1_SPARCL,732,2M12254801-0038300,44.68787415503757,0.9973333333333333,True,selected,target_evaluation
DESI_DR1_SPARCL,733,2M12255867-0247377,94.19624207356486,1.0,True,selected,target_evaluation
DESI_DR1_SPARCL,734,2M12260180+0013525,50.33333404187297,1.0,True,selected,target_evaluation
DESI_DR1_SPARCL,735,2M12260572-0306267,89.74992896342643,1.0,True,selected,target_evaluation
DESI_DR1_SPARCL,736,2M12260636-0044025,77.39723271807824,1.0,True,selected,target_adaptation
DESI_DR1_SPARCL,737,2M12261316+2530014,95.8807748853231,1.0,True,selected,target_adaptation
DESI_DR1_SPARCL,738,2M12261592-0002001,107.37973432651924,0.9904,True,selected,target_evaluation
DESI_DR1_SPARCL,739,2M12261747+0020028,43.23000360467298,1.0,True,selected,target_evaluation
DESI_DR1_SPARCL,740,2M12263098+2513448,87.17865453999474,1.0,True,selected,target_evaluation
DESI_DR1_SPARCL,741,2M12263810+0010222,66.78977556487338,1.0,True,selected,target_evaluation
DESI_DR1_SPARCL,742,2M12263867-0006125,39.78715082464429,0.9973333333333333,True,selected,target_evaluation
DESI_DR1_SPARCL,743,2M12264226+0008064,47.304930233126846,1.0,True,selected,target_evaluation
DESI_DR1_SPARCL,744,2M12264535+5538580,83.9719528063099,0.9984,True,selected,target_adaptation
DESI_DR1_SPARCL,745,2M12264688-0312358,69.5185810758492,1.0,True,selected,target_evaluation
DESI_DR1_SPARCL,746,2M12265069+2531078,73.52158039806218,1.0,True,selected,target_adaptation
DESI_DR1_SPARCL,747,2M12265113-0258571,77.76673684835762,1.0,True,selected,target_evaluation
DESI_DR1_SPARCL,748,2M12265208-0037000,101.0368430091152,0.9957333333333334,True,selected,target_evaluation
DESI_DR1_SPARCL,749,2M12265311-0053174,52.37635288719731,0.9984,True,selected,target_adaptation
DESI_DR1_SPARCL,750,2M12265696-0115515,48.393232047544174,1.0,True,selected,target_evaluation
DESI_DR1_SPARCL,751,2M12265780+5521252,120.99782544300217,0.9898666666666667,True,selected,target_evaluation
DESI_DR1_SPARCL,752,2M12270417+2542495,111.02914002845932,0.9952,True,selected,target_adaptation
DESI_DR1_SPARCL,753,2M12270605+5518143,152.9471468024185,0.9898666666666667,True,selected,target_evaluation
DESI_DR1_SPARCL,754,2M12270898+2448350,116.76936683362831,0.9978666666666667,True,selected,target_evaluation
DESI_DR1_SPARCL,755,2M12272218+5559579,64.85089798428777,1.0,True,selected,target_evaluation
DESI_DR1_SPARCL,756,2M12272221+5813008,69.64681481416027,1.0,True,selected,target_adaptation
DESI_DR1_SPARCL,757,2M12273153+2455145,67.32768766390457,1.0,True,selected,target_evaluation
DESI_DR1_SPARCL,758,2M12273161-0048283,103.4609306228383,0.9893333333333333,True,selected,target_adaptation
DESI_DR1_SPARCL,759,2M12273998+5638524,104.16786001663934,0.9909333333333333,True,selected,target_adaptation
DESI_DR1_SPARCL,760,2M12281218+2511099,87.2542683529536,1.0,True,selected,target_evaluation
DESI_DR1_SPARCL,761,2M12283758+5541491,142.6932581737981,0.9877333333333334,True,selected,target_adaptation
DESI_DR1_SPARCL,762,2M12284491+5538184,110.44183705516397,0.9930666666666667,True,selected,target_evaluation
DESI_DR1_SPARCL,763,2M12285988+2518104,107.10049856382983,0.9882666666666666,True,selected,target_adaptation
DESI_DR1_SPARCL,764,2M12293554+5548344,102.79909079989515,0.9968,True,selected,target_evaluation
DESI_DR1_SPARCL,765,2M12293985+5649355,68.80391777405275,1.0,True,selected,target_evaluation
DESI_DR1_SPARCL,766,2M12294207-0230123,113.72463818598453,1.0,True,selected,target_adaptation
DESI_DR1_SPARCL,767,2M12294508+5734057,79.60357682582115,1.0,True,selected,target_adaptation
DESI_DR1_SPARCL,768,2M12294577-0232572,115.5048839487557,1.0,True,selected,target_adaptation
DESI_DR1_SPARCL,769,2M12294589-0259519,58.18238591934524,1.0,True,selected,target_evaluation
DESI_DR1_SPARCL,770,2M12294999-0158227,87.63763861769374,0.9946666666666667,True,selected,target_evaluation
DESI_DR1_SPARCL,771,2M12295618-0143586,76.74560596963812,0.9984,True,selected,target_adaptation
DESI_DR1_SPARCL,772,2M12302432-0157427,72.0420549147598,0.9973333333333333,True,selected,target_adaptation
DESI_DR1_SPARCL,773,2M12310716+5712198,68.8181525506218,0.9978666666666667,True,selected,target_evaluation
DESI_DR1_SPARCL,774,2M12312873+5714190,76.04841389395982,1.0,True,selected,target_evaluation
DESI_DR1_SPARCL,775,2M12313805+5655442,88.75404789405627,0.9930666666666667,True,selected,target_adaptation
DESI_DR1_SPARCL,776,2M12315132+5759449,105.10529810996059,0.9914666666666667,True,selected,target_evaluation
DESI_DR1_SPARCL,777,2M12315413+5540313,72.04089896098188,1.0,True,selected,target_evaluation
DESI_DR1_SPARCL,778,2M12320277+5611152,61.206118821886605,1.0,True,selected,target_evaluation
DESI_DR1_SPARCL,779,2M12325661+5717304,79.81651067215938,0.9952,True,selected,target_adaptation
DESI_DR1_SPARCL,780,2M12325889+5718428,44.63170077572382,1.0,True,selected,target_evaluation
DESI_DR1_SPARCL,781,2M12332085+5726313,51.155743526950225,0.9989333333333333,True,selected,target_evaluation
DESI_DR1_SPARCL,782,2M12340959+5649455,84.3389634176893,0.9946666666666667,True,selected,target_adaptation
DESI_DR1_SPARCL,783,2M12341884+5631341,101.25392237572049,0.984,True,selected,target_evaluation
DESI_DR1_SPARCL,784,2M12403025-0334285,60.700343438578884,1.0,True,selected,target_evaluation
DESI_DR1_SPARCL,785,2M12415244-0325242,73.04002217202063,0.9989333333333333,True,selected,target_evaluation
DESI_DR1_SPARCL,786,2M12425185-0250269,60.95236855619661,1.0,True,selected,target_evaluation
DESI_DR1_SPARCL,787,2M12431130-0322047,46.792028634153844,1.0,True,selected,target_evaluation
DESI_DR1_SPARCL,788,2M12432148-0411463,68.7047493709612,0.9989333333333333,True,selected,target_evaluation
DESI_DR1_SPARCL,789,2M12433204-0154199,79.50959800404968,1.0,True,selected,target_evaluation
DESI_DR1_SPARCL,790,2M12434102-0234450,98.49072523488994,1.0,True,selected,target_evaluation
DESI_DR1_SPARCL,791,2M12434480-0148281,38.434674488451584,1.0,True,selected,target_evaluation
DESI_DR1_SPARCL,792,2M12435289-0322139,90.45077865046068,0.9973333333333333,True,selected,target_evaluation
DESI_DR1_SPARCL,793,2M12442322-0353099,52.13674812061126,1.0,True,selected,target_evaluation
DESI_DR1_SPARCL,794,2M12444174-0341235,50.82439721407416,1.0,True,selected,target_evaluation
DESI_DR1_SPARCL,795,2M12444724-0207405,76.52568570255906,1.0,True,selected,target_evaluation
DESI_DR1_SPARCL,796,2M12445874-0259373,75.89473795463503,1.0,True,selected,target_adaptation
DESI_DR1_SPARCL,797,2M12450785-0214425,105.53998965700481,0.9973333333333333,True,selected,target_adaptation
DESI_DR1_SPARCL,798,2M12451260+2648480,57.13526273148034,1.0,True,selected,target_evaluation
DESI_DR1_SPARCL,799,2M12451382-0301154,93.81699536275357,1.0,True,selected,target_evaluation
DESI_DR1_SPARCL,800,2M12452637-0355347,102.35580146333928,0.9984,True,selected,target_evaluation
DESI_DR1_SPARCL,801,2M12455533-0201291,98.33151667516034,1.0,True,selected,target_evaluation
DESI_DR1_SPARCL,802,2M12464991-0200254,69.68901138110115,1.0,True,selected,target_adaptation
DESI_DR1_SPARCL,803,2M12471087+2646057,71.72705548077576,1.0,True,selected,target_evaluation
DESI_DR1_SPARCL,804,2M12472051+2706348,68.61850323068794,0.9984,True,selected,target_evaluation
DESI_DR1_SPARCL,805,2M12472601-0232099,95.96277746274357,1.0,True,selected,target_evaluation
DESI_DR1_SPARCL,806,2M12480917+4152270,136.9493400266557,0.9936,True,selected,target_evaluation
DESI_DR1_SPARCL,807,2M12492383+2753236,65.5318299393142,1.0,True,selected,target_adaptation
DESI_DR1_SPARCL,808,2M12493952-0203447,68.6707770983747,1.0,True,selected,target_evaluation
DESI_DR1_SPARCL,809,2M12494451-0205492,82.59311323200413,1.0,True,selected,target_adaptation
DESI_DR1_SPARCL,810,2M12494500-0303359,69.24236614468964,1.0,True,selected,target_evaluation
DESI_DR1_SPARCL,811,2M12505325-0239586,105.49999203838355,1.0,True,selected,target_evaluation
DESI_DR1_SPARCL,812,2M12505764-0251550,103.90660802434202,1.0,True,selected,target_evaluation
DESI_DR1_SPARCL,813,2M12510172-0229598,67.69996506670269,1.0,True,selected,target_evaluation
DESI_DR1_SPARCL,814,2M12512629+2759211,96.35125574805824,0.9957333333333334,True,selected,target_evaluation
DESI_DR1_SPARCL,815,2M12515471+5723242,105.69432124893659,0.9914666666666667,True,selected,target_evaluation
DESI_DR1_SPARCL,816,2M12520980+4138374,77.00086291822629,1.0,True,selected,target_evaluation
DESI_DR1_SPARCL,817,2M12522822+5731378,86.52024143276671,0.9984,True,selected,target_evaluation
DESI_DR1_SPARCL,818,2M12530250+4206348,103.72531060010975,0.9978666666666667,True,selected,target_evaluation
DESI_DR1_SPARCL,819,2M12532393+4209164,47.69132809523656,1.0,True,selected,target_evaluation
DESI_DR1_SPARCL,820,2M12540238+4207353,130.19775703868638,1.0,True,selected,target_evaluation
DESI_DR1_SPARCL,821,2M12541867+4210008,88.38341712989192,1.0,True,selected,target_evaluation
DESI_DR1_SPARCL,822,2M12544505+4055050,146.6272794808529,0.9888,True,selected,target_adaptation
DESI_DR1_SPARCL,823,2M12545552+5611543,63.21669931886585,1.0,True,selected,target_evaluation
DESI_DR1_SPARCL,824,2M12560496+4211353,100.58663317023543,1.0,True,selected,target_evaluation
DESI_DR1_SPARCL,825,2M12560999+4245013,170.81640191377542,0.9888,True,selected,target_evaluation
DESI_DR1_SPARCL,826,2M12565047+4125538,140.54183359943437,1.0,True,selected,target_evaluation
DESI_DR1_SPARCL,827,2M12573151+4303144,157.93809273751563,1.0,True,selected,target_evaluation
DESI_DR1_SPARCL,828,2M12582548+4113024,128.43386392088343,0.9989333333333333,True,selected,target_evaluation
DESI_DR1_SPARCL,829,2M12583205+5742375,50.342979100569664,0.9984,True,selected,target_adaptation
DESI_DR1_SPARCL,830,2M12592102+5743370,93.29224578753039,0.9957333333333334,True,selected,target_evaluation
DESI_DR1_SPARCL,831,2M12592672+5719345,74.90745668827213,0.9962666666666666,True,selected,target_evaluation
DESI_DR1_SPARCL,832,2M12594158+4150252,85.66993535421201,1.0,True,selected,target_adaptation
DESI_DR1_SPARCL,833,2M12594526-0250584,76.63046026773198,1.0,True,selected,target_evaluation
DESI_DR1_SPARCL,834,2M13001216+5749265,109.04082633860342,0.984,True,selected,target_evaluation
DESI_DR1_SPARCL,835,2M13001977+5543505,127.79242837940846,0.9701333333333333,True,selected,target_adaptation
DESI_DR1_SPARCL,836,2M13003110-0246210,101.91655263764287,1.0,True,selected,target_evaluation
DESI_DR1_SPARCL,837,2M13004653-0230301,51.73553361548217,1.0,True,selected,target_evaluation
DESI_DR1_SPARCL,838,2M13005089+4253520,87.81987862148799,1.0,True,selected,target_evaluation
DESI_DR1_SPARCL,839,2M13010376+4129426,88.58764497484749,1.0,True,selected,target_adaptation
DESI_DR1_SPARCL,840,2M13010684-0253541,57.84504660609431,1.0,True,selected,target_evaluation
DESI_DR1_SPARCL,841,2M13011311+5811173,116.29445274869775,0.992,True,selected,target_evaluation
DESI_DR1_SPARCL,842,2M13013112+5812203,99.34804332709055,0.992,True,selected,target_evaluation
DESI_DR1_SPARCL,843,2M13013837-0137493,97.075388651685,0.9978666666666667,True,selected,target_adaptation
DESI_DR1_SPARCL,844,2M13014027+4223251,96.6667255843936,0.9978666666666667,True,selected,target_evaluation
DESI_DR1_SPARCL,845,2M13014454+5759594,49.08527702372295,1.0,True,selected,target_evaluation
DESI_DR1_SPARCL,846,2M13015134-0346254,57.546122703214564,1.0,True,selected,target_adaptation
DESI_DR1_SPARCL,847,2M13021048-0135442,35.860769014299244,1.0,True,selected,target_evaluation
DESI_DR1_SPARCL,848,2M13025288-0126194,90.79272236813124,1.0,True,selected,target_evaluation
DESI_DR1_SPARCL,849,2M13033402-0339548,83.32738893174786,1.0,True,selected,target_adaptation
DESI_DR1_SPARCL,850,2M13035575-0231144,67.79283565791685,1.0,True,selected,target_evaluation
DESI_DR1_SPARCL,851,2M13040443+7211177,86.06609010845447,1.0,True,selected,target_evaluation
DESI_DR1_SPARCL,852,2M13040452-0130383,46.785355274031765,1.0,True,selected,target_evaluation
DESI_DR1_SPARCL,853,2M13040471-0153217,37.89036552124237,1.0,True,selected,target_evaluation
DESI_DR1_SPARCL,854,2M13041724-0134399,63.92421166891567,1.0,True,selected,target_evaluation
DESI_DR1_SPARCL,855,2M13042177-0152138,51.73117982771927,1.0,True,selected,target_adaptation
DESI_DR1_SPARCL,856,2M13045072-0200565,101.61449754919859,0.9946666666666667,True,selected,target_evaluation
DESI_DR1_SPARCL,857,2M13050639-0224274,104.02527391993179,1.0,True,selected,target_evaluation
DESI_DR1_SPARCL,858,2M13055182+7256338,130.81799061577962,0.9973333333333333,True,selected,target_evaluation
DESI_DR1_SPARCL,859,2M13060336+7230537,98.1484776886413,0.9984,True,selected,target_evaluation
DESI_DR1_SPARCL,860,2M13060962+5818201,102.29006017666113,0.9802666666666666,True,selected,target_evaluation
DESI_DR1_SPARCL,861,2M13061398+5618324,60.9200065638642,1.0,True,selected,target_evaluation
DESI_DR1_SPARCL,862,2M13062403-0201217,57.84916986561508,1.0,True,selected,target_evaluation
DESI_DR1_SPARCL,863,2M13062469-0248400,55.04752685658992,1.0,True,selected,target_adaptation
DESI_DR1_SPARCL,864,2M13063877+5607473,60.045287111428735,1.0,True,selected,target_evaluation
DESI_DR1_SPARCL,865,2M13070083-0121526,44.8796755555267,1.0,True,selected,target_evaluation
DESI_DR1_SPARCL,866,2M13071409+5619465,92.73656765289618,0.9888,True,selected,target_evaluation
DESI_DR1_SPARCL,867,2M13072973-0140108,83.24739985436027,1.0,True,selected,target_adaptation
DESI_DR1_SPARCL,868,2M13073205-0242001,75.53822634374173,1.0,True,selected,target_adaptation
DESI_DR1_SPARCL,869,2M13073954+5816425,63.759600366579576,1.0,True,selected,target_evaluation
DESI_DR1_SPARCL,870,2M13075210-0132538,44.391722735852944,1.0,True,selected,target_evaluation
DESI_DR1_SPARCL,871,2M13075741-0127275,51.516507782915504,1.0,True,selected,target_evaluation
DESI_DR1_SPARCL,872,2M13081805+5607091,100.66251137571422,0.9957333333333334,True,selected,target_evaluation
DESI_DR1_SPARCL,873,2M13082033+7240249,79.40313263865426,1.0,True,selected,target_evaluation
DESI_DR1_SPARCL,874,2M13082769+5801201,55.801407370883354,1.0,True,selected,target_adaptation
DESI_DR1_SPARCL,875,2M13094301+5630275,107.31918239242468,0.9984,True,selected,target_evaluation
DESI_DR1_SPARCL,876,2M13094447-0249548,103.08346625479172,1.0,True,selected,target_adaptation
DESI_DR1_SPARCL,877,2M13100898+5614291,138.44935046163147,0.9733333333333334,True,selected,target_evaluation
DESI_DR1_SPARCL,878,2M13101994-0239164,48.6257922287406,1.0,True,selected,target_adaptation
DESI_DR1_SPARCL,879,2M13102098-0252096,99.53260005454864,1.0,True,selected,target_evaluation
DESI_DR1_SPARCL,880,2M13111316-0227523,62.68945491350994,1.0,True,selected,target_evaluation
DESI_DR1_SPARCL,881,2M13112285+1748465,67.79997583094764,1.0,True,selected,target_adaptation
DESI_DR1_SPARCL,882,2M13112466+1707437,94.47527724243403,1.0,True,selected,target_adaptation
DESI_DR1_SPARCL,883,2M13114508+5635157,59.67804359501995,1.0,True,selected,target_evaluation
DESI_DR1_SPARCL,884,2M13223378-0104241,87.30276284933954,1.0,True,selected,target_evaluation
DESI_DR1_SPARCL,885,2M13224507-0048578,93.64173762599576,0.9978666666666667,True,selected,target_evaluation
DESI_DR1_SPARCL,886,2M13231873-0107318,69.03974776282233,1.0,True,selected,target_evaluation
DESI_DR1_SPARCL,887,2M13232300-0038141,90.58747582311607,1.0,True,selected,target_evaluation
DESI_DR1_SPARCL,888,2M13233639-0121255,88.81040355702358,1.0,True,selected,target_evaluation
DESI_DR1_SPARCL,889,2M13235333-0130234,63.58997634876163,1.0,True,selected,target_adaptation
DESI_DR1_SPARCL,890,2M13240162-0047151,84.46760032851957,1.0,True,selected,target_adaptation
DESI_DR1_SPARCL,891,2M13241340+3634322,108.54661043651612,1.0,True,selected,target_adaptation
DESI_DR1_SPARCL,892,2M13243514-0131334,46.90989207254664,1.0,True,selected,target_evaluation
DESI_DR1_SPARCL,893,2M13244159-0044525,11.673440735188983,1.0,True,selected,target_evaluation
DESI_DR1_SPARCL,894,2M13250025-0031012,69.47899264432033,1.0,True,selected,target_evaluation
DESI_DR1_SPARCL,895,2M13250409-0030074,107.37962955386155,1.0,True,selected,target_evaluation
DESI_DR1_SPARCL,896,2M13251727+3612008,122.91810113583468,1.0,True,selected,target_adaptation
DESI_DR1_SPARCL,897,2M13253955-0037584,96.80980145045825,1.0,True,selected,target_evaluation
DESI_DR1_SPARCL,898,2M13263517-0045184,98.27851776959116,1.0,True,selected,target_evaluation
DESI_DR1_SPARCL,899,2M13265029-0103487,48.145843587486574,1.0,True,selected,target_evaluation
DESI_DR1_SPARCL,900,2M13273366-0037588,55.047773840422046,1.0,True,selected,target_evaluation
DESI_DR1_SPARCL,901,2M13273568-0044416,89.82899022448625,1.0,True,selected,target_evaluation
DESI_DR1_SPARCL,902,2M13281435-0032448,71.78284932415171,1.0,True,selected,target_evaluation
DESI_DR1_SPARCL,903,2M13283285-0057440,84.97919918506857,1.0,True,selected,target_adaptation
DESI_DR1_SPARCL,904,2M13283368+3643322,95.60968394013526,1.0,True,selected,target_evaluation
DESI_DR1_SPARCL,905,2M13290289-0038250,100.16206490148569,1.0,True,selected,target_adaptation
DESI_DR1_SPARCL,906,2M13290599-0044098,56.177193146119194,1.0,True,selected,target_evaluation
DESI_DR1_SPARCL,907,2M13305250+3620262,99.91274502263755,1.0,True,selected,target_adaptation
DESI_DR1_SPARCL,908,2M13312986+3549063,70.34276580481794,1.0,True,selected,target_evaluation
DESI_DR1_SPARCL,909,2M13385966-0001483,72.92494338554171,0.9989333333333333,True,selected,target_evaluation
DESI_DR1_SPARCL,910,2M13391459-0007299,92.30113851993129,0.9829333333333333,True,selected,target_evaluation
DESI_DR1_SPARCL,911,2M13391964+0058227,64.654187853102,0.9973333333333333,True,selected,target_evaluation
DESI_DR1_SPARCL,912,2M13394668-0030216,68.32014358759986,1.0,True,selected,target_evaluation
DESI_DR1_SPARCL,913,2M13394886+0003397,59.81928088475151,1.0,True,selected,target_evaluation
DESI_DR1_SPARCL,914,2M13395802+0047312,68.70109198579063,1.0,True,selected,target_evaluation
DESI_DR1_SPARCL,915,2M13400083+5600407,50.8850326565036,0.9978666666666667,True,selected,target_adaptation
DESI_DR1_SPARCL,916,2M13400838-0057565,44.94767048142351,1.0,True,selected,target_evaluation
DESI_DR1_SPARCL,917,2M13402665-0025587,45.572451995540824,1.0,True,selected,target_evaluation
DESI_DR1_SPARCL,918,2M13403412-0000316,66.42422024172375,0.9989333333333333,True,selected,target_evaluation
DESI_DR1_SPARCL,919,2M13403923+0010108,57.606857481731716,1.0,True,selected,target_adaptation
DESI_DR1_SPARCL,920,2M13405587+0025056,45.322246778164946,1.0,True,selected,target_evaluation
DESI_DR1_SPARCL,921,2M13410570+0025555,82.70012424413648,1.0,True,selected,target_evaluation
DESI_DR1_SPARCL,922,2M13411343-0016524,53.13664801306857,0.9989333333333333,True,selected,target_evaluation
DESI_DR1_SPARCL,923,2M13411961-0014251,86.35976976259111,0.9962666666666666,True,selected,target_evaluation
DESI_DR1_SPARCL,924,2M13412255+0013044,69.93638355326404,1.0,True,selected,target_evaluation
DESI_DR1_SPARCL,925,2M13412861+0021055,58.15635263598587,1.0,True,selected,target_adaptation
DESI_DR1_SPARCL,926,2M13414577+0015401,61.67988580316937,0.9770666666666666,True,selected,target_evaluation
DESI_DR1_SPARCL,927,2M13422595+0118413,77.3003499673428,1.0,True,selected,target_evaluation
DESI_DR1_SPARCL,928,2M13423823+2644007,139.77399429814616,0.9856,True,selected,target_evaluation
DESI_DR1_SPARCL,929,2M13431037+2637353,86.66453607430357,1.0,True,selected,target_adaptation
DESI_DR1_SPARCL,930,2M13431377+2706400,80.9102233272022,0.9978666666666667,True,selected,target_evaluation
DESI_DR1_SPARCL,931,2M13440511-0051295,92.64754495474254,0.9872,True,selected,target_adaptation
DESI_DR1_SPARCL,932,2M13442178+2615427,125.07174364161052,0.9936,True,selected,target_adaptation
DESI_DR1_SPARCL,933,2M13442688+5654280,81.1600957786181,0.9978666666666667,True,selected,target_evaluation
DESI_DR1_SPARCL,934,2M13443272+2644037,118.39259977467394,0.9968,True,selected,target_evaluation
DESI_DR1_SPARCL,935,2M13443766-0112288,43.41318874176007,1.0,True,selected,target_evaluation
DESI_DR1_SPARCL,936,2M13444565+2625315,109.1571720491965,1.0,True,selected,target_evaluation
DESI_DR1_SPARCL,937,2M13444850-0037199,80.38642742746029,0.9952,True,selected,target_evaluation
DESI_DR1_SPARCL,938,2M13451674-0049215,25.055371082334876,1.0,True,selected,target_evaluation
DESI_DR1_SPARCL,939,2M13453861+0122491,98.13166705932571,1.0,True,selected,target_evaluation
DESI_DR1_SPARCL,940,2M13460807+2650132,108.69161651432746,0.9882666666666666,True,selected,target_evaluation
DESI_DR1_SPARCL,941,2M13460946+2726224,134.33688277488574,0.9952,True,selected,target_evaluation
DESI_DR1_SPARCL,942,2M13461519+2732031,72.72238094047327,1.0,True,selected,target_evaluation
DESI_DR1_SPARCL,943,2M13462563-0041135,113.74630656128184,0.9898666666666667,True,selected,target_evaluation
DESI_DR1_SPARCL,944,2M13463316+0010086,57.92798737196562,1.0,True,selected,target_adaptation
DESI_DR1_SPARCL,945,2M13463620-0106031,42.9822462773787,0.9994666666666666,True,selected,target_adaptation
DESI_DR1_SPARCL,946,2M13463870+0011251,78.70037687523295,0.9989333333333333,True,selected,target_adaptation
DESI_DR1_SPARCL,947,2M13463964-0038450,59.238617939527046,1.0,True,selected,target_evaluation
DESI_DR1_SPARCL,948,2M13464699+0119191,73.25539999619042,1.0,True,selected,target_evaluation
DESI_DR1_SPARCL,949,2M13464764+2708000,95.26305913034521,0.9968,True,selected,target_evaluation
DESI_DR1_SPARCL,950,2M13464969+4313100,125.83331804094725,0.9877333333333334,True,selected,target_evaluation
DESI_DR1_SPARCL,951,2M13465248+0114593,76.74944752134405,1.0,True,selected,target_evaluation
DESI_DR1_SPARCL,952,2M13470226+2642172,60.79643049422211,1.0,True,selected,target_evaluation
DESI_DR1_SPARCL,953,2M13472474+2745581,112.48106607108448,0.9930666666666667,True,selected,target_evaluation
DESI_DR1_SPARCL,954,2M13472909-0105273,48.15693494651203,0.9978666666666667,True,selected,target_adaptation
DESI_DR1_SPARCL,955,2M13473474+0058182,91.74596044337629,1.0,True,selected,target_evaluation
DESI_DR1_SPARCL,956,2M13480089+2620316,120.00020660513775,0.9925333333333334,True,selected,target_evaluation
DESI_DR1_SPARCL,957,2M13480854+2712278,85.13716874383653,1.0,True,selected,target_evaluation
DESI_DR1_SPARCL,958,2M13481254-0053486,62.88522777568461,1.0,True,selected,target_evaluation
DESI_DR1_SPARCL,959,2M13481355-0040484,48.465627411117914,1.0,True,selected,target_evaluation
DESI_DR1_SPARCL,960,2M13481626-0049214,76.68523756032612,1.0,True,selected,target_evaluation
DESI_DR1_SPARCL,961,2M13481700+0017116,87.1520910512437,0.9984,True,selected,target_adaptation
DESI_DR1_SPARCL,962,2M13484998+0028591,53.606094125131705,1.0,True,selected,target_evaluation
DESI_DR1_SPARCL,963,2M13485774+0018320,97.85614429126508,0.9973333333333333,True,selected,target_evaluation
DESI_DR1_SPARCL,964,2M13485906+2731040,62.59111061711288,1.0,True,selected,target_evaluation
DESI_DR1_SPARCL,965,2M13490541+4351377,83.30983744468507,1.0,True,selected,target_adaptation
DESI_DR1_SPARCL,966,2M13490704+2714268,115.9497029755899,0.9856,True,selected,target_evaluation
DESI_DR1_SPARCL,967,2M13490876+0037319,58.648270046027775,0.9968,True,selected,target_adaptation
DESI_DR1_SPARCL,968,2M13491034+0007313,55.12679387217138,1.0,True,selected,target_evaluation
DESI_DR1_SPARCL,969,2M13492456-0028593,79.0047436091395,1.0,True,selected,target_evaluation
DESI_DR1_SPARCL,970,2M13492955+2722403,136.99535908735868,0.9962666666666666,True,selected,target_evaluation
DESI_DR1_SPARCL,971,2M13494575+0018219,74.64168045905755,1.0,True,selected,target_adaptation
DESI_DR1_SPARCL,972,2M13500334+2708138,63.415878993141156,1.0,True,selected,target_adaptation
DESI_DR1_SPARCL,973,2M13503236+2716407,102.66352039919738,0.9978666666666667,True,selected,target_evaluation
DESI_DR1_SPARCL,974,2M13503613+4431519,127.12866603313263,1.0,True,selected,target_adaptation
DESI_DR1_SPARCL,975,2M13503845+2705185,78.08669071933407,0.9984,True,selected,target_evaluation
DESI_DR1_SPARCL,976,2M13504657+4357224,145.99488252184537,1.0,True,selected,target_evaluation
DESI_DR1_SPARCL,977,2M13511903+4313098,137.9474265096932,1.0,True,selected,target_evaluation
DESI_DR1_SPARCL,978,2M13513540+4325136,98.80297876605131,1.0,True,selected,target_adaptation
DESI_DR1_SPARCL,979,2M13520162+2553087,61.50930921626241,1.0,True,selected,target_evaluation
DESI_DR1_SPARCL,980,2M13522394+4225583,123.26822331054547,1.0,True,selected,target_adaptation
DESI_DR1_SPARCL,981,2M13530523+2523578,42.25002271435045,1.0,True,selected,target_evaluation
DESI_DR1_SPARCL,982,2M13532828+4316427,94.19547252683172,1.0,True,selected,target_evaluation
DESI_DR1_SPARCL,983,2M13534971+2616385,110.5979580658456,0.9781333333333333,True,selected,target_adaptation
DESI_DR1_SPARCL,984,2M13534973+4243440,118.05851061023792,1.0,True,selected,target_adaptation
DESI_DR1_SPARCL,985,2M13534974+4423170,114.35724205773592,1.0,True,selected,target_evaluation
DESI_DR1_SPARCL,986,2M13540886+4216506,137.49841849773318,0.9968,True,selected,target_evaluation
DESI_DR1_SPARCL,987,2M13540898+4238365,144.80960769011455,1.0,True,selected,target_adaptation
DESI_DR1_SPARCL,988,2M13541894+4438420,111.2588518099076,1.0,True,selected,target_adaptation
DESI_DR1_SPARCL,989,2M13542563+2559364,68.4396443079855,0.9968,True,selected,target_evaluation
DESI_DR1_SPARCL,990,2M13545362+4411338,130.43688206863777,1.0,True,selected,target_evaluation
DESI_DR1_SPARCL,991,2M13561390+4239227,79.93850302663182,1.0,True,selected,target_evaluation
DESI_DR1_SPARCL,992,2M13565050+4319414,77.57051117355809,0.9909333333333333,True,selected,target_adaptation
DESI_DR1_SPARCL,993,2M13565078+4401256,136.54240919517312,0.9978666666666667,True,selected,target_evaluation
DESI_DR1_SPARCL,994,2M13572205+4235272,64.59679930230924,1.0,True,selected,target_evaluation
DESI_DR1_SPARCL,995,2M13573185+4305312,120.59525359939265,1.0,True,selected,target_evaluation
DESI_DR1_SPARCL,996,2M13575604+4228213,139.47729578582172,0.9989333333333333,True,selected,target_adaptation
DESI_DR1_SPARCL,997,2M13581235+4209378,79.81687907799433,1.0,True,selected,target_adaptation
DESI_DR1_SPARCL,998,2M13583847+4216143,111.96556766780184,1.0,True,selected,target_evaluation
DESI_DR1_SPARCL,999,2M14001291+4219438,100.69204070536162,1.0,True,selected,target_adaptation
DESI_DR1_SPARCL,1000,2M14010732+4319566,144.84122687082998,1.0,True,selected,target_evaluation
DESI_DR1_SPARCL,1001,2M14013754+4319117,100.14376718962946,1.0,True,selected,target_adaptation
DESI_DR1_SPARCL,1002,2M14020971+5224256,110.30781610166196,0.9930666666666667,True,selected,target_evaluation
DESI_DR1_SPARCL,1003,2M14025902+5232556,89.9161074381717,1.0,True,selected,target_evaluation
DESI_DR1_SPARCL,1004,2M14030064+5236131,128.65268648838492,0.9872,True,selected,target_adaptation
DESI_DR1_SPARCL,1005,2M14035907+5335360,63.29954258693306,1.0,True,selected,target_evaluation
DESI_DR1_SPARCL,1006,2M14044127+5216371,128.7811856492223,0.9813333333333333,True,selected,target_evaluation
DESI_DR1_SPARCL,1007,2M14044686+5309162,60.440713122588505,1.0,True,selected,target_adaptation
DESI_DR1_SPARCL,1008,2M14054901+0123055,128.16170677786621,1.0,True,selected,target_adaptation
DESI_DR1_SPARCL,1009,2M14055603+0140310,16.788568556046364,1.0,True,selected,target_evaluation
DESI_DR1_SPARCL,1010,2M14060317+5220391,106.41155881759023,0.9984,True,selected,target_evaluation
DESI_DR1_SPARCL,1011,2M14060996+0127593,95.7223337034777,1.0,True,selected,target_evaluation
DESI_DR1_SPARCL,1012,2M14070275+0220024,115.12046288294792,1.0,True,selected,target_evaluation
DESI_DR1_SPARCL,1013,2M14072397+5238347,112.32385358931992,0.9989333333333333,True,selected,target_evaluation
DESI_DR1_SPARCL,1014,2M14074637+5237262,61.44717790342562,1.0,True,selected,target_evaluation
DESI_DR1_SPARCL,1015,2M14082945+5241199,79.14433272707744,0.9978666666666667,True,selected,target_evaluation
DESI_DR1_SPARCL,1016,2M14101638+5356296,73.70846173479016,1.0,True,selected,target_evaluation
DESI_DR1_SPARCL,1017,2M14105857+5335238,68.90187778708429,0.9984,True,selected,target_adaptation
DESI_DR1_SPARCL,1018,2M14113134+5211568,73.48399116615649,0.9989333333333333,True,selected,target_evaluation
DESI_DR1_SPARCL,1019,2M14115117+5245166,82.08054807531832,0.9989333333333333,True,selected,target_evaluation
DESI_DR1_SPARCL,1020,2M14115807+5226514,124.95971357741603,0.9978666666666667,True,selected,target_evaluation
DESI_DR1_SPARCL,1021,2M14120099+5338024,76.7813249355434,0.9962666666666666,True,selected,target_adaptation
DESI_DR1_SPARCL,1022,2M14121149+5311160,72.63407118686456,1.0,True,selected,target_evaluation
DESI_DR1_SPARCL,1023,2M14123065+5254349,114.03275557294532,0.9888,True,selected,target_evaluation
DESI_DR1_SPARCL,1024,2M14130052+5300244,78.36404701914721,0.9978666666666667,True,selected,target_evaluation
DESI_DR1_SPARCL,1025,2M14134583+5308397,73.37346653339144,1.0,True,selected,target_adaptation
DESI_DR1_SPARCL,1026,2M14141036+0411326,135.9381562161462,0.9984,True,selected,target_evaluation
DESI_DR1_SPARCL,1027,2M14145011+5318349,77.361750477089,0.9989333333333333,True,selected,target_evaluation
DESI_DR1_SPARCL,1028,2M14150830+0439229,99.7510067722268,1.0,True,selected,target_evaluation
DESI_DR1_SPARCL,1029,2M14153239+0449170,147.65197256216837,0.9989333333333333,True,selected,target_evaluation
DESI_DR1_SPARCL,1030,2M14154600+0425158,100.51162621321728,1.0,True,selected,target_evaluation
DESI_DR1_SPARCL,1031,2M14155308+0511480,131.84292287110608,0.9941333333333333,True,selected,target_evaluation
DESI_DR1_SPARCL,1032,2M14162871+0411241,103.00181532405512,1.0,True,selected,target_evaluation
DESI_DR1_SPARCL,1033,2M14163066+0511291,91.84373785467393,1.0,True,selected,target_evaluation
DESI_DR1_SPARCL,1034,2M14164886+0419390,149.66853226138736,1.0,True,selected,target_evaluation
DESI_DR1_SPARCL,1035,2M14165765+0436387,82.55896620990248,1.0,True,selected,target_adaptation
DESI_DR1_SPARCL,1036,2M14165896+0520480,66.55896558952378,1.0,True,selected,target_evaluation
DESI_DR1_SPARCL,1037,2M14165902+0453448,119.72503828491864,1.0,True,selected,target_adaptation
DESI_DR1_SPARCL,1038,2M14170276+0402221,68.94555915672414,1.0,True,selected,target_adaptation
DESI_DR1_SPARCL,1039,2M14170781+0356290,97.10467309075226,1.0,True,selected,target_evaluation
DESI_DR1_SPARCL,1040,2M14171238+0502056,116.02152033712139,1.0,True,selected,target_adaptation
DESI_DR1_SPARCL,1041,2M14172781+0458084,130.89018459213247,1.0,True,selected,target_adaptation
DESI_DR1_SPARCL,1042,2M14180193+0435568,102.48160329399039,1.0,True,selected,target_evaluation
DESI_DR1_SPARCL,1043,2M14180225+0505383,115.47468141387377,1.0,True,selected,target_evaluation
DESI_DR1_SPARCL,1044,2M14181701+0530349,121.42011571086726,1.0,True,selected,target_evaluation
DESI_DR1_SPARCL,1045,2M14185061+0417355,65.66488843674094,1.0,True,selected,target_evaluation
DESI_DR1_SPARCL,1046,2M14185819+0452228,106.66607701642528,1.0,True,selected,target_evaluation
DESI_DR1_SPARCL,1047,2M14190544+0526182,41.93422876566969,1.0,True,selected,target_adaptation
DESI_DR1_SPARCL,1048,2M14192028+0455482,74.17133555101636,1.0,True,selected,target_evaluation
DESI_DR1_SPARCL,1049,2M14194007-0550397,36.915287449589684,1.0,True,selected,target_adaptation
DESI_DR1_SPARCL,1050,2M14194183+0457428,67.6394110710987,1.0,True,selected,target_evaluation
DESI_DR1_SPARCL,1051,2M14194191-0540158,50.17477518000292,1.0,True,selected,target_adaptation
DESI_DR1_SPARCL,1052,2M14195887-0524323,78.37675855616757,0.9930666666666667,True,selected,target_adaptation
DESI_DR1_SPARCL,1053,2M14200843+0417403,141.58155915183409,0.9978666666666667,True,selected,target_evaluation
DESI_DR1_SPARCL,1054,2M14201884-0506576,44.4770866538801,1.0,True,selected,target_adaptation
DESI_DR1_SPARCL,1055,2M14202943+0438123,107.42213237866443,0.9984,True,selected,target_evaluation
DESI_DR1_SPARCL,1056,2M14203243-0512405,42.29370880372155,1.0,True,selected,target_adaptation
DESI_DR1_SPARCL,1057,2M14204500-0519551,25.422351632661762,0.9984,True,selected,target_adaptation
DESI_DR1_SPARCL,1058,2M14205845-0528378,48.93466359325078,1.0,True,selected,target_adaptation
DESI_DR1_SPARCL,1059,2M14210047-0556276,37.718740378882224,1.0,True,selected,target_evaluation
DESI_DR1_SPARCL,1060,2M14210140+0444005,72.91892189034736,1.0,True,selected,target_evaluation
DESI_DR1_SPARCL,1061,2M14210489-0511471,48.86010786804501,1.0,True,selected,target_adaptation
DESI_DR1_SPARCL,1062,2M14210752-0542365,50.98394872463365,1.0,True,selected,target_evaluation
DESI_DR1_SPARCL,1063,2M14211641-0447537,67.1411928147057,0.9978666666666667,True,selected,target_evaluation
DESI_DR1_SPARCL,1064,2M14211764-0601511,16.538053715049806,1.0,True,selected,target_adaptation
DESI_DR1_SPARCL,1065,2M14212547-0616487,40.15665801658377,1.0,True,selected,target_adaptation
DESI_DR1_SPARCL,1066,2M14213726-0438030,44.71595221548405,1.0,True,selected,target_evaluation
DESI_DR1_SPARCL,1067,2M14214329-0612517,35.9059929783394,1.0,True,selected,target_evaluation
DESI_DR1_SPARCL,1068,2M14215258-0528057,19.669627668184106,1.0,True,selected,target_adaptation
DESI_DR1_SPARCL,1069,2M14215378-0526532,31.85778548792315,0.9989333333333333,True,selected,target_adaptation
DESI_DR1_SPARCL,1070,2M14215981+0446343,103.51066683172685,1.0,True,selected,target_evaluation
DESI_DR1_SPARCL,1071,2M14224244-0423444,30.974759051814832,1.0,True,selected,target_adaptation
DESI_DR1_SPARCL,1072,2M14224612-0505020,29.693272166314273,0.9989333333333333,True,selected,target_evaluation
DESI_DR1_SPARCL,1073,2M14225155-0613152,19.680171563125693,1.0,True,selected,target_adaptation
DESI_DR1_SPARCL,1074,2M14225957+0458281,122.15240437746465,1.0,True,selected,target_evaluation
DESI_DR1_SPARCL,1075,2M14230303+0448591,149.80348624018967,1.0,True,selected,target_evaluation
DESI_DR1_SPARCL,1076,2M14230743-0528045,28.371220105992663,1.0,True,selected,target_evaluation
DESI_DR1_SPARCL,1077,2M14231075-0630075,41.444917497267426,1.0,True,selected,target_evaluation
DESI_DR1_SPARCL,1078,2M14231146+0440143,104.12955236982317,1.0,True,selected,target_evaluation
DESI_DR1_SPARCL,1079,2M14231377-0520165,64.61329605411419,0.9973333333333333,True,selected,target_evaluation
DESI_DR1_SPARCL,1080,2M14231484-0526322,49.638402659209284,1.0,True,selected,target_evaluation
DESI_DR1_SPARCL,1081,2M14241050-0436101,29.473732957487496,0.9989333333333333,True,selected,target_evaluation
DESI_DR1_SPARCL,1082,2M14241057-0511022,40.42530292921263,1.0,True,selected,target_evaluation
DESI_DR1_SPARCL,1083,2M14241095+5015346,93.85202785344794,1.0,True,selected,target_evaluation
DESI_DR1_SPARCL,1084,2M14241893-0517386,20.811145921686034,1.0,True,selected,target_evaluation
DESI_DR1_SPARCL,1085,2M14242899-0428335,49.37119201286331,0.9968,True,selected,target_adaptation
DESI_DR1_SPARCL,1086,2M14243814-0423291,38.04068622412004,1.0,True,selected,target_adaptation
DESI_DR1_SPARCL,1087,2M14244372-0511056,24.622468073814495,1.0,True,selected,target_evaluation
DESI_DR1_SPARCL,1088,2M14250066-0501112,28.983060893863495,0.9973333333333333,True,selected,target_evaluation
DESI_DR1_SPARCL,1089,2M14253802-0541016,37.91078469564247,1.0,True,selected,target_evaluation
DESI_DR1_SPARCL,1090,2M14253884+5102505,85.81135005898201,1.0,True,selected,target_evaluation
DESI_DR1_SPARCL,1091,2M14254116-0546086,33.804793457726504,1.0,True,selected,target_evaluation
DESI_DR1_SPARCL,1092,2M14254853-0542335,38.60493529170492,1.0,True,selected,target_evaluation
DESI_DR1_SPARCL,1093,2M14254918-0451299,33.24871015108632,1.0,True,selected,target_adaptation
DESI_DR1_SPARCL,1094,2M14261082+5037264,144.45843317676835,0.9946666666666667,True,selected,target_evaluation
DESI_DR1_SPARCL,1095,2M14262061+5006025,40.52593053904335,1.0,True,selected,target_evaluation
DESI_DR1_SPARCL,1096,2M14262658+5107367,118.06567429253649,1.0,True,selected,target_evaluation
DESI_DR1_SPARCL,1097,2M14264483-0515598,40.71155165449848,1.0,True,selected,target_evaluation
DESI_DR1_SPARCL,1098,2M14264539+5025346,85.39161010727483,1.0,True,selected,target_adaptation
DESI_DR1_SPARCL,1099,2M14265121-0527004,56.20024247588731,1.0,True,selected,target_adaptation
DESI_DR1_SPARCL,1100,2M14265430+4933561,106.822260104405,1.0,True,selected,target_evaluation
DESI_DR1_SPARCL,1101,2M14265444+5107314,89.0538174691181,1.0,True,selected,target_evaluation
DESI_DR1_SPARCL,1102,2M14265735+0800225,105.76214055243534,0.9829333333333333,True,selected,target_evaluation
DESI_DR1_SPARCL,1103,2M14272335-0451160,41.37469588932317,1.0,True,selected,target_adaptation
DESI_DR1_SPARCL,1104,2M14274075-0528188,32.235350789241046,1.0,True,selected,target_adaptation
DESI_DR1_SPARCL,1105,2M14275113-0425319,48.02335883335017,1.0,True,selected,target_adaptation
DESI_DR1_SPARCL,1106,2M14282338+0738548,130.79921575883623,0.9850666666666666,True,selected,target_adaptation
DESI_DR1_SPARCL,1107,2M14292442+5034515,86.66935781962471,1.0,True,selected,target_evaluation
DESI_DR1_SPARCL,1108,2M14302436+5108325,132.7246037804592,0.9989333333333333,True,selected,target_adaptation
DESI_DR1_SPARCL,1109,2M14311596+0945172,127.57467956179542,0.9749333333333333,True,selected,target_evaluation
DESI_DR1_SPARCL,1110,2M14311750+5030196,53.52229618131249,1.0,True,selected,target_evaluation
DESI_DR1_SPARCL,1111,2M14312893+0851409,139.29455579140424,0.9786666666666667,True,selected,target_evaluation
DESI_DR1_SPARCL,1112,2M14313739+5108402,95.17697289790834,1.0,True,selected,target_evaluation
DESI_DR1_SPARCL,1113,2M14314454+0907432,115.6865407636927,0.9749333333333333,True,selected,target_adaptation
DESI_DR1_SPARCL,1114,2M14320667+0730483,103.66591617945895,0.9984,True,selected,target_evaluation
DESI_DR1_SPARCL,1115,2M14321959+0902249,92.00209674738844,0.9984,True,selected,target_evaluation
DESI_DR1_SPARCL,1116,2M14322009+5123509,36.57402358211223,1.0,True,selected,target_evaluation
DESI_DR1_SPARCL,1117,2M14322401+5052245,78.78618594103975,1.0,True,selected,target_evaluation
DESI_DR1_SPARCL,1118,2M14324497+0913180,148.7997205911259,0.9872,True,selected,target_evaluation
DESI_DR1_SPARCL,1119,2M14325702+1002072,86.59926161368993,0.9973333333333333,True,selected,target_evaluation
DESI_DR1_SPARCL,1120,2M14325866+4849228,74.69225523391715,1.0,True,selected,target_evaluation
DESI_DR1_SPARCL,1121,2M14340122+0943355,103.00190476199307,0.9952,True,selected,target_evaluation
DESI_DR1_SPARCL,1122,2M14340649+5009041,62.59916255746137,1.0,True,selected,target_evaluation
DESI_DR1_SPARCL,1123,2M14341927+0951226,155.1683278336979,0.9829333333333333,True,selected,target_evaluation
DESI_DR1_SPARCL,1124,2M14342542+0807387,51.56452271713239,0.9989333333333333,True,selected,target_adaptation
DESI_DR1_SPARCL,1125,2M14344386+0827590,112.32649247928802,0.9797333333333333,True,selected,target_adaptation
DESI_DR1_SPARCL,1126,2M14350574+5030321,71.37525231842822,1.0,True,selected,target_evaluation
DESI_DR1_SPARCL,1127,2M14351292+4919263,50.27019158081622,1.0,True,selected,target_evaluation
DESI_DR1_SPARCL,1128,2M14352494+0929102,129.1897160249006,0.9946666666666667,True,selected,target_evaluation
DESI_DR1_SPARCL,1129,2M14352556+0850388,136.9091640658028,0.9824,True,selected,target_evaluation
DESI_DR1_SPARCL,1130,2M14353235+0924151,83.50033333562753,1.0,True,selected,target_adaptation
DESI_DR1_SPARCL,1131,2M14353976+0831484,154.0420156416785,0.9610666666666666,True,selected,target_adaptation
DESI_DR1_SPARCL,1132,2M14354727+5108379,68.31928717785492,1.0,True,selected,target_adaptation
DESI_DR1_SPARCL,1133,2M14360147+5102248,106.34901668523139,1.0,True,selected,target_evaluation
DESI_DR1_SPARCL,1134,2M14362310+0929190,94.87052669831122,0.9962666666666666,True,selected,target_evaluation
DESI_DR1_SPARCL,1135,2M14362669+0750263,86.05964392100721,0.9968,True,selected,target_evaluation
DESI_DR1_SPARCL,1136,2M14363708+5053114,117.77960218671922,0.9978666666666667,True,selected,target_adaptation
DESI_DR1_SPARCL,1137,2M14365161+0838070,113.18921550223371,0.9930666666666667,True,selected,target_evaluation
DESI_DR1_SPARCL,1138,2M14365222+0920158,69.55048139914457,1.0,True,selected,target_evaluation
DESI_DR1_SPARCL,1139,2M14365586+4934257,52.45466141158251,1.0,True,selected,target_evaluation
DESI_DR1_SPARCL,1140,2M14370885+0821334,73.73558391362258,1.0,True,selected,target_evaluation
DESI_DR1_SPARCL,1141,2M14371241+0902307,98.23974887900364,1.0,True,selected,target_evaluation
DESI_DR1_SPARCL,1142,2M14414009+4539270,95.91121600456368,0.9957333333333334,True,selected,target_evaluation
DESI_DR1_SPARCL,1143,2M14414948+4602235,70.79150583441974,1.0,True,selected,target_evaluation
DESI_DR1_SPARCL,1144,2M14415425+1255317,86.99794740123656,0.9984,True,selected,target_evaluation
DESI_DR1_SPARCL,1145,2M14415769+1148384,87.42601606985556,0.9978666666666667,True,selected,target_evaluation
DESI_DR1_SPARCL,1146,2M14421168+4614278,105.52011795530905,0.9952,True,selected,target_evaluation
DESI_DR1_SPARCL,1147,2M14421565+1249369,85.0206113820756,1.0,True,selected,target_evaluation
DESI_DR1_SPARCL,1148,2M14421884+1207259,157.68589059411113,0.9914666666666667,True,selected,target_adaptation
DESI_DR1_SPARCL,1149,2M14422458+1247015,135.9234585253177,0.9658666666666667,True,selected,target_adaptation
DESI_DR1_SPARCL,1150,2M14430115+4708360,93.43016449964733,0.9984,True,selected,target_evaluation
DESI_DR1_SPARCL,1151,2M14431883+1311000,62.36710574184067,1.0,True,selected,target_evaluation
DESI_DR1_SPARCL,1152,2M14431891+1202215,70.90896424952321,0.9989333333333333,True,selected,target_adaptation
DESI_DR1_SPARCL,1153,2M14432248+4552467,92.05714815894711,0.9957333333333334,True,selected,target_evaluation
DESI_DR1_SPARCL,1154,2M14434982+4624424,95.97319176709543,0.9936,True,selected,target_adaptation
DESI_DR1_SPARCL,1155,2M14441441+4535317,72.56730830256856,1.0,True,selected,target_evaluation
DESI_DR1_SPARCL,1156,2M14442543+1259237,101.0918972655233,0.9968,True,selected,target_evaluation
DESI_DR1_SPARCL,1157,2M14442909+4710297,77.21802421832274,0.9978666666666667,True,selected,target_adaptation
DESI_DR1_SPARCL,1158,2M14444435+1148174,78.96872078484677,0.9968,True,selected,target_evaluation
DESI_DR1_SPARCL,1159,2M14445836+1128065,127.5588538646551,0.992,True,selected,target_evaluation
DESI_DR1_SPARCL,1160,2M14450532+1216338,115.03416364834028,0.9904,True,selected,target_evaluation
DESI_DR1_SPARCL,1161,2M14451457+4558120,87.56380889137245,0.9952,True,selected,target_evaluation
DESI_DR1_SPARCL,1162,2M14452972+1120525,129.00396754622753,0.9984,True,selected,target_evaluation
DESI_DR1_SPARCL,1163,2M14453081+1208064,80.15099284502256,0.9984,True,selected,target_evaluation
DESI_DR1_SPARCL,1164,2M14454724+1232486,118.83093590175537,0.9962666666666666,True,selected,target_adaptation
DESI_DR1_SPARCL,1165,2M14454869+1328368,76.28258380161328,0.9978666666666667,True,selected,target_evaluation
DESI_DR1_SPARCL,1166,2M14455644+4709594,62.135830417916424,1.0,True,selected,target_adaptation
DESI_DR1_SPARCL,1167,2M14462597+4557449,88.38575953715845,0.9968,True,selected,target_adaptation
DESI_DR1_SPARCL,1168,2M14463365+1130510,75.95675575598271,1.0,True,selected,target_evaluation
DESI_DR1_SPARCL,1169,2M14471123+4620327,52.921745124956644,1.0,True,selected,target_evaluation
DESI_DR1_SPARCL,1170,2M14471994+1256507,81.51434212107603,0.9984,True,selected,target_evaluation
DESI_DR1_SPARCL,1171,2M14472240+4547163,117.94275866492049,0.9792,True,selected,target_adaptation
DESI_DR1_SPARCL,1172,2M14474719+4607014,110.52864151239912,0.9946666666666667,True,selected,target_evaluation
DESI_DR1_SPARCL,1173,2M14480906+1238304,87.76700403867292,1.0,True,selected,target_evaluation
DESI_DR1_SPARCL,1174,2M14482425+1314052,79.25730653068706,1.0,True,selected,target_evaluation
DESI_DR1_SPARCL,1175,2M14484246+1310544,69.20983891799847,0.9973333333333333,True,selected,target_evaluation
DESI_DR1_SPARCL,1176,2M14490327+1318008,76.06413879266226,0.9968,True,selected,target_evaluation
DESI_DR1_SPARCL,1177,2M14490364+1305325,93.14987791451294,1.0,True,selected,target_evaluation
DESI_DR1_SPARCL,1178,2M14490861+1313076,108.56591320323061,0.9968,True,selected,target_evaluation
DESI_DR1_SPARCL,1179,2M14492689+1242233,95.87422902175653,0.9893333333333333,True,selected,target_evaluation
DESI_DR1_SPARCL,1180,2M14493371+4557427,73.56368056705809,1.0,True,selected,target_evaluation
DESI_DR1_SPARCL,1181,2M14493880+1242211,120.42410468763421,0.9861333333333333,True,selected,target_adaptation
DESI_DR1_SPARCL,1182,2M14494110+1226073,77.15110290280882,1.0,True,selected,target_adaptation
DESI_DR1_SPARCL,1183,2M14500750+1234306,119.47912508259542,0.9872,True,selected,target_evaluation
DESI_DR1_SPARCL,1184,2M14505934+3711329,108.69422335306629,0.9952,True,selected,target_evaluation
DESI_DR1_SPARCL,1185,2M14510048+3645237,82.91269762849298,1.0,True,selected,target_evaluation
DESI_DR1_SPARCL,1186,2M14512709+3753591,37.32806519573721,0.9984,True,selected,target_adaptation
DESI_DR1_SPARCL,1187,2M14513632+3723433,67.98176612059986,1.0,True,selected,target_evaluation
DESI_DR1_SPARCL,1188,2M14514665+3110065,159.55280309320804,0.992,True,selected,target_evaluation
DESI_DR1_SPARCL,1189,2M14520788+3810051,106.76119255217637,0.9904,True,selected,target_evaluation
DESI_DR1_SPARCL,1190,2M14521743+4508436,109.38748646851629,1.0,True,selected,target_evaluation
DESI_DR1_SPARCL,1191,2M14521864+4525455,103.68193033555207,0.9882666666666666,True,selected,target_adaptation
DESI_DR1_SPARCL,1192,2M14522236+3816337,124.15799116375781,0.9888,True,selected,target_evaluation
DESI_DR1_SPARCL,1193,2M14523537+3023319,153.40524858020356,0.9957333333333334,True,selected,target_evaluation
DESI_DR1_SPARCL,1194,2M14523601+4447493,89.55857251622132,0.992,True,selected,target_adaptation
DESI_DR1_SPARCL,1195,2M14523953+3701345,108.60974057411688,0.9888,True,selected,target_evaluation
DESI_DR1_SPARCL,1196,2M14525334+4136321,61.86056777810444,0.9968,True,selected,target_evaluation
DESI_DR1_SPARCL,1197,2M14525336+3704472,135.03022011369632,0.9898666666666667,True,selected,target_evaluation
DESI_DR1_SPARCL,1198,2M14531624+3727054,95.32520670149475,0.9968,True,selected,target_evaluation
DESI_DR1_SPARCL,1199,2M14532014+3725198,143.31633018857832,0.9781333333333333,True,selected,target_evaluation
DESI_DR1_SPARCL,1200,2M14532780+4137585,110.43491833730998,0.9914666666666667,True,selected,target_evaluation
DESI_DR1_SPARCL,1201,2M14533165+3741571,148.59536673043635,0.9589333333333333,True,selected,target_adaptation
DESI_DR1_SPARCL,1202,2M14533964+4506180,75.96600010046862,1.0,True,selected,target_evaluation
DESI_DR1_SPARCL,1203,2M14534036+3059049,122.71655687185186,0.9978666666666667,True,selected,target_evaluation
DESI_DR1_SPARCL,1204,2M14541343+3114042,53.00536558847112,1.0,True,selected,target_evaluation
DESI_DR1_SPARCL,1205,2M14545448+3727080,113.70824828735222,0.9888,True,selected,target_adaptation
DESI_DR1_SPARCL,1206,2M14550118+3032302,142.6279525170881,0.9861333333333333,True,selected,target_adaptation
DESI_DR1_SPARCL,1207,2M14550676+3656055,81.67046563612202,0.9946666666666667,True,selected,target_adaptation
DESI_DR1_SPARCL,1208,2M14550743+4049479,94.51402120285255,1.0,True,selected,target_evaluation
DESI_DR1_SPARCL,1209,2M14552114+3005301,69.69597432375896,1.0,True,selected,target_adaptation
DESI_DR1_SPARCL,1210,2M14552949+4118459,59.951529008905624,1.0,True,selected,target_evaluation
DESI_DR1_SPARCL,1211,2M14554656+4035566,89.85938607625869,0.9877333333333334,True,selected,target_evaluation
DESI_DR1_SPARCL,1212,2M14554798+4148048,66.00595490373091,1.0,True,selected,target_evaluation
DESI_DR1_SPARCL,1213,2M14560814+3839550,68.3424406666685,1.0,True,selected,target_evaluation
DESI_DR1_SPARCL,1214,2M14561661+2954519,120.21707863943095,1.0,True,selected,target_evaluation
DESI_DR1_SPARCL,1215,2M14564000+4250550,67.91908730590241,0.9989333333333333,True,selected,target_evaluation
DESI_DR1_SPARCL,1216,2M14565070+4131249,59.22685027107555,1.0,True,selected,target_evaluation
DESI_DR1_SPARCL,1217,2M14565544+4111459,94.60692420804678,0.9978666666666667,True,selected,target_adaptation
DESI_DR1_SPARCL,1218,2M14570110+3727511,96.12665806239448,0.9973333333333333,True,selected,target_evaluation
DESI_DR1_SPARCL,1219,2M14570204+3622545,36.96331731849274,1.0,True,selected,target_adaptation
DESI_DR1_SPARCL,1220,2M14570345+4125531,103.42464309730947,0.9872,True,selected,target_evaluation
DESI_DR1_SPARCL,1221,2M14571440+4117467,92.26296007645368,0.9941333333333333,True,selected,target_evaluation
DESI_DR1_SPARCL,1222,2M14571853+3755298,115.83530111975669,0.9925333333333334,True,selected,target_adaptation
DESI_DR1_SPARCL,1223,2M14575951+3026230,135.36978460835562,1.0,True,selected,target_evaluation
DESI_DR1_SPARCL,1224,2M14580228+3734451,119.21993883119043,0.9914666666666667,True,selected,target_adaptation
DESI_DR1_SPARCL,1225,2M14582882+3750033,56.849004099006706,0.9984,True,selected,target_evaluation
DESI_DR1_SPARCL,1226,2M14584400+4146018,69.71509092691979,1.0,True,selected,target_evaluation
DESI_DR1_SPARCL,1227,2M14584742+2959361,80.08071533668368,1.0,True,selected,target_evaluation
DESI_DR1_SPARCL,1228,2M14585959+4154486,80.95927074592421,0.9984,True,selected,target_adaptation
DESI_DR1_SPARCL,1229,2M14590257+3024158,135.6066152646945,1.0,True,selected,target_evaluation
DESI_DR1_SPARCL,1230,2M14590574+3730402,102.81975833715408,0.9893333333333333,True,selected,target_adaptation
DESI_DR1_SPARCL,1231,2M14593161+3806000,68.10221626858132,1.0,True,selected,target_evaluation
DESI_DR1_SPARCL,1232,2M14593375+3730077,86.62147901980777,0.9984,True,selected,target_adaptation
DESI_DR1_SPARCL,1233,2M14594175+3740013,72.28662931938781,1.0,True,selected,target_evaluation
DESI_DR1_SPARCL,1234,2M15000319+2955500,117.69137321090157,1.0,True,selected,target_evaluation
DESI_DR1_SPARCL,1235,2M15004251+3739306,86.3064776703167,0.9989333333333333,True,selected,target_evaluation
DESI_DR1_SPARCL,1236,2M15005086+3722017,65.30399035335122,0.9984,True,selected,target_evaluation
DESI_DR1_SPARCL,1237,2M15031373+3812382,113.26893644660258,0.9856,True,selected,target_adaptation
DESI_DR1_SPARCL,1238,2M15044012+2522047,134.01155312172682,1.0,True,selected,target_adaptation
DESI_DR1_SPARCL,1239,2M15044113+2610212,124.14601150870429,1.0,True,selected,target_adaptation
DESI_DR1_SPARCL,1240,2M15045336+2542092,104.60484255723199,1.0,True,selected,target_evaluation
DESI_DR1_SPARCL,1241,2M15052277+2611136,104.15241557450365,1.0,True,selected,target_adaptation
DESI_DR1_SPARCL,1242,2M15060623+3725450,48.01711376466932,0.9984,True,selected,target_evaluation
DESI_DR1_SPARCL,1243,2M15063236+2521448,97.41428739275894,1.0,True,selected,target_evaluation
DESI_DR1_SPARCL,1244,2M15064933+3636070,48.453176741763755,1.0,True,selected,target_adaptation
DESI_DR1_SPARCL,1245,2M15070166+2515436,117.53574758232298,0.9989333333333333,True,selected,target_evaluation
DESI_DR1_SPARCL,1246,2M15072615+2540317,134.97999979339127,1.0,True,selected,target_evaluation
DESI_DR1_SPARCL,1247,2M15073051+2639457,104.35393098354382,1.0,True,selected,target_evaluation
DESI_DR1_SPARCL,1248,2M15075064+2520013,130.25321611347007,0.9984,True,selected,target_evaluation
DESI_DR1_SPARCL,1249,2M15090070+2622283,94.25423161616645,1.0,True,selected,target_evaluation
DESI_DR1_SPARCL,1250,2M15095831+2652494,77.87167719850872,1.0,True,selected,target_evaluation
DESI_DR1_SPARCL,1251,2M15110779+2610148,148.7674394148666,0.9946666666666667,True,selected,target_evaluation
DESI_DR1_SPARCL,1252,2M15110839+2612306,138.99476020153514,0.9930666666666667,True,selected,target_adaptation
DESI_DR1_SPARCL,1253,2M15112412+3539338,104.79957529888641,1.0,True,selected,target_evaluation
DESI_DR1_SPARCL,1254,2M15112803+2647503,64.88631040725576,1.0,True,selected,target_adaptation
DESI_DR1_SPARCL,1255,2M15113350+3118308,68.24097453347603,1.0,True,selected,target_evaluation
DESI_DR1_SPARCL,1256,2M15114606+3541143,108.83576546685991,1.0,True,selected,target_evaluation
DESI_DR1_SPARCL,1257,2M15114811+3045365,122.16119835408448,1.0,True,selected,target_evaluation
DESI_DR1_SPARCL,1258,2M15121755+0029199,137.800079018486,1.0,True,selected,target_evaluation
DESI_DR1_SPARCL,1259,2M15122613+0146149,93.94481340185133,1.0,True,selected,target_evaluation
DESI_DR1_SPARCL,1260,2M15123093+0013205,139.49340125960356,1.0,True,selected,target_evaluation
DESI_DR1_SPARCL,1261,2M15123634+3041360,130.92178354537356,0.9989333333333333,True,selected,target_evaluation
DESI_DR1_SPARCL,1262,2M15123641-0040264,148.87224590441136,1.0,True,selected,target_adaptation
DESI_DR1_SPARCL,1263,2M15124841-0051104,97.02879460091697,1.0,True,selected,target_evaluation
DESI_DR1_SPARCL,1264,2M15125343+0006356,148.74453140699256,1.0,True,selected,target_evaluation
DESI_DR1_SPARCL,1265,2M15130095+0136022,80.75742538529121,1.0,True,selected,target_evaluation
DESI_DR1_SPARCL,1266,2M15130399+0209578,93.21911385725956,1.0,True,selected,target_evaluation
DESI_DR1_SPARCL,1267,2M15130658+0026572,101.79116499205992,1.0,True,selected,target_evaluation
DESI_DR1_SPARCL,1268,2M15131353-0017234,123.18124206238191,1.0,True,selected,target_evaluation
DESI_DR1_SPARCL,1269,2M15131801+0159469,64.10030535764888,1.0,True,selected,target_evaluation
DESI_DR1_SPARCL,1270,2M15132041-0013353,153.82237440574795,1.0,True,selected,target_evaluation
DESI_DR1_SPARCL,1271,2M15132133+0158253,32.921939305651726,1.0,True,selected,target_evaluation
DESI_DR1_SPARCL,1272,2M15132311+3155225,52.92505083536086,1.0,True,selected,target_evaluation
DESI_DR1_SPARCL,1273,2M15133175-0030398,122.38367484447461,1.0,True,selected,target_adaptation
DESI_DR1_SPARCL,1274,2M15133712+3117506,84.72771949073635,1.0,True,selected,target_evaluation
DESI_DR1_SPARCL,1275,2M15134845+0000312,60.63272937272953,1.0,True,selected,target_evaluation
DESI_DR1_SPARCL,1276,2M15135292+0045538,154.16700501497857,1.0,True,selected,target_evaluation
DESI_DR1_SPARCL,1277,2M15135519+3122033,108.36669032944188,1.0,True,selected,target_adaptation
DESI_DR1_SPARCL,1278,2M15135728+3204592,115.55006757666418,1.0,True,selected,target_evaluation
DESI_DR1_SPARCL,1279,2M15140174+0202231,31.525320980199634,1.0,True,selected,target_adaptation
DESI_DR1_SPARCL,1280,2M15140363+0207065,87.06499990671503,1.0,True,selected,target_evaluation
DESI_DR1_SPARCL,1281,2M15141769+0033146,149.03513564324018,1.0,True,selected,target_evaluation
DESI_DR1_SPARCL,1282,2M15141870+3127011,111.7769761197194,0.9984,True,selected,target_evaluation
DESI_DR1_SPARCL,1283,2M15142135+0113129,118.47626620410838,1.0,True,selected,target_evaluation
DESI_DR1_SPARCL,1284,2M15142353+0213333,111.08054098997184,1.0,True,selected,target_evaluation
DESI_DR1_SPARCL,1285,2M15142708+3127034,116.42331879990448,0.9984,True,selected,target_adaptation
DESI_DR1_SPARCL,1286,2M15142818-0055049,130.64671936744654,1.0,True,selected,target_adaptation
DESI_DR1_SPARCL,1287,2M15143452+3532105,146.30584146183017,0.9989333333333333,True,selected,target_evaluation
DESI_DR1_SPARCL,1288,2M15143523-0107207,97.94890383584398,1.0,True,selected,target_adaptation
DESI_DR1_SPARCL,1289,2M15144818+0135548,52.0030712032581,1.0,True,selected,target_adaptation
DESI_DR1_SPARCL,1290,2M15145170-0007167,139.57007891273503,1.0,True,selected,target_evaluation
DESI_DR1_SPARCL,1291,2M15145311+0151195,35.35631484470658,1.0,True,selected,target_adaptation
DESI_DR1_SPARCL,1292,2M15145787-0030294,134.07357708170173,1.0,True,selected,target_evaluation
DESI_DR1_SPARCL,1293,2M15145881-0000598,125.45399907914616,1.0,True,selected,target_evaluation
DESI_DR1_SPARCL,1294,2M15150694+0157420,43.240792529762686,1.0,True,selected,target_evaluation
DESI_DR1_SPARCL,1295,2M15152127+0228593,70.66778138175141,1.0,True,selected,target_evaluation
DESI_DR1_SPARCL,1296,2M15152183+0200242,52.82305949539551,1.0,True,selected,target_evaluation
DESI_DR1_SPARCL,1297,2M15152819+0153131,58.1893760933984,1.0,True,selected,target_evaluation
DESI_DR1_SPARCL,1298,2M15153068+0052318,119.4648992841905,1.0,True,selected,target_evaluation
DESI_DR1_SPARCL,1299,2M15153512-0012420,120.99818750405902,1.0,True,selected,target_evaluation
DESI_DR1_SPARCL,1300,2M15153527-0113371,102.75781533107796,1.0,True,selected,target_evaluation
DESI_DR1_SPARCL,1301,2M15153576+0027351,90.14600260874506,1.0,True,selected,target_evaluation
DESI_DR1_SPARCL,1302,2M15153684+3501283,83.72821975270463,1.0,True,selected,target_evaluation
DESI_DR1_SPARCL,1303,2M15154227+0043220,115.36274510907806,1.0,True,selected,target_adaptation
DESI_DR1_SPARCL,1304,2M15154666-0046527,53.81417694627756,1.0,True,selected,target_adaptation
DESI_DR1_SPARCL,1305,2M15155379-0052069,89.11244655375496,1.0,True,selected,target_adaptation
DESI_DR1_SPARCL,1306,2M15155395-0109494,139.22613156970147,1.0,True,selected,target_adaptation
DESI_DR1_SPARCL,1307,2M15160904-0115219,101.53192907621998,1.0,True,selected,target_adaptation
DESI_DR1_SPARCL,1308,2M15162002+3520369,93.43283465620011,1.0,True,selected,target_adaptation
DESI_DR1_SPARCL,1309,2M15162397+0054244,54.01335808903052,1.0,True,selected,target_evaluation
DESI_DR1_SPARCL,1310,2M15163603-0046328,119.12205214261863,1.0,True,selected,target_evaluation
DESI_DR1_SPARCL,1311,2M15163812-0029466,95.9290132712012,0.9898666666666667,True,selected,target_evaluation
DESI_DR1_SPARCL,1312,2M15165535+0201075,96.94155429057082,0.9989333333333333,True,selected,target_evaluation
DESI_DR1_SPARCL,1313,2M15165663-0025473,124.73307710859011,0.9989333333333333,True,selected,target_evaluation
DESI_DR1_SPARCL,1314,2M15165699+0044131,132.1828594595245,1.0,True,selected,target_evaluation
DESI_DR1_SPARCL,1315,2M15170458+0114368,152.8081119136594,1.0,True,selected,target_evaluation
DESI_DR1_SPARCL,1316,2M15170752-0044431,141.0191591440691,1.0,True,selected,target_evaluation
DESI_DR1_SPARCL,1317,2M15171010+0109022,80.25251269013731,1.0,True,selected,target_adaptation
DESI_DR1_SPARCL,1318,2M15171283+3522315,152.41355806218766,0.9989333333333333,True,selected,target_adaptation
DESI_DR1_SPARCL,1319,2M15171737-0127267,57.94478772610845,1.0,True,selected,target_evaluation
DESI_DR1_SPARCL,1320,2M15172013+0001071,146.42518273448852,1.0,True,selected,target_evaluation
DESI_DR1_SPARCL,1321,2M15172074+0038350,49.835853852537674,1.0,True,selected,target_evaluation
DESI_DR1_SPARCL,1322,2M15172556+0013039,57.04805078929374,1.0,True,selected,target_adaptation
DESI_DR1_SPARCL,1323,2M15173426+0120293,85.32759622902391,1.0,True,selected,target_evaluation
DESI_DR1_SPARCL,1324,2M15173717-0136562,52.875309436579656,1.0,True,selected,target_evaluation
DESI_DR1_SPARCL,1325,2M15173719-0127443,78.75424848664366,1.0,True,selected,target_adaptation
DESI_DR1_SPARCL,1326,2M15173864+0202251,63.10264342734522,1.0,True,selected,target_adaptation
DESI_DR1_SPARCL,1327,2M15174569+0122462,24.522387724030732,1.0,True,selected,target_adaptation
DESI_DR1_SPARCL,1328,2M15174813+0050050,147.2848523141014,1.0,True,selected,target_evaluation
DESI_DR1_SPARCL,1329,2M15175089+0002065,82.34976605851384,1.0,True,selected,target_evaluation
DESI_DR1_SPARCL,1330,2M15175206+0159462,34.599940658672594,1.0,True,selected,target_evaluation
DESI_DR1_SPARCL,1331,2M15175224+0208026,62.018342888314784,1.0,True,selected,target_adaptation
DESI_DR1_SPARCL,1332,2M15175431-0115155,84.55156734082044,1.0,True,selected,target_evaluation
DESI_DR1_SPARCL,1333,2M15175526+0207249,52.163446142468835,1.0,True,selected,target_evaluation
DESI_DR1_SPARCL,1334,2M15175802+3515046,84.97742909316331,1.0,True,selected,target_evaluation
DESI_DR1_SPARCL,1335,2M15175948+0123092,128.70078387554526,0.9984,True,selected,target_evaluation
DESI_DR1_SPARCL,1336,2M15180253+0008090,133.42683903091128,1.0,True,selected,target_adaptation
DESI_DR1_SPARCL,1337,2M15180398-0127222,60.238287849626744,1.0,True,selected,target_evaluation
DESI_DR1_SPARCL,1338,2M15182498+0054368,16.500949596495243,1.0,True,selected,target_evaluation
DESI_DR1_SPARCL,1339,2M15182534+0222147,52.93357085945836,1.0,True,selected,target_adaptation
DESI_DR1_SPARCL,1340,2M15183014+0057024,85.4685746705667,1.0,True,selected,target_evaluation
DESI_DR1_SPARCL,1341,2M15183268-0026463,124.37350385380623,1.0,True,selected,target_evaluation
DESI_DR1_SPARCL,1342,2M15184134-0220321,178.67076910155708,0.9936,True,selected,target_evaluation
DESI_DR1_SPARCL,1343,2M15184276-0126012,72.45387371944865,1.0,True,selected,target_adaptation
DESI_DR1_SPARCL,1344,2M15185896-0034018,81.72658524632988,1.0,True,selected,target_adaptation
DESI_DR1_SPARCL,1345,2M15185964+0039124,115.34150092177647,1.0,True,selected,target_adaptation
DESI_DR1_SPARCL,1346,2M15190227+0022391,82.54287035296565,1.0,True,selected,target_evaluation
DESI_DR1_SPARCL,1347,2M15190398-0005375,149.30800229579307,0.9914666666666667,True,selected,target_evaluation
DESI_DR1_SPARCL,1348,2M15190496-0132158,88.33835164273621,1.0,True,selected,target_evaluation
DESI_DR1_SPARCL,1349,2M15190599+3522012,74.19577769386387,1.0,True,selected,target_evaluation
DESI_DR1_SPARCL,1350,2M15190670+3505560,96.27257768307739,1.0,True,selected,target_adaptation
DESI_DR1_SPARCL,1351,2M15192089+0039294,49.944938547322316,1.0,True,selected,target_evaluation
DESI_DR1_SPARCL,1352,2M15192557+0032033,150.19853065148214,0.9984,True,selected,target_evaluation
DESI_DR1_SPARCL,1353,2M15192957-0204183,96.63146501634988,1.0,True,selected,target_evaluation
DESI_DR1_SPARCL,1354,2M15193106-0039093,82.34383659348187,1.0,True,selected,target_evaluation
DESI_DR1_SPARCL,1355,2M15193208+0025293,56.32889459403775,1.0,True,selected,target_evaluation
DESI_DR1_SPARCL,1356,2M15200396+0108241,110.43213488253011,1.0,True,selected,target_evaluation
DESI_DR1_SPARCL,1357,2M15200583+3511162,60.72515044688388,1.0,True,selected,target_evaluation
DESI_DR1_SPARCL,1358,2M15200808+0026049,69.06011227662846,1.0,True,selected,target_evaluation
DESI_DR1_SPARCL,1359,2M15201389-0004549,81.74573667881356,1.0,True,selected,target_evaluation
DESI_DR1_SPARCL,1360,2M15201415+0112117,97.76770425345931,1.0,True,selected,target_adaptation
DESI_DR1_SPARCL,1361,2M15201555-0000187,47.12738235367088,1.0,True,selected,target_evaluation
DESI_DR1_SPARCL,1362,2M15201774+0030237,101.53545338714211,1.0,True,selected,target_evaluation
DESI_DR1_SPARCL,1363,2M15201969-0213390,76.00668331310293,1.0,True,selected,target_evaluation
DESI_DR1_SPARCL,1364,2M15202174+0022219,129.90874737752983,1.0,True,selected,target_adaptation
DESI_DR1_SPARCL,1365,2M15202892+0040030,75.98067796411172,1.0,True,selected,target_evaluation
DESI_DR1_SPARCL,1366,2M15203738-0142044,116.84021018834228,0.9957333333333334,True,selected,target_adaptation
DESI_DR1_SPARCL,1367,2M15204058+0036187,154.83657664255864,1.0,True,selected,target_adaptation
DESI_DR1_SPARCL,1368,2M15205032+3521407,92.01252160921811,1.0,True,selected,target_evaluation
DESI_DR1_SPARCL,1369,2M15210426-0150423,130.44980274982487,1.0,True,selected,target_evaluation
DESI_DR1_SPARCL,1370,2M15211044-0007598,136.73985645044903,1.0,True,selected,target_adaptation
DESI_DR1_SPARCL,1371,2M15211283+0030193,97.01020990933036,1.0,True,selected,target_evaluation
DESI_DR1_SPARCL,1372,2M15211454-0204389,75.83240205591643,1.0,True,selected,target_evaluation
DESI_DR1_SPARCL,1373,2M15211822+0203317,111.16000053537945,1.0,True,selected,target_evaluation
DESI_DR1_SPARCL,1374,2M15212318-0109507,88.29686909848535,1.0,True,selected,target_adaptation
DESI_DR1_SPARCL,1375,2M15212630-0104159,110.85089554319062,1.0,True,selected,target_evaluation
DESI_DR1_SPARCL,1376,2M15212872+0059169,114.74877572236547,1.0,True,selected,target_evaluation
DESI_DR1_SPARCL,1377,2M15213217+3501453,103.20531433513258,0.9813333333333333,True,selected,target_adaptation
DESI_DR1_SPARCL,1378,2M15213345-0152012,82.38063210737246,1.0,True,selected,target_adaptation
DESI_DR1_SPARCL,1379,2M15214654-0117025,122.80500153956376,1.0,True,selected,target_adaptation
DESI_DR1_SPARCL,1380,2M15214682-0148282,66.43388902126716,1.0,True,selected,target_evaluation
DESI_DR1_SPARCL,1381,2M15215465+3445399,166.3668193171891,1.0,True,selected,target_evaluation
DESI_DR1_SPARCL,1382,2M15220743-0114565,153.9596773723054,1.0,True,selected,target_evaluation
DESI_DR1_SPARCL,1383,2M15275294+3720024,50.68891737849431,1.0,True,selected,target_evaluation
DESI_DR1_SPARCL,1384,2M15302274+4215173,115.94969929376833,0.9909333333333333,True,selected,target_adaptation
DESI_DR1_SPARCL,1385,2M15565418+2729035,147.02913007529023,0.9632,True,selected,target_evaluation
DESI_DR1_SPARCL,1386,2M15580157+2728414,144.33577265461793,0.9834666666666667,True,selected,target_evaluation
DESI_DR1_SPARCL,1387,2M15581982+2739396,87.94824269604746,0.9946666666666667,True,selected,target_adaptation
DESI_DR1_SPARCL,1388,2M15584170+2751116,96.43000558641599,1.0,True,selected,target_adaptation
DESI_DR1_SPARCL,1389,2M15593435+2912323,94.7503285421987,0.9989333333333333,True,selected,target_adaptation
DESI_DR1_SPARCL,1390,2M16000395+2803493,101.93445316177448,0.9909333333333333,True,selected,target_evaluation
DESI_DR1_SPARCL,1391,2M16000798+2739276,113.63810510725422,0.9914666666666667,True,selected,target_evaluation
DESI_DR1_SPARCL,1392,2M16001659+2924419,84.07753929166536,1.0,True,selected,target_evaluation
DESI_DR1_SPARCL,1393,2M16001668+2813575,86.10478627433824,0.9973333333333333,True,selected,target_evaluation
DESI_DR1_SPARCL,1394,2M16002297+2736569,136.30085676685815,0.9861333333333333,True,selected,target_evaluation
DESI_DR1_SPARCL,1395,2M16002897+2836436,70.21950505465983,1.0,True,selected,target_evaluation
DESI_DR1_SPARCL,1396,2M16003077+2833248,135.0760649429504,0.9957333333333334,True,selected,target_evaluation
DESI_DR1_SPARCL,1397,2M16003371+2730275,86.60285617866141,0.9978666666666667,True,selected,target_evaluation
DESI_DR1_SPARCL,1398,2M16003765+2708071,147.889002149729,0.9749333333333333,True,selected,target_evaluation
DESI_DR1_SPARCL,1399,2M16004038+2639198,155.4845577995145,0.9626666666666667,True,selected,target_evaluation
DESI_DR1_SPARCL,1400,2M16004341+2652137,136.78959202054796,0.9941333333333333,True,selected,target_adaptation
DESI_DR1_SPARCL,1401,2M16004640+2708263,69.33486744255009,0.9984,True,selected,target_adaptation
DESI_DR1_SPARCL,1402,2M16004925+2744044,88.61766506179212,1.0,True,selected,target_evaluation
DESI_DR1_SPARCL,1403,2M16010481+2639362,132.05282357338535,0.9888,True,selected,target_adaptation
DESI_DR1_SPARCL,1404,2M16010901+2742467,104.0223687413169,0.9930666666666667,True,selected,target_adaptation
DESI_DR1_SPARCL,1405,2M16012457+2800522,114.59347936340924,0.976,True,selected,target_evaluation
DESI_DR1_SPARCL,1406,2M16012658+2813139,112.32262956823553,0.9909333333333333,True,selected,target_evaluation
DESI_DR1_SPARCL,1407,2M16014364+2804176,88.06384901550891,0.9946666666666667,True,selected,target_evaluation
DESI_DR1_SPARCL,1408,2M16020910+2821003,106.847205325401,0.9856,True,selected,target_evaluation
DESI_DR1_SPARCL,1409,2M16021369+2921272,127.43828565397621,0.9989333333333333,True,selected,target_adaptation
DESI_DR1_SPARCL,1410,2M16021557+2727174,45.75771423643837,0.9957333333333334,True,selected,target_adaptation
DESI_DR1_SPARCL,1411,2M16022711+2827141,79.7426895879249,0.9946666666666667,True,selected,target_evaluation
DESI_DR1_SPARCL,1412,2M16023712+2857446,100.4407886947651,0.9930666666666667,True,selected,target_evaluation
DESI_DR1_SPARCL,1413,2M16023999+2809023,85.14567817866428,0.9989333333333333,True,selected,target_evaluation
DESI_DR1_SPARCL,1414,2M16024035+2832161,139.16450336949987,0.9589333333333333,True,selected,target_adaptation
DESI_DR1_SPARCL,1415,2M16025547+2707136,128.40711188479662,0.9706666666666667,True,selected,target_adaptation
DESI_DR1_SPARCL,1416,2M16030873+2826556,84.53328242508587,1.0,True,selected,target_adaptation
DESI_DR1_SPARCL,1417,2M16031842+2742103,68.64773289155369,0.9957333333333334,True,selected,target_evaluation
DESI_DR1_SPARCL,1418,2M16032642+2736538,91.72652749001547,0.9925333333333334,True,selected,target_evaluation
DESI_DR1_SPARCL,1419,2M16034204+2748333,86.83240919130085,0.9936,True,selected,target_evaluation
DESI_DR1_SPARCL,1420,2M16035416+2800219,90.30178822831373,0.9968,True,selected,target_evaluation
DESI_DR1_SPARCL,1421,2M16035416+2804272,143.89534544524335,0.9850666666666666,True,selected,target_evaluation
DESI_DR1_SPARCL,1422,2M16041039+2815160,138.39182399923757,0.9786666666666667,True,selected,target_evaluation
DESI_DR1_SPARCL,1423,2M16041825+2812310,72.26877471744343,0.9952,True,selected,target_adaptation
DESI_DR1_SPARCL,1424,2M16042285+2847434,58.21798568017697,1.0,True,selected,target_evaluation
DESI_DR1_SPARCL,1425,2M16045236+2828032,118.82664877013326,0.9829333333333333,True,selected,target_adaptation
DESI_DR1_SPARCL,1426,2M16051764+2751201,117.70104065017976,0.9898666666666667,True,selected,target_evaluation
DESI_DR1_SPARCL,1427,2M16052760+2307565,70.47029503188452,0.9978666666666667,True,selected,target_evaluation
DESI_DR1_SPARCL,1428,2M16053587+2402026,88.58811101638565,0.9925333333333334,True,selected,target_evaluation
DESI_DR1_SPARCL,1429,2M16053949+2829232,118.84743454296435,0.9861333333333333,True,selected,target_adaptation
DESI_DR1_SPARCL,1430,2M16054233+2407360,62.88779610913265,0.9984,True,selected,target_evaluation
DESI_DR1_SPARCL,1431,2M16054970+2817147,93.77518823565572,0.9962666666666666,True,selected,target_evaluation
DESI_DR1_SPARCL,1432,2M16055055+2254389,80.7929490734143,1.0,True,selected,target_evaluation
DESI_DR1_SPARCL,1433,2M16055089+2825139,83.19765493488457,0.9968,True,selected,target_evaluation
DESI_DR1_SPARCL,1434,2M16055453+2814016,101.56571696679548,0.9946666666666667,True,selected,target_evaluation
DESI_DR1_SPARCL,1435,2M16060304+2820540,121.09633589626694,0.9829333333333333,True,selected,target_adaptation
DESI_DR1_SPARCL,1436,2M16060555+2423155,49.731719439631966,1.0,True,selected,target_evaluation
DESI_DR1_SPARCL,1437,2M16061085+2346046,79.63431399943238,0.9978666666666667,True,selected,target_adaptation
DESI_DR1_SPARCL,1438,2M16061560+2748533,75.36502755673509,0.9946666666666667,True,selected,target_evaluation
DESI_DR1_SPARCL,1439,2M16062132+2418520,52.9436272636281,1.0,True,selected,target_evaluation
DESI_DR1_SPARCL,1440,2M16063101+2420288,104.53645908992098,0.9744,True,selected,target_evaluation
DESI_DR1_SPARCL,1441,2M16063730+2351334,105.96031249309542,0.9888,True,selected,target_evaluation
DESI_DR1_SPARCL,1442,2M16064395+2346490,83.35256562122095,0.9984,True,selected,target_evaluation
DESI_DR1_SPARCL,1443,2M16070189+2350412,49.94297284674507,1.0,True,selected,target_adaptation
DESI_DR1_SPARCL,1444,2M16071890+2834033,66.57678559247331,0.9957333333333334,True,selected,target_evaluation
DESI_DR1_SPARCL,1445,2M16073621+2252268,81.38823203709765,0.9957333333333334,True,selected,target_evaluation
DESI_DR1_SPARCL,1446,2M16073933+2446066,95.08763530872281,0.9946666666666667,True,selected,target_evaluation
DESI_DR1_SPARCL,1447,2M16074207+2413331,90.16449064987037,0.9946666666666667,True,selected,target_evaluation
DESI_DR1_SPARCL,1448,2M16075149+2722349,111.71706741621085,0.9834666666666667,True,selected,target_evaluation
DESI_DR1_SPARCL,1449,2M16082286+2410270,98.99859829344095,0.9946666666666667,True,selected,target_evaluation
DESI_DR1_SPARCL,1450,2M16084040+2326189,64.12968428298691,0.9973333333333333,True,selected,target_adaptation
DESI_DR1_SPARCL,1451,2M16084458+2438253,82.87617001771407,0.9952,True,selected,target_evaluation
DESI_DR1_SPARCL,1452,2M16090162+2346154,52.889178450539056,1.0,True,selected,target_evaluation
DESI_DR1_SPARCL,1453,2M16090702+2340275,73.57948857688392,0.9978666666666667,True,selected,target_evaluation
DESI_DR1_SPARCL,1454,2M16091928+2339336,82.89735031285254,0.9978666666666667,True,selected,target_adaptation
DESI_DR1_SPARCL,1455,2M16093908+2347128,93.52034254852447,0.9856,True,selected,target_evaluation
DESI_DR1_SPARCL,1456,2M16093984+2442064,101.31300195861093,0.9877333333333334,True,selected,target_evaluation
DESI_DR1_SPARCL,1457,2M16100207+2415280,102.87899924536961,0.9962666666666666,True,selected,target_evaluation
DESI_DR1_SPARCL,1458,2M16102076+2401178,90.38055602929171,0.9978666666666667,True,selected,target_evaluation
DESI_DR1_SPARCL,1459,2M16102077+2412414,88.15685297750882,1.0,True,selected,target_evaluation
DESI_DR1_SPARCL,1460,2M16105053+2424103,85.49977812788777,1.0,True,selected,target_evaluation
DESI_DR1_SPARCL,1461,2M16110586+2422444,69.91945942111688,1.0,True,selected,target_adaptation
DESI_DR1_SPARCL,1462,2M16111413+2502284,63.834384948015966,0.9962666666666666,True,selected,target_evaluation
DESI_DR1_SPARCL,1463,2M16112887+2502517,118.30690851543888,0.9893333333333333,True,selected,target_evaluation
DESI_DR1_SPARCL,1464,2M16125478+2432038,42.75997111163453,1.0,True,selected,target_evaluation
DESI_DR1_SPARCL,1465,2M16131133+2446226,141.80830527167396,0.9936,True,selected,target_evaluation
DESI_DR1_SPARCL,1466,2M16132915+2428383,62.40054035317958,1.0,True,selected,target_evaluation
DESI_DR1_SPARCL,1467,2M16133050+2431238,118.38042671935692,1.0,True,selected,target_evaluation
DESI_DR1_SPARCL,1468,2M16142983+2441131,92.11231488798961,1.0,True,selected,target_evaluation
DESI_DR1_SPARCL,1469,2M16151230+2442227,80.98832184653806,1.0,True,selected,target_adaptation
DESI_DR1_SPARCL,1470,2M16155227+2429518,88.25633498683801,0.9984,True,selected,target_adaptation
DESI_DR1_SPARCL,1471,2M16165065+2418109,55.176466291519105,1.0,True,selected,target_evaluation
DESI_DR1_SPARCL,1472,2M16290937-0012337,56.622723616189965,1.0,True,selected,target_evaluation
DESI_DR1_SPARCL,1473,2M16291200-0132247,101.57522523909832,1.0,True,selected,target_evaluation
DESI_DR1_SPARCL,1474,2M16291626-0017476,92.92462909995811,0.9925333333333334,True,selected,target_evaluation
DESI_DR1_SPARCL,1475,2M16293270-0016512,51.2731714472047,1.0,True,selected,target_adaptation
DESI_DR1_SPARCL,1476,2M16305138-0030383,64.71030386069009,1.0,True,selected,target_evaluation
DESI_DR1_SPARCL,1477,2M16305269-0059169,130.7416125171415,0.9776,True,selected,target_evaluation
DESI_DR1_SPARCL,1478,2M16311234-0039107,112.58070090370276,0.9984,True,selected,target_evaluation
DESI_DR1_SPARCL,1479,2M16311262-0058143,106.20206421894677,0.9941333333333333,True,selected,target_adaptation
DESI_DR1_SPARCL,1480,2M16312200-0043189,39.15259173708072,1.0,True,selected,target_evaluation
DESI_DR1_SPARCL,1481,2M16312414-0053326,70.02797024404455,1.0,True,selected,target_evaluation
DESI_DR1_SPARCL,1482,2M16313039-0021494,61.60507319247611,0.9994666666666666,True,selected,target_evaluation
DESI_DR1_SPARCL,1483,2M16314692-0010514,113.33675506215607,0.9962666666666666,True,selected,target_adaptation
DESI_DR1_SPARCL,1484,2M16315677+0020107,68.72677568349147,0.9989333333333333,True,selected,target_evaluation
DESI_DR1_SPARCL,1485,2M16323886-0115453,102.15927017951604,0.9882666666666666,True,selected,target_evaluation
DESI_DR1_SPARCL,1486,2M16331093+0033244,63.319016712745665,1.0,True,selected,target_adaptation
DESI_DR1_SPARCL,1487,2M16331301-0058544,81.03088698352424,0.9978666666666667,True,selected,target_evaluation
DESI_DR1_SPARCL,1488,2M16332364-0106279,58.8425973195326,1.0,True,selected,target_evaluation
DESI_DR1_SPARCL,1489,2M16334259+0030265,52.363347787978135,1.0,True,selected,target_adaptation
DESI_DR1_SPARCL,1490,2M16334311-0022131,98.65801218124815,0.9946666666666667,True,selected,target_adaptation
DESI_DR1_SPARCL,1491,2M16335033+0003150,63.97850427793371,0.9984,True,selected,target_evaluation
DESI_DR1_SPARCL,1492,2M16341670-0045048,46.865337200100434,1.0,True,selected,target_evaluation
DESI_DR1_SPARCL,1493,2M16342821+0025046,98.19309190809619,0.9962666666666666,True,selected,target_adaptation
DESI_DR1_SPARCL,1494,2M16344655+0023254,44.9415292784904,0.9978666666666667,True,selected,target_evaluation
DESI_DR1_SPARCL,1495,2M16345378-0030099,74.98318308547734,1.0,True,selected,target_evaluation
DESI_DR1_SPARCL,1496,2M16345786-0013375,63.52088881048874,0.9984,True,selected,target_evaluation
DESI_DR1_SPARCL,1497,2M16345809+0050344,74.89297041144818,1.0,True,selected,target_adaptation
DESI_DR1_SPARCL,1498,2M16345961-0139456,93.6337755443553,0.9962666666666666,True,selected,target_adaptation
DESI_DR1_SPARCL,1499,2M16351177-0030436,45.45207368097844,1.0,True,selected,target_evaluation
DESI_DR1_SPARCL,1500,2M16351347-0018221,72.14578209674724,0.9898666666666667,True,selected,target_adaptation
DESI_DR1_SPARCL,1501,2M16351895-0047597,68.57535887701343,1.0,True,selected,target_adaptation
DESI_DR1_SPARCL,1502,2M16353099+0002315,91.1557039530316,0.992,True,selected,target_evaluation
DESI_DR1_SPARCL,1503,2M16353386-0103347,73.89128392396704,1.0,True,selected,target_evaluation
DESI_DR1_SPARCL,1504,2M16354095-0023234,88.51987116089646,0.9872,True,selected,target_evaluation
DESI_DR1_SPARCL,1505,2M16354966-0139213,134.99374856904157,0.9717333333333333,True,selected,target_evaluation
DESI_DR1_SPARCL,1506,2M16363130-0100244,65.43370103688726,0.9957333333333334,True,selected,target_adaptation
DESI_DR1_SPARCL,1507,2M16365670+3531146,69.76163449493035,0.9984,True,selected,target_evaluation
DESI_DR1_SPARCL,1508,2M16372289-0101510,50.452462074635044,1.0,True,selected,target_evaluation
DESI_DR1_SPARCL,1509,2M16374078-0031252,58.022792896142235,0.9952,True,selected,target_evaluation
DESI_DR1_SPARCL,1510,2M16374089+0025100,128.36146837203958,0.9738666666666667,True,selected,target_evaluation
DESI_DR1_SPARCL,1511,2M16375604-0049104,46.2529012934288,1.0,True,selected,target_evaluation
DESI_DR1_SPARCL,1512,2M16380270-0021431,55.704373169068376,1.0,True,selected,target_evaluation
DESI_DR1_SPARCL,1513,2M16385161-0017241,67.58081557468721,0.9978666666666667,True,selected,target_adaptation
DESI_DR1_SPARCL,1514,2M16385951-0030589,70.26935615716937,0.9978666666666667,True,selected,target_adaptation
DESI_DR1_SPARCL,1515,2M16401604+3542091,77.88295639829957,0.9968,True,selected,target_adaptation
DESI_DR1_SPARCL,1516,2M16434860+3630574,87.20419697998747,0.9952,True,selected,target_adaptation
DESI_DR1_SPARCL,1517,2M16454864+3659300,52.4039595183472,1.0,True,selected,target_adaptation
DESI_DR1_SPARCL,1518,2M16465357+3707402,18.701821285239397,0.9978666666666667,True,selected,target_evaluation
DESI_DR1_SPARCL,1519,2M17020524+0944451,79.28914281407978,0.9973333333333333,True,selected,target_evaluation
DESI_DR1_SPARCL,1520,2M17334956+3419435,82.39852251574622,1.0,True,selected,target_evaluation
DESI_DR1_SPARCL,1521,2M17361788+3426483,74.60574726029046,1.0,True,selected,target_evaluation
DESI_DR1_SPARCL,1522,2M17464136+4844026,56.91018932818411,0.9989333333333333,True,selected,target_evaluation
DESI_DR1_SPARCL,1523,2M18134330+0023401,35.63181068657276,1.0,True,selected,target_evaluation
DESI_DR1_SPARCL,1524,2M18144571+0025353,55.460325662888444,1.0,True,selected,target_adaptation
DESI_DR1_SPARCL,1525,2M18144653+0012212,34.19332316479055,1.0,True,selected,target_evaluation
DESI_DR1_SPARCL,1526,2M18150105-0005258,26.2184602881464,1.0,True,selected,target_evaluation
DESI_DR1_SPARCL,1527,2M18153659+0037462,33.0088312352674,1.0,True,selected,target_evaluation
DESI_DR1_SPARCL,1528,2M19061676+2738085,74.49180077129182,0.9978666666666667,True,selected,target_evaluation
DESI_DR1_SPARCL,1529,2M19062990+2716098,34.24177302898593,1.0,True,selected,target_adaptation
DESI_DR1_SPARCL,1530,2M19072704+2734563,45.866335907853944,1.0,True,selected,target_evaluation
DESI_DR1_SPARCL,1531,2M19073386+2727204,58.56979075771402,0.9989333333333333,True,selected,target_evaluation
DESI_DR1_SPARCL,1532,2M19085639+2738165,51.44655127950886,1.0,True,selected,target_evaluation
DESI_DR1_SPARCL,1533,2M19092635+2755123,49.560701057741326,1.0,True,selected,target_evaluation
DESI_DR1_SPARCL,1534,2M19094851+2710574,89.70058136110984,0.9984,True,selected,target_adaptation
DESI_DR1_SPARCL,1535,2M19101495+2752216,46.20858668674387,1.0,True,selected,target_adaptation
DESI_DR1_SPARCL,1536,2M19104195+2628135,42.62241734568066,1.0,True,selected,target_evaluation
DESI_DR1_SPARCL,1537,2M19114008+2723025,48.24163872997251,1.0,True,selected,target_adaptation
DESI_DR1_SPARCL,1538,2M19122821+2729307,29.01598060024909,1.0,True,selected,target_evaluation
DESI_DR1_SPARCL,1539,2M19123867+2722385,49.11993227220386,1.0,True,selected,target_evaluation
DESI_DR1_SPARCL,1540,2M19130408+2725152,40.03842493829538,1.0,True,selected,target_evaluation
DESI_DR1_SPARCL,1541,2M19132721+2626580,39.049032349065364,1.0,True,selected,target_evaluation
DESI_DR1_SPARCL,1542,2M19133324+2637113,54.942635494482,1.0,True,selected,target_adaptation
DESI_DR1_SPARCL,1543,2M19144293+2704138,69.65563468595154,0.9989333333333333,True,selected,target_evaluation
DESI_DR1_SPARCL,1544,2M19144574+2621356,31.821882652362767,1.0,True,selected,target_evaluation
DESI_DR1_SPARCL,1545,2M19153571+2741574,40.37659443590044,1.0,True,selected,target_evaluation
DESI_DR1_SPARCL,1546,2M19161351+2652382,28.559399386719143,1.0,True,selected,target_adaptation
DESI_DR1_SPARCL,1547,2M19162462+2650508,55.8896691088049,1.0,True,selected,target_evaluation
DESI_DR1_SPARCL,1548,2M19163809+2637580,39.982664115267106,0.9978666666666667,True,selected,target_evaluation
DESI_DR1_SPARCL,1549,2M19164896+2707162,28.31640606230419,1.0,True,selected,target_evaluation
DESI_DR1_SPARCL,1550,2M19173165+2645405,123.87073758195615,0.9621333333333333,True,selected,target_evaluation
DESI_DR1_SPARCL,1551,2M20443370+3227452,47.13032669203869,0.9957333333333334,True,selected,target_adaptation
DESI_DR1_SPARCL,1552,2M20484075+3215325,28.01505845442458,1.0,True,selected,target_adaptation
DESI_DR1_SPARCL,1553,2M20485663+3200493,43.43894630042227,1.0,True,selected,target_evaluation
DESI_DR1_SPARCL,1554,2M20495391+3223102,38.15433078420012,1.0,True,selected,target_evaluation
