row_index,targetid,source_file,teff,logg,feh,teff_err,logg_err,feh_err,sn_r,valid_fraction,pass_pixels,pass_snr,pass_range,pass_uncertainty,selected,split
0,39627803590661381,rvspecfit-main-bright-0.fits,4480.691,4.253539,0.17412166,4.6243205,0.0056089237,0.018930921,28.50589,0.9939810834049871,True,True,True,True,True,target_evaluation
1,39627803590663360,rvspecfit-main-bright-0.fits,4567.2295,4.3756766,-0.97978467,13.326391,0.001938525,0.08385802,9.047619,0.9965606190885641,True,False,True,True,False,excluded
2,39627803594857858,rvspecfit-main-bright-0.fits,4947.7817,4.835731,-0.12946352,7.567571,0.0051189163,0.019655246,36.749733,0.9987102321582115,True,True,True,True,True,source_train
3,39627797555054059,rvspecfit-main-bright-0.fits,5933.335,4.3744597,-0.728765,16.487177,0.0055261897,0.026923351,25.770039,0.9957007738607051,True,True,True,True,True,source_holdout
4,39627797555055752,rvspecfit-main-bright-0.fits,5419.627,3.2977676,-1.5761034,43.01091,0.008639134,0.07399319,16.277292,0.9935511607910577,True,True,True,True,True,source_train
5,39627803594854420,rvspecfit-main-bright-0.fits,5192.172,4.828961,-0.43341476,16.894047,0.005638548,0.037739508,25.11731,1.0,True,True,True,True,True,source_holdout
6,39627803594853481,rvspecfit-main-bright-0.fits,5810.0195,4.706324,-0.6302873,28.839802,0.005173219,0.036276426,26.912252,0.999140154772141,True,True,True,True,True,source_train
7,39627797550864891,rvspecfit-main-bright-0.fits,3968.126,4.493116,-0.6129776,6.5435395,0.0053739194,0.020911263,14.311126,0.9948409286328461,True,True,True,True,True,target_evaluation
8,39627785479654746,rvspecfit-main-bright-0.fits,5362.266,4.8853035,-0.22793396,12.729768,0.005194092,0.022759361,41.030476,1.0,True,True,True,True,True,source_train
9,39627791519456719,rvspecfit-main-bright-0.fits,6045.616,3.5,-2.167815,70.89623,0.00792031,0.1625671,10.847184,0.999140154772141,True,True,True,True,True,source_train
10,39627785483846290,rvspecfit-main-bright-0.fits,4667.038,4.6255155,-0.15291134,4.0403886,0.005059924,0.014619131,37.317833,0.9948409286328461,True,True,True,True,True,source_train
11,39627785479657922,rvspecfit-main-bright-0.fits,5525.6953,4.8475904,-0.8433948,80.36609,0.0055761314,0.1152377,23.107883,0.9987102321582115,True,True,True,True,True,target_evaluation
12,39627791519450548,rvspecfit-main-bright-0.fits,5408.2075,4.787609,-0.40851012,30.745232,0.00539117,0.048200466,25.843237,0.998280309544282,True,True,True,True,True,source_train
13,39627797559248599,rvspecfit-main-bright-0.fits,5437.533,4.272078,-0.8345089,31.597017,0.0056512384,0.06412255,12.377456,0.998280309544282,True,True,True,True,True,source_train
14,39627797559247428,rvspecfit-main-bright-0.fits,3632.2864,4.241474,-0.52955383,3.9915953,0.005719846,0.014118355,9.358543,0.9961306964746346,True,False,True,True,False,excluded
15,39627797555056445,rvspecfit-main-bright-0.fits,5828.674,4.6990867,-0.56188214,52.00826,0.007535536,0.08273336,17.812174,0.9974204643164231,True,True,True,True,True,source_train
16,39627791515261405,rvspecfit-main-bright-0.fits,6015.7295,4.5516543,-0.6564293,13.469866,0.00543233,0.020817382,40.30934,1.0,True,True,True,True,True,source_train
17,39627791515261131,rvspecfit-main-bright-0.fits,5084.5645,4.57295,-0.77028894,21.54394,0.005257466,0.07588482,9.939544,0.999140154772141,True,False,True,True,False,excluded
18,39627797550862010,rvspecfit-main-bright-0.fits,5155.6426,4.86746,-0.74379873,20.978931,0.0051107174,0.049485307,17.196161,0.9918314703353397,True,True,True,True,True,target_evaluation
19,39627797550865084,rvspecfit-main-bright-0.fits,5967.2324,4.4568024,-1.0345173,15.2591095,0.005417373,0.022102453,29.18192,0.9974204643164231,True,True,True,True,True,source_holdout
20,39627797550864599,rvspecfit-main-bright-0.fits,2896.5881,4.7620087,-0.29605943,2.2951958,0.005329991,0.0056088786,9.985957,0.9961306964746346,True,False,False,True,False,excluded
21,39627797555053814,rvspecfit-main-bright-0.fits,3956.969,4.7411127,-0.39611116,10.243176,0.005180685,0.032234404,9.314063,0.9948409286328461,True,False,True,True,False,excluded
22,39627797555053078,rvspecfit-main-bright-0.fits,5214.1206,4.9410152,-0.60617906,33.171616,0.005030513,0.07637757,11.421737,0.9978503869303526,True,True,True,True,True,source_train
23,39627797550864856,rvspecfit-main-bright-0.fits,6444.991,4.6952696,-3.0,57.5192,0.0051610484,0.12926057,12.380977,0.998280309544282,True,True,True,True,True,source_train
24,39627797550862156,rvspecfit-main-bright-0.fits,5012.8633,5.0366173,-0.75,29.97037,0.0048811315,0.0796144,7.8563366,0.9957007738607051,True,False,True,True,False,excluded
25,39627803594856578,rvspecfit-main-bright-0.fits,5834.933,3.975627,-0.774128,14.280296,0.0062365117,0.022878649,28.47997,0.9974204643164231,True,True,True,True,True,source_holdout
26,39627803594852215,rvspecfit-main-bright-0.fits,3528.8555,4.4331665,-3.1253588e-08,3.6273031,0.005503253,0.0074048312,14.196906,0.9948409286328461,True,True,True,True,True,source_holdout
27,39627803594854105,rvspecfit-main-bright-0.fits,3400.005,4.031387,-0.5000026,2.8272154,0.0063659535,0.008131403,18.07051,0.9961306964746346,True,True,True,True,True,source_train
28,39627803594851160,rvspecfit-main-bright-0.fits,5800.0005,3.844744,-1.0595963,48.948498,0.0065425416,0.0744956,12.864655,0.9914015477214101,True,True,True,True,True,source_train
29,39627803594856334,rvspecfit-main-bright-0.fits,5073.9175,4.8069735,-0.7760475,18.978416,0.00504427,0.05415735,12.765561,0.998280309544282,True,True,True,True,True,source_holdout
30,39627803599045244,rvspecfit-main-bright-0.fits,3944.272,4.5819473,-0.40777615,4.110263,0.0052981707,0.012551733,19.515842,0.9922613929492692,True,True,True,True,True,source_train
31,39627803594857295,rvspecfit-main-bright-0.fits,6418.9805,4.2940784,-2.1667747,55.476364,0.0056186346,0.18136407,10.99711,0.9948409286328461,True,True,True,True,True,target_adaptation
32,39627809638846601,rvspecfit-main-bright-0.fits,5889.038,4.2792516,-0.65314686,12.916253,0.0056458153,0.019583277,31.19352,0.999140154772141,True,True,True,True,True,source_train
33,39627809638843886,rvspecfit-main-bright-0.fits,5538.9707,4.6776648,-1.3598263,49.13074,0.0051906323,0.06722242,25.254856,0.9961306964746346,True,True,True,True,True,source_holdout
34,39627809638847329,rvspecfit-main-bright-0.fits,4734.5186,4.7928357,-0.6088716,22.401392,0.0051662233,0.08832313,8.645425,0.9931212381771282,True,False,True,True,False,excluded
35,39627803599047209,rvspecfit-main-bright-0.fits,5351.98,4.7547626,-0.49034134,23.681433,0.0052165566,0.037572786,37.41429,1.0,True,True,True,True,True,source_train
36,39627803599048071,rvspecfit-main-bright-0.fits,4924.301,4.9056416,-0.5763771,7.893042,0.004986923,0.022256473,29.84067,1.0,True,True,True,True,True,target_adaptation
37,39627803599047112,rvspecfit-main-bright-0.fits,5086.4585,4.766821,-0.46503806,16.875189,0.00721665,0.048841093,26.322287,0.9931212381771282,True,True,True,True,True,target_evaluation
38,39627809643038947,rvspecfit-main-bright-0.fits,5182.9937,4.937961,-0.6407702,13.784842,0.0050226855,0.028081898,32.979546,0.9987102321582115,True,True,True,True,True,source_train
39,39627803599050731,rvspecfit-main-bright-0.fits,6343.8926,4.4406886,-1.8192649,68.729195,0.0054252767,0.13914506,10.184774,0.9969905417024936,True,True,True,True,True,source_train
40,39627803599051821,rvspecfit-main-bright-0.fits,4742.235,4.854486,-0.45588842,8.580745,0.0056560626,0.033629604,26.751171,1.0,True,True,True,True,True,source_train
41,39627803599052837,rvspecfit-main-bright-0.fits,6099.9966,4.5420027,-1.4265354,13.969084,0.0053927507,0.021356385,47.80544,0.9987102321582115,True,True,True,True,True,source_holdout
42,39627809643042616,rvspecfit-main-bright-0.fits,4436.513,4.663391,-0.4280279,11.601641,0.005164413,0.063470736,8.674756,0.999140154772141,True,False,True,True,False,excluded
43,39627803599052890,rvspecfit-main-bright-0.fits,5152.949,4.8903804,-0.20109652,9.237572,0.0053249192,0.02004664,39.92269,0.9987102321582115,True,True,True,True,True,source_train
44,39627809643041481,rvspecfit-main-bright-0.fits,5329.1772,5.0217896,-0.46871608,27.198177,0.006493009,0.047312874,39.94225,0.9974204643164231,True,True,True,True,True,source_train
45,39627809643037702,rvspecfit-main-bright-0.fits,5980.165,4.039836,-0.9253463,15.615473,0.0059965895,0.025172286,33.05582,0.9974204643164231,True,True,True,True,True,source_holdout
46,39627809643043009,rvspecfit-main-bright-0.fits,4673.5483,4.4082108,-0.41964775,4.9325585,0.003940705,0.06151957,10.406952,0.998280309544282,True,True,True,True,True,target_evaluation
47,39627803607435858,rvspecfit-main-bright-0.fits,4476.6016,4.4134216,0.3066296,4.9498844,0.005068962,0.018837456,24.884092,0.9987102321582115,True,True,True,True,True,source_train
48,39627803599052045,rvspecfit-main-bright-0.fits,4558.688,4.627466,-0.39235625,24.294067,0.005891919,0.11326885,9.210506,0.9987102321582115,True,False,True,True,False,excluded
49,39627797567639192,rvspecfit-main-bright-0.fits,3975.2341,4.5967364,-0.15620692,13.073254,0.005405529,0.032063853,7.7625265,0.9944110060189166,True,False,True,True,False,excluded
50,39627797567636409,rvspecfit-main-bright-0.fits,6181.371,4.282938,-1.2179953,16.024786,0.0056505217,0.028322715,28.396095,0.999140154772141,True,True,True,True,True,source_train
51,39627797567638472,rvspecfit-main-bright-0.fits,3552.5896,4.827148,-3.1885524e-08,3.759866,0.0051315427,0.009006465,14.585838,0.9948409286328461,True,True,True,True,True,source_holdout
52,39627797563442192,rvspecfit-main-bright-0.fits,6211.58,3.6902514,-1.4858917,34.151745,0.0063011,0.057078596,17.156109,0.9952708512467756,True,True,True,True,True,source_train
53,39627803603243952,rvspecfit-main-bright-0.fits,3194.7676,4.7226505,-2.8819793e-09,2.132288,0.002752566,0.0039481316,23.939161,0.9957007738607051,True,True,False,True,False,excluded
54,39627803603241898,rvspecfit-main-bright-0.fits,6042.3057,4.9099665,-0.58877987,38.01436,0.0052165072,0.050016243,17.46991,0.9987102321582115,True,True,True,True,True,target_adaptation
55,39627791527841990,rvspecfit-main-bright-0.fits,5655.909,4.8632197,-0.7191091,28.256378,0.0058516273,0.039842576,38.86436,0.9965606190885641,True,True,True,True,True,source_holdout
56,39627791527842642,rvspecfit-main-bright-0.fits,5893.108,4.293914,-1.5927391,69.376114,0.005641505,0.10817817,9.176665,0.9961306964746346,True,False,True,True,False,excluded
57,39627797563447091,rvspecfit-main-bright-0.fits,5718.578,4.8736,-0.19918835,16.609444,0.005259488,0.022779768,41.93319,0.9922613929492692,True,True,True,True,True,target_adaptation
58,39627797567639117,rvspecfit-main-bright-0.fits,4886.341,4.9999676,-0.6254207,21.090958,0.004902603,0.06646028,10.268098,0.999140154772141,True,True,True,True,True,source_train
59,39627797567636017,rvspecfit-main-bright-0.fits,3718.2354,4.612316,-0.62169343,2.558045,0.005432523,0.006951786,27.490797,0.999140154772141,True,True,True,True,True,source_train
60,39627797571831121,rvspecfit-main-bright-0.fits,5674.233,5.089847,-0.64886004,35.42271,0.004927007,0.042350117,38.04706,0.9978503869303526,True,True,True,True,True,target_evaluation
61,39627797571829859,rvspecfit-main-bright-0.fits,5927.082,4.6302853,-0.6776201,20.14232,0.005777472,0.0293263,33.527733,1.0,True,True,True,True,True,source_train
62,39627797571830225,rvspecfit-main-bright-0.fits,11999.999,4.067204,-1.25,180.43405,0.004846965,0.1671445,13.266141,0.9978503869303526,True,True,False,False,False,excluded
63,39627797571830754,rvspecfit-main-bright-0.fits,5875.5835,4.600284,-0.49213433,15.802834,0.0053110905,0.02209102,36.56737,1.0,True,True,True,True,True,source_train
64,39627797571830587,rvspecfit-main-bright-0.fits,3942.0195,4.9523773,0.22702144,6.2976055,0.00514543,0.018601026,9.39721,0.9961306964746346,True,False,True,True,False,excluded
65,39627803603242698,rvspecfit-main-bright-0.fits,5442.5386,2.5,-1.4014828,30.47333,0.014543056,0.08357894,15.9247055,0.9978503869303526,True,True,True,True,True,source_train
66,39627803603243977,rvspecfit-main-bright-0.fits,5259.2715,4.7064443,-0.26138055,10.182802,0.0052419477,0.02350827,31.608238,0.9974204643164231,True,True,True,True,True,source_train
67,39627809643041136,rvspecfit-main-bright-0.fits,4750.4663,4.721333,-0.45678666,11.173319,0.0051238313,0.040708974,14.634317,0.9948409286328461,True,True,True,True,True,target_adaptation
68,39627803599052444,rvspecfit-main-bright-0.fits,6471.925,4.587654,-2.605653,86.43818,0.0070878966,0.24573632,9.650302,0.9987102321582115,True,False,True,True,False,excluded
69,39627809643037816,rvspecfit-main-bright-0.fits,5999.9976,3.500047,-1.9999945,62.373245,0.007490054,0.11981823,9.257893,0.9965606190885641,True,False,True,True,False,excluded
70,39627809638846529,rvspecfit-main-bright-0.fits,5130.1846,2.5442505,-0.7162849,10.403311,0.08855461,0.035539847,18.408873,0.9995700773860705,True,True,True,True,True,source_holdout
71,39627809638847661,rvspecfit-main-bright-0.fits,5954.623,3.8938959,-0.9944404,13.643769,0.0063973716,0.022317277,33.95359,0.9905417024935511,True,True,True,True,True,source_train
72,39627803599049071,rvspecfit-main-bright-0.fits,3835.4893,4.77532,-0.19813898,3.9693491,0.00514281,0.011737402,15.515019,1.0,True,True,True,True,True,source_train
73,39627803599049831,rvspecfit-main-bright-0.fits,4734.564,4.699379,-0.7634669,22.867458,0.009473001,0.14814715,9.402655,0.9918314703353397,True,False,True,True,False,excluded
74,39627803603243052,rvspecfit-main-bright-0.fits,4646.6846,4.625856,-0.24500641,8.341878,0.0050174226,0.032425422,17.307343,0.9965606190885641,True,True,True,True,True,source_holdout
75,39627809647233020,rvspecfit-main-bright-0.fits,5499.999,2.6491766,-1.4284428,32.36134,0.009823951,0.064544596,14.275092,1.0,True,True,True,True,True,source_holdout
76,39627803603240443,rvspecfit-main-bright-0.fits,6061.026,4.0750704,-0.75235933,13.821672,0.0060139084,0.020772586,34.059063,0.9978503869303526,True,True,True,True,True,source_train
77,39627791527838466,rvspecfit-main-bright-0.fits,6133.6826,4.5,-1.1373746,52.34103,0.0056842216,0.0848737,12.442672,0.9905417024935511,True,True,True,True,True,source_train
78,39627791527838252,rvspecfit-main-bright-0.fits,4355.712,4.242638,-0.39427254,9.06783,0.004954802,0.055842455,11.030782,0.9810834049871023,True,True,True,True,True,source_holdout
79,39627797559252097,rvspecfit-main-bright-0.fits,3541.1082,4.6676745,-2.3138664e-09,3.8753555,0.005230365,0.011128152,10.546447,0.9974204643164231,True,True,True,True,True,source_train
80,39627785483848410,rvspecfit-main-bright-0.fits,6184.6777,4.2939353,-1.1567546,49.2086,0.0056352043,0.08942971,9.914475,0.9969905417024936,True,False,True,True,False,excluded
81,39627791523645106,rvspecfit-main-bright-0.fits,5388.0093,4.838046,-0.41602567,20.94672,0.0052338988,0.036925107,26.104065,0.9952708512467756,True,True,True,True,True,target_adaptation
82,39627791523647025,rvspecfit-main-bright-0.fits,6009.4795,4.5885477,-0.41835064,15.940651,0.0054271217,0.023840388,32.20598,0.9961306964746346,True,True,True,True,True,source_train
83,39627797563441653,rvspecfit-main-bright-0.fits,5938.4346,4.601714,-0.44368428,50.390266,0.014074072,0.11725863,28.850313,0.9948409286328461,True,True,True,True,True,source_train
84,39627797563443663,rvspecfit-main-bright-0.fits,5485.825,4.8463426,-0.38935664,24.038736,0.0050782673,0.036550514,26.858652,0.9969905417024936,True,True,True,True,True,target_adaptation
85,39627797563444474,rvspecfit-main-bright-0.fits,5314.067,4.968911,-0.29762325,21.122871,0.0052925386,0.037187334,27.962894,0.998280309544282,True,True,True,True,True,source_holdout
86,39627809659818438,rvspecfit-main-bright-1.fits,5368.134,4.8919125,-0.34937364,23.350157,0.005054606,0.037557494,34.507103,0.9965606190885641,True,True,True,True,True,source_train
87,39627809659819198,rvspecfit-main-bright-1.fits,3775.1885,4.89196,0.24999999,5.074092,0.0050275954,0.0109343575,11.31314,0.9965606190885641,True,True,True,True,True,target_adaptation
88,39627815703807344,rvspecfit-main-bright-1.fits,5908.6714,4.3358927,-0.48952556,16.176584,0.0068964995,0.028450696,31.52561,0.998280309544282,True,True,True,True,True,source_train
89,39627815703808557,rvspecfit-main-bright-1.fits,5114.5405,5.0766096,-0.7782318,15.082524,0.00507565,0.035629522,21.14941,0.9918314703353397,True,True,True,True,True,source_train
90,39627821731021743,rvspecfit-main-bright-1.fits,6012.902,4.0533924,-0.97668797,15.741567,0.0060725305,0.025308719,32.808224,1.0,True,True,True,True,True,target_evaluation
91,39627821731024542,rvspecfit-main-bright-1.fits,3514.3335,4.795404,-9.54014e-09,3.8294866,0.005124051,0.011714681,10.150132,1.0,True,True,True,True,True,target_evaluation
92,39627821726830628,rvspecfit-main-bright-1.fits,4445.121,4.658693,-0.5552535,8.05507,0.002598975,0.042629678,13.04982,0.998280309544282,True,True,True,True,True,source_train
93,39627821731025615,rvspecfit-main-bright-1.fits,5636.2183,5.109704,-0.17466657,17.697277,0.004947849,0.023463372,39.64362,0.9978503869303526,True,True,True,True,True,target_adaptation
94,39627815691223391,rvspecfit-main-bright-1.fits,6358.5063,4.559427,-1.2811868,43.26197,0.0052614203,0.076654024,12.636549,0.9952708512467756,True,True,True,True,True,source_train
95,39627815691227637,rvspecfit-main-bright-1.fits,5242.399,5.082218,-0.3883964,35.09049,0.004892514,0.07316401,12.06874,0.998280309544282,True,True,True,True,True,target_evaluation
96,39627815691224749,rvspecfit-main-bright-1.fits,4959.2837,4.93184,-0.050522294,5.33623,0.0049496465,0.013138734,52.207237,1.0,True,True,True,True,True,source_train
97,39627815691227894,rvspecfit-main-bright-1.fits,5900.0044,4.712105,-0.6586523,47.79419,0.0058916314,0.07572133,16.81999,0.9965606190885641,True,True,True,True,True,target_evaluation
98,39627821731022636,rvspecfit-main-bright-1.fits,3515.6794,4.7265964,-6.8953243e-10,3.8235912,0.005180172,0.011385455,10.283501,0.9978503869303526,True,True,True,True,True,source_train
99,39627821731023539,rvspecfit-main-bright-1.fits,3982.7917,4.6426196,-0.3117836,4.900743,0.005308566,0.013861142,20.739893,0.9931212381771282,True,True,True,True,True,source_train
100,39627821731020998,rvspecfit-main-bright-1.fits,5507.524,4.729842,-0.5612133,175.99606,0.01872496,0.32239193,13.336386,0.9978503869303526,True,True,True,False,False,excluded
101,39627821731022511,rvspecfit-main-bright-1.fits,4551.909,4.717477,-0.4659216,6.4158597,0.006312466,0.027396774,44.919373,0.999140154772141,True,True,True,True,True,source_train
102,39627821735215306,rvspecfit-main-bright-1.fits,5622.0044,5.0736485,-1.4031184,215.27455,0.0050585177,0.29755273,12.967167,0.9948409286328461,True,True,True,False,False,excluded
103,39627821731025143,rvspecfit-main-bright-1.fits,5580.5444,4.2801623,-1.272576,51.225765,0.005663963,0.07008338,11.4931345,0.9879621668099742,True,True,True,True,True,source_train
104,39627821731022906,rvspecfit-main-bright-1.fits,6000.3433,3.879476,-0.8660537,28.05183,0.006401898,0.045473047,19.051409,0.9948409286328461,True,True,True,True,True,source_train
105,39627821726831603,rvspecfit-main-bright-1.fits,3643.2131,4.49994,1.3593456e-09,2.775752,0.0056894002,0.0039381795,31.631405,0.9961306964746346,True,True,True,True,True,source_train
106,39627827770822273,rvspecfit-main-bright-1.fits,3627.8286,4.515572,-7.7520825e-09,3.6402924,0.0054185223,0.006929315,17.98711,1.0,True,True,True,True,True,source_train
107,39627827775013373,rvspecfit-main-bright-1.fits,5582.5454,5.1279864,-0.63674533,38.400036,0.004851246,0.04911275,39.061436,0.9926913155631987,True,True,True,True,True,source_holdout
108,39627827770822847,rvspecfit-main-bright-1.fits,5125.3726,5.0880985,-0.629836,19.44319,0.0048987353,0.04220164,17.661493,0.9987102321582115,True,True,True,True,True,source_train
109,39627815687030584,rvspecfit-main-bright-1.fits,4648.9683,4.767465,-0.61063683,8.325927,0.0051171966,0.033462223,19.394766,0.9978503869303526,True,True,True,True,True,source_holdout
110,39627815682842837,rvspecfit-main-bright-1.fits,5729.2544,4.610091,-1.7405462,80.23003,0.0052891825,0.11056856,22.882843,0.999140154772141,True,True,True,True,True,source_holdout
111,39627815682839358,rvspecfit-main-bright-1.fits,5702.7236,3.5,-2.1578948,103.47396,0.007914098,0.2050409,9.184754,0.9965606190885641,True,False,True,True,False,excluded
112,39627815687031437,rvspecfit-main-bright-1.fits,5949.265,4.742257,-0.8359004,26.759354,0.0054016886,0.034430984,29.370173,0.9987102321582115,True,True,True,True,True,source_train
113,39627815687029154,rvspecfit-main-bright-1.fits,4076.406,4.3297415,-0.38624743,7.914247,0.0057990416,0.025452634,18.546343,0.9974204643164231,True,True,True,True,True,source_train
114,39627815682838215,rvspecfit-main-bright-1.fits,5200.001,2.6381724,-0.75000024,18.352222,0.12880807,0.048018135,14.909275,0.9901117798796216,True,True,True,True,True,source_holdout
115,39627815682841187,rvspecfit-main-bright-1.fits,6199.999,4.731731,-1.8327799,65.4118,0.0051397868,0.11973545,12.721879,0.9952708512467756,True,True,True,True,True,source_train
116,39627821731024571,rvspecfit-main-bright-1.fits,3676.272,4.612342,-9.385223e-10,2.3208442,0.005363468,0.0036440173,39.498314,1.0,True,True,True,True,True,source_train
117,39627821731023559,rvspecfit-main-bright-1.fits,3371.3054,4.9403358,-1.0536594e-08,3.481526,0.0050473344,0.0104061,11.311376,0.9957007738607051,True,True,True,True,True,source_train
118,39627821726832087,rvspecfit-main-bright-1.fits,3990.4856,4.5,-0.5635368,5.8018427,0.003959207,0.02696454,10.1174965,0.9922613929492692,True,True,True,True,True,source_holdout
119,39627821731026140,rvspecfit-main-bright-1.fits,3963.2205,4.4999986,-0.36689362,7.6204805,0.0053834314,0.021042863,13.226084,0.9952708512467756,True,True,True,True,True,source_train
120,39627821731025458,rvspecfit-main-bright-1.fits,4239.4424,4.7518234,-0.32893723,3.4154682,0.0051062475,0.014895829,38.870346,0.9969905417024936,True,True,True,True,True,source_train
121,39627827775013161,rvspecfit-main-bright-1.fits,3339.7615,5.0153265,4.966097e-10,9.023668,0.008126313,0.017756017,27.06626,0.9969905417024936,True,True,True,True,True,target_adaptation
122,39627821726832204,rvspecfit-main-bright-1.fits,5825.152,4.4116573,-0.52552813,31.873787,0.011457919,0.058651853,29.541725,0.998280309544282,True,True,True,True,True,source_holdout
123,39627821731021318,rvspecfit-main-bright-1.fits,4446.2104,4.670856,-0.45357257,7.2137566,0.0051821335,0.03634208,14.4099865,0.9987102321582115,True,True,True,True,True,source_train
124,39627815687035163,rvspecfit-main-bright-1.fits,4688.3423,4.8259826,-0.3915057,7.693424,0.0051181754,0.027809022,24.401556,0.9926913155631987,True,True,True,True,True,source_train
125,39627815682840851,rvspecfit-main-bright-1.fits,5287.0796,5.05854,-0.44794378,12.402163,0.0052057477,0.02223258,48.342278,1.0,True,True,True,True,True,source_train
126,39627815682840672,rvspecfit-main-bright-1.fits,3733.706,4.725037,-0.24999999,4.306656,0.005169785,0.011489808,11.9453945,1.0,True,True,True,True,True,source_holdout
127,39627809643041439,rvspecfit-main-bright-1.fits,3158.7625,4.611446,-0.25,2.7806127,0.0055043236,0.006834218,17.870188,1.0,True,True,False,True,False,excluded
128,39627815687034177,rvspecfit-main-bright-1.fits,5115.736,4.9753127,-0.39662126,9.678953,0.0049664145,0.022875711,35.36645,0.9961306964746346,True,True,True,True,True,source_holdout
129,39627815691223790,rvspecfit-main-bright-1.fits,4624.815,4.641624,-0.8060295,11.485348,0.005213852,0.05474375,11.737336,0.9987102321582115,True,True,True,True,True,target_adaptation
130,39627815687034137,rvspecfit-main-bright-1.fits,5419.0073,2.7329383,-0.73714966,17.834518,0.010834995,0.036829263,19.789078,0.9987102321582115,True,True,True,True,True,source_holdout
131,39627815687034140,rvspecfit-main-bright-1.fits,5326.6978,4.9354076,-0.46948448,9.997854,0.0049429913,0.017434584,32.748684,0.9957007738607051,True,True,True,True,True,source_train
132,39627815687032713,rvspecfit-main-bright-1.fits,5688.374,4.7945414,-0.4921791,14.449118,0.0050957636,0.018722257,49.559628,1.0,True,True,True,True,True,source_train
133,39627815687033273,rvspecfit-main-bright-1.fits,6126.756,3.9193497,-1.9372989,36.319187,0.0060499217,0.07697069,19.66653,1.0,True,True,True,True,True,source_holdout
134,39627815687035169,rvspecfit-main-bright-1.fits,3567.6287,4.767287,-0.50000006,3.3676374,0.0051535587,0.009667969,14.371497,1.0,True,True,True,True,True,source_holdout
135,39627821735215358,rvspecfit-main-bright-1.fits,6356.9746,4.0293326,-2.435931,25.567587,0.0061094956,0.05883068,27.402584,0.9969905417024936,True,True,True,True,True,source_train
136,39627821735218717,rvspecfit-main-bright-1.fits,5759.2256,5.6712365,-1.4197265,113.93516,0.004556208,0.15346597,7.9920664,0.9948409286328461,True,False,False,True,False,excluded
137,39627821735220492,rvspecfit-main-bright-1.fits,3647.0442,5.0,0.23828177,4.2210164,0.004992745,0.008307792,15.95217,0.9939810834049871,True,True,True,True,True,source_train
138,39627809647236223,rvspecfit-main-bright-1.fits,3822.8691,4.6739097,-0.12130389,4.9546504,0.005202506,0.017238194,8.5195465,0.9974204643164231,True,False,True,True,False,excluded
139,39627809647233515,rvspecfit-main-bright-1.fits,4983.928,4.873574,-0.6342251,15.208458,0.005016099,0.042697106,17.09854,0.9969905417024936,True,True,True,True,True,source_train
140,39627809643043346,rvspecfit-main-bright-1.fits,5826.2275,3.0760987,-1.305687,22.767866,0.0076867784,0.04137161,22.032564,0.9969905417024936,True,True,True,True,True,source_train
141,39627809647232972,rvspecfit-main-bright-1.fits,3842.4375,4.5077424,-0.58386844,4.1465464,0.005679108,0.016814673,16.889263,0.998280309544282,True,True,True,True,True,source_train
142,39627803611632403,rvspecfit-main-bright-1.fits,5764.919,4.307264,-0.90532655,18.608767,0.0056125824,0.027256377,23.728827,0.9101461736887361,False,True,True,True,False,excluded
143,39627803611631227,rvspecfit-main-bright-1.fits,3487.4866,4.7455225,-2.446134e-09,3.606701,0.005204675,0.0078766495,15.749072,0.9965606190885641,True,True,True,True,True,target_adaptation
144,39627809647235338,rvspecfit-main-bright-1.fits,6159.1523,3.9383671,-1.6841093,74.85368,0.0061086332,0.17476979,8.897483,0.9974204643164231,True,False,True,True,False,excluded
145,39627815691228112,rvspecfit-main-bright-1.fits,4077.0444,4.5741944,-0.3151204,3.286813,0.005323304,0.01153004,32.772095,0.9961306964746346,True,True,True,True,True,source_train
146,39627809651430823,rvspecfit-main-bright-1.fits,4572.019,4.7722735,-0.8120891,12.843265,0.006686159,0.06850876,11.790581,0.9987102321582115,True,True,True,True,True,source_train
147,39627815691225400,rvspecfit-main-bright-1.fits,6078.412,3.9443958,-2.2354953,46.22549,0.006298352,0.09565393,14.695885,1.0,True,True,True,True,True,source_train
148,39627815691224502,rvspecfit-main-bright-1.fits,5896.2236,4.731507,-1.1173238,57.617123,0.005170359,0.072781436,15.9603815,1.0,True,True,True,True,True,target_evaluation
149,39627809651428640,rvspecfit-main-bright-1.fits,3952.2432,4.777551,-0.35626173,5.3753486,0.005139471,0.022026725,10.845974,0.9957007738607051,True,True,True,True,True,source_train
150,39627815691226341,rvspecfit-main-bright-1.fits,6087.9946,4.211149,-1.75,36.493176,0.0057808477,0.061799545,18.741198,0.9961306964746346,True,True,True,True,True,source_holdout
151,39627809655620414,rvspecfit-main-bright-1.fits,4905.0605,4.810086,-0.7604388,17.976364,0.005453029,0.057382073,13.138248,0.9969905417024936,True,True,True,True,True,source_train
152,39627815695422038,rvspecfit-main-bright-1.fits,3807.501,4.879013,0.0833205,4.4386063,0.005023759,0.014531963,9.647394,0.9987102321582115,True,False,True,True,False,excluded
153,39627815699616158,rvspecfit-main-bright-1.fits,5442.4,4.774862,-0.8009664,15.479406,0.0050821532,0.024560867,24.71723,0.9965606190885641,True,True,True,True,True,source_train
154,39627815703806240,rvspecfit-main-bright-1.fits,5752.4673,4.7761917,-0.8735182,126.10709,0.005066354,0.1629954,8.899548,0.9926913155631987,True,False,True,True,False,excluded
155,39627815703806600,rvspecfit-main-bright-1.fits,4876.2544,4.7563953,-0.5194689,13.8109665,0.0062375697,0.04551056,20.712364,0.9974204643164231,True,True,True,True,True,source_holdout
156,39627815703807705,rvspecfit-main-bright-1.fits,3606.7092,4.674957,-0.09309976,3.7915213,0.0053342576,0.01001367,13.988191,1.0,True,True,True,True,True,target_evaluation
157,39627815703806281,rvspecfit-main-bright-1.fits,4146.3364,4.3419037,-0.35277915,8.2059355,0.0031967214,0.033362847,9.849208,0.9978503869303526,True,False,True,True,False,excluded
158,39627815699613575,rvspecfit-main-bright-1.fits,5811.352,4.692285,-1.6683227,69.85444,0.005180469,0.09099876,19.506449,0.9987102321582115,True,True,True,True,True,source_train
159,39627809655624124,rvspecfit-main-bright-1.fits,3864.7747,4.7471924,-0.59655744,5.130834,0.0051654223,0.02185896,8.612585,0.9961306964746346,True,False,True,True,False,excluded
160,39627809655622955,rvspecfit-main-bright-1.fits,6180.5776,4.401172,-0.4955722,10.3888855,0.0055395733,0.015875358,44.25698,0.9961306964746346,True,True,True,True,True,source_train
161,39627809651427419,rvspecfit-main-bright-1.fits,5946.219,4.2844152,-0.7444593,31.77316,0.0063360096,0.05466811,17.067951,0.9931212381771282,True,True,True,True,True,source_train
162,39627809651425857,rvspecfit-main-bright-1.fits,5622.943,4.8139563,-0.37131092,22.091711,0.0050962684,0.028719649,29.866762,1.0,True,True,True,True,True,target_evaluation
163,39627809647236175,rvspecfit-main-bright-1.fits,5200.2876,4.7766547,-0.5662453,53.301373,0.011512906,0.17821124,10.514938,1.0,True,True,True,True,True,source_train
164,39627803611628655,rvspecfit-main-bright-1.fits,5062.4644,4.1806135,-0.7047864,13.405327,0.00584053,0.04667649,23.075363,0.9978503869303526,True,True,True,True,True,source_train
165,39627809647234891,rvspecfit-main-bright-1.fits,6264.14,3.7098734,-2.7388365,37.97157,0.0064888466,0.09976903,18.309206,0.998280309544282,True,True,True,True,True,source_train
166,39627821739411430,rvspecfit-main-bright-1.fits,4980.148,4.4656153,-0.66627705,24.856026,0.0053624543,0.07327968,9.0887985,0.9974204643164231,True,False,True,True,False,excluded
167,39627815695421730,rvspecfit-main-bright-1.fits,5719.3223,4.7551327,-0.4739093,39.272392,0.00728462,0.055172313,26.687931,0.9978503869303526,True,True,True,True,True,source_train
168,39627809655623524,rvspecfit-main-bright-1.fits,13999.997,6.4999995,-1.4828583,6.984813,0.0045723836,0.032889623,14.701529,0.9957007738607051,True,True,False,True,False,excluded
169,39627809655620581,rvspecfit-main-bright-1.fits,3406.5725,4.3075128,-0.2512675,3.1699138,0.0057136244,0.008822567,11.505546,0.9987102321582115,True,True,True,True,True,source_holdout
170,39627803615822636,rvspecfit-main-bright-1.fits,4130.0557,4.815502,-0.1914478,4.0530224,0.0052551576,0.014404546,27.821482,0.998280309544282,True,True,True,True,True,source_holdout
171,39627803615825148,rvspecfit-main-bright-1.fits,5113.739,2.2663527,-0.98540086,14.712451,0.12272887,0.053071823,12.816327,0.9974204643164231,True,True,True,True,True,target_evaluation
172,39627803615827086,rvspecfit-main-bright-1.fits,5091.692,4.756969,-0.6637946,25.049572,0.0058311103,0.068023846,14.550401,0.9948409286328461,True,True,True,True,True,source_train
173,39627815699615891,rvspecfit-main-bright-1.fits,4220.126,4.723737,-1.3810121,5.240557,0.0051639206,0.04325065,18.43502,0.9909716251074806,True,True,True,True,True,target_evaluation
174,39627803607438174,rvspecfit-main-bright-1.fits,5642.889,4.8214073,-0.48615906,18.5661,0.0050722635,0.024384692,37.923145,0.999140154772141,True,True,True,True,True,source_train
175,39627803611628673,rvspecfit-main-bright-1.fits,4020.0432,4.5748053,-0.27470776,17.213717,0.009376242,0.060401544,7.1663003,1.0,True,False,True,True,False,excluded
176,39627821726830161,rvspecfit-main-bright-1.fits,6008.3403,4.5393844,-0.5416779,14.625392,0.0061407983,0.02290772,39.37174,0.9969905417024936,True,True,True,True,True,source_train
177,39627821735215751,rvspecfit-main-bright-1.fits,3294.7354,4.8505964,-2.5642292e-08,7.730397,0.0075115417,0.016643176,21.056688,0.9935511607910577,True,True,True,True,True,source_train
178,39627821731022092,rvspecfit-main-bright-1.fits,5190.6895,4.841049,-0.7993995,13.560922,0.0052785818,0.030329328,32.107758,0.9969905417024936,True,True,True,True,True,source_train
179,39627821731021230,rvspecfit-main-bright-1.fits,3684.981,5.0,0.25,4.1884074,0.004954467,0.008123847,16.362007,0.9978503869303526,True,True,True,True,True,source_train
180,39627815687034984,rvspecfit-main-bright-1.fits,4739.569,5.0,-0.85505426,11.532685,0.004923784,0.044041347,13.896565,0.9965606190885641,True,True,True,True,True,source_train
181,39627815687034524,rvspecfit-main-bright-1.fits,4077.1528,4.3718333,-0.63530093,10.924272,0.0056715417,0.04823311,11.805095,0.999140154772141,True,True,True,True,True,source_train
182,39627821735215181,rvspecfit-main-bright-1.fits,5441.733,4.7269397,0.06408508,16.47547,0.0056982692,0.029850166,26.109365,0.9939810834049871,True,True,True,True,True,source_train
183,39627821731024722,rvspecfit-main-bright-1.fits,3848.8965,4.69977,0.18254822,3.365291,0.0052124546,0.005300134,26.488497,0.9969905417024936,True,True,True,True,True,source_holdout
184,39627821731023332,rvspecfit-main-bright-1.fits,5673.147,4.154371,-0.652834,18.60212,0.005827596,0.027982075,32.189163,0.9935511607910577,True,True,True,True,True,source_train
185,39627821731022359,rvspecfit-main-bright-1.fits,4617.5776,4.7657123,-0.7961772,5.0090594,0.0052778837,0.02079281,29.06096,0.999140154772141,True,True,True,True,True,source_holdout
186,39627821731025058,rvspecfit-main-bright-1.fits,5209.7017,4.8800473,-0.3729005,12.38069,0.0050398847,0.023602253,35.479305,0.9944110060189166,True,True,True,True,True,source_train
187,39627821731023756,rvspecfit-main-bright-1.fits,5200.0,4.7832894,-0.19249,12.172026,0.005604436,0.030002344,28.382095,0.9961306964746346,True,True,True,True,True,source_train
188,39627821731022509,rvspecfit-main-bright-1.fits,3577.7446,4.6953335,-1.0474946e-08,3.883247,0.0052030142,0.010354056,11.864105,0.998280309544282,True,True,True,True,True,source_train
189,39627809643040344,rvspecfit-main-bright-1.fits,4480.872,4.634665,-0.2720887,4.5911064,0.00445109,0.021028582,24.457863,0.998280309544282,True,True,True,True,True,source_train
190,39627815682837416,rvspecfit-main-bright-1.fits,3505.8186,4.697847,-0.5,3.472395,0.0052135363,0.011721058,10.447268,0.9948409286328461,True,True,True,True,True,source_train
191,39627809647233388,rvspecfit-main-bright-1.fits,4079.8188,4.4529247,-0.71417,4.275322,0.0054306514,0.026388058,10.830236,0.9948409286328461,True,True,True,True,True,source_train
192,39627809647237391,rvspecfit-main-bright-1.fits,5973.523,4.5951033,-0.43540096,12.962492,0.005570202,0.019750081,41.400215,0.9944110060189166,True,True,True,True,True,source_train
193,39627809647234672,rvspecfit-main-bright-1.fits,8673.063,4.444895,-0.3643915,115.05188,0.006197841,0.2687048,7.538816,0.9978503869303526,True,False,False,True,False,excluded
194,39627809647235845,rvspecfit-main-bright-1.fits,5068.538,5.033843,-0.43469375,10.481039,0.0048422725,0.031309497,18.99198,0.999140154772141,True,True,True,True,True,source_train
195,39627809651426096,rvspecfit-main-bright-1.fits,3790.3337,4.5242043,-0.5254817,3.371497,0.0055063483,0.008034281,19.828865,1.0,True,True,True,True,True,source_holdout
196,39627815682841822,rvspecfit-main-bright-1.fits,5677.0537,2.5,-1.4817712,55.660625,0.013131133,0.09284079,9.219853,0.9926913155631987,True,False,True,True,False,excluded
197,39627815687032372,rvspecfit-main-bright-1.fits,6241.239,4.097533,-1.138515,79.873795,0.005966236,0.15492721,7.8944383,0.9922613929492692,True,False,True,True,False,excluded
198,39627809647232516,rvspecfit-main-bright-1.fits,5840.748,3.7801588,-1.5,86.574776,0.006584235,0.13789447,8.291033,0.9965606190885641,True,False,True,True,False,excluded
199,39627815687033670,rvspecfit-main-bright-1.fits,5056.835,4.8901057,-0.5827917,21.000813,0.005204413,0.065214984,18.3659,0.998280309544282,True,True,True,True,True,source_train
200,39627815687029760,rvspecfit-main-bright-1.fits,6087.4746,4.570032,-0.79112864,26.858448,0.0052544726,0.058127858,11.920938,1.0,True,True,True,True,True,target_adaptation
201,39627809630459541,rvspecfit-main-bright-2.fits,10387.999,5.9997687,0.50631565,62.14041,0.004543798,0.04269786,17.20231,0.998280309544282,True,True,False,True,False,excluded
202,39627809626262382,rvspecfit-main-bright-2.fits,5880.711,4.6759195,-1.5200524,104.85781,0.007297924,0.15068567,13.217915,0.999140154772141,True,True,True,True,True,source_holdout
203,39627809626260917,rvspecfit-main-bright-2.fits,5380.17,3.582624,-1.2695554,40.28807,0.0073861335,0.07231825,16.551868,0.9935511607910577,True,True,True,True,True,source_train
204,39627809626265783,rvspecfit-main-bright-2.fits,5500.6396,4.6323175,-0.6599488,45.614044,0.0064521614,0.07255301,24.69407,1.0,True,True,True,True,True,target_adaptation
205,39627803590657219,rvspecfit-main-bright-2.fits,13977.015,6.5,-1.5,7.0053916,0.0045615467,0.02863415,20.058289,0.9957007738607051,True,True,False,True,False,excluded
206,39627803586465384,rvspecfit-main-bright-2.fits,3849.7017,4.606526,-0.9035652,3.4408262,0.005275034,0.01382456,20.625483,0.9995700773860705,True,True,True,True,True,source_holdout
207,39627803586466793,rvspecfit-main-bright-2.fits,5732.7764,2.3931367,-1.500608,24.211582,0.010474839,0.039800882,21.809128,1.0,True,True,True,True,True,target_adaptation
208,39627803590658022,rvspecfit-main-bright-2.fits,3402.1553,4.6148133,-0.25,2.9626968,0.0053460426,0.0072828913,16.427069,0.9957007738607051,True,True,True,True,True,target_evaluation
209,39627809630457323,rvspecfit-main-bright-2.fits,5373.842,4.821488,-0.4876689,17.812952,0.005160459,0.033831418,29.64322,1.0,True,True,True,True,True,source_train
210,39627821710054894,rvspecfit-main-bright-2.fits,4684.1265,4.8220043,-0.82689476,24.022564,0.0074184486,0.13784878,9.535507,0.9965606190885641,True,False,True,True,False,excluded
211,39627827749849033,rvspecfit-main-bright-2.fits,3949.4773,4.6869507,-0.28320226,3.2862525,0.0052949446,0.008530323,26.926407,0.998280309544282,True,True,True,True,True,source_train
212,39627821710055283,rvspecfit-main-bright-2.fits,5821.7363,4.392738,-0.22415301,12.517858,0.006943857,0.022338754,39.63832,1.0,True,True,True,True,True,target_adaptation
213,39627815666062804,rvspecfit-main-bright-2.fits,4470.529,4.175713,-0.5429244,10.55213,0.005766842,0.061675772,11.486521,0.9974204643164231,True,True,True,True,True,source_holdout
214,39627815666061689,rvspecfit-main-bright-2.fits,5625.007,5.0460944,-0.538176,18.55669,0.004765028,0.023500687,25.388048,0.9974204643164231,True,True,True,True,True,source_train
215,39627815666064359,rvspecfit-main-bright-2.fits,6215.6865,3.812212,-1.6046247,41.311523,0.006206735,0.08473722,16.682207,1.0,True,True,True,True,True,source_train
216,39627821710052058,rvspecfit-main-bright-2.fits,4729.0425,4.922308,-0.6593639,14.294388,0.0053312886,0.09596519,13.6076145,1.0,True,True,True,True,True,source_train
217,39627821710053242,rvspecfit-main-bright-2.fits,6002.693,4.137345,-1.4450935,41.358162,0.005838617,0.06656084,16.23091,0.9922613929492692,True,True,True,True,True,source_train
218,39627821710055087,rvspecfit-main-bright-2.fits,5443.4297,4.8745008,-0.48704687,31.344278,0.005372644,0.04883996,27.157091,0.9918314703353397,True,True,True,True,True,source_train
219,39627803590661532,rvspecfit-main-bright-2.fits,3833.6604,4.6565013,0.21136405,4.8654714,0.005369897,0.00870439,16.267258,0.9965606190885641,True,True,True,True,True,source_train
220,39627803590663049,rvspecfit-main-bright-2.fits,5519.6636,4.6390905,-0.24729182,19.721363,0.0052375915,0.02979447,27.996983,0.9914015477214101,True,True,True,True,True,source_train
221,39627803590657079,rvspecfit-main-bright-2.fits,3419.8584,4.538442,0.019656142,3.5147226,0.0053315787,0.0071963845,15.38988,0.9978503869303526,True,True,True,True,True,source_holdout
222,39627797550860289,rvspecfit-main-bright-2.fits,5549.2188,4.636974,-0.3780223,16.44857,0.00526135,0.022831379,39.145744,0.9952708512467756,True,True,True,True,True,source_holdout
223,39627809634649529,rvspecfit-main-bright-2.fits,3644.678,4.258134,-0.5,3.6433816,0.00573931,0.009415583,14.524929,0.9939810834049871,True,True,True,True,True,source_train
224,39627809630459316,rvspecfit-main-bright-2.fits,6000.0034,3.500641,-2.0000484,60.587276,0.007841376,0.1363867,12.135946,1.0,True,True,True,True,True,source_train
225,39627815674447812,rvspecfit-main-bright-2.fits,3424.0989,4.7397685,0.00018690697,3.4059126,0.00527948,0.006058098,23.659945,0.9939810834049871,True,True,True,True,True,source_train
226,39627809630459770,rvspecfit-main-bright-2.fits,5368.565,4.6946135,-0.5807161,26.39945,0.0054702805,0.049658597,23.665197,0.9969905417024936,True,True,True,True,True,source_train
227,39627809630460010,rvspecfit-main-bright-2.fits,6280.135,4.271566,-3.4371262,46.50629,0.0056780856,0.13657199,12.141976,0.9961306964746346,True,True,False,True,False,excluded
228,39627809634648756,rvspecfit-main-bright-2.fits,5872.3496,3.7249937,-0.74438334,17.503624,0.0069179647,0.028388547,29.33238,1.0,True,True,True,True,True,source_train
229,39627815674447376,rvspecfit-main-bright-2.fits,6089.3633,3.8929791,-0.7703861,8.644784,0.0064295344,0.013403433,58.48265,1.0,True,True,True,True,True,source_train
230,39627821714244104,rvspecfit-main-bright-2.fits,3939.141,4.8228536,0.04200729,3.5719666,0.005082254,0.008165974,23.581211,0.998280309544282,True,True,True,True,True,target_evaluation
231,39627815674447529,rvspecfit-main-bright-2.fits,5486.289,3.2848523,-1.25,74.7344,0.008562593,0.1151079,9.664443,0.998280309544282,True,False,True,True,False,excluded
232,39627815674447825,rvspecfit-main-bright-2.fits,3848.9524,4.6892333,-0.37573263,4.38311,0.005187628,0.017321635,12.42645,0.9922613929492692,True,True,True,True,True,target_evaluation
233,39627815674446512,rvspecfit-main-bright-2.fits,4757.154,4.668223,-0.7294396,8.142845,0.0051935734,0.053509016,13.510458,0.9969905417024936,True,True,True,True,True,source_holdout
234,39627815674445916,rvspecfit-main-bright-2.fits,6200.0015,3.9239109,-1.5908489,30.548374,0.0058965296,0.054804422,20.616991,1.0,True,True,True,True,True,source_train
235,39627815670255945,rvspecfit-main-bright-2.fits,5580.723,4.663555,-0.39720652,20.434378,0.0052842726,0.028012678,36.356613,0.9974204643164231,True,True,True,True,True,source_train
236,39627815670254981,rvspecfit-main-bright-2.fits,3519.462,4.852607,-1.3053256e-08,3.884887,0.005085075,0.011147899,11.536332,0.9948409286328461,True,True,True,True,True,source_train
237,39627821710056081,rvspecfit-main-bright-2.fits,5173.5776,4.879602,-0.6280581,26.85622,0.0049994057,0.065974645,14.372349,0.999140154772141,True,True,True,True,True,source_holdout
238,39627815670255483,rvspecfit-main-bright-2.fits,3264.4692,4.4813795,-0.25,2.779569,0.0055368273,0.0068260506,18.47636,0.9957007738607051,True,True,True,True,True,source_holdout
239,39627809634652517,rvspecfit-main-bright-2.fits,4634.3506,4.654203,-0.66354084,13.424959,0.005205988,0.064325,10.531586,0.9969905417024936,True,True,True,True,True,source_holdout
240,39627809634649242,rvspecfit-main-bright-2.fits,4128.8403,4.5186663,-0.5560615,4.0888014,0.0057297125,0.01954892,28.270725,0.9952708512467756,True,True,True,True,True,source_train
241,39627809634650564,rvspecfit-main-bright-2.fits,5467.129,4.3330646,-0.56172794,25.166718,0.0055837794,0.041577134,15.693278,0.9974204643164231,True,True,True,True,True,target_adaptation
242,39627803594851501,rvspecfit-main-bright-2.fits,3486.2705,4.6065497,-0.17854092,3.6096866,0.005271703,0.011825398,10.6264,0.9892519346517626,True,True,True,True,True,source_train
243,39627827749848110,rvspecfit-main-bright-2.fits,3602.7134,4.5958195,-0.30847532,3.8505702,0.005772273,0.014910769,11.624914,0.9896818572656921,True,True,True,True,True,source_train
244,39627827745659019,rvspecfit-main-bright-2.fits,5271.7744,2.8860304,-0.87768126,30.817444,0.2161349,0.0775904,10.505968,0.9909716251074806,True,True,True,False,False,excluded
245,39627821705861343,rvspecfit-main-bright-2.fits,5815.6016,4.2078815,-0.86157435,27.85373,0.0057568974,0.041813612,23.189272,0.9939810834049871,True,True,True,True,True,target_evaluation
246,39627821705861846,rvspecfit-main-bright-2.fits,5171.1445,4.845619,-0.8762946,31.044651,0.005031134,0.07477023,11.910763,0.9961306964746346,True,True,True,True,True,source_train
247,39627821705862321,rvspecfit-main-bright-2.fits,5786.779,4.4509172,-0.40807435,13.603402,0.0056676823,0.01981107,43.42123,0.999140154772141,True,True,True,True,True,source_train
248,39627821710050814,rvspecfit-main-bright-2.fits,5139.886,2.2123494,-0.7234027,11.114155,0.025290567,0.03842778,17.03957,0.998280309544282,True,True,True,True,True,source_train
249,39627821710049965,rvspecfit-main-bright-2.fits,5314.402,3.0451887,-1.3697333,18.676435,0.013699289,0.04104372,24.613297,0.9987102321582115,True,True,True,True,True,target_evaluation
250,39627809622070703,rvspecfit-main-bright-2.fits,3640.8809,4.278382,-0.06519483,4.143173,0.0056601693,0.012024636,9.3701725,0.9905417024935511,True,False,True,True,False,excluded
251,39627809622071752,rvspecfit-main-bright-2.fits,4348.3013,4.2938833,0.03475197,2.440349,0.004705926,0.03631752,13.6496525,1.0,True,True,True,True,True,source_train
252,39627809622067402,rvspecfit-main-bright-2.fits,6137.838,4.0774336,-1.2985094,18.20079,0.005985518,0.0333072,31.265646,0.9935511607910577,True,True,True,True,True,target_evaluation
253,39627809622070269,rvspecfit-main-bright-2.fits,3984.4822,4.556616,-0.40669677,5.599088,0.0053976756,0.018574087,18.33643,1.0,True,True,True,True,True,source_train
254,39627815661868002,rvspecfit-main-bright-2.fits,4858.5776,4.749538,-0.61298645,16.516874,0.0051395725,0.057181746,13.818729,1.0,True,True,True,True,True,source_train
255,39627815661863647,rvspecfit-main-bright-2.fits,5523.716,4.755047,-1.6413625,69.413506,0.0051474916,0.10748773,14.135072,0.9987102321582115,True,True,True,True,True,source_train
256,39627809622066836,rvspecfit-main-bright-2.fits,3970.5703,4.5469885,-0.63032347,6.0052714,0.0052768183,0.019577948,15.522804,0.9969905417024936,True,True,True,True,True,target_evaluation
257,39627809617878013,rvspecfit-main-bright-2.fits,5462.681,5.1084437,-0.5318166,11.850388,0.004657159,0.016942756,31.116262,0.9926913155631987,True,True,True,True,True,target_evaluation
258,39627821705860894,rvspecfit-main-bright-2.fits,5199.998,4.947138,-0.5831473,23.986439,0.0049426486,0.04947233,11.999475,0.9961306964746346,True,True,True,True,True,source_train
259,39627827745658108,rvspecfit-main-bright-2.fits,5858.69,4.1545696,-0.65876865,11.834174,0.005829883,0.01890373,42.98605,0.9931212381771282,True,True,True,True,True,source_train
260,39627815661865061,rvspecfit-main-bright-2.fits,5428.35,4.890044,-1.0161736,40.65597,0.004988632,0.06742527,9.815967,0.9935511607910577,True,False,True,True,False,excluded
261,39627815661865775,rvspecfit-main-bright-2.fits,5821.82,4.696583,-0.60589206,22.647928,0.005229327,0.029399257,32.139385,0.998280309544282,True,True,True,True,True,source_holdout
262,39627815666057996,rvspecfit-main-bright-2.fits,3822.416,4.5260677,-0.1163142,5.1396728,0.005363737,0.016034236,9.928088,0.9918314703353397,True,False,True,True,False,excluded
263,39627809630456709,rvspecfit-main-bright-2.fits,4456.4375,4.312293,-0.032625537,8.708971,0.0034189678,0.047763325,11.1415825,0.9969905417024936,True,True,True,True,True,target_adaptation
264,39627809630460273,rvspecfit-main-bright-2.fits,4266.724,4.291764,-0.3995353,6.420524,0.004793887,0.035940193,13.688093,1.0,True,True,True,True,True,source_train
265,39627809626267119,rvspecfit-main-bright-2.fits,3242.5146,5.056833,0.07136937,4.499439,0.005383623,0.013030961,13.200036,0.9974204643164231,True,True,True,True,True,source_train
266,39627803590663198,rvspecfit-main-bright-2.fits,5226.19,5.1858335,-0.42593405,30.134653,0.0051004775,0.056410894,14.637673,0.9965606190885641,True,True,True,True,True,source_train
267,39627803590660150,rvspecfit-main-bright-2.fits,5064.5283,4.960351,-0.6016991,9.824873,0.004912183,0.023264123,30.4399,0.9969905417024936,True,True,True,True,True,source_train
268,39627803590663616,rvspecfit-main-bright-2.fits,5264.293,4.9305468,-0.38132095,17.389263,0.004981926,0.032647803,26.193756,0.9952708512467756,True,True,True,True,True,source_train
269,39627809630455448,rvspecfit-main-bright-2.fits,4920.801,4.8774447,-0.8007041,25.109917,0.008263113,0.10630737,10.45429,0.9926913155631987,True,True,True,True,True,source_train
270,39627809630455897,rvspecfit-main-bright-2.fits,4657.0425,4.821963,-1.4626708,9.966764,0.0051878057,0.052445132,13.393717,0.9965606190885641,True,True,True,True,True,source_train
271,39627803594851309,rvspecfit-main-bright-2.fits,4039.3142,4.3577476,-0.16311127,8.297684,0.006189199,0.023084385,16.364233,0.9974204643164231,True,True,True,True,True,source_holdout
272,39627809630456059,rvspecfit-main-bright-2.fits,5653.161,4.729489,-0.35176328,24.984495,0.005231877,0.03306024,31.716152,0.9957007738607051,True,True,True,True,True,source_holdout
273,39627809626266471,rvspecfit-main-bright-2.fits,3966.375,4.5,-0.4688389,12.950989,0.0098757995,0.06433819,10.5517025,0.9978503869303526,True,True,True,True,True,source_train
274,39627803590662231,rvspecfit-main-bright-2.fits,3923.9023,4.860688,-0.21942766,4.5452313,0.0051228553,0.01224508,16.41345,0.9922613929492692,True,True,True,True,True,source_train
275,39627809622066568,rvspecfit-main-bright-2.fits,5247.298,2.5284274,-1.1888127,47.954517,0.290546,0.09924148,10.25439,0.9922613929492692,True,True,True,False,False,excluded
276,39627815657675096,rvspecfit-main-bright-2.fits,4139.42,4.285126,-0.46588877,3.1560707,0.0012214339,0.024432372,15.462467,0.9944110060189166,True,True,True,True,True,source_train
277,39627815657675658,rvspecfit-main-bright-2.fits,6244.799,4.8320675,-2.0110269,29.854408,0.005149509,0.06305038,29.889742,0.9883920894239037,True,True,True,True,True,source_train
278,39627809622066920,rvspecfit-main-bright-2.fits,4055.8792,4.6014476,-0.20316944,3.7108796,0.0055007096,0.010824712,29.56552,0.9974204643164231,True,True,True,True,True,source_holdout
279,39627803590659883,rvspecfit-main-bright-2.fits,4500.001,5.4999948,-1.1859689,6.9178114,0.0047328277,0.04441093,15.03904,0.9944110060189166,True,True,True,True,True,source_train
280,39627815666059119,rvspecfit-main-bright-2.fits,5386.4546,5.173077,-0.6118051,49.167454,0.0047851196,0.08144988,16.926617,0.9948409286328461,True,True,True,True,True,source_holdout
281,39627803590661096,rvspecfit-main-bright-2.fits,4066.9148,4.2947297,-0.66380507,13.412192,0.0077027455,0.058442477,12.22762,0.9840928632846088,True,True,True,True,True,target_adaptation
282,39627803590656889,rvspecfit-main-bright-2.fits,4054.4236,4.62182,-0.041184362,15.251119,0.0070037236,0.043535862,7.818656,0.9957007738607051,True,False,True,True,False,excluded
283,39627809626263518,rvspecfit-main-bright-2.fits,5671.4863,4.8601556,-0.65956116,26.725971,0.0050964267,0.035678905,34.921234,0.9969905417024936,True,True,True,True,True,source_train
284,39627815661869306,rvspecfit-main-bright-2.fits,3522.1082,4.599729,-0.106358714,3.7362187,0.005418819,0.010459231,12.123284,0.9888220120378332,True,True,True,True,True,target_evaluation
285,39627815666057276,rvspecfit-main-bright-2.fits,5835.7197,4.786773,-0.4672697,24.455736,0.006171356,0.039093155,29.516027,0.9931212381771282,True,True,True,True,True,source_train
286,39627803590657135,rvspecfit-main-bright-2.fits,5378.66,4.766294,-0.32350528,37.84916,0.0062360433,0.068029486,16.43598,0.9892519346517626,True,True,True,True,True,target_evaluation
287,39627815666060895,rvspecfit-main-bright-2.fits,5331.264,4.9324512,-0.4723397,21.878744,0.0063712155,0.040943496,42.472977,0.9952708512467756,True,True,True,True,True,source_holdout
288,39627803590657830,rvspecfit-main-bright-2.fits,3512.648,4.660977,-0.6439645,3.348328,0.005246286,0.012838218,11.452812,0.9965606190885641,True,True,True,True,True,source_train
289,39627803590661582,rvspecfit-main-bright-2.fits,3455.6008,4.232639,-0.24999999,2.9744396,0.005892419,0.0061113145,18.004162,0.9957007738607051,True,True,True,True,True,source_train
290,39627803590659709,rvspecfit-main-bright-2.fits,3757.0525,4.6078687,-0.25,3.8790934,0.0052597155,0.012541782,12.965964,0.9978503869303526,True,True,True,True,True,target_evaluation
291,39627809626262364,rvspecfit-main-bright-2.fits,3538.3384,4.7990932,-2.37882e-05,3.8474803,0.00512533,0.010765655,11.426821,0.9969905417024936,True,True,True,True,True,source_holdout
292,39627803586467082,rvspecfit-main-bright-2.fits,4133.343,4.5962505,-0.30265576,3.2517552,0.005292761,0.01193044,40.598423,1.0,True,True,True,True,True,target_adaptation
293,39627803586463484,rvspecfit-main-bright-2.fits,5079.818,2.5580812,-1.1764431,7.305899,0.05332552,0.023405299,31.973804,0.9892519346517626,True,True,True,True,True,target_evaluation
294,39627809626262869,rvspecfit-main-bright-2.fits,3929.2153,4.8658395,-0.12083885,4.497252,0.00503807,0.012049595,15.391893,0.9944110060189166,True,True,True,True,True,source_train
295,39627809626260979,rvspecfit-main-bright-2.fits,3566.478,4.700815,-0.53303653,3.4489856,0.0056597656,0.01472704,11.654076,0.999140154772141,True,True,True,True,True,source_train
296,39627803586467901,rvspecfit-main-bright-2.fits,3792.033,4.5484076,-0.30527502,4.510953,0.005705382,0.020273987,8.997718,0.9935511607910577,True,False,True,True,False,excluded
297,39627809626262901,rvspecfit-main-bright-2.fits,5332.908,5.106308,-0.55739915,33.80591,0.0051919012,0.054223873,27.190147,0.9926913155631987,True,True,True,True,True,source_train
298,39627803586465882,rvspecfit-main-bright-2.fits,3760.6992,4.6941853,-0.20770857,4.721909,0.0053271013,0.013998709,9.883729,0.9965606190885641,True,False,True,True,False,excluded
299,39627815661868670,rvspecfit-main-bright-2.fits,5616.7725,4.8926578,-0.47334608,61.826546,0.008698608,0.09675968,27.686516,0.998280309544282,True,True,True,True,True,source_train
300,39627815661866911,rvspecfit-main-bright-2.fits,4768.7856,4.6073365,-0.34992018,7.509214,0.0049269665,0.024464155,22.163067,0.9987102321582115,True,True,True,True,True,source_train
301,39627815661867184,rvspecfit-main-bright-2.fits,5877.344,4.5,-0.87294865,58.920494,0.005384886,0.0866663,11.212901,0.999140154772141,True,True,True,True,True,target_evaluation
302,39627809622068156,rvspecfit-main-bright-2.fits,6515.324,4.796622,-1.8525045,80.320496,0.005083058,0.16029234,9.00301,0.9948409286328461,True,False,True,True,False,excluded
303,39627809622069969,rvspecfit-main-bright-2.fits,3846.7625,4.662172,-0.13872,1.7348627,0.005180437,0.00396348,47.146626,1.0,True,True,True,True,True,source_holdout
304,39627815661865766,rvspecfit-main-bright-2.fits,4022.9866,4.5,-0.64110696,7.2304864,0.0054786196,0.031234711,13.5231285,0.9974204643164231,True,True,True,True,True,source_train
305,39627827749847083,rvspecfit-main-bright-2.fits,5326.848,4.713994,-0.6395275,23.317324,0.0052777193,0.049608734,20.753544,0.9969905417024936,True,True,True,True,True,source_train
306,39627821705858400,rvspecfit-main-bright-2.fits,5869.313,4.42161,-0.59817594,20.849031,0.0056159305,0.030945662,28.417381,0.9952708512467756,True,True,True,True,True,target_evaluation
307,39627827749848496,rvspecfit-main-bright-2.fits,5399.989,3.321622,-1.398623,22.439043,0.008676428,0.040445693,27.355183,0.9939810834049871,True,True,True,True,True,source_holdout
308,39627827749848385,rvspecfit-main-bright-2.fits,5638.439,4.735296,-1.5192606,173.87186,0.00836772,0.23633589,16.810644,0.9965606190885641,True,True,True,False,False,excluded
309,39627827749848143,rvspecfit-main-bright-2.fits,4438.9204,4.3131647,-0.6218654,17.848215,0.005601376,0.1042414,9.081789,1.0,True,False,True,True,False,excluded
310,39627821705860820,rvspecfit-main-bright-2.fits,5847.3438,4.671578,-1.4983106,29.846222,0.005201755,0.03761124,34.099068,1.0,True,True,True,True,True,source_holdout
311,39627821705861111,rvspecfit-main-bright-2.fits,4239.053,4.33071,-0.011549102,7.325446,0.0049723047,0.024332829,13.627671,0.999140154772141,True,True,True,True,True,source_train
312,39627815674446919,rvspecfit-main-bright-2.fits,4980.1772,2.3038235,-0.68044895,3.3291805,0.043583374,0.014082463,44.83017,0.9931212381771282,True,True,True,True,True,source_train
313,39627809634651799,rvspecfit-main-bright-2.fits,5224.1265,4.7891574,-0.38289738,14.530466,0.0051027243,0.03437575,22.70273,0.9965606190885641,True,True,True,True,True,target_adaptation
314,39627809634652045,rvspecfit-main-bright-2.fits,4057.0815,4.6004157,-0.6498248,10.565911,0.005376448,0.044316027,9.549988,0.9905417024935511,True,False,True,True,False,excluded
315,39627815674449289,rvspecfit-main-bright-2.fits,5677.4395,4.6546865,-0.88337266,60.506927,0.0053084204,0.08918213,16.62279,0.9978503869303526,True,True,True,True,True,source_train
316,39627815674447128,rvspecfit-main-bright-2.fits,6065.0186,3.883148,-1.8013071,102.14659,0.0063677607,0.28676438,8.426956,0.9931212381771282,True,False,True,True,False,excluded
317,39627815674448041,rvspecfit-main-bright-2.fits,5658.781,5.072369,-0.89108366,71.308495,0.0049200864,0.091593176,32.708187,0.9918314703353397,True,True,True,True,True,target_adaptation
318,39627815674449581,rvspecfit-main-bright-2.fits,5792.788,4.7165213,-0.5580153,113.350044,0.017307231,0.2204194,13.48949,0.9931212381771282,True,True,True,True,True,source_holdout
319,39627809634650812,rvspecfit-main-bright-2.fits,3975.1428,4.7083035,2.6726263e-10,11.636763,0.0051671993,0.019245224,8.774929,0.9965606190885641,True,False,True,True,False,excluded
320,39627815674446711,rvspecfit-main-bright-2.fits,5199.999,3.401405,-0.8483769,25.471512,0.008470025,0.07151269,11.795898,0.9961306964746346,True,True,True,True,True,source_train
321,39627821705859713,rvspecfit-main-bright-2.fits,5899.94,4.7137904,-0.6353138,16.703156,0.005185009,0.022365287,40.30908,0.9987102321582115,True,True,True,True,True,source_train
322,39627821705859537,rvspecfit-main-bright-2.fits,3600.005,4.561004,-0.030601155,3.6878607,0.0057594413,0.008400454,16.383518,0.9952708512467756,True,True,True,True,True,source_train
323,39627815666062822,rvspecfit-main-bright-2.fits,4725.2007,4.828737,-0.48243913,15.727534,0.006173869,0.062322117,21.326593,0.9961306964746346,True,True,True,True,True,target_evaluation
324,39627821710056409,rvspecfit-main-bright-2.fits,6132.3394,3.9241068,-1.0561914,36.344994,0.006037439,0.06113093,14.824798,0.9939810834049871,True,True,True,True,True,source_train
325,39627809634650293,rvspecfit-main-bright-2.fits,5400.0005,4.865568,-0.16627103,15.748422,0.005195503,0.026745845,30.930355,0.9918314703353397,True,True,True,True,True,source_train
326,39627809634650742,rvspecfit-main-bright-2.fits,5899.9976,4.5475526,-0.6766757,23.54981,0.0064617363,0.037746884,29.139715,0.9939810834049871,True,True,True,True,True,target_evaluation
327,39627809630461078,rvspecfit-main-bright-2.fits,5211.608,5.1218247,-0.6671269,26.786139,0.0050015496,0.05765751,15.055974,0.9914015477214101,True,True,True,True,True,target_evaluation
328,39627821714245437,rvspecfit-main-bright-2.fits,5097.6807,3.0,-0.8381545,21.137606,0.016599422,0.07498277,9.967655,0.9888220120378332,True,False,True,True,False,excluded
329,39627821710056906,rvspecfit-main-bright-2.fits,3979.2737,4.867771,0.21958606,6.1885867,0.0051410752,0.010342123,17.34835,0.9978503869303526,True,True,True,True,True,source_train
330,39627809630459118,rvspecfit-main-bright-2.fits,5475.7256,4.8019958,-0.63902676,87.46256,0.0053624827,0.12739006,13.282083,0.9969905417024936,True,True,True,True,True,source_holdout
331,39627821710056451,rvspecfit-main-bright-2.fits,3497.9834,5.0795856,0.24988702,4.5624084,0.004931729,0.011421354,12.161266,0.9969905417024936,True,True,True,True,True,source_train
332,39627809630460912,rvspecfit-main-bright-2.fits,3699.9932,5.0507874,0.25,4.6206155,0.0049209036,0.01045125,12.179368,0.9987102321582115,True,True,True,True,True,source_holdout
333,39627809634648525,rvspecfit-main-bright-2.fits,3605.8003,5.1277037,0.2500128,4.428576,0.004877088,0.01269576,9.820889,0.9987102321582115,True,False,True,True,False,excluded
334,39627821714244662,rvspecfit-main-bright-2.fits,3429.8774,4.604197,-1.2840667e-07,3.3508232,0.0053709,0.006117097,19.982775,0.9987102321582115,True,True,True,True,True,source_train
335,39627821714245907,rvspecfit-main-bright-2.fits,4366.539,4.231374,-0.31133905,3.037952,0.005037403,0.051889982,10.977933,0.9961306964746346,True,True,True,True,True,target_evaluation
336,39627821710055899,rvspecfit-main-bright-2.fits,3424.4392,4.995202,-7.4457542e-09,3.4076073,0.00511173,0.006474768,24.317644,0.9918314703353397,True,True,True,True,True,source_holdout
337,39627827749848650,rvspecfit-main-bright-2.fits,4466.5337,4.618607,0.044671465,2.1323574,0.004840618,0.008721932,54.195507,0.9948409286328461,True,True,True,True,True,source_train
338,39627821710050224,rvspecfit-main-bright-2.fits,5930.1323,3.5,-1.442121,37.623875,0.0076223495,0.068327256,13.783821,0.9974204643164231,True,True,True,True,True,source_holdout
339,39627821710050291,rvspecfit-main-bright-2.fits,5940.379,3.930555,-1.7105168,48.17314,0.006329754,0.08191241,14.682658,0.9957007738607051,True,True,True,True,True,source_train
340,39627821705861081,rvspecfit-main-bright-2.fits,5658.751,4.8690896,-0.9164616,159.57399,0.008830046,0.2013356,22.111092,0.9952708512467756,True,True,True,False,False,excluded
341,39627821710051126,rvspecfit-main-bright-2.fits,5800.0,4.612319,-0.7780842,24.762577,0.0052303085,0.033376608,19.324104,0.9978503869303526,True,True,True,True,True,target_adaptation
342,39627821710055207,rvspecfit-main-bright-2.fits,3504.1226,4.6582346,0.0005416409,3.677509,0.0052603325,0.008201855,14.639302,0.998280309544282,True,True,True,True,True,target_adaptation
343,39627827749851582,rvspecfit-main-bright-2.fits,5215.1235,2.9999962,-0.6262077,26.18042,0.014917752,0.06676685,10.221223,0.9978503869303526,True,True,True,True,True,target_adaptation
344,39627821710049835,rvspecfit-main-bright-2.fits,4376.9946,4.624699,-0.18394293,6.0268207,0.004448843,0.029111914,16.31211,0.9987102321582115,True,True,True,True,True,target_adaptation
345,39627821710053829,rvspecfit-main-bright-2.fits,4250.2056,4.1492076,-0.34893978,10.218964,0.00584477,0.04652169,9.345503,0.9944110060189166,True,False,True,True,False,excluded
346,39627827749851561,rvspecfit-main-bright-2.fits,4582.247,4.645913,-0.1602331,3.7517946,0.0050583812,0.014413682,35.327065,0.9957007738607051,True,True,True,True,True,source_train
347,39627821705855699,rvspecfit-main-bright-2.fits,5792.0356,4.695905,0.04237808,11.646105,0.005454955,0.017370353,39.885696,0.9948409286328461,True,True,True,True,True,source_train
348,39627821705856924,rvspecfit-main-bright-2.fits,4071.0957,4.5,-0.9237967,6.268646,0.006094689,0.031608738,18.17878,0.9974204643164231,True,True,True,True,True,source_train
349,39627821705859210,rvspecfit-main-bright-2.fits,3441.5813,5.040517,-4.742876e-06,3.6377826,0.004952717,0.012869824,9.152503,0.9918314703353397,True,False,True,True,False,excluded
350,39627821705855258,rvspecfit-main-bright-2.fits,3517.6934,4.8049726,-1.0216372e-06,3.7927032,0.005135357,0.009259744,14.112121,0.9969905417024936,True,True,True,True,True,source_train
351,39627821705856451,rvspecfit-main-bright-2.fits,5420.7812,5.072083,-0.31994924,22.082588,0.005002197,0.03372364,33.66507,0.9948409286328461,True,True,True,True,True,source_train
352,39627815670256174,rvspecfit-main-bright-2.fits,5149.444,4.9024806,-0.312778,11.516883,0.005072981,0.024161441,30.513983,0.9905417024935511,True,True,True,True,True,source_train
353,39627815670254500,rvspecfit-main-bright-2.fits,5992.8066,4.7794275,-1.7546891,115.13646,0.0051056473,0.16961598,8.753465,0.9896818572656921,True,False,True,True,False,excluded
354,39627815670252536,rvspecfit-main-bright-2.fits,3317.7034,5.022687,0.24999999,7.3061867,0.0054413085,0.022463031,11.015778,0.9965606190885641,True,True,True,True,True,source_train
355,39627815666065086,rvspecfit-main-bright-2.fits,3564.015,4.597167,-0.47989428,2.5955863,0.0057277326,0.004941056,28.174921,0.9871023215821152,True,True,True,True,True,source_train
356,39627815670256329,rvspecfit-main-bright-2.fits,4268.692,4.267987,-0.1768291,6.1509056,0.005011279,0.026256487,15.65206,0.9939810834049871,True,True,True,True,True,source_train
357,39627815670255422,rvspecfit-main-bright-2.fits,3372.4905,4.635477,-0.25,3.1324682,0.005291125,0.010124231,10.840911,0.9935511607910577,True,True,True,True,True,target_adaptation
358,39627815670256958,rvspecfit-main-bright-2.fits,3539.3472,4.3192625,-0.24999994,2.580224,0.006404647,0.0041397745,33.17341,0.9974204643164231,True,True,True,True,True,source_holdout
359,39627815670253220,rvspecfit-main-bright-2.fits,5879.129,4.39243,-0.723626,18.496655,0.0019732527,0.028652523,22.477627,0.9978503869303526,True,True,True,True,True,target_evaluation
360,39627821710054214,rvspecfit-main-bright-2.fits,3414.2305,4.7413764,0.0004093645,3.3800359,0.0052206917,0.007235926,16.673859,0.9995700773860705,True,True,True,True,True,source_train
361,39627815666064691,rvspecfit-main-bright-2.fits,4884.057,4.824358,-0.6790433,10.597252,0.005406748,0.034981526,21.107985,0.9944110060189166,True,True,True,True,True,source_holdout
362,39627815670258682,rvspecfit-main-bright-2.fits,5154.034,4.6344557,-0.7151674,5.748731,0.0052233897,0.04139446,15.994537,0.9944110060189166,True,True,True,True,True,source_train
363,39627815670255646,rvspecfit-main-bright-2.fits,4625.0684,4.7049537,-0.38005188,3.402729,0.0049966355,0.013135541,39.936398,0.9957007738607051,True,True,True,True,True,target_evaluation
364,39627815670254252,rvspecfit-main-bright-2.fits,5477.3633,5.042265,-0.6065832,14.064033,0.004448686,0.01941945,28.553913,0.9922613929492692,True,True,True,True,True,source_train
365,39627809638844518,rvspecfit-main-bright-2.fits,5146.911,4.949683,-0.5298648,10.979292,0.0050915787,0.022866398,35.911133,1.0,True,True,True,True,True,source_train
366,39627815674452489,rvspecfit-main-bright-2.fits,5399.9995,3.7091541,-0.93474716,44.292004,0.006949838,0.06972415,13.863449,0.9948409286328461,True,True,True,True,True,target_adaptation
367,39627815678643595,rvspecfit-main-bright-2.fits,5466.3413,4.7188306,-1.1791174,198.45213,0.015506864,0.33180216,14.429603,0.9918314703353397,True,True,True,False,False,excluded
368,39627809638844366,rvspecfit-main-bright-2.fits,5928.3076,4.3354897,-0.96908414,10.47136,0.0055403286,0.015161708,40.240032,0.998280309544282,True,True,True,True,True,source_train
369,39627809638843344,rvspecfit-main-bright-2.fits,4019.3086,4.3538957,-0.7294178,5.9370985,0.0071487804,0.027892547,19.133818,0.9922613929492692,True,True,True,True,True,source_train
370,39627815678645348,rvspecfit-main-bright-2.fits,5129.1094,4.3663006,-0.60734385,27.693913,0.0055358233,0.075688966,8.295364,0.9918314703353397,True,False,True,True,False,excluded
371,39627809622068547,rvspecfit-main-bright-2.fits,5684.9526,4.6026263,-0.5569045,44.595062,0.005258051,0.073643476,9.956624,0.9922613929492692,True,False,True,True,False,excluded
372,39627809622071054,rvspecfit-main-bright-2.fits,5525.644,4.7743783,-0.83801436,78.64316,0.006146448,0.11759455,16.042292,0.9952708512467756,True,True,True,True,True,source_train
373,39627809622072149,rvspecfit-main-bright-2.fits,4927.6396,4.850641,-0.33607587,11.412368,0.0050752936,0.034877256,24.390818,0.9892519346517626,True,True,True,True,True,target_evaluation
374,39627809622067260,rvspecfit-main-bright-2.fits,3569.8933,5.028775,0.2393016,5.406227,0.0052296086,0.0075543453,35.163986,0.9896818572656921,True,True,True,True,True,source_train
375,39627809622067002,rvspecfit-main-bright-2.fits,3771.5696,4.710228,-1.0894571e-08,4.344189,0.0051783426,0.011396308,12.564167,0.9883920894239037,True,True,True,True,True,source_train
376,39627809617876275,rvspecfit-main-bright-2.fits,4464.1,4.7201085,-0.43328735,5.2781315,0.005548744,0.025942445,32.42009,0.9866723989681857,True,True,True,True,True,source_train
377,39627809622067500,rvspecfit-main-bright-2.fits,4034.2659,4.491199,-0.6597243,6.4072204,0.0056365365,0.0276828,16.265076,0.9931212381771282,True,True,True,True,True,source_train
378,39627809622068668,rvspecfit-main-bright-2.fits,3677.8582,5.0258574,-0.4246747,3.6086547,0.004924128,0.014645507,13.42371,0.9965606190885641,True,True,True,True,True,source_train
379,39627809622066858,rvspecfit-main-bright-2.fits,3941.9397,4.5613294,-0.20976058,4.6417575,0.0057076756,0.020598613,11.638368,0.9935511607910577,True,True,True,True,True,source_holdout
380,39627809617877158,rvspecfit-main-bright-2.fits,3947.6091,4.7674556,-0.06672098,2.0247228,0.0050917165,0.0041356804,48.979847,0.9944110060189166,True,True,True,True,True,source_train
381,39627815674450471,rvspecfit-main-bright-2.fits,3500.0012,4.6503525,-0.6308053,3.4400764,0.0052691144,0.013629464,10.037274,0.9969905417024936,True,True,True,True,True,source_train
382,39627815674452149,rvspecfit-main-bright-2.fits,4232.6313,4.6839876,-0.38814396,3.7336085,0.0052575497,0.016647102,38.39962,0.9978503869303526,True,True,True,True,True,source_train
383,39627815674449522,rvspecfit-main-bright-2.fits,6048.275,4.13458,-0.82777774,16.946571,0.0059005385,0.027473276,29.612282,0.9866723989681857,True,True,True,True,True,source_train
384,39627821714247491,rvspecfit-main-bright-2.fits,6099.9995,3.7331715,-1.5,57.771137,0.0069086347,0.107293196,10.511821,1.0,True,True,True,True,True,source_holdout
385,39627821714245918,rvspecfit-main-bright-2.fits,4723.461,4.6755776,-0.1425245,4.232685,0.005030439,0.014112135,37.160084,0.998280309544282,True,True,True,True,True,source_train
386,39627809638842501,rvspecfit-main-bright-2.fits,4460.176,4.330268,-0.029645715,2.855555,0.005416321,0.012572148,42.10841,0.9961306964746346,True,True,True,True,True,source_train
387,39627809638843253,rvspecfit-main-bright-2.fits,5755.4775,4.6176867,-0.7867621,19.361969,0.0029934125,0.039459594,16.62278,0.9965606190885641,True,True,True,True,True,target_adaptation
388,39627809634653854,rvspecfit-main-bright-2.fits,3951.1755,4.59858,-0.57165754,4.8934884,0.005470351,0.021754682,12.119095,0.9871023215821152,True,True,True,True,True,source_train
389,39627827749850006,rvspecfit-main-bright-3.fits,3659.4504,4.836194,-2.3115545e-08,4.0141745,0.00510973,0.009996463,14.898116,0.9944110060189166,True,True,True,True,True,target_adaptation
390,39627827749851143,rvspecfit-main-bright-3.fits,3962.93,4.6219153,-0.21113302,4.602434,0.005365436,0.010721364,22.303965,0.9974204643164231,True,True,True,True,True,source_train
391,39627827749850873,rvspecfit-main-bright-3.fits,5800.0005,3.5000045,-1.8564402,77.88531,0.007879744,0.14548256,9.128858,0.9952708512467756,True,False,True,True,False,excluded
392,39627827749852365,rvspecfit-main-bright-3.fits,6430.866,4.4665184,-2.1353698,32.64473,0.005392978,0.07889373,22.367079,0.9957007738607051,True,True,True,True,True,source_holdout
393,39627827749850675,rvspecfit-main-bright-3.fits,3549.703,4.6044087,-1.3326888e-08,3.1183243,0.006591227,0.0037479044,39.335064,0.998280309544282,True,True,True,True,True,source_train
394,39627827749853791,rvspecfit-main-bright-3.fits,5937.0537,4.671657,-0.5924776,20.401655,0.005360026,0.02815009,31.061192,1.0,True,True,True,True,True,source_holdout
395,39627821714250227,rvspecfit-main-bright-3.fits,4005.6765,4.5,-0.6482125,7.950583,0.005479156,0.030702429,11.753814,0.9918314703353397,True,True,True,True,True,source_train
396,39627821718441937,rvspecfit-main-bright-3.fits,5865.6704,4.434249,-0.4295865,20.41948,0.006807471,0.0344057,27.179558,0.9974204643164231,True,True,True,True,True,source_train
397,39627821718440237,rvspecfit-main-bright-3.fits,3785.1372,4.0,-0.69287765,4.092865,0.0061161458,0.016807208,14.276147,0.998280309544282,True,True,True,True,True,source_train
398,39627821718439330,rvspecfit-main-bright-3.fits,5249.375,5.091779,-0.8943076,17.631248,0.0049398704,0.03310986,25.409119,0.998280309544282,True,True,True,True,True,source_train
399,39627821718439188,rvspecfit-main-bright-3.fits,4910.22,4.2240663,-0.55754906,14.481446,0.00570115,0.048763394,13.061227,0.9952708512467756,True,True,True,True,True,target_adaptation
400,39627821714249177,rvspecfit-main-bright-3.fits,6422.17,4.2227826,-2.7305396,38.34342,0.00018579459,0.12477247,16.966885,0.9944110060189166,True,True,True,True,True,source_train
401,39627827754042684,rvspecfit-main-bright-3.fits,4079.902,4.3594394,-0.5489129,4.0511074,0.0059091053,0.014975839,29.607119,0.998280309544282,True,True,True,True,True,source_train
402,39627827754047715,rvspecfit-main-bright-3.fits,5188.3516,4.560161,-0.8514624,109.64209,0.008988598,0.222425,9.68061,0.9978503869303526,True,False,True,True,False,excluded
403,39627839842028858,rvspecfit-main-bright-3.fits,4881.817,4.573552,-0.5576988,19.852415,0.003259597,0.0654193,9.493444,0.9987102321582115,True,False,True,True,False,excluded
404,39627839842027235,rvspecfit-main-bright-3.fits,4255.7646,3.7712116,-0.29332766,9.382925,0.0066911676,0.04666455,10.413524,0.999140154772141,True,True,True,True,True,source_holdout
405,39627827754045024,rvspecfit-main-bright-3.fits,5222.382,4.7386975,-0.2611682,10.961313,0.0052614445,0.022523247,33.370228,1.0,True,True,True,True,True,source_train
406,39627839842027358,rvspecfit-main-bright-3.fits,3398.4958,4.8100953,-3.0253883e-08,3.0744147,0.0053098444,0.005505602,24.140806,0.9969905417024936,True,True,True,True,True,target_evaluation
407,39627827754043867,rvspecfit-main-bright-3.fits,3838.7844,4.552848,-0.17979255,4.2749367,0.0053655524,0.014967252,11.632545,0.9987102321582115,True,True,True,True,True,source_train
408,39627827754044213,rvspecfit-main-bright-3.fits,3940.198,4.5390363,-0.60410625,5.9730773,0.005370544,0.017301627,11.1024065,0.9939810834049871,True,True,True,True,True,target_adaptation
409,39627827754043335,rvspecfit-main-bright-3.fits,4149.83,4.5546007,-0.43023607,3.4217336,0.005679489,0.014608388,38.904366,0.9974204643164231,True,True,True,True,True,source_train
410,39627833802231888,rvspecfit-main-bright-3.fits,5252.27,5.0464845,-0.5512155,46.973675,0.0066412454,0.096048295,13.302268,0.9978503869303526,True,True,True,True,True,source_holdout
411,39627839842025566,rvspecfit-main-bright-3.fits,4677.3696,4.565136,-0.426781,13.749402,0.0072304527,0.060626786,16.741234,0.9931212381771282,True,True,True,True,True,source_train
412,39627833802233253,rvspecfit-main-bright-3.fits,5834.453,4.0772743,-1.8193587,61.57257,0.0059236754,0.096793525,11.687839,0.9909716251074806,True,True,True,True,True,source_train
413,39627827754043235,rvspecfit-main-bright-3.fits,4013.692,4.511971,-0.36864132,2.8866322,0.005337646,0.0091778925,35.088436,0.9961306964746346,True,True,True,True,True,source_train
414,39627821722633943,rvspecfit-main-bright-3.fits,6117.946,4.416838,-1.0314091,15.03721,0.005455165,0.023829851,28.962729,0.998280309544282,True,True,True,True,True,source_train
415,39627821722635677,rvspecfit-main-bright-3.fits,7735.6685,3.3470943,-1.6864567,16.408375,0.0064671687,0.04389238,41.31007,0.9987102321582115,True,True,True,True,True,source_train
416,39627827754041492,rvspecfit-main-bright-3.fits,5546.208,4.802737,-0.726287,34.32078,0.0050574434,0.05082372,13.716548,0.9987102321582115,True,True,True,True,True,source_train
417,39627833793842886,rvspecfit-main-bright-3.fits,5554.7554,4.770294,-0.47174188,15.773141,0.005739523,0.024790624,39.385548,0.9948409286328461,True,True,True,True,True,target_evaluation
418,39627833793839221,rvspecfit-main-bright-3.fits,4726.3354,4.666499,0.02237999,7.78523,0.0032931068,0.060378358,8.966391,0.9914015477214101,True,False,True,True,False,excluded
419,39627839837835659,rvspecfit-main-bright-3.fits,5262.214,4.840476,-0.8717509,36.375057,0.0050054467,0.06828327,16.51513,0.9969905417024936,True,True,True,True,True,source_train
420,39627827762430031,rvspecfit-main-bright-3.fits,4082.5293,4.556864,-0.12117991,2.9877014,0.005590696,0.00849666,42.58029,0.9965606190885641,True,True,True,True,True,source_train
421,39627827762432886,rvspecfit-main-bright-3.fits,3610.7712,4.5477123,-0.25,2.7145967,0.005490315,0.005703365,25.138403,0.9957007738607051,True,True,True,True,True,source_holdout
422,39627827762430069,rvspecfit-main-bright-3.fits,5373.184,4.8915024,-0.24000053,16.543758,0.0050401124,0.029180741,30.817492,0.9957007738607051,True,True,True,True,True,source_train
423,39627827758237157,rvspecfit-main-bright-3.fits,3860.7905,4.5,-0.48376977,3.6790876,0.005413482,0.008176491,19.4764,0.9957007738607051,True,True,True,True,True,source_train
424,39627827758241362,rvspecfit-main-bright-3.fits,4642.7017,4.2779646,-0.567484,14.015506,0.0021111039,0.07662857,8.517693,0.9974204643164231,True,False,True,True,False,excluded
425,39627827762430597,rvspecfit-main-bright-3.fits,4245.767,4.2682157,-0.53313196,3.2503927,0.0052326,0.016250627,26.81591,0.9935511607910577,True,True,True,True,True,source_holdout
426,39627827762434539,rvspecfit-main-bright-3.fits,5025.2705,4.703168,-0.30330923,42.565125,0.0121814,0.15630434,14.168393,0.9978503869303526,True,True,True,True,True,source_train
427,39627821718438639,rvspecfit-main-bright-3.fits,3522.7188,4.906013,0.25013936,4.235708,0.0050535244,0.008129858,15.433974,0.9935511607910577,True,True,True,True,True,source_train
428,39627827762434911,rvspecfit-main-bright-3.fits,5343.2095,4.7479777,-0.83984375,30.66948,0.0053655966,0.05598299,22.93249,0.9896818572656921,True,True,True,True,True,source_train
429,39627827762433977,rvspecfit-main-bright-3.fits,6316.872,4.3892474,-1.703405,11.507502,0.0054923245,0.020433594,51.09872,1.0,True,True,True,True,True,target_adaptation
430,39627827758237952,rvspecfit-main-bright-3.fits,5671.0947,4.5585756,-0.33487642,17.852406,0.0055704406,0.023782505,41.55196,0.9965606190885641,True,True,True,True,True,source_train
431,39627821722632324,rvspecfit-main-bright-3.fits,3432.5918,4.982106,0.25,4.8235073,0.0050499053,0.011490624,13.312379,1.0,True,True,True,True,True,source_train
432,39627827762430329,rvspecfit-main-bright-3.fits,3667.8442,4.317511,0.022638885,4.1983385,0.007776924,0.0133513715,11.366318,0.9969905417024936,True,True,True,True,True,source_holdout
433,39627827758241376,rvspecfit-main-bright-3.fits,4374.202,4.5690117,-0.09273814,3.5077322,0.005272491,0.0161808,28.170185,0.9922613929492692,True,True,True,True,True,source_train
434,39627827762434471,rvspecfit-main-bright-3.fits,3445.6697,4.6029086,-6.1087846e-09,3.2906399,0.0053822724,0.006005148,18.953157,0.9978503869303526,True,True,True,True,True,source_train
435,39627827762432022,rvspecfit-main-bright-3.fits,6200.003,3.9828403,-1.2117685,47.7412,0.0061770724,0.08685604,11.701772,0.9978503869303526,True,True,True,True,True,source_train
436,39627827762432082,rvspecfit-main-bright-3.fits,5175.255,2.3544347,-0.8051893,13.991022,0.15495999,0.04770465,15.058117,0.9931212381771282,True,True,True,True,True,target_adaptation
437,39627827758241593,rvspecfit-main-bright-3.fits,6033.9634,4.1164794,-0.7366164,9.532467,0.0059713908,0.014711392,48.443775,1.0,True,True,True,True,True,source_holdout
438,39627833798038838,rvspecfit-main-bright-3.fits,5300.0,2.4999988,-0.9075346,10.834059,0.06031665,0.024383025,26.6465,1.0,True,True,True,True,True,source_holdout
439,39627833798036921,rvspecfit-main-bright-3.fits,5883.0884,4.572052,-0.6451323,14.740987,0.0053758696,0.020528525,41.55469,1.0,True,True,True,True,True,source_train
440,39627833798034626,rvspecfit-main-bright-3.fits,5676.1113,4.843915,-0.5318068,23.998219,0.00582362,0.029982632,42.194748,0.9987102321582115,True,True,True,True,True,source_train
441,39627833798036663,rvspecfit-main-bright-3.fits,4359.9478,4.17675,-1.3795072,10.104586,0.0058201957,0.06712362,9.997224,0.9978503869303526,True,False,True,True,False,excluded
442,39627839837836615,rvspecfit-main-bright-3.fits,6407.598,4.6210084,-1.9642835,14.913775,0.0052936403,0.029595464,40.849613,0.9974204643164231,True,True,True,True,True,source_train
443,39627833798034748,rvspecfit-main-bright-3.fits,5034.2705,4.8636518,-0.2335237,7.30323,0.0050631408,0.01848781,39.952538,1.0,True,True,True,True,True,source_train
444,39627833793844329,rvspecfit-main-bright-3.fits,6043.706,4.104455,-0.9557153,10.169498,0.005924089,0.016573342,49.808685,1.0,True,True,True,True,True,source_train
445,39627833798037975,rvspecfit-main-bright-3.fits,4065.428,4.3558536,-0.30284753,5.8340755,0.0072562243,0.02060856,25.558865,0.9969905417024936,True,True,True,True,True,source_train
446,39627833798040644,rvspecfit-main-bright-3.fits,6107.5356,4.561892,-0.68580115,49.772522,0.013879392,0.11870499,17.502449,0.9961306964746346,True,True,True,True,True,source_train
447,39627815678647650,rvspecfit-main-bright-3.fits,5570.808,4.642396,-0.17938323,13.530295,0.005471463,0.020710675,44.086502,0.9957007738607051,True,True,True,True,True,source_train
448,39627815678647984,rvspecfit-main-bright-3.fits,5375.0205,4.869006,-0.36580595,28.01491,0.0050437045,0.044536833,25.878262,0.9952708512467756,True,True,True,True,True,source_train
449,39627827758236192,rvspecfit-main-bright-3.fits,6077.623,3.7986312,-1.25,22.505583,0.0065519284,0.03800398,23.544529,1.0,True,True,True,True,True,source_train
450,39627827754048252,rvspecfit-main-bright-3.fits,3463.7468,4.5000215,-0.50025725,3.0343611,0.0054704775,0.009600642,14.982215,0.9974204643164231,True,True,True,True,True,source_train
451,39627833798040743,rvspecfit-main-bright-3.fits,5787.8257,3.6668594,-1.0666147,52.99929,0.0069202823,0.08703574,10.8702755,0.9969905417024936,True,True,True,True,True,source_holdout
452,39627833798038375,rvspecfit-main-bright-3.fits,3810.08,4.6831303,-0.09721547,2.0277038,0.0051908386,0.0037886426,42.17771,1.0,True,True,True,True,True,source_holdout
453,39627827758238307,rvspecfit-main-bright-3.fits,5209.673,4.9502754,-0.20569585,13.957953,0.0053783352,0.027051995,30.130543,0.9961306964746346,True,True,True,True,True,source_holdout
454,39627827758236069,rvspecfit-main-bright-3.fits,3803.9587,4.70229,0.030809278,3.709,0.005183504,0.0078548,18.655083,0.998280309544282,True,True,True,True,True,source_train
455,39627833798034904,rvspecfit-main-bright-3.fits,6200.0005,4.559546,-0.6082555,24.49078,0.0054526343,0.037531678,19.791807,0.998280309544282,True,True,True,True,True,source_holdout
456,39627827758238185,rvspecfit-main-bright-3.fits,4738.7046,4.691211,-0.5992681,20.798449,0.005674833,0.08556713,9.42635,0.9978503869303526,True,False,True,True,False,excluded
457,39627827758240584,rvspecfit-main-bright-3.fits,3576.4983,4.6325245,-0.5,2.9565358,0.0053442377,0.0073912856,18.86993,0.9969905417024936,True,True,True,True,True,source_train
458,39627833802228114,rvspecfit-main-bright-3.fits,4872.53,2.1710317,-0.6158751,2.8572445,0.011776983,0.01312862,40.69197,0.9944110060189166,True,True,True,True,True,target_adaptation
459,39627833798038562,rvspecfit-main-bright-3.fits,5951.2617,4.267125,-0.8982497,18.764662,0.006630117,0.03250903,28.237612,0.9957007738607051,True,True,True,True,True,target_evaluation
460,39627827758237818,rvspecfit-main-bright-3.fits,3955.887,4.5,-0.6056033,5.4888053,0.005400668,0.017038252,11.096011,0.9978503869303526,True,True,True,True,True,source_holdout
461,39627833798034580,rvspecfit-main-bright-3.fits,4909.12,4.7919583,0.024622975,7.5927725,0.005276048,0.020223442,39.440643,1.0,True,True,True,True,True,source_holdout
462,39627827754048666,rvspecfit-main-bright-3.fits,4151.3657,4.276548,-0.56047016,5.239623,0.0024187702,0.023734607,15.071303,1.0,True,True,True,True,True,source_train
463,39627821718438099,rvspecfit-main-bright-3.fits,3525.4177,4.58264,-0.5,3.629463,0.005306672,0.012623837,9.177391,0.9965606190885641,True,False,True,True,False,excluded
464,39627833802231821,rvspecfit-main-bright-3.fits,6023.7925,4.4548407,-1.7511603,49.65571,0.0054302197,0.07162818,14.092117,0.9978503869303526,True,True,True,True,True,source_train
465,39627833802234127,rvspecfit-main-bright-3.fits,5699.997,4.158952,-0.5555121,53.45138,0.0058323084,0.07613749,10.664411,0.9978503869303526,True,True,True,True,True,source_holdout
466,39627827754048392,rvspecfit-main-bright-3.fits,5350.0044,4.7735944,-1.0826184,77.79616,0.007025327,0.1351485,13.101346,0.9965606190885641,True,True,True,True,True,source_holdout
467,39627827754047440,rvspecfit-main-bright-3.fits,4438.1562,4.791903,-0.640746,2.6903107,0.0050616395,0.011773084,40.260468,0.9965606190885641,True,True,True,True,True,source_holdout
468,39627833802230604,rvspecfit-main-bright-3.fits,3536.761,4.225231,-0.25070602,3.346482,0.005732593,0.008830683,11.288235,0.9957007738607051,True,True,True,True,True,source_train
469,39627833802232755,rvspecfit-main-bright-3.fits,3767.3179,4.6959486,-0.32300365,3.12525,0.005380109,0.008147251,21.781311,0.9944110060189166,True,True,True,True,True,target_adaptation
470,39627827758235937,rvspecfit-main-bright-3.fits,3081.6223,5.0597496,-1.6848578e-07,2.503575,0.0048533273,0.007891178,8.699296,0.9952708512467756,True,False,False,True,False,excluded
471,39627827766625875,rvspecfit-main-bright-3.fits,4335.492,4.686248,-0.4138596,12.109148,0.006554657,0.05769119,25.357946,0.9952708512467756,True,True,True,True,True,target_evaluation
472,39627827766627354,rvspecfit-main-bright-3.fits,3416.9966,5.1842556,0.24999999,5.9913645,0.0050159446,0.014915983,14.622789,0.9969905417024936,True,True,True,True,True,source_train
473,39627827766627642,rvspecfit-main-bright-3.fits,3524.8376,4.617379,-2.7464303e-08,3.3889654,0.006747917,0.003925864,41.621143,0.9969905417024936,True,True,True,True,True,source_train
474,39627827766624819,rvspecfit-main-bright-3.fits,3826.7544,4.56714,-0.09104301,4.1994743,0.005326557,0.010186375,14.69294,0.9914015477214101,True,True,True,True,True,source_train
475,39627821722640772,rvspecfit-main-bright-3.fits,8135.665,3.239954,-1.6962305,25.878368,0.0057054027,0.10079746,31.62099,0.9987102321582115,True,True,False,True,False,excluded
476,39627827766625207,rvspecfit-main-bright-3.fits,3727.752,4.7399964,0.13954104,4.1020045,0.0051754806,0.008141332,16.246984,0.9961306964746346,True,True,True,True,True,source_holdout
477,39627827766626467,rvspecfit-main-bright-3.fits,5343.958,2.4479477,-0.96625304,19.310059,0.10712403,0.04853324,17.387497,0.9987102321582115,True,True,True,True,True,source_holdout
478,39627827766626876,rvspecfit-main-bright-3.fits,3628.088,4.663585,0.24999923,4.06505,0.005231873,0.0072674584,14.456215,0.9957007738607051,True,True,True,True,True,source_train
479,39627827766630234,rvspecfit-main-bright-3.fits,5214.095,4.9351406,-0.35953355,29.215178,0.00498505,0.06483131,13.291917,0.9952708512467756,True,True,True,True,True,source_train
480,39627827770821669,rvspecfit-main-bright-3.fits,3367.266,4.525074,6.288906e-07,3.4200354,0.005455132,0.006279018,20.654524,0.9978503869303526,True,True,True,True,True,source_train
481,39627827770823696,rvspecfit-main-bright-3.fits,4336.5527,4.3862042,0.22128439,3.5516756,0.0054983804,0.0135706095,31.719215,0.998280309544282,True,True,True,True,True,target_evaluation
482,39627815682839146,rvspecfit-main-bright-3.fits,3384.267,4.5823526,-0.23283087,2.832862,0.005291373,0.005966766,19.975475,0.9944110060189166,True,True,True,True,True,source_holdout
483,39627815682838158,rvspecfit-main-bright-3.fits,3427.965,5.093424,0.24999997,4.2635565,0.004938303,0.013707124,9.7749405,0.9974204643164231,True,False,True,True,False,excluded
484,39627815682837134,rvspecfit-main-bright-3.fits,5642.9214,4.5990224,-0.51521516,49.437485,0.008612637,0.0795624,21.83263,0.9974204643164231,True,True,True,True,True,source_train
485,39627827766629022,rvspecfit-main-bright-3.fits,4062.0286,4.5662436,-0.4326978,2.8666995,0.0054045944,0.010738003,38.11079,0.9944110060189166,True,True,True,True,True,source_train
486,39627821726831041,rvspecfit-main-bright-3.fits,3983.1729,4.6694245,-0.39832893,5.7320976,0.005235485,0.01720189,17.527065,0.9969905417024936,True,True,True,True,True,target_adaptation
487,39627827766630189,rvspecfit-main-bright-3.fits,4946.044,5.11811,-0.42858613,10.066719,0.005011524,0.026571054,23.28267,0.9974204643164231,True,True,True,True,True,source_train
488,39627821726826733,rvspecfit-main-bright-3.fits,5140.532,5.222539,-0.57467,24.57262,0.004874828,0.056803647,13.016442,0.9952708512467756,True,True,True,True,True,source_train
489,39627821726827834,rvspecfit-main-bright-3.fits,6056.5684,4.755575,-0.7281247,14.850392,0.005342937,0.021067424,39.950752,0.9909716251074806,True,True,True,True,True,target_adaptation
490,39627821726830011,rvspecfit-main-bright-3.fits,3499.9983,4.6571603,-0.29113403,3.2052271,0.0057683364,0.009149819,17.122444,0.9987102321582115,True,True,True,True,True,source_train
491,39627821722637145,rvspecfit-main-bright-3.fits,3536.5466,4.511303,-0.25000015,3.7544703,0.005396947,0.012547225,10.706868,0.9948409286328461,True,True,True,True,True,source_train
492,39627821722639616,rvspecfit-main-bright-3.fits,6022.241,4.3953342,-0.744504,33.526333,0.0062634535,0.05609291,16.876352,0.9948409286328461,True,True,True,True,True,source_train
493,39627833806428281,rvspecfit-main-bright-3.fits,4145.2534,4.599688,-0.2745549,6.625348,0.00525155,0.023846949,12.678335,1.0,True,True,True,True,True,source_train
494,39627827766627983,rvspecfit-main-bright-3.fits,3594.3267,4.807491,-0.23786384,3.893719,0.0050990167,0.010980843,10.726131,0.9987102321582115,True,True,True,True,True,source_train
495,39627827766624361,rvspecfit-main-bright-3.fits,5027.7275,4.888344,-0.7844844,12.390852,0.0054054228,0.03484789,22.559149,1.0,True,True,True,True,True,source_train
496,39627827766625214,rvspecfit-main-bright-3.fits,5299.996,2.3963623,-0.6590085,21.81731,0.15421309,0.05428374,13.646997,0.9987102321582115,True,True,True,True,True,source_train
497,39627827766627125,rvspecfit-main-bright-3.fits,3979.0354,4.462882,-0.6663388,6.8537235,0.004120589,0.035184685,8.918957,0.9939810834049871,True,False,True,True,False,excluded
498,39627833802234514,rvspecfit-main-bright-3.fits,5367.9897,5.1056705,-0.429176,32.983242,0.0053333603,0.05267764,28.108149,0.8933791917454859,False,True,True,True,False,excluded
499,39627839842029210,rvspecfit-main-bright-3.fits,4815.2705,5.1668177,-0.5689885,17.397177,0.0051202173,0.08139157,10.851574,0.9905417024935511,True,True,True,True,True,source_holdout
500,39627839837835774,rvspecfit-main-bright-3.fits,4089.7551,4.663268,-0.06767438,3.0535636,0.00530175,0.0088965995,37.778786,0.9965606190885641,True,True,True,True,True,source_train
501,39627839837835782,rvspecfit-main-bright-3.fits,4148.3774,4.569035,-0.13743332,11.957478,0.00547119,0.04199959,14.642574,0.9952708512467756,True,True,True,True,True,source_train
502,39627839837834428,rvspecfit-main-bright-3.fits,5670.562,4.699575,-0.35499898,44.94994,0.0052736574,0.062218376,11.981309,0.9957007738607051,True,True,True,True,True,source_train
503,39627839842025573,rvspecfit-main-bright-3.fits,3509.8499,4.7076983,-0.5,2.923224,0.005288627,0.0077555384,17.481777,0.9948409286328461,True,True,True,True,True,source_train
504,39627839837831502,rvspecfit-main-bright-3.fits,5828.34,4.2675347,-0.6027683,13.056654,0.005760185,0.019131823,40.051716,0.9969905417024936,True,True,True,True,True,source_holdout
505,39627839837834841,rvspecfit-main-bright-3.fits,5879.873,4.603578,-0.45258266,14.281321,0.0059951795,0.021559391,38.187656,0.9978503869303526,True,True,True,True,True,source_train
506,39627839842025675,rvspecfit-main-bright-3.fits,4331.4585,4.3853626,-0.6115028,10.47314,0.005175615,0.057543978,8.646105,0.9939810834049871,True,False,True,True,False,excluded
507,39627833802227777,rvspecfit-main-bright-3.fits,5472.2847,4.888223,-0.8405781,16.152256,0.004656839,0.02379523,24.551987,0.9888220120378332,True,True,True,True,True,source_train
508,39627839837833016,rvspecfit-main-bright-3.fits,6183.459,4.5455265,-0.5300719,21.391665,0.0077233533,0.039697282,26.760021,0.9952708512467756,True,True,True,True,True,source_train
509,39627827766628170,rvspecfit-main-bright-3.fits,4100.4966,3.9999952,-3.8207123,9.107534,0.006202764,0.0015860487,13.377089,0.998280309544282,True,True,False,True,False,excluded
510,39627827766629264,rvspecfit-main-bright-3.fits,5215.4893,5.0463862,-0.3967637,12.471049,0.004991605,0.02354264,36.26228,0.999140154772141,True,True,True,True,True,source_train
511,39627821726830979,rvspecfit-main-bright-3.fits,5066.0854,2.2669537,-0.636607,5.1649294,0.058150355,0.019347962,31.285065,0.9948409286328461,True,True,True,True,True,source_train
512,39627827766628555,rvspecfit-main-bright-3.fits,5903.202,4.3592467,-0.8541315,20.913607,0.0057405285,0.031821042,29.690607,0.999140154772141,True,True,True,True,True,source_train
513,39627821718446056,rvspecfit-main-bright-3.fits,5742.681,3.9814732,-1.1183801,70.70534,0.006200016,0.1187545,8.708181,0.9978503869303526,True,False,True,True,False,excluded
514,39627833798034999,rvspecfit-main-bright-3.fits,4075.3704,4.620044,-0.052925248,6.625123,0.005415954,0.017420623,17.041107,0.999140154772141,True,True,True,True,True,target_evaluation
515,39627821722633718,rvspecfit-main-bright-3.fits,5089.7183,4.858744,-0.8128684,9.154857,0.005063092,0.022048226,34.175926,0.9965606190885641,True,True,True,True,True,source_train
516,39627827766626117,rvspecfit-main-bright-3.fits,4060.9307,4.223585,-0.13517322,16.55641,0.0067580976,0.046349194,14.919402,1.0,True,True,True,True,True,source_train
517,39627833802234446,rvspecfit-main-bright-3.fits,6195.4375,4.5,-2.0472734,42.05681,0.006314733,0.09141051,21.432701,0.9965606190885641,True,True,True,True,True,target_evaluation
518,39627833806423483,rvspecfit-main-bright-3.fits,4894.703,4.9304786,-0.11012596,14.472345,0.0049892967,0.038507223,17.5735,0.998280309544282,True,True,True,True,True,source_train
519,39627827758237539,rvspecfit-main-bright-3.fits,5558.0967,4.6335735,-0.27374798,13.993347,0.0062539014,0.022905687,42.1623,0.9965606190885641,True,True,True,True,True,source_train
520,39627833793843974,rvspecfit-main-bright-3.fits,3609.6584,4.536659,-0.20593798,2.2225332,0.0060847043,0.0041729654,40.123512,0.9961306964746346,True,True,True,True,True,target_evaluation
521,39627833793841295,rvspecfit-main-bright-3.fits,4922.6675,4.7610164,-0.6035476,30.99058,0.005413974,0.08914425,8.378794,0.9969905417024936,True,False,True,True,False,excluded
522,39627833793845261,rvspecfit-main-bright-3.fits,5869.052,3.6989398,-0.99999934,46.674496,0.007010506,0.07768406,11.428215,0.9987102321582115,True,True,True,True,True,source_train
523,39627827758239157,rvspecfit-main-bright-3.fits,6272.8467,4.5,-2.8560874,34.09664,0.0058882846,0.07887565,21.127378,0.9961306964746346,True,True,True,True,True,source_holdout
524,39627827758240753,rvspecfit-main-bright-3.fits,4342.7646,4.34546,0.07007618,3.1719966,0.005213866,0.014135568,33.37967,0.9935511607910577,True,True,True,True,True,source_holdout
525,39627827758242049,rvspecfit-main-bright-3.fits,4243.524,4.2674575,0.050636776,5.045755,0.003928523,0.03906129,9.592166,0.9987102321582115,True,False,True,True,False,excluded
526,39627827754048462,rvspecfit-main-bright-3.fits,5034.5273,2.5738435,-0.48720992,9.267311,0.06480911,0.030021874,21.457233,0.9952708512467756,True,True,True,True,True,source_train
527,39627827770821661,rvspecfit-main-bright-3.fits,3628.0664,4.5405626,-0.19909191,3.8909075,0.0054876134,0.012344076,12.498432,0.9961306964746346,True,True,True,True,True,source_holdout
528,39627827762430767,rvspecfit-main-bright-3.fits,6035.6396,4.3511086,-0.9007641,12.282715,0.0057148514,0.01966273,43.130394,0.999140154772141,True,True,True,True,True,source_train
529,39627833802230028,rvspecfit-main-bright-3.fits,4641.467,4.6476355,-0.58007216,11.127789,0.0056013726,0.04812637,21.78902,0.9922613929492692,True,True,True,True,True,source_train
530,39627827762431503,rvspecfit-main-bright-3.fits,6070.007,3.8286896,-1.1997494,20.225576,0.0065184855,0.035086177,25.68876,0.9969905417024936,True,True,True,True,True,source_train
531,39627833802228805,rvspecfit-main-bright-3.fits,4885.2866,4.6435146,-0.72507143,8.378159,0.005217058,0.041858647,15.603558,0.9987102321582115,True,True,True,True,True,source_train
532,39627821722640625,rvspecfit-main-bright-3.fits,5134.727,4.907078,-1.1418545,15.56724,0.0049969223,0.0353268,20.32441,0.9918314703353397,True,True,True,True,True,source_holdout
533,39627827766625370,rvspecfit-main-bright-3.fits,4781.942,4.418274,-0.30361015,9.307123,0.003185742,0.051437892,11.565127,1.0,True,True,True,True,True,source_holdout
534,39627827766626845,rvspecfit-main-bright-3.fits,4034.4084,4.7330914,-0.37131965,2.7342646,0.005125227,0.009198468,35.566143,0.9931212381771282,True,True,True,True,True,source_train
535,39627827754045801,rvspecfit-main-bright-3.fits,6063.2305,3.8969066,-1.1522952,14.944428,0.006410199,0.025078923,34.744198,0.9974204643164231,True,True,True,True,True,source_train
536,39627827754047436,rvspecfit-main-bright-3.fits,6076.566,2.62393,-1.6916511,41.3606,0.010754329,0.076736845,14.800516,0.9978503869303526,True,True,True,True,True,source_train
537,39627821714250554,rvspecfit-main-bright-3.fits,3588.4697,5.075276,0.24999999,4.328443,0.004910752,0.011210928,10.688687,0.9969905417024936,True,True,True,True,True,source_train
538,39627821718438925,rvspecfit-main-bright-3.fits,4162.4067,4.568495,-0.09737198,5.348358,0.0054893945,0.017080914,39.363716,1.0,True,True,True,True,True,source_holdout
539,39627821718441796,rvspecfit-main-bright-3.fits,3357.9756,4.927849,-0.25,2.9700356,0.005051102,0.008873112,12.774521,0.9969905417024936,True,True,True,True,True,source_train
540,39627821718440925,rvspecfit-main-bright-3.fits,5319.7188,4.6257043,0.43339536,6.959896,0.0052319267,0.012813152,40.923897,0.9987102321582115,True,True,True,True,True,source_train
541,39627821718441771,rvspecfit-main-bright-3.fits,3710.2583,4.8363924,0.2209945,4.2701635,0.005204269,0.008712898,14.008591,0.9952708512467756,True,True,True,True,True,source_train
542,39627821718439828,rvspecfit-main-bright-3.fits,5176.766,4.7962346,-1.0550095,11.304576,0.0051325406,0.025146615,34.384575,0.9987102321582115,True,True,True,True,True,source_train
543,39627827749853325,rvspecfit-main-bright-3.fits,3728.8184,4.7797313,-0.2748382,3.8221817,0.005308451,0.013662835,12.790185,0.9918314703353397,True,True,True,True,True,source_train
544,39627821714248161,rvspecfit-main-bright-3.fits,5892.743,4.3650503,-0.50509334,15.339307,0.0056864796,0.022812998,33.94353,0.998280309544282,True,True,True,True,True,source_train
545,39627827754042290,rvspecfit-main-bright-3.fits,4664.8623,4.3090134,-0.2699027,2.7316542,0.0030987847,0.022138072,26.981323,0.9978503869303526,True,True,True,True,True,target_adaptation
546,39627827754043370,rvspecfit-main-bright-3.fits,4419.138,4.422874,-0.39087492,6.6166034,0.005088041,0.034371212,15.919581,0.9978503869303526,True,True,True,True,True,source_train
547,39627821714245745,rvspecfit-main-bright-3.fits,3695.641,4.9135814,0.24999838,4.767574,0.0050147143,0.0119429445,9.71343,0.9948409286328461,True,False,True,True,False,excluded
548,39627827754044032,rvspecfit-main-bright-3.fits,5199.999,3.099793,-0.9820654,29.804306,0.013531632,0.08073935,10.484897,0.9974204643164231,True,True,True,True,True,source_train
549,39627815682837644,rvspecfit-main-bright-3.fits,3137.1821,4.729337,-0.13000226,2.7429564,0.005370161,0.009645939,10.494462,0.9987102321582115,True,True,False,True,False,excluded
550,39627815682840492,rvspecfit-main-bright-3.fits,5389.5513,4.675933,-0.7984862,11.240245,0.005132292,0.01822797,32.779293,0.9987102321582115,True,True,True,True,True,source_train
551,39627815678643928,rvspecfit-main-bright-3.fits,5637.9014,4.6448245,-0.9731337,45.812164,0.0051896125,0.07593361,9.986619,0.9926913155631987,True,False,True,True,False,excluded
552,39627821743607305,rvspecfit-main-bright-4.fits,4629.5903,4.7259316,-0.11974044,3.4747603,0.0049190638,0.012741104,38.73113,1.0,True,True,True,True,True,target_evaluation
553,39627821743608617,rvspecfit-main-bright-4.fits,6469.1216,4.834329,-1.9999986,47.970547,0.0050334134,0.10055704,14.83805,0.999140154772141,True,True,True,True,True,target_evaluation
554,39627821743606854,rvspecfit-main-bright-4.fits,4920.265,4.6967487,-0.44084737,13.165586,0.005161439,0.041167688,14.38144,0.9974204643164231,True,True,True,True,True,source_holdout
555,39627815703809256,rvspecfit-main-bright-4.fits,5503.8438,5.210671,-0.8970612,85.48225,0.005039839,0.12017609,13.1106825,0.9974204643164231,True,True,True,True,True,source_train
556,39627815703808139,rvspecfit-main-bright-4.fits,5678.2046,4.7153788,-0.61314166,33.806293,0.0052253944,0.04344365,24.824987,0.9987102321582115,True,True,True,True,True,source_train
557,39627815703806550,rvspecfit-main-bright-4.fits,6514.052,4.4088807,-0.6617047,17.986671,0.0072865235,0.03820287,35.24997,1.0,True,True,True,True,True,source_holdout
558,39627821751993331,rvspecfit-main-bright-4.fits,3805.717,4.6760206,-0.45505092,4.1218743,0.0054336037,0.023330925,10.845219,0.9965606190885641,True,True,True,True,True,source_holdout
559,39627827791790720,rvspecfit-main-bright-4.fits,4372.6963,4.60852,-0.13856615,5.0662923,0.0051861997,0.022840723,19.500101,0.998280309544282,True,True,True,True,True,source_train
560,39627827787601108,rvspecfit-main-bright-4.fits,5600.0,2.8374753,-0.9024334,34.04046,0.011999607,0.059128955,13.594559,0.9978503869303526,True,True,True,True,True,target_adaptation
561,39627821739413661,rvspecfit-main-bright-4.fits,5999.9966,4.18848,-0.7178064,10.334924,0.0058555915,0.016798317,49.14275,0.9957007738607051,True,True,True,True,True,source_holdout
562,39627827783401551,rvspecfit-main-bright-4.fits,5500.0005,4.83576,-0.8462223,15.7241,0.0046947408,0.021833435,27.681986,0.9952708512467756,True,True,True,True,True,source_train
563,39627833827396840,rvspecfit-main-bright-4.fits,3785.6375,4.723687,-0.13778675,3.1925752,0.0051517677,0.00833996,20.78538,0.9969905417024936,True,True,True,True,True,target_adaptation
564,39627839867192097,rvspecfit-main-bright-4.fits,5991.656,4.4558897,-1.4524984,35.49479,0.0058526685,0.054787666,20.076735,0.9957007738607051,True,True,True,True,True,source_train
565,39627833827393866,rvspecfit-main-bright-4.fits,5899.999,3.6671112,-1.2837505,26.939209,0.0071493876,0.045640614,21.436245,0.9961306964746346,True,True,True,True,True,source_train
566,39627833827396389,rvspecfit-main-bright-4.fits,4544.181,4.803573,-0.41866818,19.783915,0.006385562,0.09240754,15.316491,0.998280309544282,True,True,True,True,True,source_train
567,39627827783404270,rvspecfit-main-bright-4.fits,5099.9995,4.719448,-0.6910971,32.57529,0.009902209,0.11557728,14.513962,0.9957007738607051,True,True,True,True,True,target_adaptation
568,39627833823199740,rvspecfit-main-bright-4.fits,4451.5557,4.5763535,-0.40674317,7.293923,0.005090731,0.038277138,14.695021,0.9987102321582115,True,True,True,True,True,source_train
569,39627827783406885,rvspecfit-main-bright-4.fits,3451.2712,4.5000005,6.0765877e-09,3.248824,0.00561408,0.0048413617,25.759974,0.999140154772141,True,True,True,True,True,target_evaluation
570,39627833819009327,rvspecfit-main-bright-4.fits,5800.006,4.4179063,-0.41439247,28.062069,0.005466926,0.039385214,14.72425,0.9965606190885641,True,True,True,True,True,target_evaluation
571,39627833823199454,rvspecfit-main-bright-4.fits,4083.7937,4.51336,-0.48324156,12.580286,0.009361339,0.06194978,12.155292,0.9935511607910577,True,True,True,True,True,source_train
572,39627827791794605,rvspecfit-main-bright-4.fits,5849.935,4.218837,-0.66469455,17.409786,0.006719923,0.03062961,31.678944,0.9987102321582115,True,True,True,True,True,source_train
573,39627827791792913,rvspecfit-main-bright-4.fits,3680.6526,4.5,-0.37003183,2.153036,0.005745335,0.0051525794,35.53048,0.9926913155631987,True,True,True,True,True,source_train
574,39627827795984535,rvspecfit-main-bright-4.fits,5671.9727,4.797826,-0.58682907,138.46924,0.008456063,0.18545252,9.6044445,0.9905417024935511,True,False,True,True,False,excluded
575,39627821747799263,rvspecfit-main-bright-4.fits,6256.565,4.644997,-1.5297871,57.762943,0.0059917327,0.11222475,12.165322,0.9978503869303526,True,True,True,True,True,target_evaluation
576,39627827787597015,rvspecfit-main-bright-4.fits,4722.311,4.841034,-0.35258657,5.0650473,0.005040041,0.01643243,35.184185,0.998280309544282,True,True,True,True,True,source_train
577,39627833831589236,rvspecfit-main-bright-4.fits,6509.194,4.756237,-2.1200223,60.736275,0.0051078205,0.15236966,12.055367,1.0,True,True,True,True,True,source_train
578,39627833831588944,rvspecfit-main-bright-4.fits,4139.2705,4.6688285,-0.30152887,4.296364,0.005286658,0.01574262,27.53448,0.9974204643164231,True,True,True,True,True,source_train
579,39627833827397996,rvspecfit-main-bright-4.fits,4449.6484,4.668385,-0.38873988,8.703077,0.0052521895,0.04080253,17.331589,0.999140154772141,True,True,True,True,True,source_train
580,39627827783404898,rvspecfit-main-bright-4.fits,5098.0796,5.0237246,-0.9073544,10.877786,0.004966371,0.025496244,26.445017,0.9978503869303526,True,True,True,True,True,source_train
581,39627833827393833,rvspecfit-main-bright-4.fits,5907.0957,4.063653,-0.54182774,27.78027,0.0060435054,0.043583475,17.738134,0.9974204643164231,True,True,True,True,True,source_train
582,39627827783403836,rvspecfit-main-bright-4.fits,4940.296,4.8818107,-0.47206432,5.973166,0.005572478,0.016138412,41.574112,0.9978503869303526,True,True,True,True,True,source_holdout
583,39627833823204203,rvspecfit-main-bright-4.fits,4537.2896,4.6756153,-0.036325403,3.4541981,0.0051172115,0.014015396,34.961163,1.0,True,True,True,True,True,target_evaluation
584,39627833827393781,rvspecfit-main-bright-4.fits,6420.133,4.8545375,-1.9718909,59.472527,0.00523024,0.12814385,13.174223,0.999140154772141,True,True,True,True,True,source_holdout
585,39627827775016202,rvspecfit-main-bright-4.fits,4669.321,4.444336,-0.49130422,6.1057973,0.0029097258,0.05713602,11.431535,0.9965606190885641,True,True,True,True,True,source_train
586,39627827775017062,rvspecfit-main-bright-4.fits,5999.999,4.7852893,-0.79920346,22.717653,0.005658217,0.030183632,33.09709,0.9965606190885641,True,True,True,True,True,source_train
587,39627827775016538,rvspecfit-main-bright-4.fits,4682.5493,5.042969,-0.8839886,13.903767,0.004862497,0.057146713,10.4458065,0.9965606190885641,True,True,True,True,True,source_train
588,39627827775014449,rvspecfit-main-bright-4.fits,5888.1196,4.291499,-0.6786255,22.106665,0.0071848775,0.040331155,29.441477,0.998280309544282,True,True,True,True,True,target_adaptation
589,39627827775015029,rvspecfit-main-bright-4.fits,3441.6497,4.9160514,-0.00018320979,3.5386243,0.005091585,0.0077651846,17.663982,0.9965606190885641,True,True,True,True,True,source_train
590,39627827775013183,rvspecfit-main-bright-4.fits,5099.998,5.2000585,-0.6141651,25.497406,0.0047742333,0.06050176,11.659614,0.9969905417024936,True,True,True,True,True,source_train
591,39627821735220946,rvspecfit-main-bright-4.fits,3473.7603,4.656427,-0.7322211,2.8939204,0.0052409614,0.008574145,16.858812,0.998280309544282,True,True,True,True,True,target_evaluation
592,39627821739412805,rvspecfit-main-bright-4.fits,6031.8237,4.2269773,-0.8919332,44.70652,0.0057385336,0.07118621,9.409234,0.9883920894239037,True,False,True,True,False,excluded
593,39627821739413376,rvspecfit-main-bright-4.fits,4242.019,4.4202743,-0.9068238,12.099891,0.005427465,0.0690614,6.549036,0.9974204643164231,True,False,True,True,False,excluded
594,39627827775016893,rvspecfit-main-bright-4.fits,3854.7473,4.555817,-0.0035949063,3.490237,0.0052938485,0.0060692583,23.18716,0.999140154772141,True,True,True,True,True,source_holdout
595,39627827775014949,rvspecfit-main-bright-4.fits,5213.836,4.819805,-0.3014833,11.895064,0.0051774946,0.025780603,29.762403,0.9978503869303526,True,True,True,True,True,source_holdout
596,39627833839977456,rvspecfit-main-bright-5.fits,5234.4663,4.937126,-1.7869748,6.5745835,0.0049552377,0.014559451,54.748028,0.9914015477214101,True,True,True,True,True,target_adaptation
597,39627833835785950,rvspecfit-main-bright-5.fits,3071.0422,4.78225,-0.25,1.9512565,0.0047593545,0.0035086428,19.539972,0.9957007738607051,True,True,False,True,False,excluded
598,39627833839977270,rvspecfit-main-bright-5.fits,3847.4602,4.847961,-0.07507452,3.1911888,0.0050777653,0.0073387306,22.707117,0.9845227858985383,True,True,True,True,True,target_evaluation
599,39627845923770802,rvspecfit-main-bright-5.fits,4515.423,4.7505956,-0.5339174,2.2620564,0.005135189,0.0097330725,58.199036,0.9905417024935511,True,True,True,True,True,source_holdout
600,39627845923771514,rvspecfit-main-bright-5.fits,3947.3525,4.599017,-0.20955582,2.8517053,0.0053466912,0.0060849264,32.502304,0.9931212381771282,True,True,True,True,True,source_train
601,39627845927961460,rvspecfit-main-bright-5.fits,3497.9336,4.8501596,-0.0005690663,4.0860634,0.008677661,0.004456981,51.137665,0.9939810834049871,True,True,True,True,True,target_adaptation
602,39627839879778393,rvspecfit-main-bright-5.fits,5899.999,4.8745975,-1.1097978,72.18479,0.0050573424,0.09114765,13.084264,0.9939810834049871,True,True,True,True,True,source_train
603,39627839883970054,rvspecfit-main-bright-5.fits,6232.731,4.5120497,-1.6447409,13.438679,0.005338089,0.023027731,50.95577,0.9901117798796216,True,True,True,True,True,source_train
604,39627839883971738,rvspecfit-main-bright-5.fits,4818.3364,4.632262,-0.71049774,12.502027,0.0052207448,0.049096417,13.680894,0.9909716251074806,True,True,True,True,True,source_train
605,39627839879778323,rvspecfit-main-bright-5.fits,5781.055,5.111353,-1.5344665,121.06195,0.0051311594,0.15944168,18.975079,0.9926913155631987,True,True,True,True,True,source_train
606,39627839883969998,rvspecfit-main-bright-5.fits,3650.4836,4.373338,-0.498463,2.2123585,0.009860962,0.0023499154,65.28854,0.9840928632846088,True,True,True,True,True,source_train
607,39627839883970696,rvspecfit-main-bright-5.fits,5799.9995,4.7333593,-0.28919527,9.700602,0.005373989,0.012684448,67.12085,0.9862424763542562,True,True,True,True,True,source_train
608,39627839879777323,rvspecfit-main-bright-5.fits,3352.7651,4.658394,-8.4417335e-09,3.3027904,0.0056132097,0.006134245,20.717304,0.9858125537403267,True,True,True,True,True,source_holdout
609,39627839879777141,rvspecfit-main-bright-5.fits,3176.5952,4.625292,-0.28281075,1.9053725,0.0044614295,0.0033525086,20.957462,0.9926913155631987,True,True,False,True,False,excluded
610,39627839879777921,rvspecfit-main-bright-5.fits,6117.2104,3.8356934,-1.6474502,17.847057,0.006181982,0.031166378,29.910242,0.9957007738607051,True,True,True,True,True,source_holdout
611,39627845923766625,rvspecfit-main-bright-5.fits,3959.5576,4.3476377,-0.7805401,4.280037,0.0078964485,0.01726099,25.341322,0.9918314703353397,True,True,True,True,True,target_evaluation
612,39627839879776010,rvspecfit-main-bright-5.fits,5902.0024,4.6208887,-0.5884772,15.011397,0.0054047327,0.020267589,44.142605,0.9948409286328461,True,True,True,True,True,source_train
613,39627833839977290,rvspecfit-main-bright-5.fits,5169.7407,4.783004,-1.1261021,10.212154,0.0050933445,0.02199065,38.22706,0.9944110060189166,True,True,True,True,True,source_holdout
614,39627839879776070,rvspecfit-main-bright-5.fits,4032.2673,4.5472283,-0.47774446,4.9749165,0.006158101,0.018559132,21.219952,1.0,True,True,True,True,True,source_holdout
615,39627839879775616,rvspecfit-main-bright-5.fits,5813.363,4.760278,-1.1522388,23.097517,0.0051381676,0.028711738,43.97754,0.9901117798796216,True,True,True,True,True,target_evaluation
616,39627839879776549,rvspecfit-main-bright-5.fits,5022.8564,4.837557,-0.3756044,15.78826,0.0050729997,0.036586687,19.172195,0.9896818572656921,True,True,True,True,True,source_train
617,39627845923766617,rvspecfit-main-bright-5.fits,3266.104,5.064653,-0.10372231,2.2123163,0.0045078946,0.004139628,20.361393,0.9969905417024936,True,True,True,True,True,source_train
618,39627845919576478,rvspecfit-main-bright-5.fits,5876.0186,4.6151533,-0.47153836,10.342753,0.0057971664,0.015341538,56.942127,0.9935511607910577,True,True,True,True,True,target_adaptation
619,39627845919573600,rvspecfit-main-bright-5.fits,6244.3022,4.3234587,-1.7500005,16.1844,0.0055998242,0.028705297,41.5082,0.999140154772141,True,True,True,True,True,target_evaluation
620,39627845911185139,rvspecfit-main-bright-5.fits,3500.0022,4.837607,-0.6006203,3.1367047,0.005356104,0.009568926,13.60567,0.9926913155631987,True,True,True,True,True,target_adaptation
621,39627839875583192,rvspecfit-main-bright-5.fits,5181.871,4.8765006,-0.2771971,20.723665,0.006243103,0.061462313,25.003029,0.9935511607910577,True,True,True,True,True,source_train
622,39627845915380471,rvspecfit-main-bright-5.fits,3708.848,4.5635805,-0.6112659,1.9146291,0.0058993082,0.0041119875,44.527607,1.0,True,True,True,True,True,target_evaluation
623,39627845911185862,rvspecfit-main-bright-5.fits,4688.5303,4.7863235,-0.35361582,3.5986562,0.0050730766,0.012702595,52.180164,0.9914015477214101,True,True,True,True,True,target_adaptation
624,39627845911184291,rvspecfit-main-bright-5.fits,5546.221,4.815388,-0.6162243,17.765,0.005076344,0.023648134,51.95357,0.9888220120378332,True,True,True,True,True,source_train
625,39627845919572275,rvspecfit-main-bright-5.fits,5829.848,4.7958584,-0.70737684,20.750427,0.005500646,0.025886029,42.21428,0.9909716251074806,True,True,True,True,True,source_holdout
626,39627839875583467,rvspecfit-main-bright-5.fits,3700.0,4.774045,2.0906618e-05,2.3237927,0.005112871,0.004052996,30.495152,0.9836629406706793,True,True,True,True,True,target_evaluation
627,39627845915378714,rvspecfit-main-bright-5.fits,3655.6838,4.751549,-0.5,2.608074,0.005602585,0.006676477,26.735033,0.9797936371453139,True,True,True,True,True,source_train
628,39627851959371754,rvspecfit-main-bright-5.fits,3805.0925,4.542691,-0.24058925,2.2795603,0.005290491,0.0041180714,35.04647,0.9892519346517626,True,True,True,True,True,source_holdout
629,39627845919573608,rvspecfit-main-bright-5.fits,3980.2285,4.369164,-0.45752466,2.7152424,0.006260622,0.008331108,41.65243,0.9905417024935511,True,True,True,True,True,target_adaptation
630,39627851959370420,rvspecfit-main-bright-5.fits,5362.5522,5.0656643,-0.7745364,128.14345,0.013501924,0.24329212,29.885,0.9892519346517626,True,True,True,True,True,source_train
631,39627851950981730,rvspecfit-main-bright-5.fits,4258.159,4.155012,-0.3872221,8.369822,0.0058112564,0.046555176,10.038013,0.9892519346517626,True,True,True,True,True,source_train
632,39627845911188213,rvspecfit-main-bright-5.fits,4816.813,4.759955,-0.4154822,22.097933,0.0064473045,0.0925392,12.291788,0.9875322441960447,True,True,True,True,True,source_holdout
633,39627851950985990,rvspecfit-main-bright-5.fits,3358.4602,4.043012,-0.45926487,2.068152,0.0073043737,0.006054858,27.416634,0.9875322441960447,True,True,True,True,True,source_holdout
634,39627851950986230,rvspecfit-main-bright-5.fits,4938.17,4.376361,-1.3307648,22.896393,0.006209462,0.081531204,11.585583,0.9866723989681857,True,True,True,True,True,source_train
635,39627851950983999,rvspecfit-main-bright-5.fits,6520.3857,4.217273,-3.2068307,79.72032,0.005767297,0.2323196,9.130082,0.9926913155631987,True,False,False,True,False,excluded
636,39627851950984911,rvspecfit-main-bright-5.fits,5647.7754,3.586449,-1.420058,24.4279,0.0074782316,0.03570913,28.15263,0.9896818572656921,True,True,True,True,True,source_train
637,39627851950983368,rvspecfit-main-bright-5.fits,5063.388,5.0673513,-0.53643554,9.131226,0.004910202,0.025209317,35.353436,0.9957007738607051,True,True,True,True,True,source_holdout
638,39627845911187061,rvspecfit-main-bright-5.fits,4605.8696,4.4177313,-0.37109086,8.130315,0.005450874,0.03750426,16.670952,0.9957007738607051,True,True,True,True,True,source_train
639,39627851950984098,rvspecfit-main-bright-5.fits,5144.1636,2.4571316,-0.7537611,9.408587,0.09559129,0.032314416,21.118452,0.9957007738607051,True,True,True,True,True,source_holdout
640,39627851950985362,rvspecfit-main-bright-5.fits,3806.9165,4.8086815,-0.2725864,3.1191077,0.0051978067,0.00782388,22.661432,0.9922613929492692,True,True,True,True,True,source_train
641,39627851959370782,rvspecfit-main-bright-5.fits,5981.2983,4.5154114,-1.2820477,19.162668,0.005871252,0.025209984,41.34825,0.9931212381771282,True,True,True,True,True,source_train
642,39627851955176999,rvspecfit-main-bright-5.fits,4831.658,4.871091,0.077589236,13.613459,0.0060248626,0.03974013,38.54076,0.9815133276010318,True,True,True,True,True,source_train
643,39627851955177784,rvspecfit-main-bright-5.fits,4880.3726,4.860811,-0.46241504,13.010025,0.006023174,0.048338085,20.471989,1.0,True,True,True,True,True,target_adaptation
644,39627851955176800,rvspecfit-main-bright-5.fits,5968.782,3.949569,-1.75,13.791361,0.0062518376,0.022403868,42.303986,0.9931212381771282,True,True,True,True,True,target_adaptation
645,39627851959370042,rvspecfit-main-bright-5.fits,6293.333,4.1121144,-0.9318154,8.473643,0.0059054466,0.013190886,61.64702,0.9909716251074806,True,True,True,True,True,source_train
646,39627845915383421,rvspecfit-main-bright-5.fits,6001.282,4.5542727,-0.99938035,28.649443,0.0052947886,0.04024099,23.87333,0.9935511607910577,True,True,True,True,True,source_train
647,39627851955178631,rvspecfit-main-bright-5.fits,5432.3857,4.7988577,0.070537545,5.889199,0.0052234656,0.010165075,66.58304,0.9892519346517626,True,True,True,True,True,source_holdout
648,39627839871389369,rvspecfit-main-bright-5.fits,4813.0923,4.883763,-0.3657878,18.921688,0.0049739005,0.06355974,15.472343,1.0,True,True,True,True,True,source_train
649,39627839871387183,rvspecfit-main-bright-5.fits,5289.941,5.244174,-0.64158565,29.30954,0.004781767,0.05394933,14.861321,0.9905417024935511,True,True,True,True,True,target_adaptation
650,39627839871388149,rvspecfit-main-bright-5.fits,4148.803,4.7361097,-0.35013428,1.9732336,0.005153185,0.008424277,60.14644,0.9918314703353397,True,True,True,True,True,source_train
651,39627839875582733,rvspecfit-main-bright-5.fits,3493.4248,4.851405,-2.0092371e-05,3.1585164,0.005213744,0.0065785754,15.089906,0.9836629406706793,True,True,True,True,True,source_holdout
652,39627851950983794,rvspecfit-main-bright-5.fits,3581.2075,4.874437,-0.5,2.3388264,0.005434939,0.0054293033,27.761826,0.9931212381771282,True,True,True,True,True,source_train
653,39627845919573047,rvspecfit-main-bright-5.fits,5503.0547,4.8992815,-0.5839712,47.969414,0.0053693196,0.062597215,19.763866,0.9888220120378332,True,True,True,True,True,source_train
654,39627851950984488,rvspecfit-main-bright-5.fits,5348.9736,5.0259514,-0.5760964,27.19323,0.005057486,0.042940654,26.844744,0.9909716251074806,True,True,True,True,True,source_holdout
655,39627845919574013,rvspecfit-main-bright-5.fits,3939.1213,4.8171353,-0.11920797,3.625708,0.0050721075,0.009573468,20.59049,0.9931212381771282,True,True,True,True,True,source_holdout
656,39627845915383630,rvspecfit-main-bright-5.fits,3870.3203,4.7715034,-0.15778463,4.4213367,0.005104525,0.011770057,12.935639,0.9952708512467756,True,True,True,True,True,target_adaptation
657,39627833831591187,rvspecfit-main-bright-5.fits,4433.752,4.873937,-0.6670582,7.745803,0.005139736,0.0377856,14.973386,0.9961306964746346,True,True,True,True,True,target_evaluation
658,39627833835783596,rvspecfit-main-bright-5.fits,4050.7817,4.467584,-0.6911538,5.2615204,0.0060529793,0.024596095,19.291912,0.9931212381771282,True,True,True,True,True,target_evaluation
659,39627833831588047,rvspecfit-main-bright-5.fits,5673.0693,4.68368,-0.4763235,23.130243,0.0056971996,0.031019948,36.462048,0.9974204643164231,True,True,True,True,True,source_train
660,39627839879777318,rvspecfit-main-bright-5.fits,4769.2603,4.848541,-0.21670501,14.17381,0.0050170915,0.048560288,11.573797,1.0,True,True,True,True,True,target_adaptation
661,39627833839976846,rvspecfit-main-bright-5.fits,6100.0,4.2308073,-0.7509311,10.341141,0.005844907,0.015050741,49.940735,1.0,True,True,True,True,True,source_train
662,39627833839977971,rvspecfit-main-bright-5.fits,5429.908,4.962307,-0.5506146,38.08034,0.0055706287,0.062772274,26.130154,0.9974204643164231,True,True,True,True,True,source_train
663,39627833839978087,rvspecfit-main-bright-5.fits,4133.729,4.5,-0.90986884,5.3079634,0.005877547,0.027884329,24.300663,0.9969905417024936,True,True,True,True,True,source_train
664,39627851950984851,rvspecfit-main-bright-5.fits,4034.939,4.5,-0.62830615,6.30485,0.005343676,0.02119747,15.372696,1.0,True,True,True,True,True,source_train
665,39627845911185047,rvspecfit-main-bright-5.fits,5967.5967,3.626434,-1.2500006,23.655506,0.0073082903,0.040076897,22.654123,0.9987102321582115,True,True,True,True,True,target_adaptation
666,39627851955176216,rvspecfit-main-bright-5.fits,3281.7314,5.0,-0.02847793,2.0898006,0.0017440999,0.0035411948,29.193424,0.9931212381771282,True,True,True,True,True,source_train
667,39627851950984360,rvspecfit-main-bright-5.fits,5878.607,4.6368484,-1.75,120.921135,0.005217734,0.17233309,11.34787,0.998280309544282,True,True,True,True,True,source_holdout
668,39627851950983242,rvspecfit-main-bright-5.fits,6229.6035,3.5762842,-2.1229818,67.36052,0.006500756,0.14825945,10.765687,0.9987102321582115,True,True,True,True,True,source_train
669,39627845919573168,rvspecfit-main-bright-5.fits,4662.544,4.6722198,-0.8098996,13.634841,0.0051568192,0.062172838,10.243738,0.9987102321582115,True,True,True,True,True,source_train
670,39627851959371125,rvspecfit-main-bright-5.fits,5436.812,5.0522842,-0.6052132,68.02453,0.004920375,0.107225664,22.909386,0.9974204643164231,True,True,True,True,True,source_train
671,39627845919572527,rvspecfit-main-bright-5.fits,3971.4514,4.5025334,-0.24574983,8.550855,0.0054204455,0.018954752,11.79273,1.0,True,True,True,True,True,target_adaptation
672,39627839875583699,rvspecfit-main-bright-5.fits,5541.6606,5.0355053,-0.47988242,36.964985,0.005046317,0.049308345,42.672844,1.0,True,True,True,True,True,source_train
673,39627845915383495,rvspecfit-main-bright-5.fits,5638.3613,4.8552957,-0.6561243,89.77057,0.006275619,0.13975121,10.922119,0.998280309544282,True,True,True,True,True,target_evaluation
674,39627845919572497,rvspecfit-main-bright-5.fits,5923.8657,4.6277795,-0.39108306,14.589929,0.005266053,0.020558666,38.447777,1.0,True,True,True,True,True,source_train
675,39627851955178574,rvspecfit-main-bright-5.fits,4143.709,4.2983327,-0.6736715,2.348612,0.005562357,0.009964318,34.572567,0.9974204643164231,True,True,True,True,True,source_train
676,39627845911186372,rvspecfit-main-bright-5.fits,3941.9863,4.7310076,-0.3669035,2.147513,0.005086476,0.0054860935,41.981564,0.9952708512467756,True,True,True,True,True,source_holdout
677,39627839871386558,rvspecfit-main-bright-5.fits,4805.0225,4.729151,-0.044067696,5.917834,0.0043886355,0.01750847,28.686684,0.9974204643164231,True,True,True,True,True,source_holdout
678,39627851955177481,rvspecfit-main-bright-5.fits,4346.6763,4.6743684,-0.40693796,5.076426,0.0054313154,0.0248275,34.578247,0.998280309544282,True,True,True,True,True,source_train
679,39627839879775030,rvspecfit-main-bright-5.fits,2934.7786,4.7026258,-0.10948864,3.0772965,0.0072709327,0.006833454,22.717604,0.998280309544282,True,True,False,True,False,excluded
680,39627839875582188,rvspecfit-main-bright-5.fits,5268.133,2.727312,-0.9488028,20.349123,0.14246042,0.05151583,15.170874,0.998280309544282,True,True,True,True,True,source_train
681,39627839879775020,rvspecfit-main-bright-5.fits,4764.763,4.7640333,-0.16498941,16.820152,0.0063306196,0.05457422,29.579628,0.999140154772141,True,True,True,True,True,source_train
682,39627839879775959,rvspecfit-main-bright-5.fits,6094.461,3.4304328,-1.8272995,43.947197,0.008331895,0.07915388,14.025582,1.0,True,True,True,True,True,source_train
683,39627833839976693,rvspecfit-main-bright-5.fits,4565.834,4.9270644,-0.6339082,10.300968,0.005008864,0.04438319,12.101598,0.9969905417024936,True,True,True,True,True,source_holdout
684,39627839883969908,rvspecfit-main-bright-5.fits,3788.294,4.6444893,-0.380443,3.0073767,0.0052247015,0.009843871,20.937347,0.9922613929492692,True,True,True,True,True,source_holdout
685,39627839883968927,rvspecfit-main-bright-5.fits,5325.624,4.885683,-0.19398142,13.302652,0.005406999,0.025004715,35.266613,0.9965606190885641,True,True,True,True,True,source_holdout
686,39627839879778503,rvspecfit-main-bright-5.fits,3967.0608,4.3934913,-0.2819738,5.953513,0.006714899,0.016846629,18.156084,0.9961306964746346,True,True,True,True,True,source_holdout
687,39627839883970590,rvspecfit-main-bright-5.fits,5675.8076,4.6245646,-0.5384411,34.891754,0.0075383834,0.051567394,27.931559,0.9952708512467756,True,True,True,True,True,source_holdout
688,39627845923770018,rvspecfit-main-bright-5.fits,5860.6504,4.622532,-0.6391969,69.64324,0.005496468,0.08807865,11.664027,0.9952708512467756,True,True,True,True,True,source_holdout
689,39627845919575546,rvspecfit-main-bright-5.fits,5764.2065,4.856095,-0.5270333,48.733185,0.0072602574,0.06361757,23.953384,0.9914015477214101,True,True,True,True,True,source_train
690,39627845919576503,rvspecfit-main-bright-5.fits,5426.3906,5.1187296,-0.4884867,92.92006,0.0055714054,0.13257352,24.931515,0.9995700773860705,True,True,True,True,True,source_train
691,39627851959372671,rvspecfit-main-bright-5.fits,4641.6367,4.730126,-0.22783598,5.009991,0.0051097595,0.019386753,28.040663,1.0,True,True,True,True,True,source_holdout
692,39627845923767762,rvspecfit-main-bright-5.fits,4779.2637,4.8601365,-0.3832625,10.664965,0.005050884,0.03550075,19.611378,0.9987102321582115,True,True,True,True,True,source_train
693,39627833810617145,rvspecfit-main-bright-6.fits,3854.9556,4.6274614,-0.14233083,3.1655767,0.0052326014,0.0064384737,24.842558,0.9987102321582115,True,True,True,True,True,source_train
694,39627839850414133,rvspecfit-main-bright-6.fits,3391.366,5.0514836,0.24999999,2.7392976,0.0046844133,0.00527104,20.772575,0.9965606190885641,True,True,True,True,True,source_train
695,39627839846224263,rvspecfit-main-bright-6.fits,3973.9297,4.474684,-0.21151248,2.7501547,0.005472914,0.006377896,37.68445,0.9931212381771282,True,True,True,True,True,source_holdout
696,39627833810618447,rvspecfit-main-bright-6.fits,6517.8154,4.6731167,-2.3132465,17.70791,0.0052611716,0.0444469,40.771164,0.9931212381771282,True,True,True,True,True,target_evaluation
697,39627833806428838,rvspecfit-main-bright-6.fits,5874.7153,5.1006274,-0.45027316,28.47227,0.0051006638,0.035984047,29.537292,0.998280309544282,True,True,True,True,True,source_train
698,39627827770824341,rvspecfit-main-bright-6.fits,5971.67,4.228228,-0.75,13.06812,0.0057816273,0.020226197,39.11204,1.0,True,True,True,True,True,source_holdout
699,39627833810621253,rvspecfit-main-bright-6.fits,5697.1416,5.046353,-0.52538747,51.22089,0.006413293,0.06295583,25.982012,0.9987102321582115,True,True,True,True,True,source_train
700,39627833810622162,rvspecfit-main-bright-6.fits,5158.257,4.8984466,-0.32266006,28.73536,0.0056784665,0.0813015,14.81044,1.0,True,True,True,True,True,source_holdout
701,39627839850415283,rvspecfit-main-bright-6.fits,4471.9297,5.1523643,-1.8291161,10.478328,0.0048009637,0.10033337,9.042785,0.9957007738607051,True,False,True,True,False,excluded
702,39627839850418459,rvspecfit-main-bright-6.fits,3814.779,4.7794924,-0.22655109,3.9797552,0.005161609,0.009737023,16.367867,0.9957007738607051,True,True,True,True,True,source_train
703,39627839850417629,rvspecfit-main-bright-6.fits,3976.9895,4.884038,-0.20945032,3.0788732,0.0050143553,0.0076407064,29.999779,0.9879621668099742,True,True,True,True,True,target_adaptation
704,39627845881826177,rvspecfit-main-bright-6.fits,5447.4917,2.600477,-1.4774779,27.803894,0.0137932375,0.057544228,16.269588,0.9948409286328461,True,True,True,True,True,source_train
705,39627839850415811,rvspecfit-main-bright-6.fits,5159.8643,4.866095,-0.5808288,26.232264,0.005487482,0.06638314,14.076207,0.9969905417024936,True,True,True,True,True,target_evaluation
706,39627845881826492,rvspecfit-main-bright-6.fits,4933.868,4.82591,-1.0803988,21.538095,0.005602407,0.079041004,10.141896,0.9939810834049871,True,True,True,True,True,source_train
707,39627839850416191,rvspecfit-main-bright-6.fits,3983.9275,4.4999895,-0.42671427,4.574892,0.005438699,0.011296235,20.455929,0.9978503869303526,True,True,True,True,True,target_adaptation
708,39627851925819089,rvspecfit-main-bright-6.fits,5999.6343,4.617839,-1.0515544,57.34366,0.011670309,0.1036227,18.791994,0.9922613929492692,True,True,True,True,True,source_train
709,39627839850417582,rvspecfit-main-bright-6.fits,5822.2646,5.4325705,-1.4332637,111.274734,0.0047274595,0.14052479,13.415668,0.9918314703353397,True,True,True,True,True,source_train
710,39627845886020401,rvspecfit-main-bright-6.fits,6121.208,4.152123,-0.96648407,28.287294,0.0058796345,0.053816203,13.033478,0.9948409286328461,True,True,True,True,True,target_evaluation
711,39627839850417396,rvspecfit-main-bright-6.fits,4146.2886,4.4593687,-0.47755694,6.091201,0.0054018614,0.024018778,13.126538,0.9969905417024936,True,True,True,True,True,source_train
712,39627839846225083,rvspecfit-main-bright-6.fits,3304.99,4.573466,-0.25,2.6161833,0.0055513033,0.005566336,23.295965,0.9974204643164231,True,True,True,True,True,source_train
713,39627839842030804,rvspecfit-main-bright-6.fits,3973.0508,4.4075265,-0.52608746,6.8760266,0.0063076247,0.02034251,14.139059,1.0,True,True,True,True,True,source_holdout
714,39627857969811947,rvspecfit-main-bright-6.fits,5911.782,3.7280588,-0.96031433,55.119137,0.006864429,0.10579127,7.3325415,0.9974204643164231,True,False,True,True,False,excluded
715,39627851930011256,rvspecfit-main-bright-6.fits,4717.4224,4.815916,-0.03633933,4.431253,0.0043316307,0.014266676,34.225895,1.0,True,True,True,True,True,source_train
716,39627851934204378,rvspecfit-main-bright-6.fits,4900.002,4.8218126,-0.4709749,17.015953,0.0050323643,0.06582276,8.919742,0.9987102321582115,True,False,True,True,False,excluded
717,39627851930014968,rvspecfit-main-bright-6.fits,5469.6567,4.8364353,-0.056652818,14.985915,0.0052016093,0.02369903,33.23634,0.9952708512467756,True,True,True,True,True,source_train
718,39627839850418643,rvspecfit-main-bright-6.fits,4243.1772,4.370246,-0.41150096,4.985088,0.0050469143,0.023075754,17.504684,0.9935511607910577,True,True,True,True,True,source_train
719,39627845886020526,rvspecfit-main-bright-6.fits,6373.59,4.4531627,-1.6896338,18.632675,0.0054521747,0.032020774,30.502964,0.9969905417024936,True,True,True,True,True,source_train
720,39627845886018847,rvspecfit-main-bright-6.fits,5770.4717,5.1177635,-0.097270004,17.818663,0.004927792,0.022672687,34.0715,0.9978503869303526,True,True,True,True,True,source_train
721,39627839846223396,rvspecfit-main-bright-6.fits,4760.9463,4.835823,-0.7915817,6.0759287,0.0052264645,0.02187884,27.891438,0.9961306964746346,True,True,True,True,True,source_train
722,39627839850414409,rvspecfit-main-bright-6.fits,5421.3696,2.0359952,-1.5938468,30.305159,0.0096392445,0.05912197,13.824127,0.9978503869303526,True,True,True,True,True,target_adaptation
723,39627845886019547,rvspecfit-main-bright-6.fits,5199.997,4.8886833,-0.30279285,15.712573,0.0052436567,0.030842746,26.366577,0.9952708512467756,True,True,True,True,True,target_evaluation
724,39627845886024355,rvspecfit-main-bright-6.fits,5942.658,4.291933,-0.6273537,14.909313,0.0056269756,0.022708597,32.78284,0.999140154772141,True,True,True,True,True,target_evaluation
725,39627845890213849,rvspecfit-main-bright-6.fits,5672.576,4.8962326,-0.5424338,36.14194,0.0059835925,0.04473818,29.227415,0.9931212381771282,True,True,True,True,True,source_holdout
726,39627845890214991,rvspecfit-main-bright-6.fits,5713.8677,4.6437945,-0.27281332,28.859957,0.007598682,0.04291766,26.809433,0.9922613929492692,True,True,True,True,True,source_train
727,39627845890215713,rvspecfit-main-bright-6.fits,6000.009,4.2911325,-0.6153286,20.03791,0.006328587,0.031502403,26.3579,0.9974204643164231,True,True,True,True,True,source_train
728,39627845890214151,rvspecfit-main-bright-6.fits,4074.8936,4.9200854,0.13628218,4.5265007,0.005018725,0.010063273,23.365385,0.9961306964746346,True,True,True,True,True,source_train
729,39627845890216372,rvspecfit-main-bright-6.fits,3854.019,4.7166104,-0.6180201,4.026998,0.0051824674,0.016352622,16.12363,0.9961306964746346,True,True,True,True,True,source_holdout
730,39627833810620314,rvspecfit-main-bright-6.fits,6272.459,4.4150305,-1.4596715,62.731884,0.010386387,0.15407223,12.529986,0.9957007738607051,True,True,True,True,True,source_train
731,39627833810619585,rvspecfit-main-bright-6.fits,5034.7446,2.5235705,-0.99999994,5.7018824,0.05299922,0.022029791,31.189625,1.0,True,True,True,True,True,source_train
732,39627833814811123,rvspecfit-main-bright-6.fits,5188.7603,2.4881375,-1.25,23.73749,0.16676776,0.068021834,11.908232,0.9952708512467756,True,True,True,True,True,source_train
733,39627857990784360,rvspecfit-main-bright-7.fits,6118.4404,4.3919115,-0.75,7.2710195,0.005706813,0.010685618,70.7617,0.9952708512467756,True,True,True,True,True,source_holdout
734,39627851950986065,rvspecfit-main-bright-7.fits,6169.199,3.8958325,-0.9864679,9.653992,0.0056774043,0.015406064,52.087753,0.9969905417024936,True,True,True,True,True,source_holdout
735,39627857994974270,rvspecfit-main-bright-7.fits,5202.3335,2.7579703,-1.25,20.38836,0.13192168,0.05199849,17.12926,0.9969905417024936,True,True,True,True,True,source_train
736,39627857990783619,rvspecfit-main-bright-7.fits,3442.9924,4.848441,-0.25,2.8985045,0.005196549,0.0061331373,14.156657,0.9914015477214101,True,True,True,True,True,target_adaptation
737,39627857994973538,rvspecfit-main-bright-7.fits,6320.1377,4.4632893,-2.1713548,52.047176,0.007758597,0.13944058,16.406435,0.9944110060189166,True,True,True,True,True,source_train
738,39627851950984641,rvspecfit-main-bright-7.fits,4473.0527,4.6994743,-0.27750236,6.320448,0.0054780133,0.028670758,48.987057,0.9828030954428203,True,True,True,True,True,source_holdout
739,39627851950982582,rvspecfit-main-bright-7.fits,6100.0,4.04923,-0.72960013,19.02381,0.0060202233,0.029225843,26.419565,0.9901117798796216,True,True,True,True,True,target_adaptation
740,39627857990782475,rvspecfit-main-bright-7.fits,4422.4424,6.0,-3.6526434,11.663254,0.0043996135,0.10870345,14.171023,0.9901117798796216,True,True,False,True,False,excluded
741,39627851950983932,rvspecfit-main-bright-7.fits,4944.385,4.939016,-0.612694,11.070003,0.0049428735,0.032350536,21.52434,0.999140154772141,True,True,True,True,True,source_train
742,39627857994973443,rvspecfit-main-bright-7.fits,14000.007,6.499366,-1.25,6.5663657,0.0045677624,0.054882243,11.245887,0.9944110060189166,True,True,False,True,False,excluded
743,39627857994974008,rvspecfit-main-bright-7.fits,3727.865,4.672152,-0.22309126,4.6986613,0.005458155,0.014568784,9.397312,0.9922613929492692,True,False,True,True,False,excluded
744,39627839816862808,rvspecfit-main-bright-8.fits,6121.4707,4.356521,-1.293354,32.65264,0.00555446,0.061095998,14.096929,1.0,True,True,True,True,True,source_train
745,39627839816860543,rvspecfit-main-bright-8.fits,4987.3354,4.8711786,-0.64991444,8.098501,0.00509252,0.023458099,32.721638,0.9892519346517626,True,True,True,True,True,source_holdout
746,39627839812673236,rvspecfit-main-bright-8.fits,4648.336,4.6883326,-0.17662323,4.1033063,0.0047721164,0.015408016,35.26948,0.9935511607910577,True,True,True,True,True,source_train
747,39627839821055739,rvspecfit-main-bright-8.fits,5074.292,4.6533723,-0.41792375,23.119675,0.0072900373,0.08111077,19.939981,0.9892519346517626,True,True,True,True,True,source_train
748,39627839812672584,rvspecfit-main-bright-8.fits,5673.2114,4.6356673,-0.62852657,45.576263,0.0052351984,0.06045162,17.458675,0.9905417024935511,True,True,True,True,True,source_holdout
749,39627839812670335,rvspecfit-main-bright-8.fits,7005.1025,5.5,-2.9999998,107.50667,0.0046911854,0.23000151,7.5417233,0.9819432502149613,True,False,True,True,False,excluded
750,39627839812670699,rvspecfit-main-bright-8.fits,5925.2104,4.751291,-0.46446776,16.49789,0.0057449443,0.024342787,38.237263,0.9914015477214101,True,True,True,True,True,source_holdout
751,39627839812672648,rvspecfit-main-bright-8.fits,4752.192,4.742014,-0.15288329,9.201589,0.0054789153,0.030528907,36.69599,0.9952708512467756,True,True,True,True,True,source_train
752,39627839816864497,rvspecfit-main-bright-8.fits,3761.6316,4.6441507,-0.16744162,3.7295725,0.005232713,0.010643927,15.574257,0.9931212381771282,True,True,True,True,True,source_train
753,39627839812672634,rvspecfit-main-bright-8.fits,4658.34,4.740094,-0.6021394,21.777082,0.005505989,0.10191027,10.008664,0.9948409286328461,True,True,True,True,True,source_train
754,39627839816863480,rvspecfit-main-bright-8.fits,4914.0894,4.6602154,-0.37445727,17.167593,0.005099625,0.057212256,11.319384,0.9948409286328461,True,True,True,True,True,source_train
755,39627839816863270,rvspecfit-main-bright-8.fits,5516.6484,4.905977,-0.80012316,113.48546,0.010993967,0.17395665,22.268724,0.9939810834049871,True,True,True,True,True,source_train
756,39627839816863458,rvspecfit-main-bright-8.fits,5569.2734,5.0853477,-0.043474305,56.871033,0.0048324605,0.076496035,7.506358,0.9896818572656921,True,False,True,True,False,excluded
757,39627827745657452,rvspecfit-main-bright-8.fits,3770.9207,4.7048526,-0.23285788,3.1068678,0.0052079973,0.00791666,21.451181,1.0,True,True,True,True,True,source_train
758,39627827745653102,rvspecfit-main-bright-8.fits,5843.949,4.373525,-0.6640135,12.884179,0.0062994026,0.021951158,45.67464,0.9944110060189166,True,True,True,True,True,source_train
759,39627827745657755,rvspecfit-main-bright-8.fits,3985.3196,4.3775134,-0.6412393,5.2622447,0.0055138236,0.017489819,18.888893,1.0,True,True,True,True,True,source_train
760,39627827745654565,rvspecfit-main-bright-8.fits,5851.3364,4.359688,-0.60199106,17.887493,0.005931927,0.027892524,32.216465,0.9926913155631987,True,True,True,True,True,source_train
761,39627815657675664,rvspecfit-main-bright-8.fits,5916.4272,4.4029055,-0.935866,35.78661,0.011125117,0.07310845,27.215067,0.9974204643164231,True,True,True,True,True,target_adaptation
762,39627821697473329,rvspecfit-main-bright-8.fits,4667.34,4.706935,-0.5984868,7.739487,0.005157493,0.030176213,25.091328,0.9939810834049871,True,True,True,True,True,source_train
763,39627827737264593,rvspecfit-main-bright-8.fits,4265.7466,4.750673,-0.63220984,7.4443727,0.0051433146,0.040540744,12.634933,0.9944110060189166,True,True,True,True,True,source_train
764,39627833768673980,rvspecfit-main-bright-8.fits,3942.839,4.2829747,-0.30404508,5.0376854,0.0072006085,0.026606206,10.854829,0.9974204643164231,True,True,True,True,True,source_train
765,39627821697467832,rvspecfit-main-bright-8.fits,4526.3213,4.6935096,-0.51692486,10.075635,0.0026887723,0.048156373,11.08926,1.0,True,True,True,True,True,source_train
766,39627821693279679,rvspecfit-main-bright-8.fits,6398.1787,4.463723,-2.1361647,38.186096,0.005463812,0.08766679,17.525908,0.998280309544282,True,True,True,True,True,source_train
767,39627827724689551,rvspecfit-main-bright-8.fits,3479.1453,4.646274,-0.24999653,3.5076907,0.00526359,0.012805625,9.563796,0.999140154772141,True,False,True,True,False,excluded
768,39627821697467559,rvspecfit-main-bright-8.fits,5731.396,4.8592114,-0.66352516,26.370506,0.0052175405,0.032930285,37.666718,0.9944110060189166,True,True,True,True,True,source_train
769,39627821693277928,rvspecfit-main-bright-8.fits,5999.999,4.3987894,-0.77650476,21.307932,0.005498146,0.035151508,18.008173,0.9965606190885641,True,True,True,True,True,source_train
770,39627821697466864,rvspecfit-main-bright-8.fits,3946.667,4.5066423,-0.71842104,253.69891,0.47902763,2.9658377,14.508953,0.9969905417024936,True,True,True,False,False,excluded
771,39627827733076622,rvspecfit-main-bright-8.fits,3387.7256,4.638796,-9.809611e-08,3.3425689,0.0053317565,0.006818517,16.463493,0.998280309544282,True,True,True,True,True,source_train
772,39627827737264843,rvspecfit-main-bright-8.fits,4066.6523,4.256262,-0.64499366,13.760303,0.0068217413,0.06251568,11.73491,0.9922613929492692,True,True,True,True,True,source_train
773,39627833768678053,rvspecfit-main-bright-8.fits,4844.105,4.714249,-0.51703984,29.099386,0.010058081,0.1123141,16.140053,0.9944110060189166,True,True,True,True,True,source_train
774,39627827733072429,rvspecfit-main-bright-8.fits,3843.8826,4.7626214,-0.47790733,4.1095,0.005278807,0.018068677,14.518338,0.9952708512467756,True,True,True,True,True,source_train
775,39627827733074795,rvspecfit-main-bright-8.fits,5075.0947,2.56434,-1.6120808,31.395061,0.18668592,0.08794173,10.4969845,0.9948409286328461,True,True,True,True,True,source_train
776,39627827728883680,rvspecfit-main-bright-8.fits,3432.7314,4.5084944,-0.24999993,3.0523527,0.0054641524,0.0075865323,15.548639,0.9961306964746346,True,True,True,True,True,source_train
777,39627833768679268,rvspecfit-main-bright-8.fits,3949.6465,4.513872,-0.38500324,4.8713255,0.005332552,0.017458336,11.02314,0.9935511607910577,True,True,True,True,True,source_train
778,39627833772868464,rvspecfit-main-bright-8.fits,5443.6777,4.719774,-0.6642141,74.1219,0.007374346,0.12502566,18.506361,0.9957007738607051,True,True,True,True,True,source_train
779,39627827733071985,rvspecfit-main-bright-8.fits,4627.525,4.6345434,-0.4357982,11.291942,0.005225916,0.047515333,12.0492,0.9918314703353397,True,True,True,True,True,source_train
780,39627827733074349,rvspecfit-main-bright-8.fits,3445.0132,4.656233,-2.7536611e-08,3.3065984,0.005327002,0.006448537,16.607862,1.0,True,True,True,True,True,source_train
781,39627833781256512,rvspecfit-main-bright-8.fits,6242.296,4.2340546,-1.3572956,45.11535,0.0058191274,0.08288116,13.41217,0.9987102321582115,True,True,True,True,True,source_train
782,39627827728876521,rvspecfit-main-bright-8.fits,4153.1143,4.66443,-0.5373237,4.129842,0.005648213,0.0202132,25.57515,1.0,True,True,True,True,True,source_train
783,39627827741460016,rvspecfit-main-bright-8.fits,5663.2803,4.407737,-1.0693243,33.629322,0.0054516555,0.045883078,15.136973,1.0,True,True,True,True,True,source_train
784,39627827737268797,rvspecfit-main-bright-8.fits,4564.298,4.7109914,-0.7455011,6.063503,0.005167601,0.02636081,21.755367,0.9952708512467756,True,True,True,True,True,source_train
785,39627827737268187,rvspecfit-main-bright-8.fits,3748.5237,4.4999995,-0.5,3.4555678,0.005376282,0.008754746,16.993168,0.9969905417024936,True,True,True,True,True,source_train
786,39627827737266948,rvspecfit-main-bright-8.fits,5900.008,4.9104686,-1.5354863,83.53012,0.0049770954,0.11760351,6.7521715,0.9965606190885641,True,False,True,True,False,excluded
787,39627827728876574,rvspecfit-main-bright-8.fits,4070.1228,4.4366918,-0.62601876,8.110332,0.005443254,0.03596432,12.639724,1.0,True,True,True,True,True,source_train
788,39627827728880720,rvspecfit-main-bright-8.fits,4340.172,4.2371798,-0.056316175,4.6826262,0.004222266,0.034541372,13.994661,0.9978503869303526,True,True,True,True,True,source_train
789,39627827728880315,rvspecfit-main-bright-8.fits,5430.314,4.831859,-0.41109502,20.435902,0.005473891,0.030110069,48.75966,1.0,True,True,True,True,True,source_train
790,39627827728876539,rvspecfit-main-bright-8.fits,5219.4385,2.2989497,-1.1300188,13.230287,0.10666044,0.03481975,19.482452,0.9952708512467756,True,True,True,True,True,target_adaptation
791,39627827728880168,rvspecfit-main-bright-8.fits,3643.9668,4.5368013,-0.5000001,3.872539,0.005379526,0.012241605,11.884048,0.9957007738607051,True,True,True,True,True,target_evaluation
792,39627827728881595,rvspecfit-main-bright-8.fits,3715.3442,4.560988,-0.41314766,3.9350722,0.0053233476,0.015566935,11.067028,0.9987102321582115,True,True,True,True,True,target_evaluation
793,39627827728879684,rvspecfit-main-bright-8.fits,5573.247,4.6510015,-0.64734876,49.366375,0.0056664944,0.073452696,16.404436,1.0,True,True,True,True,True,target_adaptation
794,39627827733070736,rvspecfit-main-bright-8.fits,3788.903,4.9236155,0.25,4.0533934,0.00498976,0.0069194827,18.087793,0.9987102321582115,True,True,True,True,True,source_holdout
795,39627821693276035,rvspecfit-main-bright-8.fits,5969.2407,4.279692,-0.7958698,8.773768,0.005641844,0.017080624,32.762997,1.0,True,True,True,True,True,source_holdout
796,39627827728878646,rvspecfit-main-bright-8.fits,5273.7456,5.035001,-0.5756223,28.037724,0.0048761284,0.056604378,9.312952,0.999140154772141,True,False,True,True,False,excluded
797,39627821689083909,rvspecfit-main-bright-8.fits,5499.999,2.5000632,-1.1720363,11.750311,0.014229057,0.026195487,35.581062,1.0,True,True,True,True,True,source_train
798,39627821693274753,rvspecfit-main-bright-8.fits,4903.6562,4.7105637,-0.6856381,15.99053,0.0069251023,0.059746496,14.563165,1.0,True,True,True,True,True,target_evaluation
799,39627827733072223,rvspecfit-main-bright-8.fits,5384.8364,4.852144,-0.60519946,36.850475,0.005004634,0.061009992,32.95823,0.9965606190885641,True,True,True,True,True,source_train
800,39627833781262396,rvspecfit-main-bright-8.fits,3328.9353,4.8534226,0.19903266,2.5516155,0.0036078433,0.004760277,19.795177,1.0,True,True,True,True,True,source_train
801,39627833772874519,rvspecfit-main-bright-8.fits,5189.0884,2.207144,-0.99999994,8.972606,0.009002452,0.025668968,23.437433,0.9922613929492692,True,True,True,True,True,source_train
802,39627833777063687,rvspecfit-main-bright-8.fits,6329.74,4.3160686,-1.6989465,47.864944,0.0056215827,0.09395996,12.80961,0.9944110060189166,True,True,True,True,True,source_train
803,39627833777065558,rvspecfit-main-bright-8.fits,3951.9734,4.758648,0.04707949,4.6076546,0.0052263546,0.014053489,12.767948,0.9987102321582115,True,True,True,True,True,source_holdout
804,39627827741463818,rvspecfit-main-bright-8.fits,3942.7478,4.851048,-0.3390208,2.5778358,0.0050632907,0.0068645407,35.42856,1.0,True,True,True,True,True,source_train
805,39627833772874300,rvspecfit-main-bright-8.fits,6107.601,4.593981,-0.5814028,11.869222,0.0054635503,0.017846948,42.250587,0.9969905417024936,True,True,True,True,True,source_train
806,39627833781259561,rvspecfit-main-bright-8.fits,5335.5757,4.922437,-0.6015228,9.377733,0.0049230433,0.0149954,36.066288,0.9969905417024936,True,True,True,True,True,target_adaptation
807,39627833772873348,rvspecfit-main-bright-8.fits,3820.6614,4.617496,-0.09530658,5.1218452,0.0053098486,0.013642049,9.615836,0.999140154772141,True,False,True,True,False,excluded
808,39627833772870858,rvspecfit-main-bright-8.fits,3950.5593,4.815847,-0.5800588,2.6802955,0.005068833,0.009750235,29.598192,0.9935511607910577,True,True,True,True,True,source_train
809,39627827741465882,rvspecfit-main-bright-8.fits,4561.071,4.6857567,-0.70336413,8.2843075,0.006517607,0.04118017,23.349905,0.9987102321582115,True,True,True,True,True,source_holdout
810,39627833772875030,rvspecfit-main-bright-8.fits,4587.552,4.857034,-0.5871122,13.166747,0.0053826733,0.05710257,9.708546,0.999140154772141,True,False,True,True,False,excluded
811,39627833777063378,rvspecfit-main-bright-8.fits,4865.3774,4.8829994,-0.2660883,6.513693,0.005119219,0.018256167,36.156208,0.9939810834049871,True,True,True,True,True,target_evaluation
812,39627833772874224,rvspecfit-main-bright-8.fits,3393.9556,5.1102886,0.2499991,5.0251923,0.005031066,0.014238982,10.510914,0.9978503869303526,True,True,True,True,True,source_train
813,39627821693277669,rvspecfit-main-bright-8.fits,4832.0312,4.9055924,-0.31568453,10.974608,0.0051648323,0.03272784,19.04335,0.9974204643164231,True,True,True,True,True,source_train
814,39627821693278142,rvspecfit-main-bright-8.fits,3324.875,4.8183045,0.0010425537,11.773095,0.011448484,0.022694169,26.23189,1.0,True,True,True,True,True,target_adaptation
815,39627821693278007,rvspecfit-main-bright-8.fits,3536.3093,4.4999967,-0.25,3.6910062,0.005410845,0.01327139,10.223609,0.9978503869303526,True,True,True,True,True,target_adaptation
816,39627821693273871,rvspecfit-main-bright-8.fits,4928.872,4.702055,-0.31147838,141.46169,0.038763914,0.5860226,15.094807,1.0,True,True,True,False,False,excluded
817,39627839812670659,rvspecfit-main-bright-8.fits,5466.345,4.792107,-0.09665485,6.7452254,0.005117031,0.010671188,67.747925,0.9974204643164231,True,True,True,True,True,source_holdout
818,39627833772873072,rvspecfit-main-bright-8.fits,3344.0674,4.9933977,-6.7715398e-09,3.466534,0.005043628,0.010193789,11.543327,0.9978503869303526,True,True,True,True,True,source_holdout
819,39627839812669975,rvspecfit-main-bright-8.fits,5147.977,2.2214344,-0.6992384,6.1315556,0.019871552,0.019168599,29.673326,0.9978503869303526,True,True,True,True,True,source_holdout
820,39627839812672807,rvspecfit-main-bright-8.fits,3960.4915,4.523227,-0.5141485,10.2532835,0.006638181,0.03737362,10.229689,0.9965606190885641,True,True,True,True,True,source_holdout
821,39627839812669309,rvspecfit-main-bright-8.fits,5112.64,2.5311203,-0.9058126,20.754353,0.15942162,0.07210763,10.041917,0.9978503869303526,True,True,True,True,True,source_holdout
822,39627833781257249,rvspecfit-main-bright-8.fits,4819.0786,4.9275985,-0.60437995,11.483417,0.004973625,0.040106904,17.674099,0.9978503869303526,True,True,True,True,True,source_train
823,39627833781261616,rvspecfit-main-bright-8.fits,5079.574,4.865364,-1.25,18.348112,0.0050155236,0.04464743,15.462614,0.9974204643164231,True,True,True,True,True,source_holdout
824,39627833781257342,rvspecfit-main-bright-8.fits,6078.532,4.3207583,-2.889843,45.54772,0.006280576,0.121691614,17.523178,0.9944110060189166,True,True,True,True,True,source_holdout
825,39627839816861389,rvspecfit-main-bright-8.fits,5715.106,4.715221,-0.5199357,122.020966,0.019109355,0.19110996,23.303087,0.9978503869303526,True,True,True,True,True,target_evaluation
826,39627833777062323,rvspecfit-main-bright-8.fits,3662.1895,4.5354667,0.011974508,3.6715167,0.0054361396,0.0071264673,17.637472,0.9961306964746346,True,True,True,True,True,source_train
827,39627839816861981,rvspecfit-main-bright-8.fits,4581.736,4.5732226,-0.16787995,15.240505,0.0040887007,0.0629597,8.583444,0.9957007738607051,True,False,True,True,False,excluded
828,39627839816859844,rvspecfit-main-bright-8.fits,3319.7056,4.7985024,-2.5167144e-09,3.491215,0.0052316845,0.009254874,12.712848,1.0,True,True,True,True,True,source_holdout
829,39627839816861106,rvspecfit-main-bright-8.fits,5080.969,4.846039,-0.73913836,5.714915,0.005015368,0.013635742,53.004265,0.999140154772141,True,True,True,True,True,source_train
830,39627839812672733,rvspecfit-main-bright-8.fits,6059.0156,3.7518787,-1.4329317,47.997997,0.006757528,0.08983008,11.827734,0.9935511607910577,True,True,True,True,True,source_holdout
831,39627821697473228,rvspecfit-main-bright-8.fits,4937.786,2.3126361,-0.52881753,5.204932,0.07625656,0.023154752,26.795763,0.9935511607910577,True,True,True,True,True,source_train
832,39627821697471535,rvspecfit-main-bright-8.fits,4537.4756,4.6079726,0.2850415,2.9438004,0.004290946,0.041903593,12.421133,0.9952708512467756,True,True,True,True,True,source_train
833,39627815657675232,rvspecfit-main-bright-8.fits,3768.5063,4.282877,-0.4171989,4.367784,0.0065832688,0.016000243,11.492392,0.9969905417024936,True,True,True,True,True,source_train
834,39627815657669590,rvspecfit-main-bright-8.fits,4242.0137,4.3663516,0.14200313,5.3201694,0.005530788,0.018986493,18.352121,0.9961306964746346,True,True,True,True,True,source_train
835,39627821697469375,rvspecfit-main-bright-8.fits,3851.9175,4.4098344,-0.5288464,3.6631744,0.0057373913,0.011070612,16.405333,0.9961306964746346,True,True,True,True,True,source_holdout
836,39627827741461861,rvspecfit-main-bright-8.fits,5120.7305,4.943403,-0.22722766,9.3367195,0.0051035387,0.020278953,37.406063,0.9969905417024936,True,True,True,True,True,source_train
837,39627833781259407,rvspecfit-main-bright-8.fits,4481.9824,4.584956,-0.5631001,4.955111,0.0045450022,0.02496767,22.830645,0.9961306964746346,True,True,True,True,True,target_evaluation
838,39627827741464055,rvspecfit-main-bright-8.fits,5618.3735,4.865903,-0.759332,42.675903,0.005463847,0.057503767,32.74442,0.9969905417024936,True,True,True,True,True,source_train
839,39627833785450581,rvspecfit-main-bright-8.fits,4114.629,4.4509463,-0.55450344,7.950134,0.005411378,0.031326286,10.057168,0.9952708512467756,True,True,True,True,True,source_holdout
840,39627833781262056,rvspecfit-main-bright-8.fits,3483.5698,4.706032,-7.754473e-09,3.5805454,0.005231166,0.0077835005,15.558846,0.9922613929492692,True,True,True,True,True,source_train
841,39627833781261564,rvspecfit-main-bright-8.fits,5479.6006,4.8312435,-0.13312136,11.72018,0.005082616,0.01897373,40.5142,0.9974204643164231,True,True,True,True,True,source_train
842,39627827741464455,rvspecfit-main-bright-8.fits,3249.3542,5.100072,0.2816905,6.6959834,0.005963489,0.017686466,16.736538,0.9969905417024936,True,True,True,True,True,target_adaptation
843,39627827745658261,rvspecfit-main-bright-8.fits,3586.7795,4.968807,0.25,4.2657595,0.0049816263,0.009648396,12.651123,0.999140154772141,True,True,True,True,True,source_train
844,39627827745656776,rvspecfit-main-bright-8.fits,4146.233,4.3544865,-0.6406455,7.8949795,0.005544992,0.032724883,10.449086,0.9978503869303526,True,True,True,True,True,source_holdout
845,39627827749847366,rvspecfit-main-bright-8.fits,3530.808,4.693178,-3.737326e-09,3.6359189,0.005254557,0.007512082,17.334528,0.9957007738607051,True,True,True,True,True,source_train
846,39627827737267567,rvspecfit-main-bright-8.fits,5879.291,4.681711,-0.68432766,18.446178,0.00548692,0.025333565,39.51589,0.9948409286328461,True,True,True,True,True,source_train
847,39627827741459986,rvspecfit-main-bright-8.fits,5400.0103,4.9394345,-0.41839907,16.044647,0.0050952444,0.029323887,31.110973,0.9978503869303526,True,True,True,True,True,target_adaptation
848,39627827741459131,rvspecfit-main-bright-8.fits,4867.7344,4.8866897,-0.6707565,13.689906,0.005408387,0.050323352,16.404968,0.9926913155631987,True,True,True,True,True,source_train
849,39627827745655354,rvspecfit-main-bright-8.fits,6377.044,4.5933747,-3.053118,50.684948,0.005267388,0.13807774,13.746916,0.9944110060189166,True,True,False,True,False,excluded
850,39627821705856362,rvspecfit-main-bright-8.fits,4030.8608,4.643713,-0.3096621,5.061314,0.005333437,0.016576387,20.567667,0.9978503869303526,True,True,True,True,True,source_train
851,39627821701666518,rvspecfit-main-bright-8.fits,6245.1094,4.2196555,-1.6944578,114.48384,0.009534276,0.29474926,7.661236,0.9952708512467756,True,False,True,True,False,excluded
852,39627827745656693,rvspecfit-main-bright-8.fits,3590.7085,4.73918,-0.50000024,3.01867,0.005238402,0.007801058,18.901367,0.9957007738607051,True,True,True,True,True,target_adaptation
853,39627827745654782,rvspecfit-main-bright-8.fits,4786.082,4.898004,-0.06323256,39.108723,0.00826394,0.14552125,9.31732,0.9978503869303526,True,False,True,True,False,excluded
854,39627827741465156,rvspecfit-main-bright-8.fits,4925.3823,4.671121,-0.60524035,17.010578,0.0052423044,0.052445788,15.143387,0.9978503869303526,True,True,True,True,True,source_holdout
855,39627833785451906,rvspecfit-main-bright-8.fits,5962.3716,4.41099,-1.5744399,35.15446,0.0055400585,0.050367,21.04826,0.9978503869303526,True,True,True,True,True,source_train
856,39627827724688159,rvspecfit-main-bright-8.fits,5537.3325,4.6500335,-0.6017824,21.638905,0.00521067,0.030345285,38.44963,0.9978503869303526,True,True,True,True,True,source_train
857,39627827728877114,rvspecfit-main-bright-8.fits,3662.7627,4.738537,-0.45184547,3.3652675,0.005185955,0.012473274,14.215955,0.9987102321582115,True,True,True,True,True,source_train
858,39627827737264292,rvspecfit-main-bright-8.fits,4132.9326,4.791661,0.051196646,5.606962,0.0054114484,0.01622585,22.187656,0.999140154772141,True,True,True,True,True,source_train
859,39627839812672682,rvspecfit-main-bright-8.fits,5055.8506,5.161906,-1.1391282,20.549143,0.0048009157,0.052519016,11.783399,0.998280309544282,True,True,True,True,True,target_evaluation
860,39627833777066402,rvspecfit-main-bright-8.fits,4476.673,4.3088593,0.28060448,6.942306,0.005117924,0.026866635,18.38489,0.9965606190885641,True,True,True,True,True,source_train
861,39627839816862859,rvspecfit-main-bright-8.fits,3818.9517,4.8039713,-0.5316026,4.3631096,0.0052386373,0.014213544,12.294117,0.9974204643164231,True,True,True,True,True,target_adaptation
862,39627827733075007,rvspecfit-main-bright-8.fits,4679.1724,4.765825,-0.15760839,21.2164,0.0062651676,0.07799677,23.686485,0.9987102321582115,True,True,True,True,True,target_adaptation
863,39627827733074121,rvspecfit-main-bright-8.fits,6152.9927,4.5,-1.6445513,29.166725,0.0053323423,0.046089906,21.363874,0.9944110060189166,True,True,True,True,True,source_train
864,39627833772867670,rvspecfit-main-bright-8.fits,3363.5051,5.062685,-2.9966547e-08,4.024855,0.005213643,0.008106157,22.11483,0.9961306964746346,True,True,True,True,True,source_train
865,39627839816862026,rvspecfit-main-bright-8.fits,6148.269,4.6086144,-0.74244076,13.393146,0.005309891,0.020124217,36.88632,0.999140154772141,True,True,True,True,True,source_train
866,39627839816862426,rvspecfit-main-bright-8.fits,3409.6938,4.442147,-0.25000015,2.273756,0.006167996,0.0036955622,33.368565,0.9965606190885641,True,True,True,True,True,source_train
867,39627827737264610,rvspecfit-main-bright-8.fits,3715.6196,4.598353,-0.2972362,1.7085778,0.006253173,0.0038025654,51.15046,0.999140154772141,True,True,True,True,True,target_evaluation
868,39627827733077165,rvspecfit-main-bright-8.fits,5799.9956,3.949236,-1.9999129,59.7372,0.006272504,0.09189294,13.501539,0.9965606190885641,True,True,True,True,True,source_holdout
869,39627833777065294,rvspecfit-main-bright-8.fits,4987.748,4.914405,-0.7223253,14.445735,0.0062083337,0.04244423,19.057165,0.9914015477214101,True,True,True,True,True,source_train
870,39627833768677536,rvspecfit-main-bright-8.fits,4772.9316,4.8371744,-0.86397475,5.8170996,0.0050267414,0.020603621,28.713833,0.9952708512467756,True,True,True,True,True,source_train
871,39627827733072087,rvspecfit-main-bright-8.fits,6009.882,4.6553826,-1.4816989,25.846573,0.005429246,0.03553027,30.182035,0.9974204643164231,True,True,True,True,True,source_train
872,39627827728877440,rvspecfit-main-bright-8.fits,5575.7563,4.6957045,-0.07203574,13.403195,0.0053384937,0.020570945,36.33877,0.9995700773860705,True,True,True,True,True,target_evaluation
873,39627827733070653,rvspecfit-main-bright-8.fits,5175.829,4.921935,-0.46873158,22.412659,0.00494004,0.050108526,11.391551,0.9957007738607051,True,True,True,True,True,source_train
874,39627827733070202,rvspecfit-main-bright-8.fits,5515.5884,4.840002,-0.5918392,43.13049,0.005226684,0.062461294,22.563013,0.9957007738607051,True,True,True,True,True,source_holdout
875,39627833772875033,rvspecfit-main-bright-8.fits,4673.1304,4.8771935,-0.33983266,17.629396,0.0054204245,0.07017624,11.330946,0.998280309544282,True,True,True,True,True,source_train
876,39627833777062816,rvspecfit-main-bright-8.fits,4033.6245,4.4344525,-0.69238144,2.8576972,0.005435038,0.033039175,9.832801,1.0,True,False,True,True,False,excluded
877,39627839812668252,rvspecfit-main-bright-8.fits,5421.0596,4.8325467,-0.625357,49.012535,0.005081775,0.07483295,26.65535,1.0,True,True,True,True,True,source_train
878,39627821693277119,rvspecfit-main-bright-8.fits,5445.0186,4.308834,-1.1340196,78.95719,0.0061918213,0.12354705,12.216362,0.998280309544282,True,True,True,True,True,target_adaptation
879,39627815657671713,rvspecfit-main-bright-8.fits,3959.5034,5.007534,-0.1520861,5.285901,0.0049348488,0.012737482,15.856372,0.9939810834049871,True,True,True,True,True,source_train
880,39627821693276582,rvspecfit-main-bright-8.fits,3416.4834,4.5564117,-0.24999994,2.1662776,0.008152914,0.0029044526,48.148838,0.9944110060189166,True,True,True,True,True,source_train
881,39627821693275169,rvspecfit-main-bright-8.fits,5025.6157,4.4391804,-0.651436,19.406143,0.0059628915,0.052534282,15.122388,0.9944110060189166,True,True,True,True,True,target_evaluation
882,39627821693275141,rvspecfit-main-bright-8.fits,6126.733,4.528621,-0.57011765,8.778604,0.0055721807,0.013410799,55.642788,0.9944110060189166,True,True,True,True,True,source_train
883,39627821693273249,rvspecfit-main-bright-8.fits,4980.9224,4.3829007,-0.6115879,25.614527,0.0071188617,0.08933612,12.805407,1.0,True,True,True,True,True,target_adaptation
884,39627821697468579,rvspecfit-main-bright-8.fits,5699.998,4.0606737,-0.71432155,52.084496,0.006049715,0.07717427,8.746008,0.9974204643164231,True,False,True,True,False,excluded
885,39627821697472553,rvspecfit-main-bright-8.fits,6462.012,4.279024,-2.8977134,31.878874,0.0069730524,0.080546424,21.351917,0.9987102321582115,True,True,True,True,True,source_holdout
886,39627821697468311,rvspecfit-main-bright-8.fits,3112.7307,5.0995955,-1.3960144e-09,2.5764933,0.0047926526,0.005096585,19.465921,0.9961306964746346,True,True,False,True,False,excluded
887,39627815657675933,rvspecfit-main-bright-8.fits,5040.1367,3.2514493,-0.9001173,22.848166,0.008704804,0.09543717,8.125957,0.9931212381771282,True,False,True,True,False,excluded
888,39627857944647923,rvspecfit-main-bright-9.fits,5054.9185,4.847017,-0.34574682,9.3176365,0.005040758,0.024601137,33.1487,1.0,True,True,True,True,True,source_train
889,39627851909040931,rvspecfit-main-bright-9.fits,5292.631,2.8410187,-1.6969702,42.88925,0.20514327,0.06931779,18.321028,1.0,True,True,True,False,False,excluded
890,39627851909041142,rvspecfit-main-bright-9.fits,4154.571,4.7109103,-1.3847201,10.006361,0.0051431307,0.10602902,10.294263,1.0,True,True,True,True,True,source_train
891,39627857948838840,rvspecfit-main-bright-9.fits,5887.5474,3.5600655,-1.83259,13.439769,0.007231724,0.023831017,47.78757,1.0,True,True,True,True,True,source_holdout
892,39627851904850549,rvspecfit-main-bright-9.fits,5109.8677,4.9675303,-0.52756715,19.341007,0.005584523,0.06691339,31.58326,1.0,True,True,True,True,True,target_adaptation
893,39627857948840335,rvspecfit-main-bright-9.fits,4045.8315,4.4791875,-0.8046313,4.196442,0.0058776564,0.020105366,25.465246,1.0,True,True,True,True,True,source_train
894,39627851913233199,rvspecfit-main-bright-9.fits,6062.841,4.099475,-1.5,31.198587,0.005977134,0.051336452,19.634865,1.0,True,True,True,True,True,source_train
895,39627851909044289,rvspecfit-main-bright-9.fits,5779.702,4.6419196,-0.9400689,38.45203,0.006534728,0.05691914,28.965052,1.0,True,True,True,True,True,source_holdout
896,39627851909044908,rvspecfit-main-bright-9.fits,4561.9136,4.092999,-0.20736544,3.6599455,0.005842848,0.011852933,41.17081,1.0,True,True,True,True,True,source_train
897,39627851913235331,rvspecfit-main-bright-9.fits,5979.274,4.1944733,-1.0025191,13.013283,0.0058263317,0.020143835,44.60277,1.0,True,True,True,True,True,target_adaptation
898,39627851909044996,rvspecfit-main-bright-9.fits,3478.4282,4.900953,-0.25,3.415595,0.0050679287,0.009452521,10.069205,1.0,True,True,True,True,True,source_train
899,39627851904845654,rvspecfit-main-bright-9.fits,5852.8525,4.8124027,-1.8160658,102.665634,0.005084007,0.14993253,8.864099,1.0,True,False,True,True,False,excluded
900,39627851909041816,rvspecfit-main-bright-9.fits,5649.3677,4.585278,-0.36139774,15.731839,0.0052935565,0.021652775,37.74704,1.0,True,True,True,True,True,source_holdout
901,39627833789647752,rvspecfit-main-bright-9.fits,3394.0723,4.901531,-0.0002486735,3.4051707,0.0051011825,0.008627589,13.692571,1.0,True,True,True,True,True,target_adaptation
902,39627827749850242,rvspecfit-main-bright-9.fits,4829.231,4.831749,-0.58654714,16.549395,0.0053274566,0.06217895,13.389119,0.9879621668099742,True,True,True,True,True,source_holdout
903,39627839816865588,rvspecfit-main-bright-9.fits,3960.8994,4.4292912,-0.4187252,9.059029,0.005776835,0.019283442,10.728113,0.9935511607910577,True,True,True,True,True,target_evaluation
904,39627845860853020,rvspecfit-main-bright-9.fits,5635.6094,4.8727884,-0.31437394,26.62858,0.0041520856,0.05846688,10.825313,0.9909716251074806,True,True,True,True,True,source_train
905,39627845860854223,rvspecfit-main-bright-9.fits,5312.3267,4.749075,-0.7059915,34.395878,0.009520094,0.08596646,21.683558,0.9905417024935511,True,True,True,True,True,source_holdout
906,39627839816865025,rvspecfit-main-bright-9.fits,4559.9023,4.6895595,-0.6846649,12.817699,0.008732314,0.100467846,14.405075,0.9918314703353397,True,True,True,True,True,source_holdout
907,39627845860853049,rvspecfit-main-bright-9.fits,5999.1562,4.164504,-0.96866876,18.627285,0.005865484,0.029294971,29.708738,0.9918314703353397,True,True,True,True,True,target_adaptation
908,39627839821058421,rvspecfit-main-bright-9.fits,4929.6343,4.821368,-0.64910823,18.274609,0.005227618,0.058511402,13.454126,0.9815133276010318,True,True,True,True,True,source_train
909,39627839825249439,rvspecfit-main-bright-9.fits,7320.602,4.0035157,-0.5,64.02751,0.005847604,0.08200183,10.133571,0.9849527085124677,True,True,True,True,True,source_train
910,39627839821054348,rvspecfit-main-bright-9.fits,4856.9116,5.1137476,-0.79991925,16.172453,0.0054873647,0.05824213,12.512985,0.9957007738607051,True,True,True,True,True,source_train
911,39627839825248751,rvspecfit-main-bright-9.fits,5623.7134,3.8698251,-0.6395888,36.75692,0.00642935,0.056183536,16.708359,1.0,True,True,True,True,True,source_holdout
912,39627839821055950,rvspecfit-main-bright-9.fits,4645.226,5.1302133,-0.7055792,10.279159,0.0052793636,0.045357905,13.227077,0.9957007738607051,True,True,True,True,True,source_train
913,39627845860857669,rvspecfit-main-bright-9.fits,4982.3296,4.8893948,-0.43054256,7.690406,0.005205552,0.022633312,38.66014,0.9957007738607051,True,True,True,True,True,source_train
914,39627839821055154,rvspecfit-main-bright-9.fits,4055.0127,4.756613,0.15874034,3.5704153,0.005187903,0.0075749513,32.287285,0.9952708512467756,True,True,True,True,True,source_train
915,39627839821055583,rvspecfit-main-bright-9.fits,4015.057,4.523047,-0.5563418,8.259748,0.0067584305,0.03430925,13.759142,0.9871023215821152,True,True,True,True,True,target_evaluation
916,39627839821056380,rvspecfit-main-bright-9.fits,4141.351,4.4252257,-0.43826154,2.9750211,0.005429991,0.013127307,27.894558,0.9905417024935511,True,True,True,True,True,source_train
917,39627839825250452,rvspecfit-main-bright-9.fits,5353.5264,4.7597337,-1.0261488,32.667747,0.0051034116,0.07698606,9.830604,0.9939810834049871,True,False,True,True,False,excluded
918,39627851900655643,rvspecfit-main-bright-9.fits,3558.9602,4.776924,-0.5,2.852154,0.005385023,0.006714854,22.355614,0.9879621668099742,True,True,True,True,True,target_adaptation
919,39627851900655201,rvspecfit-main-bright-9.fits,5381.1714,4.686292,-0.7148511,20.574528,0.0017544812,0.033650823,20.640022,0.9961306964746346,True,True,True,True,True,source_train
920,39627845860854533,rvspecfit-main-bright-9.fits,4911.153,4.7233624,-0.4295844,10.819415,0.005810994,0.034369424,24.993229,1.0,True,True,True,True,True,source_train
921,39627845865047209,rvspecfit-main-bright-9.fits,5721.9053,5.087989,-0.47012925,77.346794,0.007861929,0.10686652,17.137741,0.9939810834049871,True,True,True,True,True,source_holdout
922,39627845860856127,rvspecfit-main-bright-9.fits,6225.663,3.303135,-2.6346238,86.30106,0.008102999,0.1946794,8.432194,0.9952708512467756,True,False,True,True,False,excluded
923,39627845860858866,rvspecfit-main-bright-9.fits,3496.3071,4.3168297,-0.08335403,2.939701,0.0066321483,0.0052707638,23.874603,0.9866723989681857,True,True,True,True,True,source_train
924,39627845865046248,rvspecfit-main-bright-9.fits,3645.7952,4.8327327,0.2286792,4.1365514,0.005155241,0.0087583065,12.871122,0.9974204643164231,True,True,True,True,True,target_evaluation
925,39627845860854604,rvspecfit-main-bright-9.fits,3543.244,4.6018586,-4.6045385e-09,3.8334012,0.00529882,0.009767742,11.590894,0.9914015477214101,True,True,True,True,True,source_train
926,39627845860853956,rvspecfit-main-bright-9.fits,4532.863,5.643512,-0.678677,5.9677362,0.004631027,0.031774618,16.950342,0.9978503869303526,True,True,False,True,False,excluded
927,39627845860853781,rvspecfit-main-bright-9.fits,3532.8816,4.4702106,-0.5,3.6060226,0.005446276,0.011383295,10.644235,0.9952708512467756,True,True,True,True,True,source_train
928,39627833789645960,rvspecfit-main-bright-9.fits,6165.9976,3.5000138,-2.7427168,99.21774,0.0071214316,0.23174934,7.6109877,0.9948409286328461,True,False,True,True,False,excluded
929,39627827745659214,rvspecfit-main-bright-9.fits,3461.682,5.140297,0.25,4.370122,0.004900057,0.013503798,9.823561,0.9987102321582115,True,False,True,True,False,excluded
930,39627833789644832,rvspecfit-main-bright-9.fits,6066.7734,4.304883,-0.69189584,5.708841,0.0055927993,0.013201665,48.660763,1.0,True,True,True,True,True,source_train
931,39627833785455806,rvspecfit-main-bright-9.fits,3530.9778,4.8986883,-1.9332832e-08,3.4071758,0.0054623047,0.0055208746,31.181625,1.0,True,True,True,True,True,source_train
932,39627839821054819,rvspecfit-main-bright-9.fits,5742.3164,4.830802,-1.4137065,86.24479,0.0051629227,0.10706737,18.219913,0.9944110060189166,True,True,True,True,True,source_holdout
933,39627839825250365,rvspecfit-main-bright-9.fits,6048.017,3.5,-2.2618778,65.04649,0.0078256605,0.14188527,10.200277,0.9944110060189166,True,True,True,True,True,source_train
934,39627833781262967,rvspecfit-main-bright-9.fits,3783.0093,4.657247,-2.0633533e-09,4.44269,0.005205389,0.013514266,9.523423,0.9978503869303526,True,False,True,True,False,excluded
935,39627845865050989,rvspecfit-main-bright-9.fits,3940.098,4.747045,0.07401414,3.852037,0.0051577943,0.0075860247,20.954714,0.9965606190885641,True,True,True,True,True,source_train
936,39627845865049690,rvspecfit-main-bright-9.fits,5535.868,5.0505857,-0.61798227,51.83186,0.0049208915,0.06805243,22.560951,0.9935511607910577,True,True,True,True,True,source_train
937,39627839825255430,rvspecfit-main-bright-9.fits,3585.594,5.0,0.25,4.0655303,0.0052801613,0.00540523,35.821304,0.9918314703353397,True,True,True,True,True,source_holdout
938,39627851904847184,rvspecfit-main-bright-9.fits,6563.9575,4.819593,-1.5,81.44785,0.005072772,0.13179758,8.871886,0.9952708512467756,True,False,True,True,False,excluded
939,39627845865046645,rvspecfit-main-bright-9.fits,4490.0576,4.2003136,-0.1842832,8.7172165,0.0057593193,0.04218454,14.369899,0.9948409286328461,True,True,True,True,True,source_train
940,39627845865048506,rvspecfit-main-bright-9.fits,3639.334,4.6771107,-0.49999994,3.6935053,0.0052454215,0.011392899,13.513905,0.9931212381771282,True,True,True,True,True,source_holdout
941,39627845865047933,rvspecfit-main-bright-9.fits,5861.386,4.158535,-0.86525637,13.041947,0.0058624605,0.01986022,43.37067,0.9969905417024936,True,True,True,True,True,source_train
942,39627845860855262,rvspecfit-main-bright-9.fits,4688.6304,4.6217914,-0.6208613,23.81902,0.005249325,0.09944724,13.090167,0.9974204643164231,True,True,True,True,True,source_train
943,39627845860853149,rvspecfit-main-bright-9.fits,5548.4204,4.7709064,-0.5177367,36.136932,0.0064800545,0.049803447,29.972689,0.9961306964746346,True,True,True,True,True,source_holdout
944,39627845860853503,rvspecfit-main-bright-9.fits,5411.7363,4.7129574,-0.54156125,59.19871,0.0101738535,0.104796216,26.803902,0.9892519346517626,True,True,True,True,True,target_evaluation
945,39627851900656778,rvspecfit-main-bright-9.fits,5108.2407,4.8172326,-0.68150836,18.955568,0.0057206578,0.05044494,19.794151,0.9969905417024936,True,True,True,True,True,source_train
946,39627845860851854,rvspecfit-main-bright-9.fits,4646.371,4.5571294,-0.42917442,9.304221,0.0052988073,0.03789735,15.4533205,0.999140154772141,True,True,True,True,True,source_train
947,39627851900655114,rvspecfit-main-bright-9.fits,3356.044,4.58536,-6.6479284e-09,3.366278,0.005371735,0.008226648,12.456181,0.9987102321582115,True,True,True,True,True,source_train
948,39627845860856656,rvspecfit-main-bright-9.fits,5375.991,2.5000012,-1.0451419,24.824049,0.12208064,0.053328816,16.420776,0.9935511607910577,True,True,True,True,True,source_train
949,39627833785457292,rvspecfit-main-bright-9.fits,5238.164,5.034228,-0.68437576,25.04016,0.0053655347,0.05403449,23.886591,0.9944110060189166,True,True,True,True,True,source_holdout
950,39627827749849655,rvspecfit-main-bright-9.fits,3845.5952,4.628488,-0.021675758,4.9805984,0.005504673,0.014311056,11.595886,0.9965606190885641,True,True,True,True,True,source_train
951,39627827749847775,rvspecfit-main-bright-9.fits,3966.9514,4.5135174,-0.4471184,3.396951,0.0053612306,0.008444877,27.861614,0.9965606190885641,True,True,True,True,True,source_train
952,39627833789646001,rvspecfit-main-bright-9.fits,3359.561,4.7736735,-4.679401e-09,3.4681149,0.0052949367,0.0073764906,18.498455,0.9965606190885641,True,True,True,True,True,source_train
953,39627833785455822,rvspecfit-main-bright-9.fits,3852.0898,4.842148,-0.25,3.8107314,0.005073726,0.009592647,19.493109,0.9914015477214101,True,True,True,True,True,target_evaluation
954,39627857944648780,rvspecfit-main-bright-9.fits,5047.684,4.605983,-0.6963074,23.809395,0.005250492,0.077877976,8.437208,0.9939810834049871,True,False,True,True,False,excluded
955,39627851909040529,rvspecfit-main-bright-9.fits,3734.8728,5.0220504,0.3073385,4.488489,0.0049364404,0.008713381,14.222353,0.9974204643164231,True,True,True,True,True,source_train
956,39627851909040658,rvspecfit-main-bright-9.fits,5093.266,4.9567175,-0.53336793,12.773188,0.005149146,0.032297235,27.184443,0.9987102321582115,True,True,True,True,True,source_train
957,39627851909042105,rvspecfit-main-bright-9.fits,5923.363,4.3918366,-0.9261837,13.607745,0.006077189,0.021624688,45.547585,1.0,True,True,True,True,True,target_adaptation
958,39627851909043665,rvspecfit-main-bright-9.fits,5427.4233,4.863215,-0.6448708,58.86013,0.005247618,0.0943563,15.489862,0.9974204643164231,True,True,True,True,True,source_holdout
959,39627851904851120,rvspecfit-main-bright-9.fits,3521.7434,4.438426,-0.25,2.8265188,0.005723949,0.0056033665,23.969688,0.9974204643164231,True,True,True,True,True,source_train
960,39627857948838089,rvspecfit-main-bright-9.fits,4261.327,4.295881,0.03582409,3.800808,0.004865988,0.014984486,25.18785,0.9793637145313844,True,True,True,True,True,target_adaptation
961,39627851909044675,rvspecfit-main-bright-9.fits,3639.1091,5.025338,0.0017295798,3.374434,0.0050011603,0.0056032287,20.760723,0.9952708512467756,True,True,True,True,True,source_holdout
962,39627851909045330,rvspecfit-main-bright-9.fits,5862.414,4.257343,-0.67050207,20.02603,0.006979726,0.03620922,22.31135,0.9905417024935511,True,True,True,True,True,target_evaluation
963,39627851913232720,rvspecfit-main-bright-9.fits,4340.273,4.7055964,-0.32321364,4.544219,0.005160741,0.020745639,38.27888,0.9987102321582115,True,True,True,True,True,target_evaluation
964,39627851909043650,rvspecfit-main-bright-9.fits,5172.7896,2.385231,-0.73219,10.336828,0.10936929,0.033066247,19.811611,0.9905417024935511,True,True,True,True,True,source_train
965,39627851909045141,rvspecfit-main-bright-9.fits,6147.348,4.0138726,-1.1750906,33.629177,0.006066474,0.056393184,15.123537,0.9974204643164231,True,True,True,True,True,source_train
966,39627839829444696,rvspecfit-main-bright-9.fits,5683.961,5.06253,-0.8194127,77.24777,0.0057044905,0.09797857,19.02715,0.9944110060189166,True,True,True,True,True,source_train
967,39627851909041507,rvspecfit-main-bright-9.fits,6014.961,3.7794344,-0.78724515,38.516838,0.0067545366,0.09092828,16.223213,0.9978503869303526,True,True,True,True,True,source_train
968,39627839829444065,rvspecfit-main-bright-9.fits,4266.4834,4.732861,-0.6181301,7.4682097,0.0050973734,0.03578185,18.62369,0.9974204643164231,True,True,True,True,True,target_adaptation
969,39627851909044612,rvspecfit-main-bright-9.fits,4570.983,4.6626415,-0.29414445,3.9735515,0.003728142,0.016263302,31.152905,0.9935511607910577,True,True,True,True,True,source_holdout
970,39627851909043394,rvspecfit-main-bright-9.fits,3944.3706,4.8714595,0.055278786,5.32367,0.005094167,0.013132593,12.160615,0.999140154772141,True,True,True,True,True,source_holdout
971,39627839829444389,rvspecfit-main-bright-9.fits,3509.5928,4.575685,-0.64790493,2.5679595,0.005662225,0.0070104497,22.41132,0.9939810834049871,True,True,True,True,True,source_train
972,39627839829445722,rvspecfit-main-bright-9.fits,4077.8438,4.4580283,-0.27099976,4.8211927,0.0060108956,0.015554456,25.69577,0.9978503869303526,True,True,True,True,True,source_train
973,39627845869245878,rvspecfit-main-bright-9.fits,6170.621,4.290513,-1.0768652,47.17082,0.0056133964,0.08470935,9.376681,0.999140154772141,True,False,True,True,False,excluded
974,39627845869245534,rvspecfit-main-bright-9.fits,6095.794,4.289099,-0.5429145,4.0261145,0.0056087202,0.013045107,44.033375,0.9974204643164231,True,True,True,True,True,target_evaluation
975,39627839837832173,rvspecfit-main-bright-9.fits,3481.9827,4.582427,1.1762307e-05,3.438318,0.0053617153,0.0067206416,16.637691,0.9978503869303526,True,True,True,True,True,source_train
976,39627839837834061,rvspecfit-main-bright-9.fits,4585.609,4.679545,-0.26840124,6.9920225,0.0025798066,0.029548798,18.223211,1.0,True,True,True,True,True,target_evaluation
977,39627839833642774,rvspecfit-main-bright-9.fits,3609.7893,4.536508,-0.29499543,2.5451014,0.0063152453,0.0063233464,28.632635,0.9952708512467756,True,True,True,True,True,source_train
978,39627833789651004,rvspecfit-main-bright-9.fits,3312.347,4.9283814,-0.010177213,3.3164194,0.005162572,0.014467423,6.409188,0.9944110060189166,True,False,True,True,False,excluded
979,39627839829446786,rvspecfit-main-bright-9.fits,3434.77,4.522116,0.022658512,3.4664495,0.005372801,0.0073736827,13.116069,0.9939810834049871,True,True,True,True,True,target_evaluation
980,39627833789651570,rvspecfit-main-bright-9.fits,5899.9985,5.220459,-1.2240173,43.32522,0.003247186,0.05188887,12.966924,0.9944110060189166,True,True,True,True,True,target_adaptation
981,39627839833641515,rvspecfit-main-bright-9.fits,5976.661,4.3735347,-0.67466325,55.142162,0.022201983,0.13558953,23.058237,0.9987102321582115,True,True,True,True,True,source_train
982,39627839833639320,rvspecfit-main-bright-9.fits,5274.1465,4.904141,-0.3206649,20.392677,0.0050770487,0.040378887,28.893997,0.9931212381771282,True,True,True,True,True,source_train
983,39627839829448511,rvspecfit-main-bright-9.fits,4831.138,4.714761,-0.5400862,7.857023,0.005278247,0.024276152,28.729,0.9969905417024936,True,True,True,True,True,target_adaptation
984,39627833793839304,rvspecfit-main-bright-9.fits,3700.0017,4.038956,-0.017581182,4.6533823,0.006085456,0.012151533,8.746887,0.9935511607910577,True,False,True,True,False,excluded
985,39627839833640094,rvspecfit-main-bright-9.fits,5385.3105,4.8750367,-1.3138634,17.811506,0.005029815,0.027355606,33.846916,0.9901117798796216,True,True,True,True,True,target_adaptation
986,39627833793840290,rvspecfit-main-bright-9.fits,3983.3274,4.6827335,-0.49333048,6.1106424,0.005222586,0.02403277,15.472251,0.9961306964746346,True,True,True,True,True,source_holdout
987,39627845873440153,rvspecfit-main-bright-9.fits,5166.9233,4.778177,-0.61190706,18.409689,0.0050793523,0.039855264,22.347937,0.9995700773860705,True,True,True,True,True,source_holdout
988,39627845873435511,rvspecfit-main-bright-9.fits,3983.3965,4.586594,-0.57457286,5.524993,0.005489367,0.020626226,18.039541,0.998280309544282,True,True,True,True,True,target_adaptation
989,39627845873438049,rvspecfit-main-bright-9.fits,5177.2314,4.8784614,-0.70214164,18.442316,0.0060377163,0.049282465,21.684975,0.998280309544282,True,True,True,True,True,target_evaluation
990,39627845873436738,rvspecfit-main-bright-9.fits,4140.7476,4.4231305,-0.2305438,7.8515415,0.0054235067,0.030856844,10.641404,1.0,True,True,True,True,True,target_adaptation
991,39627845869247436,rvspecfit-main-bright-9.fits,6116.4717,3.9716609,-0.62627816,7.351302,0.0057658157,0.010777037,65.567,1.0,True,True,True,True,True,target_evaluation
992,39627839833638184,rvspecfit-main-bright-9.fits,3722.8513,4.692401,-0.5,2.9440398,0.005292769,0.0080127865,23.375196,0.9918314703353397,True,True,True,True,True,target_evaluation
993,39627845873442212,rvspecfit-main-bright-9.fits,4904.4863,4.796051,-0.6269569,10.980717,0.0050852527,0.035356753,21.55879,0.9974204643164231,True,True,True,True,True,source_train
994,39627845873442037,rvspecfit-main-bright-9.fits,4746.3535,4.70431,-0.38057232,31.18731,0.0052399463,0.11733418,9.905279,0.999140154772141,True,False,True,True,False,excluded
995,39627839829446798,rvspecfit-main-bright-9.fits,5183.5327,5.1011353,-0.9786443,34.053913,0.0067694793,0.10243871,11.206754,0.9987102321582115,True,True,True,True,True,source_train
996,39627845877630042,rvspecfit-main-bright-9.fits,6923.923,4.849935,-0.9560302,14.108776,0.0052519687,0.022687944,43.569492,0.9995700773860705,True,True,True,True,True,source_train
997,39627845877630503,rvspecfit-main-bright-9.fits,4052.1555,4.3573933,-0.55711734,7.710938,0.0055516562,0.033658773,8.637629,0.9965606190885641,True,False,True,True,False,excluded
998,39627839829449313,rvspecfit-main-bright-9.fits,4817.7744,4.763081,-0.62976325,7.833249,0.0051168394,0.026652237,27.452806,0.9969905417024936,True,True,True,True,True,source_train
999,39627839833638844,rvspecfit-main-bright-9.fits,5332.3833,4.057909,-0.6037916,15.493135,0.0059419726,0.031708818,25.267862,0.999140154772141,True,True,True,True,True,source_train
1000,39627839833637539,rvspecfit-main-bright-9.fits,3595.7861,4.5279875,6.841867e-09,3.9664435,0.005366224,0.009706841,11.478211,0.9974204643164231,True,True,True,True,True,source_train
1001,39627839833640072,rvspecfit-main-bright-9.fits,5939.7393,4.741503,-1.322584,72.75084,0.005120867,0.10258786,8.774527,0.9965606190885641,True,False,True,True,False,excluded
1002,39627845877629287,rvspecfit-main-bright-9.fits,6181.975,4.597695,-1.6323104,20.864864,0.005255675,0.035080332,32.669018,0.998280309544282,True,True,True,True,True,source_train
1003,39627845877631218,rvspecfit-main-bright-9.fits,4905.7583,4.872024,-0.56832737,32.449387,0.0076191374,0.13471669,8.723814,0.9957007738607051,True,False,True,True,False,excluded
1004,39627839837831791,rvspecfit-main-bright-9.fits,3586.3103,4.8613114,-2.6977534e-06,3.9303894,0.0050694398,0.011047901,11.555622,0.9866723989681857,True,True,True,True,True,source_train
1005,39627839837834062,rvspecfit-main-bright-9.fits,3464.2122,4.331614,-0.21758264,2.5931354,0.006247547,0.004089214,29.298006,0.9987102321582115,True,True,True,True,True,target_evaluation
1006,39627839837835312,rvspecfit-main-bright-9.fits,5756.1094,4.7996087,-0.56372416,30.727102,0.005750689,0.03965123,26.887703,1.0,True,True,True,True,True,target_adaptation
1007,39627839833637136,rvspecfit-main-bright-9.fits,5364.589,4.883042,-0.6894927,41.643257,0.0067882626,0.075746715,25.74925,0.9957007738607051,True,True,True,True,True,source_train
1008,39627845869244690,rvspecfit-main-bright-9.fits,4903.843,4.6446977,-0.32488066,37.811234,0.011055472,0.14358763,12.694894,0.9888220120378332,True,True,True,True,True,source_holdout
1009,39627845869243807,rvspecfit-main-bright-9.fits,4075.717,4.5,-0.6533426,11.08677,0.006184852,0.062091712,9.999293,0.9961306964746346,True,False,True,True,False,excluded
1010,39627851909044263,rvspecfit-main-bright-9.fits,5636.3687,4.7333717,-0.62686616,46.999325,0.0051479875,0.059012808,19.904501,0.9969905417024936,True,True,True,True,True,source_train
1011,39627851909041992,rvspecfit-main-bright-9.fits,5831.3247,4.7475657,-0.34730732,30.84501,0.005310876,0.042150855,18.971628,0.9952708512467756,True,True,True,True,True,source_train
1012,39627845869243699,rvspecfit-main-bright-9.fits,4182.5005,4.747106,-0.43899357,2.411633,0.005194407,0.01097896,45.846596,0.9939810834049871,True,True,True,True,True,source_train
1013,39627851909043328,rvspecfit-main-bright-9.fits,5620.6514,4.7748313,-0.8219595,30.163303,0.0055336826,0.04139336,46.504757,0.9853826311263972,True,True,True,True,True,source_train
1014,39627851913232766,rvspecfit-main-bright-9.fits,4681.5796,4.642251,-0.2594974,4.7251453,0.0050977413,0.01748439,31.973042,0.998280309544282,True,True,True,True,True,source_train
1015,39627851909043268,rvspecfit-main-bright-9.fits,4519.214,4.247784,0.080730714,1.5665216,0.005169206,0.0301854,18.954782,0.9896818572656921,True,True,True,True,True,source_holdout
1016,39627851909043622,rvspecfit-main-bright-9.fits,3477.9402,5.002706,0.24999985,4.406828,0.004995233,0.010178099,13.064923,0.9926913155631987,True,True,True,True,True,source_train
1017,39627851909041785,rvspecfit-main-bright-9.fits,6150.3965,4.0557165,-1.0269907,44.652214,0.006020086,0.10705488,15.663563,0.9952708512467756,True,True,True,True,True,source_train
1018,39627851909038178,rvspecfit-main-bright-9.fits,6325.3354,4.0388274,-1.1619564,74.114365,0.0060037407,0.14941311,8.094328,0.9896818572656921,True,False,True,True,False,excluded
1019,39627851904848181,rvspecfit-main-bright-9.fits,4244.756,4.1136284,-0.43229502,5.5610013,0.0058532767,0.027931968,16.895277,0.9957007738607051,True,True,True,True,True,source_holdout
1020,39627851909042563,rvspecfit-main-bright-9.fits,3924.9495,4.87468,-0.061599355,3.0280764,0.005050832,0.0055258744,31.129421,0.9952708512467756,True,True,True,True,True,source_train
1021,39627851909040340,rvspecfit-main-bright-9.fits,5699.9995,3.5477936,-0.9005998,59.29797,0.007516061,0.10086379,8.60847,0.9965606190885641,True,False,True,True,False,excluded
1022,39627851909038680,rvspecfit-main-bright-9.fits,5229.0874,4.924489,-0.6512687,23.437607,0.0051919715,0.043771356,24.415945,0.9918314703353397,True,True,True,True,True,target_adaptation
1023,39627851909040865,rvspecfit-main-bright-9.fits,3932.2864,4.6212096,-0.100178555,4.850166,0.005277785,0.02149577,8.517349,0.9905417024935511,True,False,True,True,False,excluded
1024,39627851904851480,rvspecfit-main-bright-9.fits,3416.6323,4.6899447,-0.25000054,3.2115738,0.0052344897,0.010770181,10.4930935,0.9957007738607051,True,True,True,True,True,source_train
1025,39627851909039771,rvspecfit-main-bright-9.fits,3953.2205,4.5920477,-0.39715976,3.0778067,0.005254853,0.010939195,26.112993,0.9926913155631987,True,True,True,True,True,source_holdout
1026,39627851909040122,rvspecfit-main-bright-9.fits,5136.3687,4.809469,-0.16919953,9.166016,0.005332953,0.0214299,36.803337,0.9926913155631987,True,True,True,True,True,target_adaptation
1027,39627845865051537,rvspecfit-main-bright-9.fits,3928.22,4.145967,-0.20958856,7.065294,0.0058877924,0.020793336,8.658395,0.9901117798796216,True,False,True,True,False,excluded
1028,39627845865049426,rvspecfit-main-bright-9.fits,5224.3374,4.3420377,-0.67901605,25.128603,0.0055522663,0.06344168,10.843934,0.9957007738607051,True,True,True,True,True,source_train
1029,39627845865048482,rvspecfit-main-bright-9.fits,5913.1826,4.3521466,-1.0641888,17.78296,0.005550912,0.036777165,19.05849,0.9944110060189166,True,True,True,True,True,source_train
1030,39627845865051153,rvspecfit-main-bright-9.fits,3638.715,4.7814145,-0.23935431,4.19835,0.0051297788,0.013650639,8.847885,0.9939810834049871,True,False,True,True,False,excluded
1031,39627851913233546,rvspecfit-main-bright-9.fits,5144.641,4.709617,-0.5814341,16.345144,0.0054185134,0.042252075,21.860043,0.9931212381771282,True,True,True,True,True,source_train
1032,39627845873435234,rvspecfit-main-bright-9.fits,5946.902,4.733702,-0.44999155,13.463316,0.0054119476,0.01900755,44.133266,0.9969905417024936,True,True,True,True,True,target_evaluation
1033,39627845869241962,rvspecfit-main-bright-9.fits,5381.177,4.5881157,-0.481743,20.197123,0.0052653993,0.034876782,17.919493,1.0,True,True,True,True,True,source_train
1034,39627845869241040,rvspecfit-main-bright-9.fits,3472.3618,4.595129,-0.18733022,3.1535573,0.0053189173,0.0076250434,16.293951,0.9909716251074806,True,True,True,True,True,source_holdout
1035,39627851904847780,rvspecfit-main-bright-9.fits,4435.2734,4.859473,-1.1847507,6.8220663,0.0052477927,0.043021504,14.455823,0.9879621668099742,True,True,True,True,True,source_train
1036,39627851904851174,rvspecfit-main-bright-9.fits,4086.8223,4.4982104,-0.39912504,5.1336827,0.0055866404,0.017546529,23.097288,0.9961306964746346,True,True,True,True,True,source_train
1037,39627851900656933,rvspecfit-main-bright-9.fits,5322.9297,4.897801,-0.7148435,20.423183,0.0049671936,0.03591378,17.773777,0.9948409286328461,True,True,True,True,True,source_train
1038,39627851904844721,rvspecfit-main-bright-9.fits,4863.262,4.8797355,-1.4148738,14.563228,0.005045689,0.05253855,13.495621,0.9896818572656921,True,True,True,True,True,source_train
1039,39627857944648235,rvspecfit-main-bright-9.fits,3713.6626,4.7978506,-0.25,4.461832,0.005105556,0.013088379,10.126239,0.9931212381771282,True,True,True,True,True,source_train
