APOGEE_ID,RA,DEC,TEFF,LOGG,PARAM_M_H,TEFF_ERR,LOGG_ERR,PARAM_M_H_ERR,SNR,ASPCAPFLAG,STARFLAG,quality_score,desi_targetid,desi_mean_fiber_ra,desi_mean_fiber_dec,desi_survey,desi_program,desi_healpix,desi_tsnr2_gpbbright,desi_tsnr2_gpbbackup,desi_coadd_exptime,separation_arcsec
2M13402665-0025587,205.111043,-0.432983,4838.201171875,2.7251217365264893,-0.4312756657600403,91.46673583984375,0.10689307749271393,0.032906174659729004,82.3488998413086,0,512,7.106746803880751,2305843036493452073,205.1110450641928,-0.4329826441952151,main,backup,26019,91.946785,779.8141,147.3667,0.0075404710892577895
2M19072704+2734563,286.862694,27.582321,4200.85595703125,1.2997848987579346,-0.6855095028877258,91.46673583984375,0.10689307749271393,0.03368063643574715,119.29100036621094,0,516,7.081698302057147,2305843024392928833,286.8626913142889,27.58232116744165,main,backup,14476,56.15944,499.59546,609.2852,0.008590868093593596
2M14185061+0417355,214.710914,4.29322,4851.75537109375,2.817847490310669,-0.44815880060195923,91.46673583984375,0.10689307749271393,0.033079590648412704,75.8280029296875,0,0,0.8754846601203574,2305843036552168868,214.710911482537,4.293220490973886,main,backup,26072,107.74532,875.74805,1203.8068,0.009208655381756825
2M00354331+5508320,8.930471,55.142239,4801.02685546875,2.584606647491455,-0.484703928232193,91.46673583984375,0.10689307749271393,0.034199539572000504,144.8090057373047,0,0,0.8170115657146055,2305843012325945092,8.93047548502551,55.1422392886521,special,backup,2971,68.39356,651.484,5400.366,0.009286477899572355
2M14490327+1318008,222.263661,13.300235,4627.513671875,2.525184392929077,-0.21967372298240662,91.46673583984375,0.10689307749271393,0.029952358454465866,103.69200134277344,0,0,0.8289031467685785,2305843018038518356,222.2636621813516,13.30023250113036,main,backup,8417,118.62728,1050.1893,601.4184,0.009902342873784201
2M14272240-0503379,216.843373,-5.060538,5054.1708984375,3.6076736450195312,-0.11996259540319443,91.46673583984375,0.10689307749271393,0.030089281499385834,64.1083984375,2176,4,10.172225652646418,2305843036342468494,216.8433701551901,-5.060537988670959,main,backup,25875,21.191565,133.25433,603.0247,0.010201477204347796
2M00274478+5413117,6.936623,54.219936,4793.2529296875,2.525526285171509,-0.6169254183769226,91.46673583984375,0.10689307749271393,0.036009930074214935,157.7760009765625,0,512,7.057819680933653,2305843012338522609,6.936620089934934,54.21993829460626,special,backup,2981,166.12471,1608.7734,5400.366,0.010283737499607091
2M15190227+0022391,229.759471,0.37755,4801.42529296875,2.7388079166412354,-0.43549683690071106,91.46673583984375,0.10689307749271393,0.0332365483045578,116.44999694824219,0,1028,7.770167835240554,2305843042134806484,229.7594678753019,0.3775501979652298,main,backup,31397,132.19728,1177.2493,1747.8756,0.011271222527915058
2M14054901+0123055,211.454244,1.384865,4758.470703125,2.684175968170166,-0.6534743309020996,91.46673583984375,0.10689307749271393,0.03682713583111763,193.16700744628906,0,0,0.8015074403656105,2305843036489262540,211.4542417236427,1.384867199387645,main,backup,26013,158.68295,1327.7997,1384.2656,0.011393349815258174
2M16074207+2413331,241.925311,24.225872,4764.64990234375,2.657258987426758,-0.3523070514202118,91.46673583984375,0.10689307749271393,0.033067841082811356,191.98399353027344,0,0,0.7833221067709902,2305843018202088199,241.9253082219867,24.22586986928226,main,backup,8575,54.298336,450.82605,605.4429,0.011916983322863249
2M06202096+3235530,95.087367,32.598076,4911.65283203125,2.7779288291931152,-0.49524956941604614,91.46673583984375,0.10689307749271393,0.03450523689389229,121.13099670410156,0,1536,8.173848133187988,2305843034840928670,95.08737045499754,32.59807762594588,main,backup,24441,14.351462,124.12534,600.0408,0.012002677057748209
2M16142983+2441131,243.624321,24.686974,4865.01025390625,2.0365755558013916,-1.2259440422058105,91.46673583984375,0.10689307749271393,0.04444896802306175,99.31159973144531,0,0,0.9056603326467435,2305843018919318378,243.6243247367231,24.68697401041205,main,backup,9257,105.749985,967.75,603.1343,0.012222771745249992
2M15183014+0057024,229.6256,0.950681,5032.44384765625,3.30440354347229,-0.5466355085372925,91.46673583984375,0.10689307749271393,0.03590249642729759,135.5749969482422,0,4608,9.26783491205917,2305843042147382890,229.6255967071213,0.950679735978163,main,backup,31410,131.3779,1157.0824,1747.8756,0.012696223676366475
2M16335033+0003150,248.459709,0.05419,4553.9619140625,2.2505416870117188,-0.7855368256568909,91.46673583984375,0.10689307749271393,0.03735468164086342,174.57699584960938,0,0,0.814209267651677,2305843041870575887,248.4597073595418,0.054186652119664,main,backup,31146,109.61737,1014.3924,224.2457,0.013421485336452751
2M06170744+3132320,94.281011,31.542227,5000.5517578125,2.8814899921417236,-0.008998021483421326,91.46673583984375,0.10689307749271393,0.02905842289328575,92.23660278320312,0,3076,8.867732078352612,2305843034840957665,94.28101341251408,31.54222386442193,main,backup,24440,11.5823145,97.90182,600.0408,0.013498464835909075
2M00330875+5437572,8.286491,54.632568,4835.70947265625,2.744396686553955,-0.1696118414402008,91.46673583984375,0.10689307749271393,0.03051510639488697,127.91100311279297,0,512,7.05118277674888,2305843012325921696,8.286490942474586,54.63257190056897,special,backup,2970,162.54218,1566.4252,5400.366,0.01404255989607244
2M11041655-0508394,166.06899,-5.144287,4910.85498046875,3.068082809448242,-0.1706504076719284,91.46673583984375,0.10689307749271393,0.03062998130917549,111.677001953125,0,4,2.434378911783896,2305843037432972818,166.0689872225578,-5.14428357150748,main,backup,26915,144.79091,1003.34534,799.5482,0.0158591040150781
2M08495402-1433093,132.475124,-14.552588,4947.232421875,2.9590468406677246,-0.1287085860967636,91.46673583984375,0.10689307749271393,0.030651144683361053,139.38499450683594,0,1536,8.140648232436456,2305843051932702132,132.4751232178174,-14.55259271876567,main,backup,40742,105.87416,797.7788,1817.9847,0.017204810862720358
2M03465623+8015585,56.734333,80.266258,4928.29638671875,3.028049945831299,-0.010471377521753311,91.46673583984375,0.10689307749271393,0.029777133837342262,177.8419952392578,0,0,0.7744790247961804,2305843013353490617,56.73433734968455,80.26625320591023,main,backup,3951,23.873768,227.71211,1202.6533,0.017460597802579966
2M03394328+7926363,54.930372,79.44342,5043.2080078125,3.15510630607605,-0.1358647644519806,91.46673583984375,0.10689307749271393,0.030965276062488556,127.28700256347656,0,5636,9.450750298644806,2305843013353495470,54.93034550790441,79.44342037996185,main,backup,3950,23.562063,215.97906,1202.6533,0.017526138029229744
2M19163809+2637580,289.158746,26.63279,4580.07373046875,2.2354865074157715,-0.08092077076435089,91.46673583984375,0.10689307749271393,0.028619306161999702,127.79900360107422,0,0,0.8015148494434773,2305843024292833211,289.1587502237002,26.63278687656199,main,backup,14383,28.207518,251.76332,609.2852,0.01764025435778937
2M19061676+2738085,286.569851,27.635702,4712.02734375,2.3529622554779053,-0.12638840079307556,91.46673583984375,0.10689307749271393,0.02977932058274746,145.2740020751953,0,512,7.034867915540392,2305843024392922502,286.5698498846164,27.63570684324711,main,backup,14476,73.50602,641.2282,609.2852,0.01779487426209841
2M11482702-1221462,177.112605,-12.362836,4852.353515625,2.545599937438965,-0.5339417457580566,91.46673583984375,0.10689307749271393,0.035799790173769,247.55099487304688,0,512,7.011953618911419,2305843035834950089,177.1125999510861,-12.36283673051811,main,backup,25391,141.26521,919.9394,1621.9397,0.01794832596613301
2M03403362+8058478,55.140097,80.979965,4841.58935546875,2.6846323013305664,-0.4123506546020508,91.46673583984375,0.10689307749271393,0.03330833092331886,129.92799377441406,0,2048,8.448427678627821,2305843013445760576,55.1401300076808,80.97996393251529,main,backup,4037,17.107172,163.44676,1202.6533,0.019022011348274307
2M00371950+5440298,9.331283,54.674969,4835.111328125,2.799941062927246,0.07653208822011948,91.46673583984375,0.10689307749271393,0.028116464614868164,138.97500610351562,0,1536,8.128267305124869,2305843012325923541,9.331283379323054,54.67496340887811,special,backup,2971,107.21667,1013.4843,5400.366,0.020143519917842953
2M13444850-0037199,206.202095,-0.622213,4898.7958984375,2.991666316986084,-0.4316522181034088,91.46673583984375,0.10689307749271393,0.034719184041023254,234.0850067138672,0,0,0.7718448286577085,2305843036497652505,206.2020893479055,-0.6222127403276516,main,backup,26020,123.113754,754.16595,604.758,0.020367804389492396
2M11491417-1121352,177.309074,-11.359786,4823.75,2.7511260509490967,-0.7241945266723633,91.46673583984375,0.10689307749271393,0.03741954639554024,146.4320068359375,0,0,0.8320046484839175,2305843035939812991,177.3090733087084,-11.35978036650787,main,backup,25488,140.53307,971.2757,1621.9397,0.020426812793431604
2M15211044-0007598,230.29351,-0.133294,4746.8095703125,2.6999154090881348,-0.22336533665657043,91.46673583984375,0.10689307749271393,0.03161665424704552,215.95199584960938,0,0,0.7643592864525488,2305843042134805556,230.2935103261857,-0.1332883180624422,main,backup,31397,123.54463,1085.421,1747.8756,0.020488653194873214
2M12075497-0138071,181.979048,-1.635333,4580.37255859375,2.443521499633789,-0.4236404001712799,91.46673583984375,0.10689307749271393,0.03281930088996887,168.4290008544922,0,512,7.035372579511126,2305843036761885509,181.9790454670633,-1.635338153883309,main,backup,26274,200.96326,1187.5929,609.2456,0.020671981323967505
2M09260059+2629333,141.502484,26.492603,5071.11376953125,3.3625710010528564,-0.11564011871814728,91.46673583984375,0.10689307749271393,0.03061128593981266,106.70700073242188,0,1028,7.765701333508189,2305843014385277683,141.5024848946168,26.49260884323988,main,backup,4932,126.47736,849.0944,348.6832,0.02123222882205868
2M06225554+3229011,95.731452,32.483643,5226.986328125,3.2822768688201904,-0.1421578824520111,91.46673583984375,0.10689307749271393,0.031506091356277466,105.1259994506836,0,1536,8.172899120489697,2305843034832550125,95.73145488747592,32.48364877140069,main,backup,24435,32.285084,275.0492,600.0408,0.022551571966187747
2M14213726-0438030,215.405285,-4.634169,5118.552734375,3.37044095993042,-0.432451993227005,91.46673583984375,0.10689307749271393,0.03417171165347099,85.11080169677734,0,4,2.4789766112161207,2305843036350847968,215.4052863496051,-4.634162806803414,main,backup,25881,21.392418,143.21793,603.0247,0.022815375502834714
2M16353099+0002315,248.879154,0.042109,4351.74560546875,1.8855676651000977,-0.3942466080188751,91.46673583984375,0.10689307749271393,0.031920552253723145,360.8080139160156,0,0,0.71473501538017,2305843041870564462,248.8791562521878,0.0421030580634888,main,backup,31147,98.839264,915.48987,224.2457,0.022875997883640132
2M00355822+5402496,8.992604,54.047127,4589.8408203125,2.2079992294311523,-0.3147481679916382,91.46673583984375,0.10689307749271393,0.03172929212450981,178.0570068359375,0,0,0.7841196641101627,2305843012325892022,8.992594793012472,54.04712332915906,special,backup,2970,161.65549,1526.9408,5400.366,0.023523078724353278
2M15192089+0039294,229.837081,0.658189,4407.65673828125,1.5488795042037964,-1.3550524711608887,91.46673583984375,0.10689307749271393,0.04437125846743584,123.36699676513672,0,4,2.4932141465880036,2305843042134798225,229.837084043646,0.6581831344007499,main,backup,31399,139.66762,1228.989,1747.8756,0.023789385321913516
2M10115919+0212104,152.996625,2.20289,4474.63037109375,2.28954815864563,-0.2260274738073349,91.46673583984375,0.10689307749271393,0.030554266646504402,248.04800415039062,0,0,0.7452503930647724,2305843037789497025,152.9966184300494,2.202888915561313,main,backup,27254,97.16772,725.82056,370.0134,0.023954607495871957
2M00252821+5341370,6.36755,53.693619,4873.4814453125,2.7376675605773926,0.02455044351518154,91.46673583984375,0.10689307749271393,0.028183646500110626,85.80120086669922,0,512,7.079075658423142,2305843012338484302,6.367558853147614,53.69361472763082,special,backup,2980,209.41737,2000.6936,5400.366,0.024345008807755374
2M11242609+5049317,171.108744,50.825493,4498.64892578125,2.3927671909332275,0.03373910114169121,91.46673583984375,0.10689307749271393,0.027983181178569794,244.89999389648438,0,2048,8.358774188087509,2305843015459016044,171.1087513282137,50.82548765012713,sv2,backup,5956,52.750336,462.06607,139.7048,0.025468538549046096
2M14214936-0554553,215.455689,-5.915384,4876.6708984375,3.244182586669922,-0.1762692630290985,91.46673583984375,0.10689307749271393,0.03162127360701561,253.42100524902344,384,516,12.949737163641133,2305843036342464871,215.4556958914254,-5.915382140264098,main,backup,25874,23.303024,151.29291,603.0247,0.025569109505812437
2M08500827-1355519,132.534479,-13.931088,4403.072265625,2.0823113918304443,-0.24769169092178345,91.46673583984375,0.10689307749271393,0.030505817383527756,279.4200134277344,0,0,0.7331438605957649,2305843051941080480,132.5344717352269,-13.93108602645083,main,backup,40748,108.14256,840.25964,1817.9847,0.02635945584510392
2M19122821+2729307,288.117544,27.491863,4488.7822265625,2.1491472721099854,-0.07774356007575989,91.46673583984375,0.10689307749271393,0.028215764090418816,124.38700103759766,0,2560,8.650335036763632,2305843024384613692,288.1175434578678,27.49185554246662,main,backup,14471,65.79381,593.2473,609.2852,0.026902884819039564
2M19164896+2707162,289.204028,27.121178,4656.21630859375,2.25647234916687,-0.36514902114868164,91.46673583984375,0.10689307749271393,0.03189115226268768,122.95500183105469,0,1540,8.161894361900831,2305843024384510397,289.2040216138089,27.12118290002874,main,backup,14469,40.820423,359.22095,609.2852,0.027016329759717326
2M16064395+2346490,241.683129,23.780279,4742.0263671875,2.5126383304595947,-1.010986566543579,91.46673583984375,0.10689307749271393,0.04199095815420151,204.42799377441406,0,0,0.8216888594393488,2305843018202105219,241.6831234582002,23.78027345886894,main,backup,8575,52.558697,438.5576,605.4429,0.02704128317693322
2M15005086+3722017,225.211947,37.367161,4977.72900390625,3.249999523162842,-0.21708554029464722,91.46673583984375,0.10689307749271393,0.03116190992295742,91.61360168457031,0,0,0.8472095742798664,2305843018860601898,225.2119516743089,37.36715426895972,main,backup,9201,112.9977,951.0354,603.9982,0.027677392885765532
2M12222534-0048382,185.605599,-0.810622,4906.76904296875,2.57582426071167,-0.6516212821006775,91.46673583984375,0.10689307749271393,0.037615880370140076,247.33399963378906,0,0,0.7808455669668684,2305843036740921815,185.6055946528796,-0.8106284601699267,main,backup,26255,138.7456,925.26965,602.914,0.028030911459429955
2M11082486-1243222,167.103588,-12.722859,4200.65673828125,1.1482067108154297,-1.0676227807998657,91.46673583984375,0.10689307749271393,0.03854794427752495,106.9219970703125,0,0,0.8688424761007314,2305843035780423403,167.1035813452532,-12.72285463688147,main,backup,25336,174.18903,1309.9221,2361.23,0.028157073625885484
2M06220581+3240325,95.524246,32.675716,5084.36865234375,2.871453285217285,0.020905401557683945,91.46673583984375,0.10689307749271393,0.029712790623307228,148.6820068359375,0,1540,8.132143105894023,2305843034832552496,95.52425457767885,32.67571252986955,main,backup,24435,30.126122,257.41583,600.0408,0.02883883136962212
2M00303465+5117299,7.644414,51.291664,4585.95361328125,2.6289737224578857,0.22404545545578003,91.46673583984375,0.10689307749271393,0.025747748091816902,126.27300262451172,0,0,0.7883489262268513,2305843012309091663,7.644401296276044,51.29166239888225,special,backup,2954,254.89514,2284.811,835.9787,0.02917473327001217
2M12150835+0415404,183.784806,4.261241,5027.361328125,3.239962577819824,-0.4472622573375702,91.46673583984375,0.10689307749271393,0.03416196256875992,101.1050033569336,0,4,2.4618911788292315,2305843038225696732,183.7848132343346,4.261237211700366,main,backup,27668,91.90907,773.625,259.5307,0.029334557684196606
2M12284491+5538184,187.187125,55.638451,4978.3271484375,3.1406211853027344,-0.5076192617416382,91.46673583984375,0.10689307749271393,0.03539220243692398,152.86399841308594,0,0,0.8175977300765491,2305843020940969690,187.1871294381727,55.63845878420525,main,backup,11185,141.52058,1289.0493,604.0552,0.029438379993158806
2M16012457+2800522,240.352408,28.014507,4817.5703125,3.073101282119751,0.34777241945266724,91.46673583984375,0.10689307749271393,0.0258967112749815,173.93699645996094,0,512,6.99756043905435,2305843019019996340,240.3524162035842,28.01450314584347,main,backup,9355,83.84314,868.5774,607.25,0.029534549189001665
2M11493022-0014212,177.375925,-0.239226,4520.27587890625,2.0146772861480713,-0.7816210985183716,91.46673583984375,0.10689307749271393,0.03750714287161827,421.0929870605469,0,0,0.7272567769291969,2305843037483313501,177.3759194611403,-0.2392320617303272,main,backup,26963,103.02992,720.0876,1362.5328,0.02956014485063553
2M16291626-0017476,247.317759,-0.296556,4570.30712890625,2.356840133666992,-0.2578516900539398,91.46673583984375,0.10689307749271393,0.031283456832170486,285.6780090332031,0,0,0.7348249439375528,2305843041690238445,247.3177667838155,-0.2965531862296608,main,backup,30975,105.25135,952.05975,224.2457,0.029796054997327213
2M08523280-1407395,133.136696,-14.12764,4851.9541015625,2.634106159210205,-0.12320683896541595,91.46673583984375,0.10689307749271393,0.03075760044157505,184.94900512695312,0,4,2.384922294023965,2305843051932706925,133.1366876030287,-14.1276384783934,main,backup,40742,115.79824,881.9858,1817.9847,0.02982219910924799
2M00242372+5948169,6.098849,59.804703,4944.640625,2.825261116027832,-0.3785930871963501,91.46673583984375,0.10689307749271393,0.03309427946805954,110.0199966430664,0,2048,8.463851138472577,2305843012401461477,6.098844653407184,59.8047110741413,special,backup,3043,16.311855,144.16704,1200.073,0.03011348967267654
2M12191960+5712590,184.831669,57.216396,4793.7509765625,2.4940476417541504,-0.5039067268371582,91.46673583984375,0.10689307749271393,0.035148315131664276,399.1929931640625,0,0,0.7207905106881143,2305843020945162748,184.8316849917288,57.21639594393887,main,backup,11190,83.9046,785.1052,603.3381,0.031173066933101626
2M14363708+5053114,219.154539,50.886513,4761.75927734375,2.93999981880188,-0.11004123836755753,91.46673583984375,0.10689307749271393,0.03043912909924984,314.0010070800781,0,0,0.721181688302097,2305843021163266334,219.1545489402424,50.8865069787377,main,backup,11398,117.84356,1087.9175,864.7951,0.03129715373604757
2M16151230+2442227,243.801291,24.706326,4809.498046875,2.852519989013672,-0.4773082733154297,91.46673583984375,0.10689307749271393,0.033867958933115005,123.71099853515625,0,4,2.4404214286197603,2305843018919321704,243.8012875959153,24.70631781270645,main,backup,9257,84.688736,787.3598,603.1343,0.03150673011299397
2M19152949+2730205,288.872898,27.505716,4656.515625,2.577763319015503,0.3731416165828705,91.46673583984375,0.10689307749271393,0.024811705574393272,139.3159942626953,8,1536,10.30872477703687,2305843024384814364,288.8728891472925,27.50571202069909,main,backup,14469,58.52797,514.42737,609.2852,0.03169009560629524
2M15141078+0050222,228.544925,0.839505,4697.97509765625,1.4819295406341553,-2.534945249557495,91.46673583984375,0.10689307749271393,0.07544811815023422,266.4110107421875,64,512,11.377268648126798,2305843042143179070,228.5449234961422,0.8395137396846382,main,backup,31405,155.83823,1334.8099,1747.8756,0.03192515854814126
2M14253802-0541016,216.40842,-5.683787,4508.31640625,1.6369292736053467,-1.4947664737701416,91.46673583984375,0.10689307749271393,0.04722703620791435,113.89600372314453,0,516,7.154018941566619,2305843036342459909,216.4084288840902,-5.683788849991709,main,backup,25875,24.776333,158.10516,603.0247,0.03251486972067544
2M00261329+5338080,6.555399,53.635563,4873.8798828125,2.6061630249023438,-0.3618302047252655,91.46673583984375,0.10689307749271393,0.03267441689968109,116.05999755859375,0,4,2.440784963027662,2305843012338493444,6.555392924819955,53.63555467190321,special,backup,2980,220.50613,2107.281,5400.366,0.0326653646211972
2M11300474+0304275,172.519756,3.074329,5071.212890625,3.4073944091796875,-0.40461471676826477,91.46673583984375,0.10689307749271393,0.034353453665971756,140.17100524902344,0,2048,8.446120847093516,2305843037525246733,172.519748773107,3.074334688513283,main,backup,27003,155.99977,1037.0536,722.1162,0.033080247105020125
2M00265312+5048548,6.72137,50.815228,4966.76611328125,2.6617071628570557,-0.5717105269432068,91.46673583984375,0.10689307749271393,0.035917978733778,135.3249969482422,0,0,0.8323293482221288,2305843012153987425,6.721382100206256,50.81522268906055,special,backup,2805,249.60944,2268.5286,835.9787,0.033511930325084954
2M06340182+3424271,98.507614,34.407539,4281.4833984375,1.7017123699188232,-0.17534160614013672,91.46673583984375,0.10689307749271393,0.029275167733430862,200.41799926757812,0,512,7.000357075530402,2305843016226617615,98.507607906759,34.40753110720227,main,backup,6691,126.53283,1171.0665,780.0852,0.0336881183083764
2M15123634+3041360,228.151421,30.693357,4867.203125,3.3075969219207764,0.04758211225271225,91.46673583984375,0.10689307749271393,0.029085753485560417,189.7209930419922,0,512,7.004867079927514,2305843018722189266,228.1514266630902,30.69334895886388,main,backup,9068,140.50897,1147.7412,861.0181,0.03384275676240638
2M13235333-0130234,200.972235,-1.506523,5182.53662109375,3.0702497959136963,-1.4236719608306885,91.46673583984375,0.10689307749271393,0.049684129655361176,87.39240264892578,0,0,0.9444856723661831,2305843036317288671,200.9722434400535,-1.506518780041855,main,backup,25851,121.15346,904.2041,831.13,0.0339610559258185
2M13112466+1707437,197.852753,17.12882,4227.36669921875,1.0634642839431763,-1.4570099115371704,91.46673583984375,0.10689307749271393,0.04469189792871475,103.19200134277344,0,4612,9.339713263214504,39628198895420766,197.8527491131217,17.12881127838573,sv1,other,27974,13739.5625,86585.98,7200.408,0.03412676326288336
2M00264323+5025287,6.680164,50.424641,4894.8095703125,2.820585012435913,-0.5005843639373779,91.46673583984375,0.10689307749271393,0.034245360642671585,102.33599853515625,0,0,0.8516718495338019,2305843012153904465,6.68017882890598,50.42464218942685,special,backup,2804,221.14035,2002.4938,835.9787,0.03427907630503385
2M06210279+3300244,95.261641,33.006783,4988.59228515625,2.658627986907959,-0.28747355937957764,91.46673583984375,0.10689307749271393,0.032164379954338074,105.40599822998047,0,0,0.8383393312015024,2305843034840971140,95.26163539494132,33.0067746869257,main,backup,24441,22.117065,188.07965,600.0408,0.034379775308256186
2M16314692-0010514,247.94553,-0.180955,4976.6328125,2.6757359504699707,-0.6421716809272766,91.46673583984375,0.10689307749271393,0.03782827407121658,314.20001220703125,0,0,0.7580642570807827,2305843041870563257,247.9455395916269,-0.1809551698865,main,backup,31146,77.984436,735.8909,224.2457,0.03453510063634859
2M00273023+5352197,6.875962,53.872158,4739.0361328125,2.595669746398926,-0.17181716859340668,91.46673583984375,0.10689307749271393,0.031016193330287933,276.0379943847656,0,0,0.7369091269847852,2305843012338520754,6.875948712940271,53.87215233305838,special,backup,2981,207.09486,1987.0804,5400.366,0.03480741584677047
2M19143289+2635267,288.637053,26.59075,4832.12158203125,2.548109292984009,0.09587326645851135,91.46673583984375,0.10689307749271393,0.027877261862158775,135.25599670410156,384,512,12.985695570657008,2305843024384572237,288.6370622408133,26.5907448452401,main,backup,14468,40.12921,365.0926,609.2852,0.035061672444364415
2M12544505+4055050,193.687749,40.91806,4926.80126953125,3.261747121810913,-0.2809247672557831,91.46673583984375,0.10689307749271393,0.03302532806992531,266.50201416015625,0,3072,8.780867119288134,2305843020588650399,193.6877359925496,40.91806084366939,main,backup,10851,103.98368,937.8979,745.2322,0.03551465862174009
2M11433432+0159363,175.893006,1.993427,4798.833984375,2.9771816730499268,-0.3495863974094391,91.46673583984375,0.10689307749271393,0.0332854762673378,246.3090057373047,0,0,0.7596071487216527,2305843037521056622,175.8930039177015,1.993417260971363,main,backup,26996,102.47748,871.1946,602.1616,0.035851987649969955
2M08494222-1436502,132.425921,-14.613962,4881.05615234375,2.668550491333008,-0.2927097678184509,91.46673583984375,0.10689307749271393,0.032601747661828995,171.1959991455078,0,512,7.0326648740799955,2305843051932700932,132.4259148462671,-14.61395397950632,main,backup,40742,92.68566,695.8704,1817.9847,0.03596148177071326
2M06175022+3300303,94.459274,33.008438,4975.935546875,2.7500994205474854,-0.37576964497566223,91.46673583984375,0.10689307749271393,0.03336343541741371,123.06199645996094,0,0,0.8289826622717047,2305843034840964893,94.4592834548476,33.00844448833604,main,backup,24441,15.163475,126.90859,600.0408,0.03688260711904551
2M03305233+8030009,52.718077,80.500259,4971.1513671875,3.383328914642334,0.11948253214359283,91.46673583984375,0.10689307749271393,0.027956293895840645,117.55400085449219,0,2052,8.433545656875262,2305843013445752752,52.71812971476703,80.50025328572583,main,backup,4036,15.858484,148.78253,1202.6533,0.037472290367435275
2M14215258-0528057,215.469105,-5.468265,4396.8935546875,1.8305935859680176,-0.6656086444854736,91.46673583984375,0.10689307749271393,0.034190066158771515,111.09300231933594,0,4,2.4526989791664833,2305843036350840995,215.4691053281613,-5.468254504306175,main,backup,25880,24.411242,161.86404,603.0247,0.03780279431190988
2M14513632+3723433,222.901371,37.39537,4597.2158203125,2.37782621383667,-0.7070068120956421,91.46673583984375,0.10689307749271393,0.0356181263923645,111.02999877929688,0,0,0.8504575901902423,2305843018856405485,222.9013588960775,37.39537425970398,main,backup,9197,125.42846,1064.6355,603.9982,0.037862514907721974
2M11441318+0213466,176.054958,2.229621,4049.766845703125,0.944847822189331,-0.9474320411682129,91.46673583984375,0.10689307749271393,0.03609089553356171,101.89399719238281,0,2048,8.486435321821013,2305843037521054876,176.0549650220663,2.229613125404601,main,backup,26997,108.91514,946.03894,602.1616,0.037970023755960286
2M11060702-1232310,166.529257,-12.541954,4839.99462890625,2.020721912384033,-0.9931311011314392,91.46673583984375,0.10689307749271393,0.04036491736769676,82.43589782714844,0,2048,8.528767496839388,2305843035767842730,166.5292588090933,-12.54194342093798,main,backup,25327,164.36217,1201.0814,2361.23,0.038611579893482434
2M14135694+0423029,213.487261,4.384158,4772.921875,1.7380955219268799,-1.562962293624878,91.46673583984375,0.10689307749271393,0.049132414162158966,59.70069885253906,2176,66052,19.763225966374414,2305843036539585190,213.4872709898493,4.384162207080919,main,backup,26063,99.27217,764.69135,1203.8068,0.0389255476204438
2M12105450+0448485,182.727095,4.813489,4634.1904296875,2.356383800506592,-0.07771159708499908,91.46673583984375,0.10689307749271393,0.029605364426970482,234.30799865722656,0,512,6.98645676484159,2305843038229889593,182.7270892710548,4.813498202372558,main,backup,27673,102.06054,891.69617,259.5307,0.03898541910322842
2M08165885-1440194,124.245221,-14.672058,5001.748046875,2.6505298614501953,-0.4338075518608093,91.46673583984375,0.10689307749271393,0.03408728167414665,116.39800262451172,0,4,2.447560957817751,2305843051853009391,124.2452117491594,-14.67206417713475,main,backup,40666,98.808334,776.4018,1207.6409,0.03914656584141802
2M12105320+0621461,182.721691,6.362815,4922.017578125,3.195481538772583,-0.641851544380188,91.46673583984375,0.10689307749271393,0.03717488422989845,173.63400268554688,0,4,2.4232867229155186,2305843038234083962,182.7216807012901,6.362810616309437,main,backup,27679,75.951004,664.73627,259.5307,0.04008426686701668
2M11505828-1027201,177.742849,-10.455604,4746.71044921875,2.7481603622436523,-0.49743902683258057,91.46673583984375,0.10689307749271393,0.03485416620969772,224.44500732421875,0,0,0.7767068315200999,2305843035939806349,177.7428568069308,-10.45561220068636,main,backup,25489,159.29999,1064.6654,1621.9397,0.04044071471474643
2M00214145+5424531,5.422746,54.414764,5231.57080078125,3.072758913040161,-0.1820071041584015,91.46673583984375,0.10689307749271393,0.0318995825946331,99.40409851074219,0,4608,9.278587429265075,2305843012338465327,5.42272933305361,54.414769672094,special,backup,2982,77.7306,743.7678,5400.366,0.04044801561666358
2M06204892+3235402,95.203849,32.594509,4913.3466796875,2.6108391284942627,-0.20158232748508453,91.46673583984375,0.10689307749271393,0.03139989823102951,146.71800231933594,0,1536,8.13930035444303,2305843034840923499,95.20385638855396,32.59449956962532,main,backup,24441,14.801729,128.07147,600.0408,0.04067859534701871
2M16291200-0132247,247.300021,-1.540216,4711.4296875,2.487546443939209,0.07389068603515625,91.46673583984375,0.10689307749271393,0.028230084106326103,188.0189971923828,0,2048,8.386316442741007,2305843041690203393,247.3000146520141,-1.540225374080489,main,backup,30972,65.48145,560.325,1819.2328,0.040751808671155076
2M08144006-1313238,123.666957,-13.223287,4943.943359375,2.724893569946289,-0.23505538702011108,91.46673583984375,0.10689307749271393,0.03202376514673233,156.7790069580078,0,0,0.7982429157487567,2305843051878171864,123.6669587565679,-13.22327576057518,main,backup,40690,101.53585,852.3548,1641.0775,0.04092754343514226
2M03534085+8025561,58.420246,80.432251,5101.7099609375,3.0178987979888916,-0.07279893010854721,91.46673583984375,0.10689307749271393,0.030358420684933662,113.90599822998047,0,0,0.8216242910796885,2305843013353486721,58.42020601714324,80.4322416989925,main,backup,3951,23.15266,219.91852,1202.6533,0.041152598347363664
2M11410962-1412197,175.290092,-14.20548,4384.435546875,1.262945294380188,-1.582275390625,91.46673583984375,0.10689307749271393,0.049679189920425415,222.23599243164062,0,4,2.461254541039999,2305843035830750215,175.2901037658243,-14.20548093002684,main,backup,25386,125.49371,930.27734,1208.196,0.04119804371251675
2M00264015+5522028,6.667329,55.367455,4588.146484375,2.1604387760162354,-0.43098315596580505,91.46673583984375,0.10689307749271393,0.03268184885382652,148.27499389648438,0,4,2.416511762944561,2305843012351166392,6.667310633313434,55.36745029490331,special,backup,2992,133.48753,1307.4115,5400.366,0.041217981961256436
2M00285847+5442535,7.243649,54.714886,4888.63037109375,2.592020034790039,-0.046326279640197754,91.46673583984375,0.10689307749271393,0.029568972066044807,140.65199279785156,0,512,7.03702700243275,2305843012351145831,7.243638656029191,54.71487612081611,special,backup,2992,162.99403,1581.0818,5400.366,0.0415641299826626
2M13394886+0003397,204.953602,0.061044,4954.408203125,3.120889902114868,-0.7210555076599121,91.46673583984375,0.10689307749271393,0.03764791786670685,121.41200256347656,0,0,0.8517439731864191,2305843036501848990,204.9535982375644,0.0610549432680817,main,backup,26025,105.24295,884.4896,147.3667,0.041659174791208904
2M16084040+2326189,242.168365,23.438587,4498.74853515625,2.0601847171783447,-0.4121864140033722,91.46673583984375,0.10689307749271393,0.03234260901808739,168.43699645996094,0,512,7.0329844011149705,2305843018202100079,242.168357622267,23.43859639137109,main,backup,8573,55.238968,448.93024,605.4429,0.04167563342145532
2M00350768+5413335,8.782032,54.225994,4738.1396484375,2.6596546173095703,-0.1714000701904297,91.46673583984375,0.10689307749271393,0.031008044257760048,254.7100067138672,0,1028,7.6812221819068816,2305843012325889737,8.782044536874139,54.2259849917659,special,backup,2970,172.27844,1644.8983,5400.366,0.041806752506046596
2M06133894+3214122,93.412259,32.236744,4869.79443359375,2.6842899322509766,-0.32954099774360657,91.46673583984375,0.10689307749271393,0.032541971653699875,136.53700256347656,0,512,7.05484003078956,2305843034840971034,93.41225646044302,32.23675541630672,main,backup,24442,10.126664,82.126686,600.0408,0.04181990608506821
2M16311590-0055000,247.816263,-0.916692,4616.05224609375,2.2778005599975586,-0.0066200438886880875,91.46673583984375,0.10689307749271393,0.028045136481523514,130.531005859375,448,516,13.15161081007141,2305843041690219137,247.8162525846527,-0.9166975827098738,main,backup,30975,97.403435,893.8231,224.2457,0.042537674163698844
2M12202981-0126392,185.124212,-1.444236,4055.14892578125,0.8812055587768555,-1.0132447481155396,91.46673583984375,0.10689307749271393,0.03776828944683075,154.74899291992188,0,2048,8.45336765270462,2305843036740912510,185.1242001936914,-1.444237702181782,main,backup,26254,135.6689,893.594,602.914,0.04292881879717996
2M03582724+7959019,59.613527,79.983864,4065.91259765625,1.1629196405410767,-0.7455215454101562,91.46673583984375,0.10689307749271393,0.03388473391532898,123.87999725341797,0,4,2.440369882985266,2305843013353494129,59.61359553279169,79.98386243591278,main,backup,3949,22.143686,210.5551,1202.6533,0.043278421834651394
2M03573391+7952330,59.391293,79.875839,4395.697265625,1.9619841575622559,-0.41026946902275085,91.46673583984375,0.10689307749271393,0.030756903812289238,74.98650360107422,0,4,2.474410483859408,2305843013353504888,59.39123136023136,79.87584436864056,main,backup,3949,23.395088,221.68144,1202.6533,0.043532141741849516
2M06182037+3215358,94.584908,32.259964,4961.8828125,2.8590214252471924,-0.39797478914260864,91.46673583984375,0.10689307749271393,0.03337346389889717,108.11799621582031,0,516,7.0899108373186035,2305843034840929149,94.58492098434364,32.25995878093111,main,backup,24440,13.991635,120.10571,600.0408,0.04376620386378984
2M19144574+2621356,288.690606,26.3599,4593.32861328125,2.27825665473938,-0.36048638820648193,91.46673583984375,0.10689307749271393,0.031258270144462585,96.51509857177734,0,2052,8.469591671820996,2305843024384596749,288.6905951068255,26.35990732776257,main,backup,14468,38.755188,350.82004,609.2852,0.04393830343547006
2M16084458+2438253,242.185774,24.640385,4290.353515625,1.7076430320739746,-0.567843496799469,91.46673583984375,0.10689307749271393,0.03369690105319023,238.13400268554688,0,0,0.7650257241116641,2305843018919328474,242.185765723689,24.64039470166198,main,backup,9258,49.58665,404.83438,605.4429,0.04419549709873101
2M12103859+3920296,182.660797,39.34156,4375.6650390625,2.087101697921753,-0.05270018428564072,91.46673583984375,0.10689307749271393,0.028386035934090614,254.39199829101562,0,0,0.7318938447661159,2305843020655762435,182.6607851054799,39.34155186124929,main,backup,10912,114.71841,1085.819,859.2914,0.04421713174491293
2M12264226+0008064,186.676123,0.135122,5175.958984375,3.7518935203552246,0.08758459985256195,91.46673583984375,0.10689307749271393,0.028609147295355797,80.58429718017578,0,0,0.8471256821792077,2305843036753496374,186.6761195629983,0.1351100767126054,main,backup,26266,139.39932,859.5538,602.914,0.04467159002679683
2M06321190+3422369,98.049614,34.376942,4987.6953125,2.7433700561523438,-0.02138892188668251,91.46673583984375,0.10689307749271393,0.029942946508526802,162.61000061035156,0,512,7.024485649036713,2305843016226589200,98.04960089364296,34.37694826455972,main,backup,6690,112.92199,1036.8085,780.0852,0.045000972982292
2M12264535+5538580,186.688987,55.649471,5030.94921875,3.1163277626037598,-0.34029170870780945,91.46673583984375,0.10689307749271393,0.032840974628925323,96.62200164794922,0,2048,8.475445358305882,2305843020940976461,186.6889966875045,55.64945973345077,main,backup,11185,123.72706,1127.2345,604.0552,0.045081238412096505
2M00255953+5413208,6.498043,54.222466,4835.60986328125,2.5732011795043945,-0.4313369691371918,91.46673583984375,0.10689307749271393,0.03351141884922981,130.11399841308594,0,512,7.064469849645206,2305843012338523124,6.498021868363253,54.22246851948508,special,backup,2981,168.54608,1618.5981,5400.366,0.04539124534581942
2M19162462+2650508,289.102608,26.847452,5158.21875,3.6269490718841553,0.0011978298425674438,91.46673583984375,0.10689307749271393,0.029620707035064697,98.45970153808594,0,1024,7.764819797897842,2305843024384523693,289.1026219119944,26.84745423345383,main,backup,14469,34.237152,306.5672,609.2852,0.045402440320536024
2M14512709+3753591,222.862908,37.899754,4310.5849609375,1.5085041522979736,-0.8268355131149292,91.46673583984375,0.10689307749271393,0.03555015102028847,89.53269958496094,0,4,2.4808611832488223,2305843018856401237,222.8628975777522,37.89976362931147,main,backup,9199,115.41864,998.9034,603.9982,0.045587820715156616
2M20443370+3227452,311.140442,32.46257,4757.0751953125,2.5640769004821777,0.18769341707229614,91.46673583984375,0.10689307749271393,0.02742627263069153,290.614990234375,0,512,6.954107394154824,2305843023093031013,311.1404374308167,32.46255789640922,main,backup,13237,8.849031,81.59041,124.3918,0.045729860640440705
2M08502058-1433070,132.585769,-14.551953,4622.5302734375,2.455953359603882,0.2130822092294693,91.46673583984375,0.10689307749271393,0.02672080509364605,213.11000061035156,0,1540,8.081385496734034,2305843051932707762,132.5857661540408,-14.55196540575752,main,backup,40742,107.169655,811.42426,1817.9847,0.045748476304122196
2M11512192-1055489,177.841337,-10.930259,4444.9306640625,2.0008769035339355,-0.8424276113510132,91.46673583984375,0.10689307749271393,0.037975504994392395,426.6910095214844,0,0,0.7282810519191242,2305843035939814866,177.8413433754446,-10.93027010109235,main,backup,25489,128.34647,861.8747,1621.9397,0.04587976046012835
2M11053016-1225308,166.375697,-12.425238,5021.5810546875,2.612663984298706,-0.5332164168357849,91.46673583984375,0.10689307749271393,0.036523837596178055,195.84100341796875,0,1028,7.7349659188490785,2305843035767843091,166.3757037795413,-12.42522710388662,main,backup,25327,144.09506,1042.0952,2361.23,0.045899589830293956
2M06210261+3146575,95.260888,31.782644,4372.6748046875,1.747789978981018,-0.26854851841926575,91.46673583984375,0.10689307749271393,0.030611131340265274,324.9630126953125,0,1536,8.05620863494178,2305843034832552485,95.26087842358328,31.78263413131252,main,backup,24435,13.639664,118.80009,600.0408,0.04605439984411187
2M00264084+5507134,6.670176,55.120399,4880.8564453125,2.9714787006378174,-0.05982567369937897,91.46673583984375,0.10689307749271393,0.0298959668725729,159.3990020751953,0,0,0.7859570133650535,2305843012351163484,6.670156091201989,55.12039313860456,special,backup,2992,131.11101,1260.6383,5400.366,0.04609862024805543
2M16004640+2708263,240.193348,27.140652,4351.64599609375,0.714229941368103,-2.117250442504883,91.46673583984375,0.10689307749271393,0.05925089120864868,128.3769989013672,0,3584,9.138738774038261,2305843019019978112,240.1933508734751,27.14063944866185,main,backup,9354,87.11928,898.3651,607.25,0.046112996010133384
2M14463693+1206543,221.6539,12.115092,3970.335693359375,0.37540286779403687,-1.3201998472213745,91.46673583984375,0.10689307749271393,0.04023889824748039,52.15729904174805,2176,1024,15.566263527994245,2305843017992381019,221.653894435457,12.11508037094542,main,backup,8373,131.6658,1216.3184,601.4184,0.04621973010268948
2M13272620-0056221,201.859197,-0.939494,4713.5224609375,2.8087234497070312,-0.22073888778686523,91.46673583984375,0.10689307749271393,0.03145197033882141,300.3330078125,0,0,0.7306818789444453,2305843036321493161,201.8592091848664,-0.9394980697789276,main,backup,25854,139.16452,1043.8654,831.13,0.0462420180527593
2M14171238+0502056,214.301593,5.034908,5122.63916015625,3.345919132232666,-0.4429643750190735,91.46673583984375,0.10689307749271393,0.035059716552495956,140.15899658203125,0,512,7.064829365288255,2305843036552178470,214.3015921014128,5.034895153048996,main,backup,26074,116.49708,912.0516,1203.8068,0.046361150233774046
2M14234267-0544271,215.927827,-5.740887,4562.03466796875,1.4927647113800049,-1.9177355766296387,91.46673583984375,0.10689307749271393,0.055193349719047546,76.89289855957031,640,70148,18.606083183399257,2305843036342465787,215.9278175939867,-5.740895927175807,main,backup,25874,18.334597,119.634735,603.0247,0.046561556448515284
2M00315722+5512500,7.988424,55.213902,5004.33935546875,2.7781567573547363,-0.47567543387413025,91.46673583984375,0.10689307749271393,0.03486165404319763,134.7989959716797,0,4,2.436872226879611,2305843012325942410,7.988409594661334,55.21391203376723,special,backup,2971,119.62268,1159.536,5400.366,0.046691794453044146
2M06180189+3235439,94.507886,32.595554,5032.9423828125,2.8521780967712402,-0.40222227573394775,91.46673583984375,0.10689307749271393,0.03391832858324051,122.27400207519531,0,4612,9.269027999173238,2305843034840980303,94.50789605947516,32.59554405963181,main,backup,24441,16.864492,143.73096,600.0408,0.04702616924809028
2M13010376+4129426,195.265708,41.495178,4441.24365234375,2.0447874069213867,-0.24011436104774475,91.46673583984375,0.10689307749271393,0.030277051031589508,174.8090057373047,0,1536,8.116276803981037,2305843020592843560,195.2656929924784,41.49518466702008,main,backup,10852,101.06243,870.35565,745.2322,0.047049240492058456
2M08475903-1454052,131.995971,-14.901454,4932.28271484375,2.8193304538726807,0.1640036404132843,91.46673583984375,0.10689307749271393,0.028281915932893753,289.0669860839844,0,1536,8.05622976131855,2305843051928526341,131.9959658055227,-14.90144192671543,main,backup,40739,78.17964,571.47675,1817.9847,0.04707093823278173
2M08175473-1301124,124.478059,-13.020136,4878.86328125,2.674595594406128,-0.1915992796421051,91.46673583984375,0.10689307749271393,0.0316915325820446,191.0709991455078,0,0,0.7769147802171317,2305843051878154327,124.4780576462393,-13.02012290587634,main,backup,40689,96.8501,795.8218,1641.0775,0.04737738439216437
2M06205421+3218253,95.225877,32.307049,5200.57568359375,3.10036039352417,-0.31134188175201416,91.46673583984375,0.10689307749271393,0.03443332761526108,188.6719970703125,0,1536,8.12946838309829,2305843034832544985,95.22589217463542,32.30705229353139,main,backup,24435,14.754589,128.10371,600.0408,0.04767001993809168
2M12272218+5559579,186.842441,55.999435,5014.2060546875,3.1345765590667725,-0.4858754873275757,91.46673583984375,0.10689307749271393,0.03443324565887451,90.23320007324219,0,1024,7.79751585959013,2305843020940974093,186.8424589910639,55.99942638370778,main,backup,11185,135.92566,1219.5212,604.0552,0.047685616285510754
2M14205489+0431290,215.228722,4.524746,4764.64990234375,1.7083275318145752,-2.1339988708496094,91.46673583984375,0.10689307749271393,0.06233591586351395,102.0719985961914,64,1536,12.504355443194754,2305843036552169190,215.2287297429293,4.524735223935492,main,backup,26072,114.977516,929.1932,1203.8068,0.04771913717647115
2M15110839+2612306,227.78499,26.208525,4396.095703125,1.8045892715454102,-0.489717960357666,91.46673583984375,0.10689307749271393,0.033216994255781174,371.39898681640625,0,516,6.9663748897119095,2305843018638304911,227.7849814945365,26.20851405148417,main,backup,8991,105.29533,926.2814,1210.3293,0.04804385363244498
2M06480924+2707288,102.038519,27.124687,4612.96240234375,2.2993569374084473,-0.15005819499492645,91.46673583984375,0.10689307749271393,0.029314134269952774,116.19599914550781,0,512,7.054705368958743,2305843034434114265,102.0385127547989,27.12467474375115,main,backup,24054,140.12001,1307.1373,600.0386,0.048447853861881905
2M08130590-1214585,123.274607,-12.249599,5076.4951171875,3.309877872467041,-0.028666548430919647,91.46673583984375,0.10689307749271393,0.029978519305586815,129.63800048828125,0,0,0.8068932086202051,2305843051886546375,123.2746023024611,-12.24958625804707,main,backup,40697,96.706505,788.27466,1641.0775,0.04875719442253292
2M00274726+5600473,6.946936,56.013153,4954.20849609375,2.7409749031066895,-0.1586187481880188,91.46673583984375,0.10689307749271393,0.0312800332903862,162.29100036621094,0,0,0.7910904041066034,2305843012351074374,6.946918861683912,56.01316264810483,special,backup,2993,168.52055,1624.6761,5400.366,0.04894798812967089
2M14060996+0127593,211.541513,1.466497,5015.0029296875,3.455981731414795,0.32936742901802063,91.46673583984375,0.10689307749271393,0.026186997070908546,121.06400299072266,0,0,0.7947240595654901,2305843036489261922,211.5415232048998,1.466506088277542,main,backup,26013,162.47704,1362.8541,1384.2656,0.049185612962856104
2M01522089-0210039,28.087042,-2.16777,5089.45166015625,3.2011842727661133,-0.753207802772522,91.46673583984375,0.10689307749271393,0.03833228722214699,92.57779693603516,0,4,2.4914636606284533,2305843027882546823,28.08703018421994,-2.167777056417026,main,backup,17804,135.90306,879.60254,1209.8127,0.04951877188803905
2M16001668+2813575,240.069512,28.232645,4899.9921875,2.7423439025878906,-0.11846098303794861,91.46673583984375,0.10689307749271393,0.02999241091310978,108.37799835205078,0,512,7.065000550351529,2305843019019994145,240.0694988966272,28.23263724744494,main,backup,9355,94.25949,967.2466,607.25,0.050061752277739575
2M11494445-1120563,177.435243,-11.348973,4614.05908203125,2.541494131088257,-0.2374073714017868,91.46673583984375,0.10689307749271393,0.031170908361673355,194.7779998779297,0,0,0.7724000318432754,2305843035939811621,177.4352386049758,-11.34898625888714,main,backup,25488,144.35323,986.2864,1621.9397,0.05018951622692849
2M13492955+2722403,207.373131,27.377874,5373.5908203125,3.638012170791626,-0.6399971842765808,91.46673583984375,0.10689307749271393,0.03976210951805115,225.5189971923828,0,1536,8.13835903610271,2305843020026614533,207.3731166326471,27.37786818293514,main,backup,10313,128.39658,1087.2267,574.6556,0.05047806023139146
2M06172622+3243299,94.359257,32.724987,5568.232421875,3.233461618423462,-0.3883554935455322,91.46673583984375,0.10689307749271393,0.035648878663778305,97.0459976196289,0,512,7.104220191683562,2305843034840985874,94.35927158250774,32.72498010603852,main,backup,24441,15.8014145,133.48074,600.0408,0.05066008508273263
2M11530688+5527048,178.27868,55.451351,4737.142578125,2.7759900093078613,-0.48036229610443115,91.46673583984375,0.10689307749271393,0.0345987044274807,396.15399169921875,0,0,0.7188047391443588,2305843015484178713,178.2787029824533,55.45134555420264,main,backup,5981,122.79368,1091.4379,601.0594,0.05085162688914699
2M00312312+5551566,7.846356,55.865726,4949.3251953125,2.7251217365264893,-0.24358680844306946,91.46673583984375,0.10689307749271393,0.03158126771450043,111.36900329589844,0,4,2.439409064598577,2305843012330146740,7.84633252327319,55.86573120773468,special,backup,2974,99.1746,898.72644,1200.0854,0.05099614255517672
2M00270437+5528246,6.768224,55.473511,4914.642578125,2.972163200378418,-0.023333020508289337,91.46673583984375,0.10689307749271393,0.029560774564743042,152.01199340820312,0,4,2.3984337809927623,2305843012351170704,6.768204697962858,55.47350198366125,special,backup,2992,123.13677,1204.8027,5400.366,0.05103642377899458
2M14184762+0519469,214.698452,5.329699,5487.50537109375,3.1999294757843018,-1.1486552953720093,91.46673583984375,0.10689307749271393,0.04617705196142197,71.464599609375,64,4,6.7306442523964565,2305843036552172865,214.6984405189341,5.329690519381366,main,backup,26075,105.89381,826.28375,1203.8068,0.05124135315059157
2M00272408+5434485,6.850335,54.580139,4858.83154296875,2.499408006668091,-0.05782008916139603,91.46673583984375,0.10689307749271393,0.029659368097782135,148.0489959716797,0,512,7.032388803663865,2305843012338538114,6.850314922389259,54.58013067791376,special,backup,2981,174.6375,1697.6498,5400.366,0.05150133876320587
2M14194183+0457428,214.924298,4.961914,5022.27880859375,3.2164676189422607,-0.5092182755470276,91.46673583984375,0.10689307749271393,0.03450436517596245,71.27860260009766,0,1536,8.226300382575305,2305843036552172532,214.9242939606859,4.961900225755183,main,backup,26074,100.84242,804.6612,1203.8068,0.05166016511488813
2M14360147+5102248,219.006155,51.040249,4808.30224609375,2.976611375808716,-0.27637094259262085,91.46673583984375,0.10689307749271393,0.03247150033712387,215.06700134277344,0,4,2.378480185416932,2305843021163268202,219.0061747290022,51.04025623902537,main,backup,11398,137.91008,1260.3696,864.7951,0.05170604126030852
2M15152127+0228593,228.838638,2.483147,4548.08203125,2.2110788822174072,-0.5054911375045776,91.46673583984375,0.10689307749271393,0.03321043774485588,134.29200744628906,0,0,0.8195522690598144,2305843042155805628,228.8386487581051,2.483137385175732,main,backup,31418,103.05435,655.3111,1210.8995,0.05191549786755167
2M00215282+5420503,5.470114,54.347321,5018.1923828125,2.5478811264038086,-0.3133983016014099,91.46673583984375,0.10689307749271393,0.031969089061021805,56.16600036621094,2176,516,14.833239075197108,2305843012338469631,5.470113275360802,54.34730652079408,special,backup,2982,86.40963,824.8269,5400.366,0.0521473142417743
2M08493832-1349559,132.409683,-13.832211,4377.458984375,1.3255610466003418,-1.6036101579666138,91.46673583984375,0.10689307749271393,0.048728831112384796,131.54600524902344,0,0,0.8991948024988228,2305843051941093296,132.4096686199453,-13.83221487952088,main,backup,40748,117.41638,911.0104,1817.9847,0.052171065706116355
2M14365222+0920158,219.217586,9.337732,4361.3134765625,1.4391591548919678,-1.3884364366531372,91.46673583984375,0.10689307749271393,0.04443869739770889,110.39299774169922,0,0,0.8951306665223228,2305843017950429444,219.2175736607284,9.337723870595372,main,backup,8335,131.17546,1212.927,601.0638,0.05270484514480563
2M12493952-0203447,192.414674,-2.062438,4839.8955078125,2.8300516605377197,-0.48008042573928833,91.46673583984375,0.10689307749271393,0.033712442964315414,99.16490173339844,0,4,2.4615619691329536,2305843036648641509,192.4146872079998,-2.062444409592377,main,backup,26167,153.43651,1174.4742,1119.414,0.05282418108963978
2M06201828+3142115,95.076172,31.70322,4931.3857421875,2.601144552230835,-0.2872304916381836,91.46673583984375,0.10689307749271393,0.03251462057232857,152.56300354003906,0,0,0.8034056363243006,2305843034832579808,95.07615994910292,31.70320937904182,main,backup,24434,10.898108,94.082886,600.0408,0.05314388198403046
2M14570110+3727511,224.25459,37.464199,4599.60791015625,2.516972303390503,-0.28059542179107666,91.46673583984375,0.10689307749271393,0.03165566548705101,258.1210021972656,0,4,2.356230352010104,2305843018860598363,224.2545742833837,37.46419083225856,main,backup,9202,128.17667,1108.3425,603.9982,0.05367898181749688
2M06434460+2731287,100.935848,27.524664,4853.548828125,2.8413429260253906,0.030660580843687057,91.46673583984375,0.10689307749271393,0.02814784087240696,94.62239837646484,0,512,7.069217967403068,2305843034438324395,100.9358601429961,27.5246745586239,main,backup,24057,107.098495,1028.9366,600.0386,0.054292761502660644
2M03280780+8049493,52.032518,80.830376,4116.93994140625,1.3727796077728271,-0.36916279792785645,91.46673583984375,0.10689307749271393,0.030020318925380707,142.99899291992188,0,2052,8.42442200744771,2305843013445755318,52.03257451006851,80.8303638012878,main,backup,4036,15.219087,143.50874,1202.6533,0.05458536755077479
2M06174839+3237004,94.451635,32.616783,4956.6005859375,2.6743674278259277,-0.4865034222602844,91.46673583984375,0.10689307749271393,0.03463257476687431,123.72200012207031,0,516,7.0828406485866475,2305843034840976521,94.4516528886345,32.61678475861527,main,backup,24441,16.756586,142.54204,600.0408,0.05461121181180287
2M11012579-0628289,165.357496,-6.474696,4656.71435546875,2.4796764850616455,-0.44963815808296204,91.46673583984375,0.10689307749271393,0.03299026936292648,132.468994140625,0,0,0.8198080534867961,2305843037432982189,165.3575040373632,-6.474709036885039,main,backup,26912,117.10425,904.04645,1810.4094,0.05503858986852027
2M12092246+0545111,182.34361,5.7531,4656.31591796875,1.8969731330871582,-1.3877277374267578,91.46673583984375,0.10689307749271393,0.04636451601982117,121.24299621582031,0,4,2.5049030353245,2305843038234086441,182.3435946389313,5.75310090242465,main,backup,27678,9.799754,86.02122,259.5307,0.055117134232790445
2M15113350+3118308,227.889591,31.308567,4798.53515625,2.38273024559021,-0.5160491466522217,91.46673583984375,0.10689307749271393,0.03380342945456505,86.66079711914062,0,1024,7.798361186415734,2305843018722187314,227.8895879949239,31.30858213400295,main,backup,9068,129.33481,1050.2485,861.0181,0.05526087939700553
2M10293504+2857371,157.396028,28.960323,5004.93701171875,2.6579434871673584,-0.7835875749588013,91.46673583984375,0.10689307749271393,0.03907383605837822,141.6490020751953,0,512,7.0838499436567455,2305843014645318755,157.3960207184277,28.9603089203725,main,backup,5183,123.39469,1115.201,314.1,0.05563440868164791
2M13414577+0015401,205.440746,0.26114,5034.138671875,3.3333730697631836,-0.5120359659194946,91.46673583984375,0.10689307749271393,0.03580506518483162,160.05599975585938,0,0,0.8150937394122119,2305843036506033503,205.4407326636109,0.2611320940443254,main,backup,26028,100.126335,825.77356,147.3667,0.0558127395226868
2M12094725-0015329,182.446897,-0.259152,4760.5634765625,2.494161605834961,-0.8890318274497986,91.46673583984375,0.10689307749271393,0.03902394324541092,120.6729965209961,0,0,0.8592296336468126,2305843036770276780,182.4468954903318,-0.2591363293740181,main,backup,26281,51.741955,335.16522,609.2456,0.056675431267960076
2M12190295+0036040,184.762323,0.601128,4951.119140625,2.5671563148498535,-1.0059657096862793,91.46673583984375,0.10689307749271393,0.041080307215452194,78.27369689941406,0,4,2.521792436650711,2305843036766084218,184.7623078466587,0.6011236789432185,main,backup,26279,127.78876,804.37885,602.914,0.05672371039078872
2M12113266+0428014,182.886109,4.467078,4674.853515625,2.3927671909332275,-1.0107775926589966,91.46673583984375,0.10689307749271393,0.04162276163697243,276.7449951171875,0,2048,8.414794241921891,2305843038221508859,182.8861240492013,4.467073125995959,main,backup,27667,97.05242,843.84753,259.5307,0.05679112649802543
2M13094447-0249548,197.435318,-2.831903,4903.38037109375,2.4901697635650635,-0.4902069568634033,91.46673583984375,0.10689307749271393,0.03547557443380356,208.0019989013672,0,512,7.027662962131603,2305843036665418342,197.4353051987305,-2.831893574531708,main,backup,26182,88.611206,654.20264,1499.1041,0.05718358923902448
2M08211545-1419075,125.31441,-14.318754,4591.03662109375,2.243926525115967,-0.3580567240715027,91.46673583984375,0.10689307749271393,0.0311814546585083,93.16410064697266,0,1024,7.778094890082866,2305843051852999353,125.314420826127,-14.31874196355038,main,backup,40667,99.64639,863.0409,608.1634,0.05747750030589822
2M12134983+3923285,183.457647,39.391254,4208.7294921875,1.0184128284454346,-1.3326830863952637,91.46673583984375,0.10689307749271393,0.04364996775984764,169.66099548339844,0,1024,7.780973446144625,2305843020655761460,183.4576676684331,39.39125346583876,main,backup,10912,112.92228,1084.4279,859.2914,0.05753564473759144
2M06173875+3210108,94.411486,32.169678,5023.57421875,2.3146402835845947,-0.3511810600757599,91.46673583984375,0.10689307749271393,0.03380706533789635,163.7949981689453,384,3072,14.786461622893793,2305843034840915495,94.41148060388986,32.16969343965453,main,backup,24440,15.175239,130.08,600.0408,0.057964087534982396
2M06200819+3326104,95.034166,33.43623,4893.71337890625,2.6801841259002686,-0.3331665098667145,91.46673583984375,0.10689307749271393,0.0334998294711113,347.9960021972656,0,0,0.7262367270399521,2305843034845133417,95.03415841735917,33.436215181553,main,backup,24444,20.101963,165.2776,600.0408,0.058006524464732666
2M14192028+0455482,214.834515,4.930071,5023.37451171875,2.577193021774292,-0.765497088432312,91.46673583984375,0.10689307749271393,0.03807305172085762,85.63390350341797,0,512,7.12871560673346,2305843036552181047,214.8345104520326,4.93005544358991,main,backup,26074,99.84112,796.39276,1203.8068,0.05833034777444939
2M03563447+8014170,59.143645,80.238068,4646.44921875,2.6618213653564453,0.009705929085612297,91.46673583984375,0.10689307749271393,0.028325244784355164,160.71299743652344,0,0,0.777287535988221,2305843013353483782,59.14373845256387,80.23807152411068,main,backup,3951,23.233866,222.15356,1202.6533,0.05843695056863253
2M06445228+2841579,101.217872,28.699423,5117.65576171875,3.2222843170166016,-0.3815210461616516,91.46673583984375,0.10689307749271393,0.03424861282110214,138.05999755859375,0,0,0.8219961427899344,2305843034442494015,101.21789043146,28.69942121555755,main,backup,24063,86.28532,808.60785,600.0386,0.05855527439661173
2M14570345+4125531,224.26438,41.431423,4753.1884765625,2.4554970264434814,-0.393722802400589,91.46673583984375,0.10689307749271393,0.03361377865076065,270.031005859375,0,512,6.992365042110405,2305843020307629303,224.2644004152451,41.43141748995549,main,backup,10581,107.26353,946.71643,385.5524,0.0585642958812066
2M08491357-1307034,132.306568,-13.117618,4547.18505859375,2.4648494720458984,-0.18692387640476227,91.46673583984375,0.10689307749271393,0.029792537912726402,146.3470001220703,0,0,0.7939272809477854,2305843051941076154,132.3065541520007,-13.11762723076494,main,backup,40751,8.518007,67.619415,1817.9847,0.05883514896916095
2M16354095-0023234,248.920657,-0.389844,4595.123046875,2.5695512294769287,-0.06264925748109818,91.46673583984375,0.10689307749271393,0.029301842674613,263.5559997558594,0,0,0.7329475449496462,2305843041870581573,248.9206514406829,-0.3898285203317123,main,backup,31144,108.71571,993.83655,224.2457,0.0592114870265697
2M00241350+5517245,6.056279,55.290142,4976.234375,2.7417733669281006,-0.23323355615139008,91.46673583984375,0.10689307749271393,0.031629711389541626,115.8010025024414,0,0,0.8263450180009555,2305843012351168190,6.056301487015219,55.29015232671473,special,backup,2992,144.64139,1391.9843,5400.366,0.05921953078160745
2M14082945+5241199,212.122722,52.688873,4600.30517578125,2.465762138366699,-0.462757408618927,91.46673583984375,0.10689307749271393,0.03311026096343994,148.5290069580078,0,4,2.41848380359866,2305843020483794924,212.1226967004753,52.68887908281445,main,backup,10749,111.39636,1029.5112,601.7292,0.059390912685936825
2M12193159+0513017,184.88166,5.217148,4798.53515625,2.444661855697632,-0.28406521677970886,91.46673583984375,0.10689307749271393,0.03126093000173569,98.3386001586914,0,516,7.0887377290966205,2305843038225703660,184.8816448141329,5.217154645548044,main,backup,27669,119.75989,910.99744,263.1161,0.05946728089331971
2M00263770+5350543,6.657111,53.848434,4803.9169921875,2.658057451248169,-0.5322736501693726,91.46673583984375,0.10689307749271393,0.03413587808609009,95.07029724121094,0,516,7.106457872692398,2305843012338472919,6.657088080173708,53.84844351681419,special,backup,2980,203.01476,1945.4297,5400.366,0.059523746191956606
2M15031373+3812382,225.807217,38.210636,4823.0517578125,2.9181015491485596,-0.2108394205570221,91.46673583984375,0.10689307749271393,0.031788382679224014,251.61300659179688,0,0,0.7499996698466812,2305843018864794388,225.8072140588865,38.21061961386993,main,backup,9206,99.45418,834.8527,603.9982,0.05957383078764446
2M12172307-0000071,184.346145,-0.001988,4959.9892578125,3.2417874336242676,-0.31680411100387573,91.46673583984375,0.10689307749271393,0.03258361667394638,121.4739990234375,0,0,0.8263718343069877,2305843036766083391,184.346134970451,-0.0019747957968465,main,backup,26277,156.14906,976.32477,602.914,0.05969304085710688
2M11485360-1011567,177.223358,-10.199084,4880.1591796875,2.849212646484375,-0.2500493824481964,91.46673583984375,0.10689307749271393,0.0317237451672554,140.07899475097656,0,4,2.4173682666702847,2305843035939803712,177.2233416663097,-10.19908833119195,main,backup,25491,117.750824,804.65857,1621.9397,0.05993582625514006
2M08443053-1336408,131.127227,-13.611361,4985.4033203125,3.359719753265381,-0.16900303959846497,91.46673583984375,0.10689307749271393,0.03198593109846115,216.03599548339844,0,0,0.7661669601293734,2305843051936924136,131.1272423609381,-13.61136849629157,main,backup,40747,88.84944,656.28375,1817.9847,0.06014099660976116
2M13484355+2736263,207.181493,27.607315,5568.53125,3.504112482070923,-0.8472595810890198,91.46673583984375,0.10689307749271393,0.04239016771316528,115.51799774169922,64,5632,13.69117459893933,2305843020026616897,207.1815108053394,27.60732090318954,main,backup,10313,143.24377,1195.3553,574.6556,0.06064650039856775
2M14322401+5052245,218.10008,50.873497,4581.66845703125,2.6439146995544434,-0.038103364408016205,91.46673583984375,0.10689307749271393,0.02889765240252018,190.78399658203125,0,4,2.372532828750732,2305843021159080973,218.1000534216681,50.87349482133961,main,backup,11395,147.37515,1351.3208,864.7951,0.060885944107567154
2M10102140+0147039,152.58918,1.784432,4414.23486328125,2.1405932903289795,-0.23470276594161987,91.46673583984375,0.10689307749271393,0.029163377359509468,92.15270233154297,0,512,7.076912347647775,2305843037789490963,152.5891940003828,1.784422476407931,main,backup,27252,79.98909,639.9727,370.0134,0.06093678898095456
2M14322009+5123509,218.083726,51.397491,4365.30029296875,1.6818666458129883,-1.210819125175476,91.46673583984375,0.10689307749271393,0.041022200137376785,74.84310150146484,0,0,0.9164879518391655,2305843021171662684,218.0837189424248,51.39750735068714,main,backup,11404,147.81732,1363.0641,864.7951,0.060959617399037797
2M06162651+3157567,94.110485,31.965773,4242.71435546875,1.3641114234924316,-0.683555006980896,91.46673583984375,0.10689307749271393,0.03491664305329323,381.2030029296875,0,2048,8.349338801027807,2305843034840956406,94.1104663910366,31.96576681279301,main,backup,24440,14.454841,123.0379,600.0408,0.06104274545446256
2M14532014+3725198,223.333917,37.422192,4662.09619140625,2.6271488666534424,-0.37519097328186035,91.46673583984375,0.10689307749271393,0.03300189599394798,335.62701416015625,0,4,2.3367934653488702,2305843018856405358,223.3339364036568,37.42219917120738,main,backup,9197,129.03912,1109.4149,603.9982,0.061188750137035446
2M14584742+2959361,224.697614,29.99338,4934.67431640625,3.5441455841064453,0.03657993674278259,91.46673583984375,0.10689307749271393,0.028338167816400528,90.38159942626953,0,3072,8.864839613707822,2305843018764135970,224.6975943734128,29.99337983122971,main,backup,9109,98.38863,838.60114,816.5551,0.061196740718383796
2M15130095+0136022,228.253962,1.600618,4742.1259765625,3.044131278991699,0.2684115171432495,91.46673583984375,0.10689307749271393,0.026622837409377098,212.50799560546875,0,4,2.3504282976658315,2305843042143188843,228.253951853121,1.600604245179402,main,backup,31407,108.17172,651.8483,1210.8995,0.061524612243110816
2M06195528+3158391,94.980336,31.977537,4952.61376953125,2.6813244819641113,-0.30565035343170166,91.46673583984375,0.10689307749271393,0.032650548964738846,139.41700744628906,0,0,0.8130347092282847,2305843034832589809,94.98033206105332,31.97752022680912,main,backup,24434,13.524045,116.992874,600.0408,0.06156987093381549
2M06485558+2643162,102.231612,26.72118,4978.2275390625,2.7051620483398438,-0.2421276569366455,91.46673583984375,0.10689307749271393,0.03233133628964424,163.56399536132812,0,2048,8.420677503672463,2305843034434095751,102.2315960418873,26.72117048881166,main,backup,24052,122.55869,1132.3816,600.0386,0.06168886760650876
2M03401288+7940456,55.053704,79.679344,4499.0478515625,2.356383800506592,0.22983700037002563,91.46673583984375,0.10689307749271393,0.025155147537589073,100.2020034790039,0,512,7.0485833538664995,2305843013353479172,55.05378526691567,79.6793349390837,main,backup,3950,23.895594,221.89853,1202.6533,0.06173556913857735
2M19062990+2716098,286.624615,27.2694,4402.27490234375,1.8550012111663818,-0.3610639274120331,91.46673583984375,0.10689307749271393,0.030387509614229202,86.77989959716797,0,516,7.096740794929571,2305843024388795899,286.6245959764955,27.26939658517568,main,backup,14473,70.56295,624.1145,609.2852,0.06210229455574089
2M08162612-1210524,124.108845,-12.181237,4667.478515625,2.688624143600464,0.24375781416893005,91.46673583984375,0.10689307749271393,0.026047293096780777,146.55999755859375,0,0,0.7750566062614354,2305843051882368956,124.1088341268765,-12.18122338992379,main,backup,40694,90.6629,727.70483,1641.0775,0.06216599343174577
2M16035416+2800219,240.975699,28.006105,5152.3388671875,3.3955326080322266,-0.4808124899864197,91.46673583984375,0.10689307749271393,0.03513279929757118,100.69499969482422,0,1540,8.197896644740176,2305843019019994466,240.9756869372545,28.00609137283283,main,backup,9355,82.29175,853.9256,607.25,0.062262912283251905
2M00304223+5546124,7.67598,55.770138,4725.18310546875,2.6081018447875977,-0.03693998605012894,91.46673583984375,0.10689307749271393,0.029284877702593803,178.49099731445312,0,0,0.7716555096654766,2305843012351060840,7.675969393604191,55.77012162489557,special,backup,2993,99.43539,908.18304,1200.0854,0.06274131799460107
2M15145881-0000598,228.745075,-0.016632,4804.2158203125,2.3837568759918213,-1.0289336442947388,91.46673583984375,0.10689307749271393,0.041791025549173355,149.781005859375,0,0,0.8516159049616217,2305843042134800330,228.7450591643637,-0.0166395166190889,main,backup,31398,136.43622,1208.1837,1747.8756,0.06310451063405531
2M08500790-1449448,132.532941,-14.829132,4617.64697265625,2.5486795902252197,0.06556611508131027,91.46673583984375,0.10689307749271393,0.027696918696165085,162.5449981689453,0,0,0.7730194028136442,2305843051928529842,132.532927769184,-14.8291440376797,main,backup,40739,96.69479,718.61163,1817.9847,0.06323033513742078
2M14362669+0750263,219.111247,7.840649,4870.29248046875,2.510927438735962,-1.083454966545105,91.46673583984375,0.10689307749271393,0.04274153709411621,133.5240020751953,0,516,7.115819922653719,2305843017950440946,219.1112334192818,7.840660322952487,main,backup,8332,108.77402,970.51746,601.0638,0.06330401209631299
2M11554650-1109520,178.943773,-11.164445,5269.34326171875,2.5963542461395264,-1.6783382892608643,91.46673583984375,0.10689307749271393,0.055488940328359604,91.61209869384766,64,65536,16.233603766709212,2305843035847529605,178.9437717929242,-11.16442736981737,main,backup,25403,177.62363,1105.1111,1812.152,0.06361167873625187
2M19153571+2741574,288.898798,27.699293,4862.2197265625,2.93418288230896,0.35577043890953064,91.46673583984375,0.10689307749271393,0.02544376254081726,120.75599670410156,0,4,2.4006984500347595,2305843024384828986,288.8987781596633,27.69929085461051,main,backup,14469,48.036633,417.76517,609.2852,0.06370971689816773
2M14264483-0515598,216.686799,-5.266631,4911.85205078125,3.2349441051483154,-0.4134237468242645,91.46673583984375,0.10689307749271393,0.03344392776489258,116.01000213623047,0,4,2.4446752357056556,2305843036342473227,216.6867969775153,-5.266613410675301,main,backup,25875,21.376759,135.30742,603.0247,0.0637352853320556
2M14211383-0525274,215.307645,-5.424292,3730.745849609375,-0.29425716400146484,-1.174942970275879,91.46673583984375,0.10689307749271393,0.038002803921699524,116.46299743652344,130,0,5.7328426323501,2305843036350847628,215.3076411759039,-5.424274686246893,main,backup,25880,25.175817,167.54742,603.0247,0.06381847448221034
2M06494666+2808490,102.444427,28.146959,4941.15283203125,2.780780076980591,-0.2202041745185852,91.46673583984375,0.10689307749271393,0.03211429715156555,178.5,0,0,0.7857975913608557,2305843034434068315,102.44440689399,28.14695937818498,main,backup,24055,135.61737,1248.9392,600.0386,0.06383634214398277
2M16311234-0039107,247.801435,-0.652979,4910.35693359375,2.5135507583618164,-0.5980137586593628,91.46673583984375,0.10689307749271393,0.036911409348249435,266.0469970703125,0,512,7.010334052117812,2305843041690207920,247.8014418176203,-0.6529954011558934,main,backup,30975,107.081955,984.1023,224.2457,0.0639414954445631
2M14582882+3750033,224.620108,37.834263,4562.13427734375,1.1826510429382324,-2.268465995788574,91.46673583984375,0.10689307749271393,0.06382256746292114,93.14810180664062,0,0,1.0088695543578723,2305843018860603787,224.6200882865446,37.83425443331662,main,backup,9203,121.56595,1064.4429,603.9982,0.06397434973459334
2M15000319+2955500,225.01333,29.930574,4487.08837890625,1.6215319633483887,-1.1742411851882935,91.46673583984375,0.10689307749271393,0.04315909743309021,200.5449981689453,0,2048,8.454544994557176,2305843018671859319,225.0133433715804,29.9305605239978,main,backup,9023,103.77645,866.3968,816.5551,0.06398381191076162
2M00342333+5538500,8.597241,55.647228,4509.61181640625,2.219404697418213,-0.13954836130142212,91.46673583984375,0.10689307749271393,0.029772307723760605,258.9750061035156,0,4,2.3464845278464033,2305843012330148266,8.59726985828405,55.6472206243691,special,backup,2974,74.83921,678.99835,1200.0854,0.06435647075152087
2M16311262-0058143,247.802597,-0.970642,4626.51708984375,2.41603422164917,-0.35392215847969055,91.46673583984375,0.10689307749271393,0.032602958381175995,273.3190002441406,0,512,6.986105097106476,2305843041690223770,247.8025875403453,-0.9706267759027136,main,backup,30973,103.36256,941.988,224.2457,0.0645226591150297
2M11453456-1203331,176.394031,-12.059201,4475.7265625,1.0437328815460205,-2.068882465362549,91.46673583984375,0.10689307749271393,0.059220682829618454,134.37399291992188,0,516,7.197585788441836,2305843035927222608,176.3940478752965,-12.05920801711618,main,backup,25477,138.50594,929.4497,1621.9397,0.06455809977395333
2M00294493+5515353,7.437213,55.259808,4346.4638671875,2.175950050354004,0.13398094475269318,91.46673583984375,0.10689307749271393,0.026329930871725082,183.13800048828125,0,0,0.7543247328393622,2305843012351176587,7.437186377060016,55.25979823899673,special,backup,2993,82.264786,754.4776,1200.0854,0.06494423062079634
2M11504573+1831126,177.690573,18.520187,4855.1435546875,2.8658647537231445,-0.46199092268943787,91.46673583984375,0.10689307749271393,0.03304015100002289,58.87580108642578,2176,516,14.833963073643396,2305843038825483141,177.6905907183884,18.52019363894884,main,backup,28241,105.98437,900.6706,606.3541,0.06503377897599057
2M03263625+8026350,51.651053,80.443062,4603.59423828125,2.4521896839141846,0.09174323081970215,91.46673583984375,0.10689307749271393,0.0262947678565979,56.76679992675781,2176,0,8.555779105421491,2305843013445754663,51.65107746048812,80.44307971262835,main,backup,4036,15.723281,147.2611,1202.6533,0.0654200184657165
2M00362721+5427231,9.113399,54.456421,4763.35400390625,2.616541862487793,0.16882136464118958,91.46673583984375,0.10689307749271393,0.027627957984805107,317.1730041503906,0,1536,8.0437116325531,2305843012325878035,9.113385062874158,54.45640466165528,special,backup,2970,142.94067,1348.4279,5400.366,0.0656527151202661
2M11534167+5442597,178.42365,54.716602,4382.14306640625,1.091179370880127,-2.2598114013671875,91.46673583984375,0.10689307749271393,0.06474136561155319,322.2560119628906,0,512,7.130381838027185,2305843015475796992,178.4236494305138,54.71658374836645,main,backup,5975,109.09377,949.3426,601.0594,0.06571655134674083
2M14462597+4557449,221.608222,45.962475,5053.373046875,3.38663649559021,-0.08787024021148682,91.46673583984375,0.10689307749271393,0.030695514753460884,144.79400634765625,0,512,7.039777574333641,2305843021058415122,221.6081972837054,45.96246865891793,main,backup,11296,120.57744,1082.3339,369.2197,0.06592983618134612
2M14342542+0807387,218.60592,8.127444,4225.07421875,1.5580039024353027,-0.650445818901062,91.46673583984375,0.10689307749271393,0.03333042189478874,116.93000030517578,0,516,7.08192948730927,2305843017950438589,218.6059047021349,8.127433616426451,main,backup,8334,115.228,1027.5779,601.0638,0.0661034729128216
2M13451674-0049215,206.319751,-0.822639,4094.615234375,1.0266246795654297,-0.9815660119056702,91.46673583984375,0.10689307749271393,0.0367751307785511,102.9469985961914,0,512,7.104007011424019,2305843036497652336,206.3197467151927,-0.8226569086985027,main,backup,26020,126.124794,776.19586,604.758,0.06629058328439733
2M11515832-1117163,177.993035,-11.28788,4374.76806640625,1.1699910163879395,-1.3500113487243652,91.46673583984375,0.10689307749271393,0.043876249343156815,110.40599822998047,0,0,0.8923067560997582,2305843035939812723,177.9930247955663,-11.28786451355683,main,backup,25489,140.33595,905.75165,1621.9397,0.06637786730044103
2M11050999-1252160,166.291626,-12.871114,4793.0537109375,3.1306986808776855,0.3079163432121277,91.46673583984375,0.10689307749271393,0.026436474174261093,299.80499267578125,0,3072,8.736189340404728,2305843035767846077,166.2916296488082,-12.87109587601929,main,backup,25327,160.93622,1154.5966,2361.23,0.06649111600268057
2M15213345-0152012,230.389411,-1.867025,5028.15869140625,3.3171775341033936,0.06450498849153519,91.46673583984375,0.10689307749271393,0.02861984446644783,109.89399719238281,0,512,7.056761217420932,2305843042109629753,230.3894253200976,-1.867013315526184,main,backup,31372,70.4336,610.92303,1206.1154,0.06651475754507215
2M03301689+8053034,52.570397,80.8843,4468.052734375,1.982285737991333,-0.5690726041793823,91.46673583984375,0.10689307749271393,0.03291095420718193,78.8113021850586,0,2052,8.497889301868835,2305843013445750183,52.57036508380122,80.88431777633464,main,backup,4036,13.509611,127.77732,1202.6533,0.06653337692822746
2M14230303+0448591,215.762631,4.816435,4894.7099609375,3.667210102081299,-0.4178372621536255,91.46673583984375,0.10689307749271393,0.034461524337530136,194.88299560546875,0,512,7.0290753412761156,2305843036552176660,215.7626428622062,4.816420625544696,main,backup,26073,107.12652,845.49146,1203.8068,0.06699723796047631
2M19123867+2722385,288.161155,27.377384,4815.77685546875,2.4656479358673096,-0.9514937400817871,91.46673583984375,0.10689307749271393,0.0403708815574646,130.4810028076172,0,516,7.106254671107576,2305843024384679697,288.1611568607261,27.37736544891755,main,backup,14470,51.49725,464.29114,609.2852,0.06704827913724477
2M14353235+0924151,218.884805,9.404204,4841.19091796875,3.0137929916381836,-0.36461183428764343,91.46673583984375,0.10689307749271393,0.03240727633237839,103.23999786376953,0,0,0.8416104168254328,2305843017975595837,218.8848052720344,9.404185361490848,main,backup,8357,134.32321,1244.8679,601.0638,0.06710558853073031
2M00275307+5351372,6.971148,53.86034,4254.275390625,1.502231240272522,-0.625491738319397,91.46673583984375,0.10689307749271393,0.033524371683597565,145.33599853515625,0,2560,8.661428037266823,2305843012338525663,6.971175859317441,53.86033111468762,special,backup,2981,220.95451,2112.0188,5400.366,0.06724389876421599
2M04012433+7930488,60.351408,79.513565,4810.69384765625,2.7838594913482666,0.15738162398338318,91.46673583984375,0.10689307749271393,0.027628451585769653,174.16700744628906,0,512,7.006087744784847,2305843013353503514,60.35139880208982,79.51354636134681,main,backup,3949,27.378796,255.09525,1202.6533,0.0673692484137868
2M19173165+2645405,289.381893,26.761253,4698.47314453125,2.510585308074951,0.2434924840927124,91.46673583984375,0.10689307749271393,0.026701794937253,356.2309875488281,0,0,0.6899143414325074,2305843024292838353,289.3818909947595,26.76123436489812,main,backup,14383,32.52319,287.43182,609.2852,0.06739530477346531
2M14541343+3114042,223.55598,31.23451,5109.48388671875,3.6076736450195312,-0.4112398624420166,91.46673583984375,0.10689307749271393,0.033799707889556885,79.46179962158203,0,0,0.8744639125503474,2305843018764130005,223.5559664382838,31.23452472297873,main,backup,9111,79.85621,669.6061,816.5551,0.06746833081865236
2M00273641+5532481,6.901716,55.5467,4934.7744140625,3.1901209354400635,0.17138418555259705,91.46673583984375,0.10689307749271393,0.028218872845172882,344.28399658203125,0,0,0.7009012649312856,2305843012351073529,6.901718719190512,55.54671871770835,special,backup,2993,117.79438,1149.7845,5400.366,0.06761094172494307
2M11514850+5559108,177.952086,55.986343,4439.05078125,2.1589558124542236,-0.4318929612636566,91.46673583984375,0.10689307749271393,0.032718781381845474,374.2449951171875,0,0,0.7150796200088785,2305843015484186036,177.9520934674561,55.98632468770172,main,backup,5982,110.08647,990.7276,601.0594,0.06761768714217525
2M14163066+0511291,214.127777,5.19142,4763.5537109375,2.7962913513183594,-0.35301464796066284,91.46673583984375,0.10689307749271393,0.032360147684812546,135.96200561523438,0,512,7.0543498543817895,2305843036577344600,214.1277634268196,5.191406888413274,main,backup,26096,98.255356,761.40753,1203.8068,0.06779447021429778
2M06192069+3157583,94.836218,31.966221,4933.57861328125,2.902019739151001,-0.15794864296913147,91.46673583984375,0.10689307749271393,0.030781934037804604,128.39700317382812,0,516,7.059907648853307,2305843034832588738,94.83620292188688,31.96623483687562,main,backup,24434,12.774344,110.231575,600.0408,0.06783741408154526
2M14231146+0440143,215.797791,4.670639,4748.10595703125,2.0137648582458496,-1.852226972579956,91.46673583984375,0.10689307749271393,0.05618215352296829,125.6969985961914,0,516,7.189017428720408,2305843036552177315,215.7978099237771,4.670638540675001,main,backup,26073,108.38506,857.65265,1203.8068,0.06791950105352054
2M14265430+4933561,216.726256,49.565598,4824.646484375,2.9946320056915283,0.239399254322052,91.46673583984375,0.10689307749271393,0.027017300948500633,184.8459930419922,0,516,7.004881172012933,2305843020441854138,216.7262505014235,49.56557939769402,main,backup,10711,79.231606,739.69617,1489.8538,0.06818783316292497
2M12273153+2455145,186.881409,24.920721,4525.857421875,1.6021428108215332,-1.2025723457336426,91.46673583984375,0.10689307749271393,0.04372091963887215,193.07699584960938,0,4,2.445460640409551,2305843038716432331,186.8813902126784,24.92072953532169,main,backup,28139,119.40567,1086.9161,483.4626,0.06860313456331625
2M19094851+2710574,287.452162,27.182627,4814.8798828125,2.7214717864990234,-0.1758807748556137,91.46673583984375,0.10689307749271393,0.03128145635128021,193.05099487304688,0,512,7.014114654853833,2305843024384772470,287.4521758153521,27.18264158429327,main,backup,14470,62.304775,564.9222,609.2852,0.06865849939373556
2M11405370-1434004,175.22376,-14.566793,4657.41259765625,1.8865941762924194,-1.3718454837799072,91.46673583984375,0.10689307749271393,0.045114558190107346,65.9260025024414,2176,0,8.635160721702414,2305843035830760656,175.2237407798243,-14.56678846901914,main,backup,25386,110.75731,811.95575,1208.196,0.06892632580784408
2M06202964+3208138,95.123525,32.137192,4696.47998046875,2.625095844268799,0.10591620206832886,91.46673583984375,0.10689307749271393,0.02744729071855545,149.1580047607422,384,0,6.733554603799605,2305843034832552675,95.12352287149037,32.13717286975302,main,backup,24435,13.441029,116.844246,600.0408,0.06917387559840775
2M11364302+0430104,174.179291,4.502889,5343.59228515625,2.6593122482299805,-1.5753260850906372,91.46673583984375,0.10689307749271393,0.054048001766204834,101.4020004272461,0,0,0.9515930104431936,2305843037529447407,174.1793087740512,4.502896435251495,main,backup,27007,149.40425,987.3578,722.1162,0.06917741063394518
2M19092635+2755123,287.359794,27.920103,3985.683837890625,1.0024452209472656,-0.6353819966316223,91.46673583984375,0.10689307749271393,0.03319116309285164,244.38499450683594,0,0,0.7599166035272851,2305843024392930833,287.3598099080643,27.92008987380465,main,backup,14476,56.61724,496.43936,609.2852,0.06923606492393863
2M11305235+0447452,172.718149,4.795909,4682.427734375,2.6400368213653564,-0.3481958210468292,91.46673583984375,0.10689307749271393,0.03171473741531372,115.47100067138672,0,4,2.4364909938321238,2305843037621719935,172.7181297070795,4.795909533029821,main,backup,27094,143.49669,952.15265,722.1162,0.0692379379087339
2M06510804+2749063,102.783509,27.818419,4767.1416015625,2.5088746547698975,0.10327376425266266,91.46673583984375,0.10689307749271393,0.02827591635286808,205.78500366210938,0,1536,8.090042989312378,2305843034434045655,102.7835088020775,27.81839972773497,main,backup,24055,136.21039,1240.7535,600.0386,0.06938301596032896
2M16061085+2346046,241.545217,23.767958,4655.4189453125,2.5531277656555176,-0.2012440413236618,91.46673583984375,0.10689307749271393,0.03084387071430683,186.72900390625,0,0,0.7749630345343078,2305843018202098528,241.5451997205136,23.76794691767045,main,backup,8575,54.792736,458.3371,605.4429,0.06951808248359452
2M11440670+0031590,176.027948,0.533074,5611.287109375,3.716139316558838,-0.5692459940910339,91.46673583984375,0.10689307749271393,0.03876984491944313,133.94400024414062,0,4612,9.284240546613562,2305843037491697057,176.0279479890794,0.5330546685457963,main,backup,26971,98.33241,870.02655,606.2719,0.06959324623706953
2M19085639+2738165,287.234962,27.637938,4942.94677734375,3.058844566345215,-0.1707342118024826,91.46673583984375,0.10689307749271393,0.030976545065641403,129.92300415039062,0,0,0.8116654121412135,2305843024392932065,287.2349670552717,27.63795685437772,main,backup,14476,78.46093,695.28815,609.2852,0.06976425247973776
2M16372289-0101510,249.34541,-1.030842,4919.9248046875,2.8993964195251465,-0.17548924684524536,91.46673583984375,0.10689307749271393,0.030417874455451965,86.36750030517578,0,1024,7.781768553900337,2305843041862221458,249.3453924075556,-1.030850245877731,main,backup,31138,82.59846,758.59985,224.2457,0.06993535583643394
2M00225944+5451244,5.747672,54.856789,4880.9560546875,2.6889662742614746,-0.01821199432015419,91.46673583984375,0.10689307749271393,0.029932519420981407,280.43798828125,0,0,0.7299150101992924,2305843012338546011,5.747642654761819,54.85677911703321,special,backup,2981,150.92848,1454.1422,5400.366,0.07045384244019888
2M14215378-0526532,215.47409,-5.448129,4971.0517578125,3.2489728927612305,-0.41797053813934326,91.46673583984375,0.10689307749271393,0.033916257321834564,128.2429962158203,0,0,0.8276554806015356,2305843036350847210,215.4741096064892,-5.448130640536357,main,backup,25880,24.175854,160.12175,603.0247,0.07051227335834143
2M03332183+7935382,53.340968,79.593971,5710.85009765625,3.4701242446899414,-0.25183650851249695,91.46673583984375,0.10689307749271393,0.03431210666894913,83.55650329589844,704,70144,18.588579770810192,2305843013353477041,53.34090206154588,79.59395543543314,main,backup,3950,18.877811,173.09949,1202.6533,0.07055481297246169
2M14313739+5108402,217.905814,51.144524,4855.1435546875,3.161379337310791,-0.37934988737106323,91.46673583984375,0.10689307749271393,0.03379768505692482,193.3090057373047,0,0,0.7862870811843978,2305843021167468109,217.9057851203897,51.14453177400412,main,backup,11401,147.17688,1355.6838,864.7951,0.07097496971073418
2M13485774+0018320,207.24062,0.308897,4803.11962890625,2.573657512664795,-0.4412204623222351,91.46673583984375,0.10689307749271393,0.03440985083580017,279.1080017089844,0,0,0.7527753556561128,2305843036497648085,207.2406004520559,0.3088940790467845,main,backup,26021,102.28697,642.1603,604.758,0.07115288481828524
2M12163840+0457502,184.160038,4.96395,4681.23193359375,2.2992424964904785,-0.6366088390350342,91.46673583984375,0.10689307749271393,0.03502143546938896,105.12000274658203,0,1024,7.7853416398001745,2305843038225704503,184.1600180759303,4.963947007979749,main,backup,27671,104.49522,872.1062,259.5307,0.07226488087471465
2M14454869+1328368,221.452879,13.4769,4294.140625,1.8171350955963135,-0.6962986588478088,91.46673583984375,0.10689307749271393,0.034557171165943146,144.2899932861328,0,4,2.4285942247723638,2305843018038522464,221.4528946846261,13.47688694091084,main,backup,8418,114.769745,1012.2754,601.4184,0.07228614485207804
2M14231484-0526322,215.811837,-5.442278,4888.43115234375,2.547424793243408,-0.5506064295768738,91.46673583984375,0.10689307749271393,0.035426460206508636,145.5240020751953,0,0,0.8226570022555935,2305843036342456059,215.8118293878823,-5.442259400917723,main,backup,25874,21.932877,144.81726,603.0247,0.07230077988203375
2M12184884-0034307,184.703513,-0.575204,4084.44970703125,1.0362052917480469,-0.995166540145874,91.46673583984375,0.10689307749271393,0.03730841726064682,130.54100036621094,0,512,7.083129698582006,2305843036766079966,184.7034928947262,-0.5752045385618538,main,backup,26276,154.57422,1011.13873,602.914,0.07240130266340074
2M11475223-1409080,176.967664,-14.152226,5168.982421875,2.84613299369812,-0.5910221338272095,91.46673583984375,0.10689307749271393,0.03668827563524246,104.60299682617188,0,0,0.8617163295815533,2305843035834942065,176.9676732823664,-14.1522440145187,main,backup,25388,86.42807,571.86584,1205.802,0.07249638864291605
2M06153307+3254537,93.88781,32.914932,4953.6103515625,3.0155036449432373,0.10523085296154022,91.46673583984375,0.10689307749271393,0.0277303047478199,89.7218017578125,0,516,7.08015825460056,2305843034840900233,93.8878338321212,32.91493443928634,main,backup,24442,10.44719,85.613174,600.0408,0.07255693250434125
2M14312893+0851409,217.87057,8.86137,4911.751953125,3.318203926086426,-0.28696930408477783,91.46673583984375,0.10689307749271393,0.03303191065788269,331.5710144042969,0,0,0.7287178382405413,2305843017975599751,217.8705815796808,8.86135332538368,main,backup,8356,126.76576,1117.9312,601.0638,0.0728010403908767
2M08143263-1251186,123.635987,-12.855184,4636.4833984375,2.625095844268799,0.25715911388397217,91.46673583984375,0.10689307749271393,0.025759126991033554,140.0399932861328,0,0,0.7781349123023252,2305843051878196849,123.6359962974304,-12.85516580660715,main,backup,40691,96.604,809.31165,1641.0775,0.07317506404376325
2M13263517-0045184,201.646565,-0.755137,4834.11474609375,2.9452462196350098,-0.6716355085372925,91.46673583984375,0.10689307749271393,0.03753449767827988,201.71499633789062,0,4,2.410173923857222,2305843036321492411,201.6465707061376,-0.7551565243506795,main,backup,25854,139.23024,1058.0457,831.13,0.07322745301406904
2M06183696+3245390,94.654007,32.760857,4803.11962890625,2.9301910400390625,0.1525845229625702,91.46673583984375,0.10689307749271393,0.027267731726169586,138.54200744628906,0,1540,8.126932551888974,2305843034840975042,94.6540184574207,32.76083905765771,main,backup,24441,16.11351,137.37209,600.0408,0.07331638244037442
2M03382898+7947499,54.62077,79.797211,5084.1689453125,3.3216257095336914,-0.5363954901695251,91.46673583984375,0.10689307749271393,0.03581634536385536,121.62999725341797,0,0,0.8424081862774756,2305843013353475063,54.6208812928453,79.79720584471207,main,backup,3950,22.82361,212.3492,1202.6533,0.07335551647052774
2M00232731+5450553,5.863809,54.848698,4910.35693359375,2.7251217365264893,-0.03804495185613632,91.46673583984375,0.10689307749271393,0.029792046174407005,160.26600646972656,0,0,0.7848983357000983,2305843012338543972,5.863812082725644,54.84867762615478,special,backup,2981,899.1809,1389.2777,4800.3096,0.07362362023436198
2M11342104+0325239,173.587707,3.42332,4421.60986328125,1.9218369722366333,-0.6185019016265869,91.46673583984375,0.10689307749271393,0.0349050909280777,355.0989990234375,0,1024,7.663696094675012,2305843037529444130,173.5877272777375,3.423316863192114,main,backup,27006,146.02469,1004.84326,722.1162,0.07373939640319303
2M14522236+3816337,223.093192,38.276039,4903.28076171875,3.306000232696533,-0.31080198287963867,91.46673583984375,0.10689307749271393,0.03327590599656105,206.99099731445312,0,0,0.7768736767164099,2305843018868992385,223.0931739835936,38.27605395402114,main,backup,9210,129.65546,1134.4288,603.9982,0.07409896900851227
2M16110586+2422444,242.774418,24.379009,4782.3896484375,2.051630735397339,-1.98225998878479,91.46673583984375,0.10689307749271393,0.060385093092918396,168.76199340820312,0,2048,8.557836498368854,2305843018919335157,242.774400305158,24.37899612628868,main,backup,9258,46.11164,365.56412,605.4429,0.074258912307587
2M11522782-1248437,178.115951,-12.812152,4376.86083984375,1.5900529623031616,-0.9771277904510498,91.46673583984375,0.10689307749271393,0.037649158388376236,73.21959686279297,0,4,2.5112245083752667,2305843035847534677,178.1159636989452,-12.81216852199216,main,backup,25400,117.11347,768.45044,1205.802,0.07433012659617014
2M16042285+2847434,241.095229,28.795408,4792.15625,1.8158804178237915,-1.3440433740615845,91.46673583984375,0.10689307749271393,0.04552188143134117,70.84709930419922,0,0,0.9443990095364663,2305843019024174284,241.095252504851,28.79540599326677,main,backup,9358,74.97378,764.12024,607.25,0.07450518491661827
2M01514241-0225559,27.926721,-2.432198,4957.79638671875,3.2797677516937256,-0.2727927565574646,91.46673583984375,0.10689307749271393,0.03306235745549202,269.781005859375,0,4,2.3588622863340336,2305843027878351421,27.92670250111934,-2.432207362208284,main,backup,17801,118.12411,765.4586,1209.8127,0.07458547045458502
2M14241057-0511022,216.044067,-5.183971,5165.494140625,2.723182439804077,-0.8008015155792236,91.46673583984375,0.10689307749271393,0.039513591676950455,100.62999725341797,0,0,0.8796777107681769,2305843036350843863,216.044051253821,-5.183957412435203,main,backup,25881,21.25117,138.99214,603.0247,0.07469804084183713
2M15124841-0051104,228.20173,-0.852907,4824.74658203125,2.679043769836426,-0.34986671805381775,91.46673583984375,0.10689307749271393,0.0324728861451149,127.44000244140625,0,0,0.8210618682984899,2305843042130595356,228.2017373192829,-0.8529264485543977,main,backup,31395,109.564224,918.87244,1747.8756,0.07480781808550085
2M14210396+0451426,215.266517,4.861836,4532.2353515625,0.9478131532669067,-2.452385902404785,91.46673583984375,0.10689307749271393,0.07137040048837662,297.9840087890625,64,1536,12.443031633307013,2305843036552176657,215.2665097692716,4.861816335443372,main,backup,26073,106.69295,851.73706,1203.8068,0.07539423403476717
2M00305140+5152147,7.714196,51.87077,4523.166015625,2.340644598007202,-0.1401161253452301,91.46673583984375,0.10689307749271393,0.029830327257514,306.44000244140625,0,2048,8.345674415502565,2305843012309120335,7.714201260245602,51.87074930150338,special,backup,2955,226.54561,2044.8475,835.9787,0.07542635234778815
2M13283289+3651432,202.13705874,36.8620113189,5419.634765625,3.9391937255859375,-0.8669365048408508,91.46673583984375,0.10689307749271393,0.043409451842308044,258.2279968261719,0,512,7.045795933668986,2305843020202778451,202.1370330464825,36.86201539635508,main,backup,10482,115.43445,1023.18146,1043.2472,0.07544669227821665
2M14203243-0512405,215.135139,-5.211276,4570.60595703125,1.4068818092346191,-1.9197980165481567,91.46673583984375,0.10689307749271393,0.05584663897752762,102.23200225830078,0,4,2.5692168432797273,2305843036350842958,215.1351594239339,-5.211281318290605,main,backup,25880,24.099321,160.87675,603.0247,0.07568395147732558
2M11291511+0249405,172.312992,2.827927,4772.52294921875,2.5599708557128906,-0.1907896250486374,91.46673583984375,0.10689307749271393,0.03135931119322777,221.15199279785156,0,4,2.3701419148113576,2305843037525251809,172.3129965435046,2.827906456837978,main,backup,27002,143.95868,934.911,722.1162,0.07573827570081461
2M00345964+5350285,8.748521,53.841274,4769.732421875,2.810091972351074,0.2590462267398834,91.46673583984375,0.10689307749271393,0.02675308659672737,195.13600158691406,0,4,2.3595661413885285,2305843012325883063,8.74848601703161,53.84127851507137,special,backup,2970,186.61508,1767.1322,5400.366,0.07606386600633992
2M14525334+4136321,223.22228,41.608932,4728.27294921875,2.678473472595215,-0.26122763752937317,91.46673583984375,0.10689307749271393,0.031024277210235596,122.95899963378906,0,0,0.8173699261656101,2305843020307630817,223.2222519981354,41.60892861072168,main,backup,10582,113.76475,1031.7966,385.5524,0.07635383595212485
2M15052277+2611136,226.344887,26.187113,4860.2265625,2.875330924987793,-0.4766354560852051,91.46673583984375,0.10689307749271393,0.03463110327720642,164.83900451660156,0,512,7.046573241409077,2305843018663471550,226.3448786438476,26.18709313942904,main,backup,9012,122.9089,1031.4182,1210.3293,0.07642429052351844
2M11524274-1106553,178.178119,-11.11537,4778.6025390625,2.7690324783325195,-0.30341413617134094,91.46673583984375,0.10689307749271393,0.032331839203834534,174.08200073242188,0,0,0.7893773784360257,2305843035939813621,178.1781221516025,-11.1153911321617,main,backup,25489,111.17908,730.89905,1621.9397,0.07688606391308372
2M15112803+2647503,227.866813,26.797329,4951.21875,3.2462356090545654,-0.23091843724250793,91.46673583984375,0.10689307749271393,0.031024150550365448,76.4219970703125,0,0,0.86443728513835,2305843018638304225,227.8668322437204,26.7973162638601,main,backup,8991,108.19136,923.35925,1210.3293,0.07698120386393134
2M11475071-1107330,176.961326,-11.12585,5094.0361328125,3.2854702472686768,-0.2853854298591614,91.46673583984375,0.10689307749271393,0.03247440233826637,96.94960021972656,0,4,2.457608244230364,2305843035939811427,176.9613059228294,-11.12584166614538,main,backup,25488,161.12575,1112.0833,1621.9397,0.07700438001572625
2M08484871-1432133,132.202992,-14.537054,4675.75048828125,2.605478525161743,-0.1293358951807022,91.46673583984375,0.10689307749271393,0.030190566554665565,189.9949951171875,0,516,7.018014611264781,2305843051928529502,132.2029730873344,-14.5370650909617,main,backup,40739,106.639084,805.60626,1817.9847,0.07705702957198009
2M11490873-1154398,177.286397,-11.911059,4161.3896484375,0.998225212097168,-1.5051143169403076,91.46673583984375,0.10689307749271393,0.04685324430465698,249.59800720214844,0,512,7.066400684057515,2305843035939812379,177.2863902020708,-11.91103865349623,main,backup,25488,143.41142,968.0112,1621.9397,0.07706216237765623
2M03584899+8008123,59.704145,80.136757,4748.60400390625,2.995544195175171,0.009708691388368607,91.46673583984375,0.10689307749271393,0.027992382645606995,96.3644027709961,0,0,0.8263594727023034,2305843013353477956,59.70419728993522,80.13673746996685,main,backup,3951,22.611385,216.18007,1202.6533,0.07734993845423581
2M11440441+0124204,176.018377,1.40569,4850.16064453125,3.0638628005981445,-0.14054591953754425,91.46673583984375,0.10689307749271393,0.03042919561266899,142.1909942626953,0,0,0.7999716681270116,2305843037521054426,176.0183607907388,1.405675775852053,main,backup,26996,99.09172,870.406,606.2719,0.07762224631354414
2M06150248+3214255,93.760339,32.24044,4394.0029296875,1.6555202007293701,-0.8736499547958374,91.46673583984375,0.10689307749271393,0.03815861791372299,206.64300537109375,0,4608,9.237220880204498,2305843034840928441,93.760351625483,32.24042125421332,main,backup,24440,11.079727,92.07504,600.0408,0.07766680233630281
2M16061560+2748533,241.56502,27.814812,4853.44921875,2.869856595993042,-0.04240802302956581,91.46673583984375,0.10689307749271393,0.02880805917084217,88.69259643554688,0,1536,8.176232842917871,2305843019024185239,241.5649954811749,27.81481236744667,main,backup,9356,79.92935,826.4323,607.25,0.07808055128520558
2M11482634+0011149,177.109771,0.187478,4928.79443359375,2.623955488204956,-0.3369165360927582,91.46673583984375,0.10689307749271393,0.03369686007499695,217.61399841308594,0,512,7.014273010906758,2305843037495887416,177.1097593762305,0.1874595569565534,main,backup,26972,137.07834,936.0863,1362.5328,0.07848135594865324
2M00325257+5550080,8.219048,55.835556,4961.18505859375,2.7830610275268555,-0.21264484524726868,91.46673583984375,0.10689307749271393,0.031478505581617355,127.197998046875,0,0,0.816278561453385,2305843012330147213,8.219083387170372,55.83554701606045,special,backup,2974,102.216896,923.5072,1200.0854,0.07851157561474427
2M14120099+5338024,213.004131,53.63401,4788.56884765625,2.8553714752197266,-0.16514523327350616,91.46673583984375,0.10689307749271393,0.030289296060800552,128.49000549316406,0,512,7.049605581820405,2305843021201020644,213.0040971579389,53.63401871617063,main,backup,11433,115.40672,1033.6256,601.7292,0.07875939287658587
2M08195566-1344058,124.981938,-13.734958,4809.0,2.588712692260742,-0.0509503111243248,91.46673583984375,0.10689307749271393,0.02999758906662464,232.07899475097656,0,1540,8.08928066411181,2305843051853025674,124.981952626474,-13.73497464616676,main,backup,40667,105.544785,843.2949,1641.0775,0.07878724962427838
2M15135519+3122033,228.479985,31.367596,4928.09716796875,2.990069627761841,-0.9637112617492676,91.46673583984375,0.10689307749271393,0.04106918349862099,125.47200012207031,0,512,7.105863294983827,2305843018722185775,228.4799887972702,31.36757434216548,main,backup,9069,138.69225,1164.1946,861.0181,0.0788370564269718
2M19101495+2752216,287.562312,27.872686,4727.37548828125,2.557461738586426,-0.24320432543754578,91.46673583984375,0.10689307749271393,0.031052788719534874,142.04299926757812,0,0,0.8031930420696016,2305843024384546128,287.5622972883389,27.87266833921026,main,backup,14470,64.17541,565.5696,609.2852,0.07895679055144687
2M00182495+6137095,4.603992,61.619328,4845.376953125,2.6160855293273926,-0.16665437817573547,91.46673583984375,0.10689307749271393,0.03138742968440056,228.93800354003906,0,0,0.7573998025416447,2305843012414161685,4.60403435999973,61.61931896834921,special,backup,3053,1.8532574,16.561628,1200.073,0.07944375724568514
2M07203307+0633040,110.137814,6.551116,4942.84716796875,2.633535861968994,-0.44074174761772156,91.46673583984375,0.10689307749271393,0.03448837623000145,159.77000427246094,0,0,0.8086880276708829,2305843032613764615,110.1378017224465,6.551097608951206,main,backup,22319,123.185165,1061.9174,600.7573,0.07944564033749268
2M13004653-0230301,195.193914,-2.508387,3865.888671875,-0.1355571448802948,-1.718393325805664,91.46673583984375,0.10689307749271393,0.048937879502773285,264.5870056152344,0,0,0.8307387747333285,2305843036669616997,195.1938992601927,-2.508403446729399,main,backup,26186,149.9003,1036.9331,911.8637,0.07947285789075982
2M06154082+3301568,93.920123,33.032471,5239.7431640625,3.1497457027435303,-0.21178336441516876,91.46673583984375,0.10689307749271393,0.03301279619336128,157.97999572753906,0,0,0.8024297692355915,2305843034840896237,93.9201465337776,33.03246079298543,main,backup,24442,12.910116,105.28004,600.0408,0.07996936058977623
2M15580638+2659204,239.526616,26.989017,4174.54541015625,0.046272844076156616,-2.563417911529541,91.46673583984375,0.10689307749271393,0.07122869789600372,321.2049865722656,704,0,7.481066123962191,2305843019019979019,239.5266307736285,26.98899906819855,main,backup,9354,85.71766,874.4152,607.25,0.08008349145485326
2M06394668+3350236,99.944517,33.839901,5148.45166015625,3.0891828536987305,-0.15751595795154572,91.46673583984375,0.10689307749271393,0.03169992193579674,133.09500122070312,0,4,2.4223262972001427,2305843016201431696,99.94453845041312,33.83991456060263,main,backup,6667,142.99615,1345.6241,780.0852,0.08060485710178465
2M04002987+7908041,60.124482,79.134483,4645.25341796875,2.4063398838043213,-0.2344941645860672,91.46673583984375,0.10689307749271393,0.03132788836956024,260.5150146484375,0,512,6.984509743489401,2305843013353493925,60.12459276392207,79.13449111135347,main,backup,3949,21.771608,197.28743,1202.6533,0.08063894026464972
2M06205538+3211467,95.23075,32.196323,4803.41845703125,2.687825918197632,-0.20139726996421814,91.46673583984375,0.10689307749271393,0.03067479468882084,123.23400115966797,0,1536,8.152988654040204,2305843034832549109,95.23077603302228,32.1963187885785,main,backup,24435,16.448833,142.68335,600.0408,0.08074364542661207
2M06223026+3252522,95.626106,32.881184,5058.2568359375,2.7164535522460938,-0.5368697643280029,91.46673583984375,0.10689307749271393,0.03646790608763695,176.2790069580078,0,512,7.049086521805045,2305843034845126275,95.62608892434127,32.88116665224302,main,backup,24444,30.94021,262.11182,600.0408,0.08102666707125293
2M11433930-1329039,175.913766,-13.484425,5029.1552734375,2.9560813903808594,-0.33188799023628235,91.46673583984375,0.10689307749271393,0.0322079211473465,54.7682991027832,2176,2048,16.213972882455,2305843035830751022,175.9137430246133,-13.48442786112851,main,backup,25387,102.84557,751.4466,1208.196,0.0810881479049597
2M11464111-0112394,176.671313,-1.210966,4315.66796875,1.7337615489959717,-0.7920109629631042,91.46673583984375,0.10689307749271393,0.03496455401182175,77.74870300292969,0,512,7.122716060849134,2305843037483314188,176.6712939197595,-1.210978069396903,main,backup,26962,192.21344,1140.6893,602.0572,0.08126463302715654
2M13243514-0131334,201.146424,-1.525967,4814.8798828125,2.628631591796875,-0.9339464902877808,91.46673583984375,0.10689307749271393,0.03947548568248749,89.63330078125,0,0,0.8909388844275112,2305843036317288466,201.1464319340619,-1.52594583119642,main,backup,25851,123.111694,916.1769,831.13,0.0813809396825479
2M08122460-1259230,123.102538,-12.989725,4996.1669921875,3.098421096801758,-0.014072541147470474,91.46673583984375,0.10689307749271393,0.029656540602445602,141.6199951171875,0,0,0.7965079577717257,2305843051878209696,123.1025327305136,-12.98970293910192,main,backup,40690,5.885654,36.74315,1641.0775,0.08154200881370813
2M06483853+2654037,102.160581,26.901041,4921.22021484375,2.9494662284851074,-0.08252472430467606,91.46673583984375,0.10689307749271393,0.030487800016999245,176.01800537109375,0,3072,8.809467043345284,2305843034434112330,102.1605585743361,26.90103017851865,main,backup,24054,134.68784,1247.5278,600.0386,0.08186048472460089
2M06504424+2658242,102.684334,26.973415,4840.6923828125,2.6131203174591064,-0.10569900274276733,91.46673583984375,0.10689307749271393,0.029838252812623978,126.33999633789062,0,2052,8.435806242894879,2305843034434098516,102.6843116815651,26.97340389743444,main,backup,24052,135.51237,1219.3451,600.0386,0.08200589730446912
2M12445874-0259373,191.24475,-2.993703,5196.98779296875,3.4216511249542236,-0.5119054317474365,91.46673583984375,0.10689307749271393,0.03618950396776199,133.40499877929688,0,512,7.075381229335867,2305843036644450330,191.24473288387,-2.993687936476098,main,backup,26163,103.40827,775.5833,1119.414,0.08201939237392561
2M15132133+0158253,228.338901,1.973717,4422.50634765625,1.855343222618103,-0.9788929224014282,91.46673583984375,0.10689307749271393,0.03835130110383034,103.875,0,0,0.8707232154362761,2305843042155811365,228.3389204357006,1.973728942443054,main,backup,31418,119.729965,744.76624,1210.8995,0.08208634111046903
2M11093430-0450383,167.39293,-4.843988,4800.2294921875,2.649845600128174,-0.313698410987854,91.46673583984375,0.10689307749271393,0.031635645776987076,101.40299987792969,0,0,0.8395302544948763,2305843037437169318,167.3929471668844,-4.843972911470023,main,backup,26916,139.45445,1010.3713,799.5482,0.08211348763265634
2M11285511+0419185,172.229661,4.32182,4986.39990234375,2.688852310180664,-0.590192437171936,91.46673583984375,0.10689307749271393,0.037171587347984314,223.45899963378906,0,0,0.7887322570547943,2305843037621723654,172.2296630686843,4.32184273221715,main,backup,27094,164.4805,1081.6512,722.1162,0.08217222570528984
2M15162397+0054244,229.099888,0.906783,5204.36279296875,3.206772804260254,-0.4177946150302887,91.46673583984375,0.10689307749271393,0.03483336418867111,119.43800354003906,0,4612,9.275930618188049,2305843042134795560,229.0999030081337,0.9067657704866996,main,backup,31399,130.11473,1143.4146,1747.8756,0.08225379979007247
2M11502301-1148594,177.595884,-11.8165,4939.95703125,2.9888153076171875,-0.4004870057106018,91.46673583984375,0.10689307749271393,0.03446028381586075,195.67599487304688,0,1536,8.125977021147293,2305843035847527450,177.5959000616759,-11.81648333450142,main,backup,25402,119.3031,799.91486,1621.9397,0.0824783699126884
2M03221225+8019452,50.551048,80.329231,4650.236328125,2.3688158988952637,-0.5623471736907959,91.46673583984375,0.10689307749271393,0.034079667180776596,114.20500183105469,0,4,2.4494085581346865,2305843013445755976,50.550948273431,80.32924663695259,main,backup,4036,12.640611,116.90609,1202.6533,0.0824995032917758
2M00321871+5604376,8.077959,56.077114,4872.88330078125,2.694326877593994,-0.2810077965259552,91.46673583984375,0.10689307749271393,0.0327971950173378,258.5159912109375,0,0,0.7523477690954653,2305843012330156983,8.077942347076032,56.07713495238883,special,backup,2974,84.185425,757.99854,1200.0854,0.08251571344985073
2M16290937-0012337,247.289067,-0.209379,4643.35986328125,2.439073324203491,-0.600884199142456,91.46673583984375,0.10689307749271393,0.034594736993312836,119.38999938964844,0,0,0.8381436645747107,2305843041690238858,247.2890499772473,-0.2093943567487092,main,backup,30975,115.20783,1035.7684,224.2457,0.0825334818290565
2M16073933+2446066,241.91389,24.768524,4825.9423828125,2.5564351081848145,-0.24981294572353363,91.46673583984375,0.10689307749271393,0.0317402146756649,159.66099548339844,0,0,0.7950150470803522,2305843019011592054,241.9138738177676,24.76850639715733,main,backup,9344,57.895657,474.55383,605.4429,0.08254618424614237
2M19114008+2723025,287.917036,27.38405,4809.498046875,2.6249818801879883,-0.4450541138648987,91.46673583984375,0.10689307749271393,0.03347667306661606,123.50800323486328,0,516,7.077232866552406,2305843024384755635,287.9170177373244,27.38406630736918,main,backup,14470,49.806038,451.06406,609.2852,0.08279187237559082
2M15185896-0034018,229.745683,-0.567187,4855.84130859375,2.93475341796875,-0.24778300523757935,91.46673583984375,0.10689307749271393,0.031317051500082016,116.98699951171875,0,0,0.8237714394196112,2305843042134792562,229.7456936301701,-0.5672075526986959,main,backup,31396,136.2997,1203.5085,1747.8756,0.08329958673777829
2M16070293+2408051,241.762221,24.134768,4964.67333984375,3.226276159286499,-0.2191592901945114,91.46673583984375,0.10689307749271393,0.030865689739584923,69.45890045166016,2176,4,10.168210092011742,2305843018202088373,241.7621970663563,24.13477574847035,main,backup,8575,43.085037,359.31177,605.4429,0.08343076566323523
2M11030152-0628094,165.756337,-6.469303,4778.1044921875,2.2448387145996094,-0.5613343715667725,91.46673583984375,0.10689307749271393,0.034403517842292786,96.8759994506836,0,2560,8.706044165230844,2305843037432979754,165.7563341982648,-6.469326011163695,main,backup,26912,123.891884,937.43787,1810.4094,0.08344422010943547
2M16385161-0017241,249.715052,-0.290054,5020.384765625,3.0817692279815674,-0.3523349463939667,91.46673583984375,0.10689307749271393,0.033240724354982376,120.27100372314453,0,0,0.8306444740309497,2305843041870578089,249.7150287301033,-0.2900548392705711,main,backup,31145,73.866936,676.5801,224.2457,0.08382502308574946
2M12294589-0259519,187.441225,-2.997763,4131.59033203125,1.3467750549316406,-0.574425995349884,91.46673583984375,0.10689307749271393,0.032168544828891754,127.24299621582031,0,1024,7.752141554897156,2305843036732535809,187.4412474915039,-2.997769245814403,main,backup,26244,138.2902,1103.9131,1052.3633,0.08392667945777534
2M06163269+3213159,94.136238,32.221104,4937.66455078125,2.5371599197387695,-0.44455960392951965,91.46673583984375,0.10689307749271393,0.03435179218649864,147.7550048828125,0,1024,7.748220409887789,2305843034840920633,94.13624779291716,32.22108219876647,main,backup,24440,19.006382,160.59024,600.0408,0.08396040740887348
2M11211220+5217482,170.300839,52.296749,5067.92431640625,3.337935209274292,-0.2608790099620819,91.46673583984375,0.10689307749271393,0.033394575119018555,207.85699462890625,0,512,7.017327369007419,2305843015467405738,170.3008691223486,52.29673467816269,sv2,backup,5964,46.12503,383.41464,139.7048,0.0840030968974406
2M12133108+0404407,183.37952,4.077973,4993.27685546875,3.012880325317383,-0.5169348120689392,91.46673583984375,0.10689307749271393,0.035613175481557846,155.29800415039062,0,2048,8.44224020524309,2305843038221508127,183.3794966062854,4.077972096602875,main,backup,27667,111.609406,926.0814,259.5307,0.08406708251879325
2M15201415+0112117,230.058988,1.203265,4967.16455078125,3.432258129119873,0.3261125981807709,91.46673583984375,0.10689307749271393,0.026260586455464363,141.2519989013672,0,1540,8.119973381499458,2305843042147386751,230.0590107687556,1.203259350063321,main,backup,31410,154.15953,1314.8821,1747.8756,0.08443588054033563
2M12281218+2511099,187.050784,25.186092,5414.1533203125,2.7197608947753906,-1.113342523574829,91.46673583984375,0.10689307749271393,0.046146027743816376,124.28900146484375,0,4,2.5013493695056064,2305843038716432170,187.0507689827874,25.1861111295962,main,backup,28139,124.22456,1115.9148,483.4626,0.08447481110135277
2M12312873+5714190,187.869742,57.238632,5118.45361328125,2.7279727458953857,-0.84865403175354,91.46673583984375,0.10689307749271393,0.04100716859102249,166.83999633789062,0,0,0.8369783570680801,2305843020945169901,187.8697088579263,57.23861668278367,main,backup,11189,163.93976,1400.7826,264.8036,0.08490698913632047
2M13440511-0051295,206.021328,-0.858222,4666.2822265625,2.696265935897827,0.07819793373346329,91.46673583984375,0.10689307749271393,0.028155190870165825,335.7919921875,0,3072,8.733482592285162,2305843036493455466,206.0213113700654,-0.8582052383586746,main,backup,26017,120.95406,728.95935,604.758,0.08499700650569827
2M19144293+2704138,288.678875,27.070526,4766.044921875,2.8976857662200928,0.033333659172058105,91.46673583984375,0.10689307749271393,0.028204962611198425,131.2740020751953,0,512,7.037056730178356,2305843024384884325,288.6788914406626,27.07050745535188,main,backup,14469,46.587048,418.23926,609.2852,0.08505605622908445
2M15142708+3127034,228.612857,31.450972,4759.56689453125,2.5401253700256348,-0.31927648186683655,91.46673583984375,0.10689307749271393,0.03227453678846359,161.3459930419922,0,516,7.0446862031207385,2305843018722182554,228.6128758310496,31.45095462608445,main,backup,9069,123.60393,1045.1328,861.0181,0.08518560658653752
2M14254853-0542335,216.452213,-5.709323,4682.82666015625,2.5503902435302734,-0.6000033617019653,91.46673583984375,0.10689307749271393,0.03497493267059326,135.2050018310547,0,0,0.8277021780283783,2305843036342470548,216.4522113346757,-5.709299394586777,main,backup,25875,20.047676,127.24918,603.0247,0.08518861216817657
2M11472999-1041572,176.874972,-10.699234,5324.45654296875,2.522447109222412,-1.1182920932769775,91.46673583984375,0.10689307749271393,0.04545479267835617,106.46800231933594,0,0,0.9037982747459491,2305843035939806784,176.8749865270252,-10.69925288868118,main,backup,25490,162.61504,1124.0453,1621.9397,0.08523283812899167
2M15120404+3138417,228.01685,31.644917,5043.30712890625,2.385011672973633,-2.0799758434295654,91.46673583984375,0.10689307749271393,0.06379413604736328,122.48699951171875,64,0,5.155987988186768,2305843018722191508,228.0168233789617,31.64491011090124,main,backup,9071,111.82379,916.4716,861.0181,0.08527269668856584
2M11330839+0251010,173.28496,2.850283,4436.26025390625,1.614574670791626,-1.1114665269851685,91.46673583984375,0.10689307749271393,0.041676294058561325,187.14999389648438,0,2052,8.45595856524762,2305843037525247553,173.2849641472566,2.85025967270123,main,backup,27003,154.50334,1029.0089,722.1162,0.08529189985119846
2M03143056+0031040,48.627351,0.517789,3982.494384765625,1.01578950881958,-0.3569653630256653,91.46673583984375,0.10689307749271393,0.028914103284478188,102.15899658203125,0,4612,9.26182068096073,2305843033544851663,48.62737451647683,0.5177859414442896,main,backup,23207,105.99147,671.67993,604.0785,0.08536891874470531
2M06191785+3241491,94.824396,32.696976,4977.9287109375,3.316493034362793,0.2646598815917969,91.46673583984375,0.10689307749271393,0.026762139052152634,132.03900146484375,0,1540,8.129176924043673,2305843034840923832,94.82439097885754,32.69695266171425,main,backup,24441,16.332504,140.3533,600.0408,0.08538379947029398
2M15183268-0026463,229.636188,-0.446217,4449.81396484375,2.3325464725494385,-0.1638234406709671,91.46673583984375,0.10689307749271393,0.02979668602347374,328.0360107421875,0,0,0.7136103365213279,2305843042134786921,229.6361649504925,-0.446211255650061,main,backup,31396,133.13954,1189.2744,1747.8756,0.08551384034158863
2M10125506+0126277,153.229441,1.441041,4711.4296875,2.6342203617095947,-0.24490085244178772,91.46673583984375,0.10689307749271393,0.031381756067276,172.9510040283203,0,0,0.7852750393804814,2305843037789489340,153.2294321081067,1.441063113183345,main,backup,27252,116.06216,877.7082,370.0134,0.08579855459107018
2M14234500+4946024,215.937506,49.767349,4576.38623046875,2.5924763679504395,0.11213076114654541,91.46673583984375,0.10689307749271393,0.027505718171596527,241.31199645996094,384,512,12.92626878297555,2305843020450238396,215.937489822113,49.76732754289034,main,backup,10717,85.50159,799.1635,1489.8538,0.08591813102776856
2M15154227+0043220,228.926164,0.722802,4540.10888671875,2.103639602661133,-0.39132189750671387,91.46673583984375,0.10689307749271393,0.03255320340394974,190.54200744628906,0,512,7.021774774126614,2305843042134795608,228.9261449786205,0.722787580807331,main,backup,31399,128.30873,1132.3821,1747.8756,0.08592381923179278
2M12123364+3902383,183.140186,39.043999,4241.7177734375,0.9284240007400513,-1.532109022140503,91.46673583984375,0.10689307749271393,0.04535994678735733,63.042198181152344,2176,2052,16.267849617319456,2305843020655760081,183.1401559966575,39.04399364821006,main,backup,10912,111.59307,1075.3944,859.2914,0.08607289041922656
2M11523314-1021245,178.138119,-10.356821,4886.13916015625,3.428152322769165,-0.17273378372192383,91.46673583984375,0.10689307749271393,0.031099282205104828,157.17599487304688,0,0,0.7933692069502272,2305843035943995661,178.1380991152527,-10.35680720825572,main,backup,25492,149.60002,972.6338,1621.9397,0.08616236871687293
2M12200760+2531481,185.031681,25.530043,5519.0986328125,3.926093578338623,0.17192824184894562,91.46673583984375,0.10689307749271393,0.02962586283683777,141.41700744628906,0,512,7.03677284313482,2305843039077139176,185.0316751964757,25.53001958789851,main,backup,28482,141.7579,1282.7101,483.4626,0.0863663375368745
2M11160403-0018540,169.016801,-0.315025,4506.0244140625,1.559600591659546,-1.6810733079910278,91.46673583984375,0.10689307749271393,0.05193707346916199,175.85000610351562,0,516,7.134441673233713,2305843037462342055,169.0167784811438,-0.3150166542760272,main,backup,26943,94.73522,767.684,363.2027,0.0864550821806434
2M06192908+3220487,94.871194,32.346886,5088.35498046875,3.4023759365081787,-0.4189567267894745,91.46673583984375,0.10689307749271393,0.03541948273777962,200.1479949951172,0,512,7.0312127921919245,2305843034840925457,94.8711765332306,32.34686690287892,main,backup,24441,0.3085265,2.6768954,600.0408,0.08688240117836392
2M00270668+5020342,6.777865,50.342838,4530.2421875,2.151428461074829,0.012158534489572048,91.46673583984375,0.10689307749271393,0.027708416804671288,144.74400329589844,0,512,7.024876387528312,2305843012128823256,6.777900953569997,50.34284548438937,special,backup,2782,212.46355,1920.1262,835.9787,0.08688632237826566
2M06203863+3332577,95.160975,33.549374,4731.2626953125,2.6295440196990967,-0.20882180333137512,91.46673583984375,0.10689307749271393,0.03088022768497467,157.66900634765625,0,4,2.401400646120517,2305843034845138693,95.16096877430766,33.54935038453906,main,backup,24444,19.0367,155.91096,600.0408,0.08704343590375734
2M06305675+3414052,97.736498,34.234802,4580.47216796875,2.139908790588379,-0.06477764993906021,91.46673583984375,0.10689307749271393,0.029083680361509323,183.69200134277344,0,512,7.008068915368561,2305843016226605769,97.73646951039592,34.23479651158348,main,backup,6690,110.9924,1017.1771,780.0852,0.08706408974071513
2M16334311-0022131,248.429635,-0.370308,5158.119140625,3.6282033920288086,0.10622167587280273,91.46673583984375,0.10689307749271393,0.029600614681839943,190.95599365234375,0,0,0.7665200852020477,2305843041870548993,248.4296474146856,-0.3703288483881054,main,backup,31146,115.793045,1075.1483,224.2457,0.0873527421167513
2M15193208+0025293,229.883704,0.424806,4736.943359375,2.2720978260040283,-0.779137134552002,91.46673583984375,0.10689307749271393,0.03728647157549858,114.74099731445312,0,1028,7.791883228811344,2305843042134802434,229.8837098518308,0.42478241211269,main,backup,31397,132.6781,1178.8527,1747.8756,0.08749040450868463
2M09245887+2737004,141.24531,27.616791,4577.78173828125,2.5453717708587646,0.07280796021223068,91.46673583984375,0.10689307749271393,0.02788844332098961,316.0889892578125,0,512,6.948043442402312,2305843014385273907,141.245292585107,27.61677215133609,main,backup,4934,117.68125,776.4064,348.6832,0.08769388672482308
2M13082769+5801201,197.115398,58.022263,4563.72900390625,1.6700050830841064,-1.5668349266052246,91.46673583984375,0.10689307749271393,0.049288224428892136,134.48399353027344,0,0,0.8997993980989107,2305843020882255347,197.1153631229114,58.02224703665104,main,backup,11131,104.26202,751.894,603.2509,0.08788644621888084
2M11444539+5601203,176.189135,56.022331,4840.1943359375,2.6909050941467285,-0.4999939203262329,91.46673583984375,0.10689307749271393,0.033947572112083435,98.58149719238281,0,0,0.8538838493390647,2305843015509352534,176.1891781952557,56.02232703204433,main,backup,6004,115.72761,1047.6399,601.0594,0.08807203444334585
2M12015273-0002112,180.469739,-0.036472,4824.34814453125,2.5380725860595703,-0.8770686388015747,91.46673583984375,0.10689307749271393,0.038410790264606476,69.84040069580078,2176,0,8.595957692028625,2305843036770274983,180.4697386397049,-0.0364474161674054,main,backup,26282,159.86131,974.4552,609.2456,0.08851130155251892
2M12040305-0007524,181.012749,-0.131229,4896.90234375,3.165713310241699,-0.29992803931236267,91.46673583984375,0.10689307749271393,0.03289172053337097,182.1439971923828,0,0,0.7876749577301828,2305843036770272601,181.0127724355257,-0.1312366292522506,main,backup,26282,168.09381,1047.5056,609.2456,0.08872568447211021
2M15182534+0222147,229.605594,2.370767,4816.27490234375,2.436906337738037,-0.8688007593154907,91.46673583984375,0.10689307749271393,0.0382857546210289,71.94760131835938,0,2048,8.531805408414481,2305843042155803636,229.6055778747814,2.370748320097916,main,backup,31417,106.89511,635.1166,1210.8995,0.0888052569454456
2M14224612-0505020,215.692208,-5.083911,4811.89013671875,2.308138847351074,-1.2576014995574951,91.46673583984375,0.10689307749271393,0.04469718039035797,100.91000366210938,0,4,2.514758430104217,2305843036350845261,215.6922124200387,-5.083886695330423,main,backup,25881,22.36125,148.08446,603.0247,0.08892075008543206
2M16001659+2924419,240.069137,29.411655,5014.10595703125,3.584406614303589,0.2961609959602356,91.46673583984375,0.10689307749271393,0.02613556943833828,86.92749786376953,0,0,0.8272702148891208,2305843019049342712,240.0691243872477,29.41163283647207,main,backup,9380,107.37051,951.11285,1214.3202,0.089054667428572
2M08121674-1329221,123.069753,-13.489488,4761.16162109375,3.0069496631622314,0.41341087222099304,91.46673583984375,0.10689307749271393,0.02539496310055256,284.9729919433594,8,0,2.9028532819752204,2305843051878166951,123.0697641890143,-13.48951026929264,main,backup,40690,119.79339,1005.7877,1641.0775,0.08922650519776762
2M11543400-1237379,178.641695,-12.62722,4877.16943359375,3.1007022857666016,-0.09531624615192413,91.46673583984375,0.10689307749271393,0.030736202374100685,227.281005859375,0,4,2.364304815509311,2305843035847537406,178.6416721228564,-12.62723080270979,main,backup,25400,123.22999,779.1266,1205.802,0.08928081379587448
2M08182782-1427105,124.615941,-14.452922,5025.8662109375,2.903046131134033,-0.3513074219226837,91.46673583984375,0.10689307749271393,0.03317596763372421,114.36499786376953,384,0,6.788556699186268,2305843051853005209,124.6159180632051,-14.45293332441305,main,backup,40666,105.02271,846.1402,1207.6409,0.08975248775633568
2M06313652+3337493,97.90217,33.630375,4750.39794921875,2.5275793075561523,-1.0594725608825684e-05,91.46673583984375,0.10689307749271393,0.029246976599097252,246.32000732421875,0,0,0.7394102019608767,2305843016226634221,97.90219763878385,33.63036540102932,main,backup,6688,96.99697,915.3297,780.0852,0.08976425875418614
2M14314454+0907432,217.935616,9.128684,4843.18408203125,3.240647077560425,0.2800244688987732,91.46673583984375,0.10689307749271393,0.026863398030400276,230.49099731445312,0,0,0.7341065181198998,2305843017975597982,217.9356068113092,9.12866075189745,main,backup,8356,114.11589,1017.64655,601.0638,0.08984009812593313
2M14253884+5102505,216.411838,51.047367,4951.6171875,3.539583206176758,-0.15275749564170837,91.46673583984375,0.10689307749271393,0.030893893912434578,136.46400451660156,0,4,2.4158147986420286,2305843021167467546,216.4118776007156,51.04736876929109,main,backup,11400,129.4804,1174.7731,864.7951,0.08985195489044356
2M14505934+3711329,222.747264,37.192486,4923.5126953125,2.5100150108337402,-0.8246007561683655,91.46673583984375,0.10689307749271393,0.039128102362155914,133.8470001220703,0,512,7.089745903047162,2305843018856407346,222.7472582455309,37.19246145469749,main,backup,9197,86.95077,728.3544,603.9982,0.08989089102491359
2M15152819+0153131,228.86748,1.886976,4649.23974609375,2.4192278385162354,-0.6886910200119019,91.46673583984375,0.10689307749271393,0.03585737198591232,128.01800537109375,0,0,0.8375352892112347,2305843042155773850,228.8674924450613,1.88695434089031,main,backup,31416,97.68624,602.8976,1210.8995,0.08991562372959735
2M00305519+5606231,7.729969,56.106441,5217.5185546875,3.6084721088409424,-0.38666075468063354,91.46673583984375,0.10689307749271393,0.03479297459125519,140.71200561523438,0,4,2.432266724917088,2305843012355323127,7.729924867863019,56.10644544626003,special,backup,2996,107.145256,965.7917,1200.0854,0.09003162048839587
2M11482506-1020203,177.104425,-10.338991,4892.31787109375,3.2050621509552,-0.11821537464857101,91.46673583984375,0.10689307749271393,0.03104475699365139,261.75201416015625,0,0,0.742346343822309,2305843035939803945,177.1044069625682,-10.33900862728936,main,backup,25491,157.12785,1061.5813,1621.9397,0.09004252292169657
2M18144653+0012212,273.693896,0.205891,4661.79736328125,2.331063985824585,0.14823444187641144,91.46673583984375,0.10689307749271393,0.026593122631311417,116.95899963378906,0,516,7.048218403725188,2305843041061309625,273.6938882400691,0.2058671471883974,main,backup,30374,31.99317,280.35538,1816.2953,0.09029991103866077
2M14584926+3031202,224.705278,30.522293,5002.146484375,3.6585421562194824,0.33106759190559387,91.46673583984375,0.10689307749271393,0.026941444724798203,311.68499755859375,0,4,2.3138691338333817,2305843018810266028,224.705251660022,30.52228216117889,main,backup,9152,97.71907,822.98663,816.5551,0.09052552587899595
2M00371537+5516407,9.314054,55.277985,4998.658203125,2.6590840816497803,-0.5347025394439697,91.46673583984375,0.10689307749271393,0.03557587042450905,134.3520050048828,0,0,0.8313350955750779,2305843012330211772,9.314071140542808,55.27800822350613,special,backup,2974,67.24743,631.57214,5400.366,0.09069219192373407
2M06473762+2757538,101.906773,27.964972,4849.9609375,2.584036350250244,-0.17491024732589722,91.46673583984375,0.10689307749271393,0.03147580474615097,198.2310028076172,0,512,7.012451998334905,2305843034442487310,101.9067808097088,27.96499626832313,main,backup,24060,120.2722,1132.8486,600.0386,0.09082645139975791
2M16021369+2921272,240.557055,29.357578,4700.06787109375,2.4584624767303467,-0.7572910785675049,91.46673583984375,0.10689307749271393,0.03756812587380409,166.94500732421875,0,0,0.8197205969187966,2305843019049337044,240.5570442487929,29.35760143547076,main,backup,9380,127.3898,1118.7338,1214.3202,0.09086186323339583
2M08174594-1343392,124.441431,-13.727577,4776.01123046875,2.688509941101074,-0.3524945378303528,91.46673583984375,0.10689307749271393,0.03271667659282684,160.5240020751953,0,512,7.039637479402709,2305843051878232380,124.4414408922102,-13.72760035597886,main,backup,40689,109.10487,897.0568,1641.0775,0.09092027236123133
2M11514815+0021462,177.950625,0.362855,4881.85302734375,2.683947801589966,-0.8012048602104187,91.46673583984375,0.10689307749271393,0.03775933012366295,78.05039978027344,0,516,7.14407458942744,2305843037487508550,177.9506109764675,0.3628339884655369,main,backup,26966,163.65129,1143.6295,1362.5328,0.09094088523722012
2M06203062+3219374,95.12761,32.32708,4916.5361328125,2.744739055633545,-0.1404610425233841,91.46673583984375,0.10689307749271393,0.03138623759150505,248.7830047607422,0,1536,8.086703301892818,2305843034840928356,95.1275837019358,32.32709211754212,main,backup,24441,15.322612,132.75302,600.0408,0.09112031298513021
2M06474268+2721123,101.927841,27.35342,5068.02392578125,2.930305242538452,-0.1870703250169754,91.46673583984375,0.10689307749271393,0.03182201087474823,142.89500427246094,0,512,7.046721136277418,2305843034434065871,101.927842812891,27.3533947131517,main,backup,24054,142.29503,1330.4349,600.0386,0.09121702491073169
2M11485218+5556256,177.217455,55.940449,4873.8798828125,2.881946086883545,-0.36963146924972534,91.46673583984375,0.10689307749271393,0.03310752287507057,142.83200073242188,0,0,0.8129166450795944,2305843015484184262,177.2174901889247,55.94043307417751,main,backup,5982,95.41863,866.0264,601.0594,0.09121761515896448
2M00334054+5450138,8.418951,54.837181,4779.79833984375,2.6277191638946533,0.10349320620298386,91.46673583984375,0.10689307749271393,0.02783261425793171,155.28799438476562,0,0,0.7782366553735777,2305843012325929544,8.418919023986575,54.83716348108532,special,backup,2971,122.607445,1178.6407,5400.366,0.09150138485405299
2M12235401+5711297,185.975052,57.191589,4900.59033203125,2.58734393119812,-0.9038527607917786,91.46673583984375,0.10689307749271393,0.04120602458715439,204.11199951171875,0,0,0.817918132428523,2305843020945167585,185.9750081964181,57.19159832856977,main,backup,11190,114.3098,963.1622,264.8036,0.09180583411281364
2M12225301-0022280,185.7209,-0.374468,5643.57763671875,3.32607364654541,-0.9223113059997559,91.46673583984375,0.10689307749271393,0.043744057416915894,104.37200164794922,64,70148,16.22997831745706,2305843036740919672,185.7208977164524,-0.3744934431346105,main,backup,26255,113.27795,754.4332,602.914,0.09196344031219418
2M16040414+2657435,241.017252,26.962095,5553.78125,3.3374791145324707,-1.090161681175232,91.46673583984375,0.10689307749271393,0.045345205813646317,62.16510009765625,2240,66564,19.777006128632834,2305843019019991785,241.0172309822879,26.96207754405051,main,backup,9353,84.951065,882.271,607.25,0.0921799682118837
2M13503845+2705185,207.660235,27.088486,4756.5771484375,2.7148566246032715,-0.5206612944602966,91.46673583984375,0.10689307749271393,0.03504948690533638,189.64500427246094,0,0,0.7944497526923923,2305843020026615887,207.6602251636664,27.08851007669932,main,backup,10313,134.10236,1141.5757,574.6556,0.09223156927833812
2M03332837+8027592,53.368238,80.466446,4778.1044921875,2.605820655822754,-0.03512340784072876,91.46673583984375,0.10689307749271393,0.028375310823321342,81.2676010131836,0,0,0.8451224444291408,2305843013445756782,53.36826967044021,80.46642091277769,main,backup,4036,17.94783,169.48346,1202.6533,0.09226704124992952
2M06153403+3302399,93.891811,33.044434,4955.60400390625,2.746677875518799,-0.22577887773513794,91.46673583984375,0.10689307749271393,0.031977321952581406,157.60899353027344,0,4,2.4069239472596218,2305843034840896839,93.89184105218214,33.04442925089985,main,backup,24442,13.487922,109.75137,600.0408,0.09228573988353198
2M19161351+2652382,289.056329,26.877285,4544.9921875,2.3069984912872314,-0.021722683683037758,91.46673583984375,0.10689307749271393,0.027792761102318764,117.24800109863281,0,1536,8.14351676312598,2305843024384526593,289.0563097992283,26.87726589831506,main,backup,14469,33.488464,299.5854,609.2852,0.09235921425044728
2M06503212+2740309,102.633848,27.675268,4969.556640625,2.683149576187134,-0.1457974761724472,91.46673583984375,0.10689307749271393,0.031033730134367943,148.44700622558594,0,1536,8.136305834948022,2305843034434052361,102.633844223567,27.67524245842132,main,backup,24055,135.06726,1238.8596,600.0386,0.09273457238884407
2M03442280+8036504,56.095031,80.614006,4761.06201171875,2.7968616485595703,-0.3798898756504059,91.46673583984375,0.10689307749271393,0.03245365247130394,119.58399963378906,0,0,0.827277228505256,2305843013445755460,56.09491498653074,80.61398845856098,main,backup,4037,19.212963,183.07416,1202.6533,0.0928821183015949
2M08142881-1446494,123.62008,-14.780391,4423.0048828125,1.9956302642822266,0.010957157239317894,91.46673583984375,0.10689307749271393,0.027932556346058846,280.0679931640625,0,2048,8.34515389550311,2305843051840407613,123.620104641812,-14.78038103317798,main,backup,40655,101.787155,819.6901,1641.0775,0.09297737782443127
2M15170458+0114368,229.269096,1.24357,4452.50537109375,1.9224071502685547,-0.3893650770187378,91.46673583984375,0.10689307749271393,0.03228268027305603,334.375,0,512,6.964407942057331,2305843042155759285,229.2691195211236,1.243559229986285,main,backup,31416,133.4244,1154.2174,1747.8756,0.09311244445872942
2M00341966+5418283,8.581941,54.307884,4497.15380859375,2.32285213470459,0.2728089690208435,91.46673583984375,0.10689307749271393,0.025758830830454826,253.51499938964844,0,1028,7.655444539286994,2305843012325871354,8.581914719179451,54.3078630974266,special,backup,2970,198.76714,1892.9778,5400.366,0.09332396702767282
2M14205845-0528378,215.243547,-5.47718,4611.8662109375,1.9780657291412354,-1.0807212591171265,91.46673583984375,0.10689307749271393,0.041914939880371094,172.41700744628906,0,0,0.8382484116281936,2305843036350847772,215.2435720001203,-5.477187414499432,main,backup,25880,24.942833,165.50006,603.0247,0.0934813082366694
2M11460693+0144523,176.528913,1.747881,4806.208984375,2.8235504627227783,-0.6954783201217651,91.46673583984375,0.10689307749271393,0.03651851788163185,116.3489990234375,0,0,0.8503209765618176,2305843037495894589,176.5289375332434,1.747872303182777,main,backup,26974,95.90953,819.9378,602.1616,0.09366607196110033
2M12124919+0416315,183.204979,4.275422,4121.9228515625,1.1939424276351929,-0.8534768223762512,91.46673583984375,0.10689307749271393,0.03511417284607887,95.73390197753906,0,2052,8.489675514621505,2305843038221509496,183.2049749397158,4.275447722489713,main,backup,27667,97.15599,831.60004,259.5307,0.09374117678535727
2M14521864+4525455,223.077684,45.429333,4663.29248046875,2.401207208633423,-0.6696314811706543,91.46673583984375,0.10689307749271393,0.036686357110738754,234.27099609375,0,0,0.7816016094879781,2305843021033243217,223.077648690121,45.42932494440371,main,backup,11275,124.990364,1095.7169,369.2197,0.09380361644687804
2M15125343+0006356,228.222626,0.10989,4583.0634765625,2.4510488510131836,-0.33903393149375916,91.46673583984375,0.10689307749271393,0.032249439507722855,228.1739959716797,0,512,7.002318516826938,2305843042134806754,228.222600846134,0.1098829585267174,main,backup,31398,135.09482,1165.5165,1747.8756,0.09403493526847871
2M15062618+2555214,226.609085,25.922626,5203.8642578125,2.651670455932617,-1.942173719406128,91.46673583984375,0.10689307749271393,0.06153774634003639,115.50599670410156,64,67076,16.264121845655996,2305843018638307915,226.6090788014455,25.92260045258527,main,backup,8990,142.79424,1221.8677,1210.3293,0.09413499466443774
2M14532780+4137585,223.365868,41.632935,4801.02685546875,2.8480722904205322,-0.4049125611782074,91.46673583984375,0.10689307749271393,0.03395744040608406,312.06500244140625,0,0,0.7393897439752591,2305843020307634393,223.3658330539467,41.63293670523664,main,backup,10582,107.31042,974.52026,385.5524,0.0942294808654559
2M15133175-0030398,228.382316,-0.511083,4593.5283203125,1.4592326879501343,-1.635697841644287,91.46673583984375,0.10689307749271393,0.051420584321022034,165.572998046875,0,0,0.8898031839962166,2305843042130599485,228.3823224098609,-0.5110576050975322,main,backup,31395,124.38832,1074.3208,1747.8756,0.0942886747503535
2M16052000+2828199,241.33334,28.472202,4165.97412109375,0.3376128673553467,-2.203474521636963,91.46673583984375,0.10689307749271393,0.06007806956768036,138.7169952392578,640,0,7.413701539742986,2305843019024179705,241.3333149221154,28.4721878000005,main,backup,9358,85.678085,877.2499,607.25,0.09440019912752502
2M14213622-0537318,215.400958,-5.625527,4035.21630859375,1.228272795677185,0.1459500789642334,91.46673583984375,0.10689307749271393,0.02535773627460003,240.29299926757812,384,512,12.915950291263105,2305843036350845608,215.4009574289562,-5.62555322974495,main,backup,25880,26.830023,177.11926,603.0247,0.09444924198294938
2M20495391+3223102,312.474643,32.386181,4922.51611328125,2.7918431758880615,-0.02919122204184532,91.46673583984375,0.10689307749271393,0.029259314760565758,117.71499633789062,0,512,7.053143482191329,2305843023067576973,312.4746196832029,32.38616357865473,main,backup,13215,29.696774,278.60944,124.3918,0.09464651621642044
2M13464764+2708000,206.698505,27.133348,5005.13671875,3.3391900062561035,-0.32642894983291626,91.46673583984375,0.10689307749271393,0.033321578055620193,155.3419952392578,0,516,7.0536898026932935,2305843020026614821,206.6984764701431,27.13335494185787,main,backup,10312,143.51111,1228.9656,574.6556,0.09475903478770617
2M09215942+2711045,140.4976,27.184608,4552.66650390625,2.0096588134765625,-0.40902289748191833,91.46673583984375,0.10689307749271393,0.032933034002780914,320.5450134277344,0,512,6.971870887126656,2305843014389468387,140.4975727086482,27.18459770681687,main,backup,4937,97.96791,687.20374,348.6832,0.09492737023469454
2M14141036+0411326,213.543184,4.192411,4598.41162109375,2.4895994663238525,-0.2614249587059021,91.46673583984375,0.10689307749271393,0.03143682703375816,215.0399932861328,0,512,7.004157252270648,2305843036539585047,213.5431663890705,4.192391325000585,main,backup,26063,108.08187,837.6726,1203.8068,0.09494674135122057
2M14365161+0838070,219.215065,8.635287,4949.6240234375,2.764242172241211,-0.6710500717163086,91.46673583984375,0.10689307749271393,0.03809236362576485,204.85899353027344,0,0,0.8019863008258453,2305843017950436131,219.2150454302778,8.63526901497038,main,backup,8335,108.66441,1004.1297,601.0638,0.09509738064178606
2M14181701+0530349,214.570888,5.509722,4826.2412109375,2.8179616928100586,-0.8492751121520996,91.46673583984375,0.10689307749271393,0.03974497318267822,183.41299438476562,0,0,0.8212507145988794,2305843036577336477,214.5709139110551,5.509727792274875,main,backup,26097,98.01277,749.0333,1203.8068,0.09516154947904883
2M14145011+5318349,213.708796,53.309715,4886.13916015625,3.018925428390503,-0.6475167870521545,91.46673583984375,0.10689307749271393,0.03622330725193024,113.51899719238281,0,1536,8.188873833836508,2305843021192630462,213.7087518297285,53.30971318451068,main,backup,11427,109.682335,989.33887,601.7292,0.09523307359970042
2M00301154+5421511,7.548112,54.364208,4831.224609375,2.9931492805480957,0.002376966178417206,91.46673583984375,0.10689307749271393,0.029528435319662094,231.19900512695312,0,3584,8.931640077557661,2305843012325905970,7.548121700223874,54.36423385549377,special,backup,2970,205.6528,1997.9612,5400.366,0.0952774993336412
2M15193106-0039093,229.879427,-0.652591,4827.93603515625,2.676534414291382,-0.4762921929359436,91.46673583984375,0.10689307749271393,0.03360872343182564,98.70770263671875,0,0,0.8520629503424747,2305843042109637286,229.8794504550893,-0.6525786504404297,main,backup,31374,143.3996,1260.4484,1747.8756,0.095422512348754
2M11522802+5605545,178.116763,56.098473,4986.8984375,3.1840758323669434,-0.43595415353775024,91.46673583984375,0.10689307749271393,0.03422499820590019,129.7550048828125,0,0,0.8280360793778756,2305843015484183846,178.1168021240036,56.09845786856786,main,backup,5983,105.49288,946.25323,601.0594,0.09559772117477089
2M11480774+5506389,177.032273,55.110817,5053.373046875,3.66823673248291,-0.5028783082962036,91.46673583984375,0.10689307749271393,0.036274947226047516,195.70700073242188,0,0,0.7974468309587157,2305843015484178523,177.032252147282,55.11079324492934,main,backup,5980,133.7216,1199.1718,601.0594,0.09569300670365083
2M11561757-1127585,179.073235,-11.466263,4936.8671875,2.235600471496582,-1.2099716663360596,91.46673583984375,0.10689307749271393,0.044491324573755264,93.06069946289062,0,0,0.9123062179809148,2305843035847528027,179.0732194540119,-11.46628486177132,main,backup,25403,157.31854,990.59314,1812.152,0.09592930719128893
2M14165762+0404050,214.240107,4.068057,4416.12841796875,1.9300488233566284,-0.67059725522995,91.46673583984375,0.10689307749271393,0.03554283082485199,288.6990051269531,0,2048,8.380180681697007,2305843036539589744,214.2401234878141,4.068077988213819,main,backup,26063,104.2416,837.07635,1203.8068,0.09599148736139593
2M11043970-0626287,166.165429,-6.441326,4909.1611328125,3.0145914554595947,-0.23126840591430664,91.46673583984375,0.10689307749271393,0.03173264116048813,148.26400756835938,0,512,7.042611017276759,2305843037432982771,166.1654179025692,-6.441301708876211,main,backup,26912,111.55603,823.0718,1810.4094,0.09603715846676382
2M06402681+3410127,100.111742,34.170197,4622.3310546875,2.2357144355773926,-0.1881466805934906,91.46673583984375,0.10689307749271393,0.030365826562047005,169.37100219726562,0,516,7.030317791213011,2305843016205600125,100.1117314592227,34.17017178549257,main,backup,6670,153.49352,1421.8906,780.0852,0.09604850694273472
2M08195190-1332364,124.966275,-13.543448,4796.7412109375,2.567270278930664,-1.1141648292541504,91.46673583984375,0.10689307749271393,0.04352426901459694,175.52999877929688,0,0,0.8445158888002259,2305843051853020342,124.9662655901101,-13.54347309866457,main,backup,40667,89.55635,717.3535,1641.0775,0.09617007575610613
2M11483902+0052331,177.162603,0.875879,4925.00732421875,3.226047992706299,-0.6831128001213074,91.46673583984375,0.10689307749271393,0.03694724291563034,118.31199645996094,0,0,0.8508056528609128,2305843037495887675,177.1626082617307,0.8758527011135201,main,backup,26972,154.17189,1043.8474,1362.5328,0.0965518906679749
2M14521743+4508436,223.072658,45.145466,5093.83642578125,2.6809825897216797,-0.8752005100250244,91.46673583984375,0.10689307749271393,0.041566263884305954,184.88600158691406,0,0,0.8295615867051451,2305843021033248171,223.0726954673937,45.14546133487605,main,backup,11274,118.56573,1012.6525,369.2197,0.0966049909911137
2M14230950-0445243,215.78961,-4.756755,5193.59912109375,3.3275563716888428,-0.3876338601112366,91.46673583984375,0.10689307749271393,0.03354372829198837,53.57379913330078,2176,65540,19.688141119262227,2305843036350847459,215.7896257664146,-4.756733069348893,main,backup,25881,22.255262,146.65707,603.0247,0.09712156120836529
2M14525336+3704472,223.222336,37.0798,4812.986328125,2.4169468879699707,-0.5547546148300171,91.46673583984375,0.10689307749271393,0.035885442048311234,224.7100067138672,0,512,7.022021579889265,2305843018856410020,223.2223238120537,37.07982518646483,main,backup,9197,120.40082,1010.0009,603.9982,0.09719363043359941
2M15163956+0022451,229.164874,0.379196,4521.47216796875,2.2099380493164062,-0.4045471251010895,91.46673583984375,0.10689307749271393,0.0327482596039772,389.4849853515625,0,1536,8.048833716080683,2305843042134798186,229.1648902614724,0.3791743739157483,main,backup,31399,2.2620857,20.671919,1747.8756,0.0974072073166384
2M13431377+2706400,205.807416,27.111116,5490.99365234375,3.791593551635742,0.08322179317474365,91.46673583984375,0.10689307749271393,0.03030841052532196,128.7010040283203,0,3072,8.839672057907814,2305843020026613278,205.8073962000136,27.1110954296202,main,backup,10314,160.19656,1331.084,574.6556,0.09751694058943478
2M12242300+2445121,186.095873,24.753363,4680.13525390625,2.296961784362793,-0.775337815284729,91.46673583984375,0.10689307749271393,0.037515316158533096,153.052001953125,0,2048,8.453198333383972,2305843038716433972,186.0958537872064,24.75334221280629,main,backup,28138,127.372284,1187.7623,483.4626,0.09770021701977692
2M16022711+2827141,240.612962,28.453943,5065.4326171875,3.5149476528167725,0.04185118153691292,91.46673583984375,0.10689307749271393,0.02881353534758091,94.59220123291016,0,0,0.8323021791669503,2305843019019994930,240.6129396139784,28.45396171070648,main,backup,9355,82.793076,852.6735,607.25,0.09776261697654272
2M08170361-1310218,124.265078,-13.172732,4971.1513671875,2.64813494682312,-0.7465084791183472,91.46673583984375,0.10689307749271393,0.039260074496269226,216.6820068359375,0,0,0.8022404675137368,2305843051878226156,124.2650835000828,-13.17275866178579,main,backup,40689,115.29567,958.4557,1641.0775,0.09789953062214898
2M13195663-0206319,199.985983,-2.108883,4776.908203125,2.189180374145508,-1.2817283868789673,91.46673583984375,0.10689307749271393,0.044248756021261215,63.33319854736328,2176,516,14.882825761733558,2305843036678009382,199.9859609325702,-2.108866990367491,main,backup,26192,131.28128,947.8678,1499.1041,0.09810382237661357
2M13400838-0057565,205.03493,-0.965715,4749.30126953125,2.395162343978882,-0.8234291076660156,91.46673583984375,0.10689307749271393,0.03755039721727371,87.14450073242188,0,4,2.4935357727603846,2305843036493450810,205.0349092527431,-0.9657327649651186,main,backup,26018,102.812164,873.4451,147.3667,0.09832155463751409
2M12130616+0555266,183.275686,5.92407,4873.78076171875,2.0993056297302246,-1.5364190340042114,91.46673583984375,0.10689307749271393,0.049778085201978683,85.52140045166016,0,0,0.9470948736653617,2305843038234092164,183.2756845672071,5.924042666248754,main,backup,27677,101.07091,874.1876,259.5307,0.09853516225207883
2M15131353-0017234,228.3064,-0.289842,4412.0419921875,1.4643652439117432,-1.4535584449768066,91.46673583984375,0.10689307749271393,0.04745485261082649,199.01699829101562,0,0,0.8516776540108392,2305843042134800037,228.3064157266016,-0.2898644061549507,main,backup,31398,128.40991,1111.0984,1747.8756,0.09854768700843249
2M15020710+3748188,225.52959,37.805237,5574.1123046875,2.8941497802734375,-1.080248475074768,91.46673583984375,0.10689307749271393,0.04592464864253998,98.66349792480469,64,0,5.088074190422144,2305843018860602270,225.5296208462207,37.80524963721998,main,backup,9203,110.47627,930.974,603.9982,0.09883114960080462
2M11432121-1354578,175.838414,-13.916079,5159.8134765625,3.597294807434082,-0.03833167627453804,91.46673583984375,0.10689307749271393,0.030206680297851562,112.802001953125,0,0,0.8218310165458467,2305843035830749418,175.8384036182011,-13.91610454689817,main,backup,25387,122.36167,887.81525,1208.196,0.09886517633656786
2M15163603-0046328,229.150135,-0.775805,4894.31103515625,2.842597484588623,-0.4594058394432068,91.46673583984375,0.10689307749271393,0.034612566232681274,167.9980010986328,0,4,2.4137556812899295,2305843042134788611,229.150147698148,-0.775780564950929,main,backup,31396,143.48479,1262.0452,1747.8756,0.09913311219271834
2M13102098-0252096,197.587447,-2.869337,4875.87353515625,2.895632743835449,-0.3641643524169922,91.46673583984375,0.10689307749271393,0.03347427025437355,175.56700134277344,0,516,7.042287810641505,2305843036665424269,197.587430813851,-2.869359306935776,main,backup,26182,87.985664,658.4265,1499.1041,0.09917554317404133
2M14571853+3755298,224.327212,37.924957,4684.42138671875,2.6276051998138428,-0.7547444701194763,91.46673583984375,0.10689307749271393,0.03794092312455177,287.7869873046875,0,0,0.7673793071991918,2305843018860603237,224.3271932520165,37.92493372385213,main,backup,9203,140.54585,1229.4253,603.9982,0.09927683234370607
2M15174813+0050050,229.450568,0.834747,5072.30908203125,2.506821632385254,-1.0902738571166992,91.46673583984375,0.10689307749271393,0.04494373872876167,188.73500061035156,0,512,7.084675328711991,2305843042134795273,229.450561419082,0.8347201885274064,main,backup,31399,131.78339,1162.5919,1747.8756,0.099385715331379
2M03421595+7931453,55.566475,79.529259,5637.69775390625,3.7586936950683594,-0.18910744786262512,91.46673583984375,0.10689307749271393,0.033518433570861816,100.97899627685547,64,5636,13.660853664904812,2305843013353476280,55.56634117498203,79.52927209950477,main,backup,3950,22.198124,204.70325,1202.6533,0.09944616297970499
2M14072397+5238347,211.849904,52.64299,4822.5537109375,2.6103830337524414,-1.139388084411621,91.46673583984375,0.10689307749271393,0.044503290206193924,206.81399536132812,0,2564,8.682809492376904,2305843020483795968,211.8499357680092,52.64297012034784,main,backup,10749,144.043,1305.2433,601.7292,0.09968632444319724
2M10123289+0310284,153.137059,3.174558,4833.01806640625,2.8054158687591553,-0.6389057040214539,91.46673583984375,0.10689307749271393,0.03633103147149086,146.92100524902344,0,0,0.826230945458079,2305843037789489053,153.1370821341744,3.174542701562662,main,backup,27255,104.13776,845.42816,240.0633,0.09973955313576616
2M06460527+2731449,101.521979,27.529165,4980.619140625,2.6804122924804688,-0.3839542865753174,91.46673583984375,0.10689307749271393,0.033219270408153534,102.83000183105469,0,512,7.0863403272123495,2305843034434062576,101.5219615771894,27.52918801085863,main,backup,24054,120.56718,1145.6218,600.0386,0.0997795003155084
2M15180398-0127222,229.516615,-1.456191,4478.41748046875,2.1947689056396484,-0.4043743908405304,91.46673583984375,0.10689307749271393,0.03153521940112114,117.24600219726562,0,512,7.064918846697878,2305843042105443657,229.5166160822157,-1.456218716231701,main,backup,31371,97.762985,836.70795,1747.8756,0.09985441776075753
2M12231252+5736047,185.802177,57.601318,4675.94970703125,2.58734393119812,-0.602506160736084,91.46673583984375,0.10689307749271393,0.03586610406637192,228.73199462890625,0,0,0.7798828078518739,2305843020945164408,185.80218431039,57.60134549589701,main,backup,11191,139.9303,1158.6521,264.8036,0.09998457541356569
2M06180753+3215207,94.531403,32.255775,4174.84423828125,1.3440378904342651,-0.29361528158187866,91.46673583984375,0.10689307749271393,0.03010508231818676,479.5459899902344,0,512,6.917552589496663,2305843034840930485,94.5314292521134,32.25575829998285,main,backup,24440,13.959286,119.65901,600.0408,0.10001024855197709
2M06142816+3243383,93.617337,32.727322,4560.3408203125,2.3826165199279785,0.30318504571914673,91.46673583984375,0.10689307749271393,0.024891361594200134,117.68399810791016,0,516,7.039096860576232,2305843034840909301,93.6173309467045,32.72729464954768,main,backup,24442,7.9644675,65.04005,600.0408,0.10015374133628846
2M19073386+2727204,286.891091,27.455671,4376.56201171875,1.5358772277832031,-0.5683910846710205,91.46673583984375,0.10689307749271393,0.03359079733490944,162.62600708007812,0,512,7.042715120339498,2305843024393134589,286.8910601831451,27.4556655881936,main,backup,14476,53.389153,473.98065,609.2852,0.10035448780069721
2M15210395+0008499,230.266496,0.14722,5340.80126953125,2.740062713623047,-1.026500940322876,91.46673583984375,0.10689307749271393,0.04368351399898529,86.75740051269531,64,5120,13.630695858237287,2305843042134807140,230.266499696921,0.1471923598921319,main,backup,31397,139.28175,1226.3302,1747.8756,0.10039048440811603
2M16374089+0025100,249.420407,0.419449,4883.84619140625,3.099447727203369,0.03847160190343857,91.46673583984375,0.10689307749271393,0.02935762330889702,310.19500732421875,0,0,0.7169897680530561,2305843041870552608,249.4204012407373,0.419421684289521,main,backup,31145,102.64615,940.906,224.2457,0.1004983938999683
2M00312365+5415585,7.848583,54.266251,4633.3935546875,2.258753538131714,-0.18498831987380981,91.46673583984375,0.10689307749271393,0.03073863498866558,276.21099853515625,0,3584,8.91997265999452,2305843012325900245,7.848538253372226,54.26624108537359,special,backup,2970,183.60556,1782.0835,5400.366,0.10062167432417829
2M13491887+2714335,207.328659,27.242666,5734.869140625,3.7488937377929688,-0.6846449375152588,91.46673583984375,0.10689307749271393,0.041000425815582275,135.72999572753906,64,5632,13.668229649556768,2305843020026619222,207.3286279325688,27.2426614570202,main,backup,10313,123.72466,1059.8344,574.6556,0.10077266723063777
2M10295131+3010515,157.463821,30.180988,4849.9609375,2.618708848953247,-0.25586840510368347,91.46673583984375,0.10689307749271393,0.03224993124604225,187.20199584960938,0,0,0.7817416994226203,2305843014783734515,157.4638316122221,30.1809614866342,main,backup,5312,125.20135,1175.1222,314.1,0.10100001218803581
2M16351177-0030436,248.799059,-0.512112,4881.654296875,2.931217670440674,-0.0874515250325203,91.46673583984375,0.10689307749271393,0.029605377465486526,109.03600311279297,0,1536,8.159777495935238,2305843041870593333,248.7990870821404,-0.5121118579100086,main,backup,31144,88.73144,822.66046,224.2457,0.10109296144210558
2M06342736+3310319,98.614038,33.175545,5023.17578125,3.1813387870788574,-0.035473622381687164,91.46673583984375,0.10689307749271393,0.029849985614418983,130.13499450683594,0,2048,8.430977974204165,2305843016226595398,98.61401785892748,33.175522529506,main,backup,6688,118.75381,1134.5331,780.0852,0.10112838705701356
2M12232597+2513027,185.858228,25.217434,5407.0771484375,3.145639657974243,-1.6613601446151733,91.46673583984375,0.10689307749271393,0.057450857013463974,155.58299255371094,64,69124,16.244198302855814,2305843039077144610,185.8582466627278,25.21741154810923,main,backup,28480,136.02557,1253.723,483.4626,0.1011312368239084
2M08144751-1231240,123.697967,-12.523359,4849.263671875,3.3458051681518555,0.44015616178512573,91.46673583984375,0.10689307749271393,0.0249160323292017,145.30999755859375,8,0,2.967475601207735,2305843051878237795,123.6979466458745,-12.52333903879059,main,backup,40691,93.014595,770.5359,1641.0775,0.10139360219703845
2M13473474+0058182,206.894789,0.971732,4829.03173828125,2.153367280960083,-1.1300760507583618,91.46673583984375,0.10689307749271393,0.04407643526792526,181.93099975585938,0,0,0.8437148996129303,2305843036497653129,206.8948030605259,0.9717075506986388,main,backup,26023,125.9816,920.90515,832.457,0.10153084195240407
2M11160715+0011099,169.029821,0.186109,5186.921875,3.284900188446045,-0.2966056168079376,91.46673583984375,0.10689307749271393,0.03333618491888046,123.26899719238281,0,0,0.828679696170462,2305843037508479435,169.0298118245445,0.1860823298661791,main,backup,26986,82.63839,655.17377,363.2027,0.10153558177888417
2M06192458+3313369,94.852445,33.226944,4645.65185546875,2.58164119720459,0.10299727320671082,91.46673583984375,0.10689307749271393,0.026952482759952545,116.53099822998047,0,0,0.8023358288441773,2305843034840963642,94.852441765471,33.22691588913714,main,backup,24441,13.339025,111.70714,600.0408,0.10166679520449542
2M08175673-1408120,124.486378,-14.136684,4624.62353515625,2.3682456016540527,-0.09540154039859772,91.46673583984375,0.10689307749271393,0.029752658680081367,421.9880065917969,0,1536,8.02586028079152,2305843051853000796,124.4863559494312,-14.13666555069324,main,backup,40666,105.49338,866.8381,1207.6409,0.10167055778334749
2M10534499+0008489,163.437466,0.146923,4950.42138671875,2.4564096927642822,-0.9102508425712585,91.46673583984375,0.10689307749271393,0.04157111793756485,206.84300231933594,0,0,0.8184209162679523,2305843037558806985,163.4374470102042,0.1469020913049717,main,backup,27034,118.8904,988.527,479.2288,0.10168222151172225
2M19130408+2725152,288.267005,27.420897,4917.33349609375,3.4073944091796875,0.2340771108865738,91.46673583984375,0.10689307749271393,0.026346420869231224,84.63800048828125,0,3588,9.016591710331886,2305843024384614458,288.2670329664792,27.42088350137006,main,backup,14471,57.238247,514.3276,609.2852,0.10172549442592477
2M13541894+4438420,208.578938,44.645023,5207.7509765625,2.688054084777832,-0.9920609593391418,91.46673583984375,0.10689307749271393,0.04271431639790535,106.072998046875,0,2052,8.517521542745367,2305843020408298261,208.5789741502566,44.64501128088051,main,backup,10676,123.56751,992.37445,1814.5289,0.10175046849320829
2M14202943+0438123,215.122625,4.636771,4145.443359375,1.2140159606933594,-0.9171091914176941,91.46673583984375,0.10689307749271393,0.037540219724178314,258.4339904785156,0,512,7.016370340357907,2305843036552169609,215.1226161082459,4.636744153923089,main,backup,26072,108.57752,876.28754,1203.8068,0.10177617489520538
2M12250881+5602422,186.28674,56.045071,4703.25732421875,2.729797601699829,-0.3198898434638977,91.46673583984375,0.10689307749271393,0.03253209963440895,274.2430114746094,0,516,6.993181560522092,2305843020940971467,186.2867063062267,56.0450498507035,main,backup,11185,113.85089,1021.8628,604.0552,0.10191627855309869
2M11404862-1400112,175.202586,-14.003123,4452.50537109375,1.3302373886108398,-1.9789414405822754,91.46673583984375,0.10689307749271393,0.058454498648643494,283.656005859375,0,0,0.8713879742114312,2305843035830747680,175.2026121043355,-14.00313576343787,main,backup,25386,112.49322,848.285,1208.196,0.10210569274799614
2M12560999+4245013,194.041652,42.75037,5010.8173828125,3.5215628147125244,-0.18682096898555756,91.46673583984375,0.10689307749271393,0.03229311853647232,326.635986328125,0,0,0.7265188996459756,2305843020601229836,194.0416678180889,42.75039591652616,main,backup,10860,106.159004,984.6338,951.2204,0.10224166879642063
2M16090162+2346154,242.256791,23.770962,4986.798828125,3.358807325363159,0.2199755311012268,91.46673583984375,0.10689307749271393,0.026957346126437187,108.16300201416016,0,512,7.050021982548037,2305843018202105797,242.2567981349979,23.7709896454812,main,backup,8575,44.358658,360.22372,605.4429,0.10226215039308668
2M00320868+5403450,8.036194,54.062508,4928.09716796875,2.648933172225952,-0.26438748836517334,91.46673583984375,0.10689307749271393,0.03276163712143898,194.00599670410156,0,4,2.3901866933951936,2305843012313348027,8.036157253842362,54.06248945371718,special,backup,2959,227.40718,2165.5159,5400.366,0.10239925184394953
2M15222692-0109309,230.6122,-1.158597,4972.04833984375,3.2825050354003906,-0.3447355628013611,91.46673583984375,0.10689307749271393,0.032223328948020935,63.23749923706055,2176,4,10.184242530760464,2305843042109643522,230.6121821066336,-1.158619332923526,main,backup,31375,97.43381,824.41785,1747.8756,0.10301292468808722
2M11455224+0211001,176.467693,2.183375,4858.6318359375,2.5289480686187744,-1.3799793720245361,91.46673583984375,0.10689307749271393,0.048351917415857315,168.9290008544922,0,0,0.872465142697034,2305843037521054069,176.4676924535926,2.183346298722229,main,backup,26997,90.53611,793.5605,602.1616,0.10334329535450974
2M13251355-0044438,201.306476,-0.745522,4585.45556640625,1.465505599975586,-1.9618422985076904,91.46673583984375,0.10689307749271393,0.05649472028017044,84.47339630126953,64,0,5.156283980377047,2305843036682191151,201.3064866787349,-0.745495307806641,main,backup,26196,118.19157,921.9404,831.13,0.10349541442768974
2M13014454+5759594,195.435587,57.999855,4931.6845703125,3.4081926345825195,-0.24845294654369354,91.46673583984375,0.10689307749271393,0.03135373443365097,94.17130279541016,0,0,0.8454444530511064,2305843020974523589,195.4356318636273,57.99983880760065,main,backup,11216,107.75758,811.2734,603.2509,0.1035528268738517
2M18144571+0025353,273.690494,0.426476,4956.6005859375,2.9046430587768555,0.16225573420524597,91.46673583984375,0.10689307749271393,0.027654359117150307,132.56900024414062,0,4612,9.22968728553166,2305843041061289296,273.69047991857,0.4264507451169935,main,backup,30374,38.1798,332.9511,1816.2953,0.10409447162405044
2M11530588+0150337,178.274526,1.842695,4671.6640625,2.3982417583465576,-0.19332033395767212,91.46673583984375,0.10689307749271393,0.0305535439401865,164.1580047607422,0,0,0.7863210840667594,2305843038213117656,178.2745096679593,1.842671130392864,main,backup,27656,111.33661,758.1145,1362.5328,0.10410275704258828
2M06472839+2648367,101.868311,26.810207,4709.13720703125,2.435537815093994,-0.3423609733581543,91.46673583984375,0.10689307749271393,0.032795343548059464,198.24899291992188,0,0,0.7787648178058254,2305843034434110293,101.8682839318523,26.81019096543786,main,backup,24054,116.342255,1091.111,600.0386,0.1043837955822302
2M15155888-0005171,228.995349,-0.088101,4400.08251953125,0.8674048781394958,-1.4524060487747192,91.46673583984375,0.10689307749271393,0.04608625918626785,128.76699829101562,448,7172,15.873203014047045,2305843042134800546,228.9953590741502,-0.0881283207171988,main,backup,31398,149.03648,1313.6791,1747.8756,0.10482800990633179
2M14440123+1311161,221.005148,13.187821,4313.07666015625,0.48619288206100464,-2.675159454345703,91.46673583984375,0.10689307749271393,0.07595513761043549,325.6600036621094,8,0,3.142351903200682,2305843018038517980,221.0051186886672,13.18781517655837,main,backup,8418,120.59365,1075.9777,601.4184,0.10485509374777882
2M12191509-0021069,184.8129,-0.351935,4785.18017578125,2.579132080078125,-0.34625017642974854,91.46673583984375,0.10689307749271393,0.03227074444293976,127.83300018310547,0,512,7.060021494435813,2305843036766082376,184.8129257789815,-0.3519485933881416,main,backup,26277,136.05698,892.124,602.914,0.10491458786481671
2M16305138-0030383,247.714094,-0.510649,4708.53955078125,2.34999680519104,-1.1623977422714233,91.46673583984375,0.10689307749271393,0.04349369928240776,157.01400756835938,0,4,2.4648816667826754,2305843041690217688,247.7141046084673,-0.510676170405002,main,backup,30975,79.50131,741.2373,224.2457,0.10500414106478827
2M00342798+5346360,8.616612,53.776676,4672.56103515625,2.553583860397339,0.4330087900161743,91.46673583984375,0.10689307749271393,0.024940548464655876,376.6199951171875,8,4,4.482220019885471,2305843012313353690,8.616566706138599,53.77668770063431,special,backup,2959,196.73015,1864.6305,5400.366,0.10516108967529379
2M16070189+2350412,241.757909,23.844782,4674.55419921875,2.614032506942749,-0.35132163763046265,91.46673583984375,0.10689307749271393,0.03171544894576073,115.28700256347656,0,0,0.8272147415805093,2305843018202097574,241.7578780155341,23.84478913448051,main,backup,8575,50.782475,422.94247,605.4429,0.1052064195821918
2M13540898+4238365,208.537428,42.643478,4800.5283203125,3.0410521030426025,-0.5350692868232727,91.46673583984375,0.10689307749271393,0.035574935376644135,250.9720001220703,0,512,7.009462351378703,2305843020404098645,208.5374600660402,42.64346070402411,main,backup,10673,140.71999,1142.5417,1814.5289,0.10529670194872387
2M06495274+2703465,102.469751,27.062925,4822.6533203125,2.470438003540039,-0.2853091061115265,91.46673583984375,0.10689307749271393,0.032634884119033813,202.35800170898438,0,1024,7.708369140461454,2305843034434094160,102.4697522514775,27.06289576974227,main,backup,24052,148.30023,1352.9554,600.0386,0.10530538239358801
2M12043873-0003344,181.161383,-0.059575,4902.68310546875,3.0449297428131104,-0.4424140453338623,91.46673583984375,0.10689307749271393,0.03397335484623909,132.843994140625,0,0,0.8244429107384674,2305843036770279530,181.1613540807045,-0.0595794696656431,main,backup,26282,184.34253,1146.2025,609.2456,0.105345538299815
2M16000395+2803493,240.016474,28.063696,4899.2939453125,3.229811906814575,-0.06603369116783142,91.46673583984375,0.10689307749271393,0.02965669520199299,126.9739990234375,0,516,7.0553872658486565,2305843019019994312,240.0164444413049,28.06370946720153,main,backup,9355,94.08295,967.3722,607.25,0.10567737417602226
2M08110990-1410210,122.79126,-14.17251,4790.56201171875,2.908634901046753,0.4083668887615204,91.46673583984375,0.10689307749271393,0.024660952389240265,110.27400207519531,8,512,9.233849246172412,2305843051865684368,122.7912725553737,-14.17248327940558,main,backup,40677,104.531685,859.1084,1641.0775,0.10570629858448177
2M20484075+3215325,312.169803,32.259041,4189.69384765625,1.6719439029693604,-0.1826520562171936,91.46673583984375,0.10689307749271393,0.028211809694767,128.5489959716797,0,0,0.7988967591840994,2305843023067564591,312.1698151236268,32.25901348138238,main,backup,13215,29.297478,271.2655,617.2559,0.10571891053045414
2M12265208-0037000,186.717035,-0.61667,4930.09033203125,2.656118631362915,-0.7159886360168457,91.46673583984375,0.10689307749271393,0.03862064704298973,221.70899963378906,0,512,7.03703610829016,2305843036753505694,186.7170185045319,-0.6166944202302466,main,backup,26264,131.17241,824.6274,602.914,0.10608807214336599
2M14010732+4319566,210.280527,43.332394,4960.5869140625,3.0330681800842285,-0.462250679731369,91.46673583984375,0.10689307749271393,0.03538282960653305,298.6130065917969,0,0,0.7509086080394283,2305843020383129625,210.2805097617698,43.33236728216873,main,backup,10654,105.69798,868.6064,1814.5289,0.10624970438435888
2M04053229+7933509,61.384581,79.564163,5241.23779296875,3.2546756267547607,0.013706851750612259,91.46673583984375,0.10689307749271393,0.029777489602565765,95.75869750976562,0,4612,9.272542735505391,2305843013353504805,61.38446153735879,79.56414292881817,main,backup,3949,26.574957,247.73361,1202.6533,0.10625125120434248
2M16053949+2829232,241.414544,28.489782,4919.52587890625,3.1963939666748047,-0.18083608150482178,91.46673583984375,0.10689307749271393,0.03180216997861862,196.3090057373047,0,0,0.7747773706010098,2305843019024179753,241.4145103813285,28.48978324132035,main,backup,9358,89.734604,917.8493,607.25,0.10646491317877124
2M13391459-0007299,204.810794,-0.124974,4243.81103515625,1.6216460466384888,-0.3086963891983032,91.46673583984375,0.10689307749271393,0.030536875128746033,359.2170104980469,0,512,6.948533181532955,2305843036501847974,204.8107728326221,-0.1249946674983666,main,backup,26025,108.08161,913.4524,147.3667,0.10650168128895934
2M15140363+0207065,228.515151,2.118474,4742.1259765625,2.6579434871673584,-0.3338412642478943,91.46673583984375,0.10689307749271393,0.03285817429423332,200.0019989013672,0,4,2.387640925021873,2305843042155808534,228.515176253191,2.118458384347144,main,backup,31418,112.85949,709.67615,1210.8995,0.1068357753188451
2M10141387+0053185,153.557808,0.888484,4224.07763671875,1.1985045671463013,-0.8051595687866211,91.46673583984375,0.10689307749271393,0.03579150512814522,156.23500061035156,0,2048,8.442534149734957,2305843037760135802,153.5578307707945,0.888503041978245,main,backup,27227,92.623184,701.0466,370.0134,0.10685278745860649
2M00245466+5359105,6.22776,53.986252,4195.873046875,1.690762996673584,0.2566433846950531,91.46673583984375,0.10689307749271393,0.02491864562034607,255.125,384,512,12.907789473300237,2305843012338493136,6.227776245108316,53.98622384947467,special,backup,2980,164.27173,1569.126,5400.366,0.10701685304014046
2M15563170+2727148,239.132084,27.45413,4755.87939453125,2.4683852195739746,-0.6131768226623535,91.46673583984375,0.10689307749271393,0.03567325696349144,149.5290069580078,0,516,7.069237205433748,2305843019045147545,239.1320551862264,27.45414522539052,main,backup,9376,85.16861,861.1435,607.25,0.10713097733151287
2M11423325-1404573,175.638547,-14.082584,5013.009765625,3.3204848766326904,-0.6133328676223755,91.46673583984375,0.10689307749271393,0.03711352124810219,165.5749969482422,0,0,0.8182666686235744,2305843035830748544,175.6385169720693,-14.0825778711706,main,backup,25387,90.84854,669.96606,1208.196,0.10714798031102737
2M12164549+0552567,184.189557,5.882418,4902.7822265625,3.0555367469787598,-0.41963857412338257,91.46673583984375,0.10689307749271393,0.033289603888988495,101.39600372314453,0,0,0.8478068772705336,2305843038225701247,184.1895276127611,5.882411971305296,main,backup,27671,101.82551,844.98627,259.5307,0.1074516436050581
2M11352236+0426181,173.843186,4.438374,4577.482421875,1.4604873657226562,-1.9146498441696167,91.46673583984375,0.10689307749271393,0.05576103925704956,101.14700317382812,0,0,0.9604075243483167,2305843037621720597,173.8431579946441,4.438384590788376,main,backup,27093,154.4714,1034.5925,722.1162,0.10750493318562261
2M11191228-0042322,169.801173,-0.708958,4277.6962890625,0.9059551954269409,-1.4621660709381104,91.46673583984375,0.10689307749271393,0.04515573009848595,107.83100128173828,0,512,7.141318498850468,2305843037508479012,169.80118680034,-0.7089845187679571,main,backup,26984,106.489075,845.16064,363.2027,0.10761924557677148
2M06461778+2839347,101.574086,28.659662,4568.61279296875,2.0955417156219482,-0.4116594195365906,91.46673583984375,0.10689307749271393,0.03303200379014015,278.3739929199219,0,4,2.355586421720619,2305843034442443329,101.5740952610191,28.65963318893234,main,backup,24061,121.87112,1130.7428,600.0386,0.10776670548300449
2M11513267-1016262,177.886139,-10.273963,4685.21826171875,2.102499008178711,-1.242332935333252,91.46673583984375,0.10689307749271393,0.04318133741617203,69.28489685058594,2176,0,8.620597680991793,2305843035939806633,177.8861306220996,-10.27399182345115,main,backup,25489,154.4311,1013.19495,1621.9397,0.10792484112087633
2M12332085+5726313,188.336885,57.442047,4427.7890625,1.5599427223205566,-1.2493395805358887,91.46673583984375,0.10689307749271393,0.043277841061353683,154.66600036621094,0,4,2.4652994752678383,2305843020966134846,188.336836247986,57.44203246749166,main,backup,11210,168.1393,1429.5183,264.8036,0.10797134409499869
2M13063877+5607473,196.661549,56.129822,4632.9951171875,1.8972011804580688,-1.511625051498413,91.46673583984375,0.10689307749271393,0.04809413477778435,102.27799987792969,0,0,0.9209718622512365,2305843020869666553,196.6614955168227,56.12982573227023,main,backup,11118,166.61671,1309.9287,603.9829,0.1081426645482972
2M06242022+3307350,96.084251,33.126415,4505.22705078125,1.9665462970733643,-0.10500597208738327,91.46673583984375,0.10689307749271393,0.02939707785844803,294.3399963378906,0,5632,9.358813732318215,2305843034836730402,96.08428169026996,33.1263993577988,main,backup,24438,24.14933,199.2969,600.0408,0.10831607932375141
2M15114606+3541143,227.941955,35.687325,4615.5537109375,2.5322556495666504,-0.2650027871131897,91.46673583984375,0.10689307749271393,0.031369198113679886,185.49099731445312,0,0,0.7782513203496226,2305843018831243368,227.9419695059962,35.68729728837068,main,backup,9174,109.65349,811.9167,1461.9958,0.10840417538666511
2M11043857-0714450,166.160741,-7.245858,5308.7099609375,2.9029324054718018,-0.23090443015098572,91.46673583984375,0.10689307749271393,0.03250899910926819,78.0062026977539,64,3072,13.074632817513693,2305843037407806876,166.1607452206838,-7.245887858438882,main,backup,26890,109.22356,799.621,1810.4094,0.10854206885644117
2M11032516-0639460,165.854838,-6.662789,4784.78173828125,2.3980135917663574,-1.3472155332565308,91.46673583984375,0.10689307749271393,0.04787321388721466,218.86900329589844,0,0,0.8443065028875621,2305843037432983343,165.8548089685635,-6.662779964945618,main,backup,26912,118.68846,891.87695,1810.4094,0.10878378358051886
2M08180915-1339168,124.538144,-13.654669,4774.11767578125,2.7060744762420654,-0.0950140729546547,91.46673583984375,0.10689307749271393,0.029522521421313286,130.697998046875,0,1536,8.141392836263549,2305843051878214777,124.5381673762103,-13.65464903710902,main,backup,40689,108.53535,888.156,1641.0775,0.10886720470090823
2M12113666-0031104,182.902763,-0.519575,4800.5283203125,2.5057950019836426,-0.8902963399887085,91.46673583984375,0.10689307749271393,0.03841765969991684,65.76850128173828,2176,0,8.601911842966473,2305843036761890592,182.9027610464585,-0.5196051825767298,main,backup,26275,173.30748,1043.7631,609.2456,0.10888461404114053
2M08170874+3252000,124.286429,32.86668,4573.09765625,2.1108248233795166,-0.6408270597457886,91.46673583984375,0.10689307749271393,0.03482814133167267,123.01399993896484,0,4,2.4457827992917656,39632934826672627,124.2863962772603,32.86666736958917,sv1,bright,6406,3571.405,26926.861,4698.243,0.1088934415461416
2M08512867-1327444,132.869489,-13.462356,4794.548828125,2.6390106678009033,-0.015207692980766296,91.46673583984375,0.10689307749271393,0.02957015670835972,316.6679992675781,0,0,0.7159937289433163,2305843051941090096,132.8694579114542,-13.46235750372075,main,backup,40749,98.587296,764.5873,1817.9847,0.10897811824943053
2M08512260-1432382,132.844183,-14.54395,4817.27197265625,2.7093820571899414,-0.2139892578125,91.46673583984375,0.10689307749271393,0.03180000185966492,209.0070037841797,0,1024,7.7009774391152375,2305843051932712784,132.8441539782775,-14.54393862814555,main,backup,40742,98.896484,746.4297,1817.9847,0.10910223978456618
2M14270037+4938198,216.751571,49.638859,4884.74365234375,3.8148937225341797,-0.748836100101471,91.46673583984375,0.10689307749271393,0.03712338209152222,82.50080108642578,0,2560,8.735528000486978,2305843021159077824,216.7515242234775,49.63886080849997,main,backup,11394,83.20424,774.1064,1489.8538,0.10924763280982112
2M15130658+0026572,228.277458,0.449241,4709.9345703125,2.551074743270874,-0.32670241594314575,91.46673583984375,0.10689307749271393,0.03202858939766884,151.36000061035156,0,512,7.042037803993336,2305843042143181021,228.2774717583968,0.4492139262336397,main,backup,31404,135.26659,1164.7087,1747.8756,0.10932807465229742
2M08171079-1243589,124.294987,-12.733044,5079.7841796875,3.3215115070343018,-0.1366962194442749,91.46673583984375,0.10689307749271393,0.031123826280236244,127.53900146484375,0,0,0.8142395206340921,2305843051878200738,124.2949574840175,-12.73303431712334,main,backup,40691,100.86913,822.8225,1641.0775,0.10934929687226823
2M03290197+7952389,52.258214,79.877495,5120.9453125,3.6879680156707764,0.1946883499622345,91.46673583984375,0.10689307749271393,0.02750268764793873,92.82610321044922,0,0,0.8276127543232004,2305843013353480431,52.25837666356199,79.87748465633197,main,backup,3950,15.8357,146.52725,1202.6533,0.10944856690692352
2M11274776+0418518,171.949,4.314403,5044.80224609375,3.2234249114990234,-0.4579712152481079,91.46673583984375,0.10689307749271393,0.03440217301249504,103.47200012207031,0,0,0.851362582049681,2305843037617528529,171.9490271447534,4.314416968227413,main,backup,27091,134.39586,874.9776,722.1162,0.10965406732848536
2M11284744+0331339,172.197668,3.526086,4567.3173828125,2.213815927505493,-0.6052465438842773,91.46673583984375,0.10689307749271393,0.03540017828345299,232.34300231933594,0,512,7.0162694145810764,2305843037617524170,172.1976709957983,3.526055680839163,main,backup,27089,107.44686,723.2972,722.1162,0.10967849907044343
2M11354580+0402249,173.940836,4.040277,4147.53662109375,1.0512604713439941,-1.3151617050170898,91.46673583984375,0.10689307749271393,0.0435284823179245,246.43099975585938,0,0,0.8107728625580147,2305843037529448233,173.9408196768875,4.04030276440024,main,backup,27007,88.4764,612.00714,722.1162,0.10972181134395971
2M14241893-0517386,216.078885,-5.294067,4097.10693359375,1.0742994546890259,-1.1110485792160034,91.46673583984375,0.10689307749271393,0.038735151290893555,112.63999938964844,0,0,0.8646158276888226,2305843036342456401,216.0788919971858,-5.294037249512687,main,backup,25875,22.741913,148.97691,603.0247,0.10999960621126656
2M12325889+5718428,188.245382,57.311909,4977.8291015625,3.443207263946533,0.09548201411962509,91.46673583984375,0.10689307749271393,0.02785407565534115,84.44619750976562,0,0,0.8387253137747354,2305843020919997019,188.2453868656926,57.31187852476489,main,backup,11167,166.71053,1414.8735,264.8036,0.11011794803124929
2M11483586-1055079,177.14944,-10.918867,4842.486328125,2.3426973819732666,-1.5269534587860107,91.46673583984375,0.10689307749271393,0.050429556518793106,138.87100219726562,0,0,0.9023193504927424,2305843035939813704,177.1494473185036,-10.91889673804436,main,backup,25488,151.62039,1052.206,1621.9397,0.11013823605594755
2M03531623+7936523,58.317635,79.61454,4941.25244140625,2.6897647380828857,-0.38320958614349365,91.46673583984375,0.10689307749271393,0.033132411539554596,109.8759994506836,0,0,0.8390644386135876,2305843013353496743,58.31750848480738,79.61456044255908,main,backup,3949,22.922028,215.28635,1202.6533,0.11025930491222044
2M06443170+2744127,101.132124,27.736868,4847.07080078125,2.3900299072265625,-0.7401009202003479,91.46673583984375,0.10689307749271393,0.03714778274297714,104.96499633789062,0,516,7.111714532984284,2305843034442489299,101.1321507038175,27.73688759044982,main,backup,24060,122.992386,1173.0563,600.0386,0.11051575721590293
2M12062091-0147244,181.587156,-1.790124,4910.05810546875,2.356840133666992,-1.5003129243850708,91.46673583984375,0.10689307749271393,0.04982650652527809,111.31500244140625,0,67072,12.034782271967485,2305843036044658605,181.5871797367126,-1.790143602170664,main,backup,25591,172.54813,1026.4099,609.2456,0.11079153057917994
2M14185819+0452228,214.742494,4.873018,4252.38232421875,1.1224303245544434,-1.8215221166610718,91.46673583984375,0.10689307749271393,0.05354452133178711,255.18800354003906,0,512,7.097650921847934,2305843036552180118,214.7424786792511,4.872991256411503,main,backup,26074,96.26156,767.7283,1203.8068,0.11085726840311316
2M12202070+3926515,185.086267,39.447651,5038.62353515625,3.1711878776550293,-0.5744370818138123,91.46673583984375,0.10689307749271393,0.03597433492541313,112.86699676513672,0,512,7.090888038970361,2305843020634784314,185.0862560950253,39.44762137720361,main,backup,10892,108.56035,1012.6499,859.2914,0.11086721960539118
2M06493415+2659252,102.392321,26.990355,5095.53125,3.312615394592285,-0.15567882359027863,91.46673583984375,0.10689307749271393,0.031290654093027115,118.86900329589844,0,1024,7.75450483770259,2305843034434102061,102.392291683185,26.99033849170634,main,backup,24052,143.60858,1318.5862,600.0386,0.11124945219054408
2M19162677+2628004,289.111582,26.466785,5285.48828125,3.939793586730957,0.1860533058643341,91.46673583984375,0.10689307749271393,0.029083846136927605,174.62899780273438,0,0,0.7728254767686472,2305843024292621291,289.1115536904404,26.46680278003987,main,backup,14382,27.845531,247.81021,609.2852,0.11144735096752241
2M00334149+5605428,8.422916,56.095226,4820.26171875,2.59293270111084,-0.3052169978618622,91.46673583984375,0.10689307749271393,0.032855886965990067,259.5369873046875,0,2048,8.37735572577182,2305843012330187218,8.422899337464514,56.09519641704775,special,backup,2974,49.931335,445.94968,1200.0854,0.11163139218498017
2M12515471+5723242,192.977997,57.39006,4948.42822265625,3.3117027282714844,0.011016856878995895,91.46673583984375,0.10689307749271393,0.029887372627854347,236.38800048828125,0,4,2.3561488084336437,2305843020961943580,192.9780121537594,57.39003001275854,main,backup,11206,106.52031,772.3217,603.2509,0.11188579610127869
2M11255152+5220510,171.464708,52.347519,4846.37353515625,2.6150591373443604,-0.36952847242355347,91.46673583984375,0.10689307749271393,0.03372901305556297,626.9199829101562,0,0,0.6686474174134798,2305843015467404699,171.4647145618092,52.34748811039726,sv2,backup,5965,34.84778,301.28012,139.7048,0.11213494201824233
2M14500750+1234306,222.531251,12.575178,4884.94287109375,2.5801587104797363,-0.1801683008670807,91.46673583984375,0.10689307749271393,0.03142573684453964,177.72999572753906,0,4608,9.218550877009292,2305843018038513882,222.531254291378,12.57514695564552,main,backup,8416,119.90945,1088.5698,601.4184,0.11235643251883314
2M14340649+5009041,218.527083,50.151154,4443.73486328125,1.6403509378433228,-1.0438255071640015,91.46673583984375,0.10689307749271393,0.039918769150972366,138.22500610351562,0,512,7.090504179989997,2305843021159079595,218.5270976136088,50.15112418021893,main,backup,11395,133.72691,1184.7726,864.7951,0.11251953414627174
2M00210781+5445254,5.282583,54.757061,4986.8984375,2.832446813583374,-0.1768997311592102,91.46673583984375,0.10689307749271393,0.032081231474876404,337.3320007324219,0,0,0.7222470173624318,2305843012338580228,5.282589008521711,54.75702988946591,special,backup,2983,117.407,1137.8038,5400.366,0.11269131186023952
2M14493371+4557427,222.390499,45.961868,4998.359375,3.3996386528015137,-0.3160301148891449,91.46673583984375,0.10689307749271393,0.03263232484459877,113.26200103759766,0,512,7.073831689173387,2305843021058416928,222.3904892188802,45.9618374377662,main,backup,11296,128.81427,1137.0326,369.2197,0.11271389725420534
2M13484998+0028591,207.208272,0.483085,4999.65478515625,3.269502878189087,-0.44700905680656433,91.46673583984375,0.10689307749271393,0.0337882898747921,82.2323989868164,0,0,0.8710214074772565,2305843036497654633,207.2082960923804,0.4830650012415438,main,backup,26023,115.82888,709.48895,604.758,0.11271805661457289
2M12270417+2542495,186.767405,25.713774,4899.89208984375,2.977979898452759,-0.5500441193580627,91.46673583984375,0.10689307749271393,0.03622987121343613,317.2359924316406,0,1540,8.089300495571734,2305843039077145604,186.7674182205277,25.71380298373098,main,backup,28481,141.7347,1258.6764,483.4626,0.11280911951072282
2M11294854+0317403,172.45226,3.29453,4971.94873046875,2.9997644424438477,-0.257556289434433,91.46673583984375,0.10689307749271393,0.03177319094538689,106.72100067138672,0,516,7.083197999885216,2305843037617521703,172.4522508462406,3.294499983683151,main,backup,27089,162.01562,1077.264,722.1162,0.11295592232742867
2M11484033-1219443,177.168053,-12.328985,4688.70654296875,2.3113324642181396,-0.1329353153705597,91.46673583984375,0.10689307749271393,0.029462303966283798,119.52300262451172,0,512,7.052646928611809,2305843035834949944,177.1680512248822,-12.32901633761889,main,backup,25391,140.99622,920.33954,1621.9397,0.11298803660127632
2M14101638+5356296,212.568291,53.941574,4563.13134765625,1.5570913553237915,-1.8464314937591553,91.46673583984375,0.10689307749271393,0.05558563023805618,166.4949951171875,0,0,0.9100764304940102,2305843021201020075,212.5682487061108,53.94159326655024,main,backup,11433,102.79428,910.4218,601.7292,0.11332517084896193
2M12200753-0150231,185.031395,-1.839763,5042.21142578125,3.2517104148864746,-0.5164414048194885,91.46673583984375,0.10689307749271393,0.03516971319913864,107.15899658203125,0,0,0.8517319588827097,2305843036740912525,185.0313685239408,-1.839780206098225,main,backup,26252,135.99547,871.61884,602.914,0.11363170744756951
2M00340441+5431202,8.518413,54.522289,4733.853515625,2.7393782138824463,0.2616700530052185,91.46673583984375,0.10689307749271393,0.026656264439225197,367.7460021972656,0,512,6.926789987153124,2305843012325882212,8.51845839062122,54.52230643799142,special,backup,2970,186.40475,1776.9391,5400.366,0.11373347269799441
2M00331950+5442469,8.331253,54.713043,4608.0791015625,2.2181499004364014,-0.46730923652648926,91.46673583984375,0.10689307749271393,0.03309547156095505,140.59300231933594,0,0,0.8144253080616646,2305843012325901313,8.331264220669993,54.713073928105,special,backup,2970,167.73401,1603.52,5400.366,0.1137601263913633
2M14164763+0423543,214.198489,4.398441,5033.3408203125,3.2338037490844727,-0.09150782227516174,91.46673583984375,0.10689307749271393,0.02969951741397381,63.174198150634766,2176,2560,16.410437237704993,2305843036552178972,214.1984595016879,4.398429427256636,main,backup,26074,107.74863,859.30133,1203.8068,0.11378283384048885
2M10520644-0046059,163.026848,-0.768327,4745.81298828125,2.904985189437866,0.050882115960121155,91.46673583984375,0.10689307749271393,0.0287161972373724,334.0010070800781,0,512,6.946687103950518,2305843037546218138,163.0268328626449,-0.768354789899915,main,backup,27023,121.20401,1035.2993,479.2288,0.11392034067180999
2M14214329-0612517,215.430405,-6.214384,4882.849609375,2.5523290634155273,-1.2360379695892334,91.46673583984375,0.10689307749271393,0.044253915548324585,72.2488021850586,0,512,7.1764028597741465,2305843036329888572,215.4304129872367,-6.214414670836602,main,backup,25863,23.120401,147.47368,603.0247,0.11405517102360747
2M16060304+2820540,241.512686,28.348354,4854.6455078125,3.311246395111084,-0.0010746195912361145,91.46673583984375,0.10689307749271393,0.029653329402208328,233.51600646972656,0,0,0.746757889064552,2305843019024181231,241.5126555144632,28.34837087141321,main,backup,9358,84.18095,864.30756,607.25,0.114096311869802
2M13534974+4423170,208.45729,44.388073,4524.6611328125,2.2206592559814453,-0.7696875333786011,91.46673583984375,0.10689307749271393,0.03736577928066254,219.20199584960938,0,0,0.791617993994038,2305843020408297041,208.4573276406699,44.38808977391958,main,backup,10676,117.38117,965.85724,1814.5289,0.1141208444994602
2M14254918-0451299,216.454938,-4.858309,5067.2265625,3.2709853649139404,-0.6108617186546326,91.46673583984375,0.10689307749271393,0.03652685880661011,108.73300170898438,0,4,2.4665108170592975,2305843036350841603,216.4549698071532,-4.858309798516977,main,backup,25881,21.501328,139.1162,603.0247,0.11413056202410629
2M13485906+2731040,207.24612,27.517792,5199.1806640625,3.2684762477874756,-0.5074164271354675,91.46673583984375,0.10689307749271393,0.03567611426115036,100.01699829101562,0,5632,9.497492756337179,2305843020026617818,207.2461254975626,27.51776066448744,main,backup,10313,146.3274,1224.7887,574.6556,0.11416518514470535
2M16323886-0115453,248.161935,-1.262592,4808.900390625,2.52655291557312,-0.39129677414894104,91.46673583984375,0.10689307749271393,0.033827390521764755,252.83399963378906,0,2560,8.60786561434259,2305843041690195142,248.1619077285429,-1.262608261610175,main,backup,30973,80.14574,737.3625,224.2457,0.11428575412523573
2M13073954+5816425,196.914791,58.278496,5042.21142578125,3.5217909812927246,0.08241471648216248,91.46673583984375,0.10689307749271393,0.02843325398862362,104.42400360107422,0,0,0.8206108615060319,2305843020882256821,196.9147834801092,58.2784644629452,main,backup,11131,114.14343,832.4497,603.2509,0.11442219796966659
2M14194191-0540158,214.92463,-5.671059,4851.3564453125,1.915336012840271,-0.6812567114830017,91.46673583984375,0.10689307749271393,0.0362032949924469,92.22599792480469,0,512,7.112033283480474,2305843036350846785,214.9246134916406,-5.671031722323437,main,backup,25880,24.60509,160.39423,603.0247,0.11463252558838975
2M12494500-0303359,192.437502,-3.059973,4554.26123046875,2.0437610149383545,-0.5486742258071899,91.46673583984375,0.10689307749271393,0.03462808206677437,201.2239990234375,0,512,7.026722282992936,2305843036648647178,192.4374712488031,-3.059981511440285,main,backup,26164,98.651596,745.1224,1119.414,0.11471444359284547
2M14261082+5037264,216.545116,50.624016,4723.28955078125,2.6717441082000732,-0.4233826994895935,91.46673583984375,0.10689307749271393,0.03384026512503624,345.1470031738281,0,0,0.7287585970717894,2305843021167466658,216.5450661585757,50.62402023652346,main,backup,11400,144.21655,1286.0553,864.7951,0.1148481898033921
2M09262627+2616036,141.609493,26.267681,4867.900390625,2.535107135772705,-0.46290528774261475,91.46673583984375,0.10689307749271393,0.03496946394443512,312.3210144042969,0,2048,8.369475267347728,2305843014381083318,141.6095253600707,26.2676676081221,main,backup,4929,118.018875,794.1748,348.6832,0.11505437628219335
2M15200808+0026049,230.033704,0.434707,4609.673828125,2.502373456954956,-0.2023991495370865,91.46673583984375,0.10689307749271393,0.029878145083785057,118.9260025024414,0,0,0.8149468611383034,2305843042134804108,230.0336725370744,0.4347013663642591,main,backup,31397,101.815056,905.53406,1747.8756,0.11506472677745369
2M16131133+2446226,243.297238,24.772955,4977.43017578125,3.180083990097046,-0.6762712001800537,91.46673583984375,0.10689307749271393,0.03830225020647049,226.71099853515625,0,0,0.7929471499633458,2305843018919334706,243.2972043039134,24.7729448788919,main,backup,9259,105.203384,960.0791,603.1343,0.11601299181357365
2M12313805+5655442,187.908542,56.928951,4605.88623046875,2.5408096313476562,-0.2975023090839386,91.46673583984375,0.10689307749271393,0.031871601939201355,359.0870056152344,0,4,2.324404980074544,2305843020945170249,187.9084915271828,56.92893418344607,main,backup,11189,143.26897,1216.6589,264.8036,0.11617212160048022
2M14523953+3701345,223.164721,37.026257,4653.02734375,2.4453463554382324,-0.5711119174957275,91.46673583984375,0.10689307749271393,0.03495865315198898,170.75900268554688,0,512,7.044703502615394,2305843018856410073,223.1647009049938,37.0262289957041,main,backup,9197,116.28929,969.544,603.9982,0.11618689059149523
2M19133324+2637113,288.38852,26.619827,4573.595703125,1.7360424995422363,-0.9982661008834839,91.46673583984375,0.10689307749271393,0.03979307413101196,129.97999572753906,0,0,0.855704536333849,2305843024384571789,288.3884885015264,26.61981090902983,main,backup,14468,41.908543,384.21823,609.2852,0.11675789306781333
2M12310716+5712198,187.779862,57.205524,4812.38818359375,2.955853223800659,-0.579927384853363,91.46673583984375,0.10689307749271393,0.03571170195937157,164.3459930419922,0,0,0.8119981155983268,2305843020945169890,187.7798096366923,57.20550823966656,main,backup,11189,155.60303,1321.2821,264.8036,0.1168063756164399
2M00244487+5437493,6.186976,54.630375,4726.67822265625,2.3958468437194824,0.22876521944999695,91.46673583984375,0.10689307749271393,0.02641909010708332,150.16900634765625,0,512,7.01477507627604,2305843012338543941,6.186959468049338,54.63034399655279,special,backup,2981,140.53491,1370.0764,5400.366,0.11680816678365136
2M14482425+1314052,222.101051,13.234803,4814.9794921875,1.534850835800171,-2.296807289123535,91.46673583984375,0.10689307749271393,0.06700429320335388,103.31500244140625,0,0,1.0145235733140296,2305843018038518938,222.1010300660759,13.23477767541677,main,backup,8418,113.86804,1017.00354,601.4184,0.1170190595828862
2M12033496-0138124,180.895699,-1.636803,4720.5986328125,2.8849117755889893,-0.12495467066764832,91.46673583984375,0.10689307749271393,0.030436931177973747,232.50100708007812,0,512,6.991385488448856,2305843036044657979,180.8956908726019,-1.636771431603056,main,backup,25591,153.0828,914.46533,609.2456,0.11734919913798761
2M15172074+0038350,229.336417,0.643083,5043.8056640625,2.944904327392578,-0.5932464003562927,91.46673583984375,0.10689307749271393,0.036233559250831604,112.16100311279297,0,6660,9.656555163968513,2305843042134796562,229.3363845041201,0.6430801637441935,main,backup,31399,121.64841,1082.5834,1747.8756,0.11742257132325681
2M00255259+5356332,6.469132,53.942562,4203.248046875,1.440185546875,0.04706554114818573,91.46673583984375,0.10689307749271393,0.02681456133723259,469.5450134277344,0,0,0.6629272704898695,2305843012338486304,6.469171142751122,53.94253889814003,special,backup,2980,188.89645,1810.705,5400.366,0.11745625540049806
2M03503577+8020005,57.649051,80.333481,4351.64599609375,1.990839958190918,-0.11169295758008957,91.46673583984375,0.10689307749271393,0.028888504952192307,207.80599975585938,0,0,0.7545455921509643,2305843013353491112,57.64923646394192,80.33349085705228,main,backup,3951,23.93911,228.77382,1202.6533,0.11759259315822881
2M14340122+0943355,218.505107,9.726553,4921.619140625,3.125908374786377,-0.484754741191864,91.46673583984375,0.10689307749271393,0.03458135947585106,133.1820068359375,0,4,2.4366686223772223,2305843017975603281,218.5050848938887,9.7265286554147,main,backup,8357,120.27223,1101.5709,601.0638,0.11761540603157353
2M08144288-1243491,123.678703,-12.730318,4788.46923828125,2.6729986667633057,-0.3568713665008545,91.46673583984375,0.10689307749271393,0.03332717344164848,240.80299377441406,0,2048,8.387174309912494,2305843051878193893,123.6786738890223,-12.73030173815634,main,backup,40691,95.9954,800.42957,1641.0775,0.1178000571514512
2M14202633-0526437,215.109732,-5.445491,4568.71240234375,2.58677339553833,0.3408561050891876,91.46673583984375,0.10689307749271393,0.02539716102182865,207.34800720214844,384,512,12.930827631647738,2305843036350846813,215.109763325848,-5.445480926927806,main,backup,25880,23.93108,158.0526,603.0247,0.11797558200879169
2M14274075-0528188,216.919811,-5.471911,4853.25,2.5698935985565186,-0.45037612318992615,91.46673583984375,0.10689307749271393,0.03333308547735214,92.95469665527344,0,0,0.856627782220749,2305843036342463072,216.9198305227806,-5.471937399007984,main,backup,25875,20.814196,128.53891,603.0247,0.11801087907265402
2M12254248+0007479,186.427008,0.129984,5533.25048828125,3.8639936447143555,-0.8815316557884216,91.46673583984375,0.10689307749271393,0.043223991990089417,143.218994140625,0,0,0.8632302926477886,2305843036753497805,186.426985933761,0.1299597490941704,main,backup,26266,128.50677,810.00085,602.914,0.11803514688565368
2M13481355-0040484,207.056489,-0.680118,4809.3984375,2.3502249717712402,-1.158368706703186,91.46673583984375,0.10689307749271393,0.04301296919584274,98.427001953125,0,1536,8.236953843293637,2305843036497650680,207.0564650263306,-0.6801403774676202,main,backup,26020,145.98328,922.6501,604.758,0.11805622986549272
2M15584170+2751116,239.673778,27.853235,4860.02685546875,2.3947062492370605,-1.1107689142227173,91.46673583984375,0.10689307749271393,0.043059367686510086,129.90199279785156,0,512,7.112371420337325,2305843019019981922,239.6737636670276,27.85326525141724,main,backup,9354,95.51024,976.9092,607.25,0.11807447907998933
2M14593161+3806000,224.88172,38.100002,4788.9677734375,2.8253753185272217,-0.37607693672180176,91.46673583984375,0.10689307749271393,0.03247804194688797,115.72799682617188,0,4,2.4400871070872237,2305843018860603644,224.8816843633521,38.09998480987846,main,backup,9203,119.3176,1041.177,603.9982,0.11841488521841974
2M00272717+5420089,6.863242,54.335831,4876.7705078125,2.524614095687866,-0.2712600529193878,91.46673583984375,0.10689307749271393,0.03229304775595665,167.6909942626953,0,512,7.033177849848655,2305843012338532501,6.863204717179997,54.33580621387585,special,backup,2981,171.80437,1668.8707,5400.366,0.11868293007402426
2M16055453+2814016,241.477213,28.233791,4853.94775390625,3.0327258110046387,-0.2014823704957962,91.46673583984375,0.10689307749271393,0.031125228852033615,143.91799926757812,0,1536,8.139840708178628,2305843019024187733,241.4772493673565,28.23378304534606,main,backup,9356,84.06461,863.2561,607.25,0.11884758339752301
2M15044012+2522047,226.167179,25.367973,4521.0732421875,2.3253612518310547,-0.3522154986858368,91.46673583984375,0.10689307749271393,0.03214241936802864,292.77099609375,0,0,0.7366756693392139,2305843018634113659,226.1671469852554,25.36795707734504,main,backup,8987,109.19348,919.89746,1210.3293,0.11887328895960524
2M10173091+0043189,154.378806,0.721919,4777.306640625,2.3575243949890137,-0.5825680494308472,91.46673583984375,0.10689307749271393,0.03434004634618759,72.685302734375,0,4,2.495401434645828,2305843037764331824,154.378777059562,0.7219030438106935,main,backup,27228,141.54424,1009.0695,233.1737,0.11896439381640023
2M11503952+1838560,177.664682,18.648907,4817.37158203125,2.712005138397217,-0.607270359992981,91.46673583984375,0.10689307749271393,0.036145877093076706,168.41700744628906,0,512,7.052012539499364,2305843038825485561,177.664685004489,18.64887406013886,main,backup,28243,111.83457,946.0418,606.3541,0.11902551612410234
2M15214682-0148282,230.445091,-1.807848,4721.99365234375,2.5924763679504395,-0.6835102438926697,91.46673583984375,0.10689307749271393,0.035611383616924286,90.83300018310547,0,1536,8.207891116804268,2305843042109626957,230.4450849797038,-1.80788051227493,main,backup,31372,74.550995,646.4777,1206.1154,0.11903191442815839
2M11403003-1449589,175.125163,-14.833035,5987.8134765625,3.8845934867858887,0.17270298302173615,91.46673583984375,0.10689307749271393,0.030310433357954025,69.1906967163086,2176,512,14.79665312190687,2305843035830760427,175.1251440727467,-14.83300741424844,main,backup,25386,107.79132,778.7728,1208.196,0.11916687308855368
2M11480172-1451161,177.00719,-14.854485,4412.83935546875,1.2689900398254395,-1.4251654148101807,91.46673583984375,0.10689307749271393,0.045336633920669556,108.82599639892578,0,0,0.9010370697565661,2305843035822365690,177.0072029296493,-14.85451570775876,main,backup,25379,120.46869,778.7223,1205.802,0.11935262127019118
2M06151376+3157149,93.807361,31.954144,4956.6005859375,2.990525960922241,-0.024421650916337967,91.46673583984375,0.10689307749271393,0.02936793491244316,120.24199676513672,0,516,7.059347323308669,2305843034840919875,93.80738437014918,31.95411737056155,main,backup,24440,12.949649,107.76276,600.0408,0.11952395817928273
2M16012658+2813139,240.360777,28.220535,4674.853515625,2.6047940254211426,-0.4225104749202728,91.46673583984375,0.10689307749271393,0.03353339806199074,193.46299743652344,0,0,0.7848864266640734,2305843019019992937,240.360814216675,28.22052931289496,main,backup,9355,80.778946,835.41144,607.25,0.11981653068865171
2M00253382+5401344,6.39095,54.026245,4553.06494140625,2.4249305725097656,0.491632342338562,91.46673583984375,0.10689307749271393,0.024076033383607864,371.77301025390625,8,0,2.869751402369817,2305843012338514868,6.39099893653605,54.02622808772204,special,backup,2981,170.65782,1632.886,5400.366,0.12006742559955716
2M06242985+3311485,96.124413,33.196808,5440.16552734375,3.7448811531066895,-0.03464167192578316,91.46673583984375,0.10689307749271393,0.03100176900625229,95.31169891357422,0,4,2.4519314043141316,2305843034836729377,96.1244444478167,33.19678718613616,main,backup,24438,22.353788,183.26822,600.0408,0.12078607813139766
2M00295303+5101106,7.470994,51.019615,4521.77099609375,2.231266498565674,-0.2529776692390442,91.46673583984375,0.10689307749271393,0.031034596264362335,203.42100524902344,0,4,2.3768363583062,2305843012309146641,7.470960473415346,51.01958889629832,special,backup,2954,253.57185,2282.4585,835.9787,0.12081169704201855
2M14484246+1310544,222.176932,13.181778,4048.6708984375,1.1810543537139893,-0.5227738618850708,91.46673583984375,0.10689307749271393,0.03153383731842041,151.28599548339844,0,0,0.7993367827696989,2305843018038513393,222.1769526364127,13.18180497416068,main,backup,8416,126.010994,1125.6981,601.4184,0.12108640730428402
2M13001977+5543505,195.082407,55.730709,4818.96630859375,3.0099151134490967,0.2363365888595581,91.46673583984375,0.10689307749271393,0.027185499668121338,287.9209899902344,0,0,0.7135557987667641,2305843020957746330,195.0823688921055,55.73073496793824,main,backup,11201,136.04822,1149.1763,480.2858,0.12127115174705128
2M15165663-0025473,229.235995,-0.429822,5009.0234375,2.679841995239258,-0.6427870392799377,91.46673583984375,0.10689307749271393,0.03737298771739006,157.41900634765625,0,0,0.8245842188077426,2305843042134791313,229.2360150418248,-0.4298490765636213,main,backup,31396,144.24098,1281.9655,1747.8756,0.1212720492020734
2M13224703-0106586,200.695977,-1.116291,5689.5224609375,3.4024901390075684,-0.8950062990188599,91.46673583984375,0.10689307749271393,0.043311480432748795,91.73570251464844,1216,131072,19.795479466549665,2305843036677998298,200.6959984024857,-1.116317134281945,main,backup,26193,123.98764,955.9165,831.13,0.12159759974871365
2M15201389-0004549,230.057886,-0.081926,4660.302734375,2.633877992630005,-0.3247182369232178,91.46673583984375,0.10689307749271393,0.031184697523713112,100.89399719238281,0,0,0.8377738110459586,2305843042134804465,230.0578927066234,-0.0819591184613046,main,backup,31397,140.06651,1240.3394,1747.8756,0.12164650817697475
2M14533165+3741571,223.381889,37.699196,4726.37890625,2.5286059379577637,-0.06312017887830734,91.46673583984375,0.10689307749271393,0.029806561768054962,354.0199890136719,0,0,0.7060590257390363,2305843018868984671,223.3818467924151,37.69920125403304,main,backup,9208,130.02356,1132.789,603.9982,0.12170435482567342
2M10544673-0023511,163.694731,-0.397548,4859.92724609375,3.1904633045196533,-0.19250789284706116,91.46673583984375,0.10689307749271393,0.031734123826026917,303.0769958496094,0,516,6.979229025518586,2305843037558808114,163.6947401485646,-0.3975805800708063,main,backup,27034,97.09378,802.53796,479.2288,0.12182440521158774
2M16093908+2347128,242.41286,23.786913,4111.55810546875,1.4202262163162231,-0.4538421928882599,91.46673583984375,0.10689307749271393,0.03160933405160904,345.2829895019531,0,0,0.7175646637036102,2305843018202101308,242.4128911164391,23.78689459149234,main,backup,8573,52.37887,423.8453,605.4429,0.12206037597711962
2M15202892+0040030,230.1205,0.667517,4508.416015625,1.4449758529663086,-0.9439688920974731,91.46673583984375,0.10689307749271393,0.0386999249458313,131.55799865722656,0,512,7.089317068759063,2305843042147376101,230.1205057096896,0.6674835614794264,main,backup,31408,146.89346,1286.8586,1747.8756,0.12212072317496843
2M15142135+0113129,228.588974,1.220273,4550.77294921875,2.2049195766448975,-0.5126504302024841,91.46673583984375,0.10689307749271393,0.03416776284575462,200.33200073242188,0,516,7.032629786096454,2305843042143179755,228.588984679391,1.220240738533125,main,backup,31405,132.80847,1120.4971,1747.8756,0.12233644950438
2M14212547-0616487,215.356137,-6.280212,4864.71142578125,3.1007022857666016,-0.017572768032550812,91.46673583984375,0.10689307749271393,0.028916971758008003,117.03600311279297,0,512,7.052005361451261,2305843036329883368,215.3561148870426,-6.280186072549434,main,backup,25863,22.673939,143.68698,603.0247,0.12236633743804844
2M11293363+0311409,172.390138,3.194701,4409.64990234375,1.278342604637146,-1.6000970602035522,91.46673583984375,0.10689307749271393,0.04790706932544708,80.35079956054688,0,512,7.1841777519673515,2305843037617522314,172.3901317560818,3.194667585853335,main,backup,27089,109.86794,739.0513,722.1162,0.12236667594168017
2M08132567-1440510,123.356991,-14.680853,4523.56494140625,2.5594005584716797,0.41331666707992554,91.46673583984375,0.10689307749271393,0.023548739030957222,84.02970123291016,8,2048,10.640018984953295,2305843051865664643,123.3570019201755,-14.68088536764698,main,backup,40677,108.168526,876.61316,1641.0775,0.12257222603088591
2M16342791-0036130,248.616332,-0.60363,4785.37939453125,2.4870901107788086,-0.4835068881511688,91.46673583984375,0.10689307749271393,0.03459532931447029,180.7740020751953,64,1540,12.311517961320886,2305843041870582613,248.6163436151229,-0.6036621889538436,main,backup,31144,111.09166,1020.76746,224.2457,0.12319286555414882
2M14025902+5232556,210.745958,52.548782,5010.11962890625,2.6224725246429443,-0.6874733567237854,91.46673583984375,0.10689307749271393,0.03755997493863106,128.1999969482422,0,0,0.8459073443162082,2305843020483796221,210.7459938407734,52.54875560157845,main,backup,10748,135.32072,1205.8967,601.7292,0.12323714733280716
2M12451260+2648480,191.302513,26.813354,4882.15234375,3.5601131916046143,-0.4316333830356598,91.46673583984375,0.10689307749271393,0.033154673874378204,86.76390075683594,0,4612,9.299185653027248,2305843038724817128,191.3024767329682,26.81336518090484,main,backup,28147,129.22353,1135.5868,601.7018,0.12327967309411365
2M13005089+4253520,195.212067,42.8978,5035.53369140625,3.3551576137542725,-0.464107871055603,91.46673583984375,0.10689307749271393,0.03461400046944618,116.71399688720703,0,0,0.840487836020787,2305843020592842227,195.2120203910705,42.89779731194423,main,backup,10855,117.85892,1120.0017,951.2204,0.12329966300004683
2M16013661+2830327,240.402548,28.5091,5156.82373046875,3.0529136657714844,-0.7302232384681702,91.46673583984375,0.10689307749271393,0.039290640503168106,155.2530059814453,1152,131072,19.66918139539399,2305843019019993617,240.4025739643241,28.50907425879408,main,backup,9355,80.56905,827.05475,607.25,0.12383038288522828
2M14440961+1259369,221.040073,12.993599,4873.78076171875,3.0817692279815674,-0.3188371956348419,91.46673583984375,0.10689307749271393,0.0315946489572525,68.8895034790039,2176,0,8.563228385102393,2305843017992385316,221.0400720970703,12.99356459025957,main,backup,8375,129.99255,1166.3722,601.4184,0.12391555093870966
2M14001291+4219438,210.05383,42.328857,4903.77880859375,3.2555880546569824,-0.5827300548553467,91.46673583984375,0.10689307749271393,0.035460930317640305,113.10600280761719,0,0,0.8478354914298464,2305843020378934373,210.0537834737451,42.32885473880373,main,backup,10649,140.44366,1107.7552,1814.5289,0.12409464566515974
2M14251549-0539207,216.314556,-5.655774,5631.02001953125,3.1870415210723877,-0.28734299540519714,91.46673583984375,0.10689307749271393,0.03453138470649719,89.97419738769531,64,4612,13.47686391126979,2305843036342471329,216.3145238356379,-5.655761155263676,main,backup,25875,20.80695,133.19373,603.0247,0.12416010705594388
2M12120322+0646090,183.013419,6.769168,4028.538818359375,-0.15374714136123657,-1.9759266376495361,91.46673583984375,0.10689307749271393,0.0526818111538887,78.53620147705078,640,2052,15.060118327854452,2305843038234085370,183.013421007201,6.769133428528437,main,backup,27679,103.696526,878.7808,259.5307,0.12466397830554392
2M08153229-1334328,123.884555,-13.575782,5009.72119140625,2.9040727615356445,-0.06273191422224045,91.46673583984375,0.10689307749271393,0.029704511165618896,97.4374008178711,0,4608,9.269590292798966,2305843051878222181,123.8845843528076,-13.57580163714653,main,backup,40688,101.09935,849.95593,1641.0775,0.12469375111203472
2M11480847-1507314,177.035316,-15.125413,4649.837890625,2.4673588275909424,-0.41271379590034485,91.46673583984375,0.10689307749271393,0.03323584049940109,187.8350067138672,0,1540,8.126522298868935,2305843035822375861,177.0352861997003,-15.1254323530989,main,backup,25379,121.34392,775.9061,1205.802,0.12481859986832311
2M06144116+3217478,93.671503,32.296616,4367.09375,1.8283123970031738,-0.11850958317518234,91.46673583984375,0.10689307749271393,0.029015326872467995,468.7699890136719,0,512,6.914371786945085,2305843034840964514,93.67153119151716,32.29659081258512,main,backup,24442,9.577916,79.075424,600.0408,0.12482606602750193
2M14550118+3032302,223.754943,30.541739,4615.1552734375,2.6010303497314453,0.21861261129379272,91.46673583984375,0.10689307749271393,0.02664465643465519,341.3630065917969,0,0,0.6938797488756608,2305843018764124339,223.7549027097874,30.54173995952171,main,backup,9111,101.943756,884.4342,816.5551,0.12496888699062031
2M18134330+0023401,273.43042,0.394494,4628.310546875,2.6020569801330566,0.13051098585128784,91.46673583984375,0.10689307749271393,0.02640877477824688,94.33309936523438,0,516,7.068592668001735,2305843041061122596,273.4304409794827,0.3944663412525204,main,backup,30374,32.279724,285.51,1816.2953,0.12497363275026303
2M00334180+5518455,8.424177,55.312656,4586.95068359375,2.3736062049865723,0.16739463806152344,91.46673583984375,0.10689307749271393,0.027021508663892746,205.16900634765625,0,0,0.7464815445560133,2305843012325928076,8.424143784184082,55.31262687453693,special,backup,2971,113.71912,1090.7959,5400.366,0.12499924804828155
2M12510172-0229598,192.757175,-2.499966,4853.35009765625,2.5338525772094727,-0.2929409146308899,91.46673583984375,0.10689307749271393,0.0314851775765419,90.41570281982422,0,0,0.8501277875801745,2305843036648649670,192.7571438444141,-2.499981441742833,main,backup,26164,134.15395,1017.4798,1119.414,0.1250849074144648
2M06141878+3236570,93.578254,32.615849,4861.62158203125,2.3144121170043945,-0.3692157566547394,91.46673583984375,0.10689307749271393,0.03249792009592056,99.41220092773438,0,516,7.093847729078004,2305843034840978277,93.57821906348175,32.6158304360401,main,backup,24442,10.573875,86.26628,600.0408,0.1252560851815693
2M14353976+0831484,218.915683,8.53012,4703.55615234375,2.448768138885498,-0.14433056116104126,91.46673583984375,0.10689307749271393,0.030577534809708595,332.4809875488281,0,1536,8.053760458494846,2305843017950433754,218.9156823683131,8.53008520760617,main,backup,8334,126.43129,1150.584,601.0638,0.12527280586622538
2M13060336+7230537,196.514015,72.514931,4591.833984375,2.628631591796875,0.24204562604427338,91.46673583984375,0.10689307749271393,0.026351407170295715,240.36599731445312,0,4,2.336807130426744,2305843021788227900,196.513959628939,72.51490042325582,main,backup,11994,121.11529,825.46765,1203.6094,0.12531493188761034
2M14113134+5211568,212.8806,52.19912,4851.75537109375,2.990525960922241,-0.2402811348438263,91.46673583984375,0.10689307749271393,0.03099844977259636,98.83419799804688,0,0,0.8388847962656272,2305843020475406952,212.8806552683085,52.19911153704982,main,backup,10743,123.92187,1138.0012,601.7292,0.12569815560575098
2M13391964+0058227,204.831844,0.972987,4960.6865234375,3.4531302452087402,-0.19839562475681305,91.46673583984375,0.10689307749271393,0.0316275916993618,152.49400329589844,0,4,2.40845334734798,2305843036506037713,204.8318143712036,0.9729684972580428,main,backup,26030,94.31008,777.0298,147.3667,0.1257407340692863
2M09215019+2647420,140.459166,26.795004,5070.615234375,3.5019454956054688,0.07866212725639343,91.46673583984375,0.10689307749271393,0.028383444994688034,87.12519836425781,0,512,7.078560845332888,2305843014381087295,140.4591630397123,26.79496899901351,main,backup,4931,86.963264,616.0362,348.6832,0.1263621271086453
2M19132721+2626580,288.363377,26.449446,4292.1474609375,1.4171466827392578,-0.9643338918685913,91.46673583984375,0.10689307749271393,0.03797803819179535,136.11099243164062,0,0,0.8420547411991144,2305843024384597201,288.3633799393488,26.44941093178456,main,backup,14468,49.27929,446.5446,609.2852,0.1266005647494907
2M11185824-0043197,169.742689,-0.722146,4965.96923828125,3.0509746074676514,-0.2577957212924957,91.46673583984375,0.10689307749271393,0.031745120882987976,106.21399688720703,0,512,7.0757623951724575,2305843037508473714,169.7426553158614,-0.7221358737459573,main,backup,26984,103.99813,831.71716,363.2027,0.12661471686547895
2M03345682+8016267,53.736764,80.274086,5043.00830078125,3.4208528995513916,0.07815776765346527,91.46673583984375,0.10689307749271393,0.02844914048910141,101.78700256347656,0,4,2.4326613501934524,2305843013445747782,53.73691224358976,80.27406130231509,main,backup,4036,20.86991,197.25551,1202.6533,0.126623673430317
2M00280800+5534146,7.033338,55.570724,4954.10888671875,3.383671283721924,0.08532989770174026,91.46673583984375,0.10689307749271393,0.028334783390164375,127.31400299072266,0,0,0.8004695025238717,2305843012351062108,7.033276846008732,55.57071736232305,special,backup,2993,138.27165,1350.3318,5400.366,0.12674569371135622
2M13534971+2616385,208.457158,26.277386,4334.205078125,2.021064281463623,-0.2925337553024292,91.46673583984375,0.10689307749271393,0.03071902133524418,258.9849853515625,0,4,2.351214257436165,2305843020018222684,208.4571604661146,26.27735079127569,main,backup,10307,138.20818,1160.9451,574.6556,0.12700114172344554
2M12043562-0031202,181.148439,-0.522288,4825.54345703125,2.5375022888183594,-0.6271597743034363,91.46673583984375,0.10689307749271393,0.03560222312808037,108.14199829101562,0,0,0.8529897649343761,2305843036770280985,181.1484664121758,-0.5223102736523888,main,backup,26280,141.96661,900.91315,609.2456,0.12715088553555426
2M15214654-0117025,230.443935,-1.284043,4609.57421875,2.2974178791046143,-0.08650673180818558,91.46673583984375,0.10689307749271393,0.029602626338601112,272.08099365234375,0,512,6.971555760136701,2305843042109643352,230.443899702914,-1.284044654569348,main,backup,31374,101.9186,857.62885,1747.8756,0.12717716525389328
2M04051926+7925339,61.330268,79.426109,4796.9404296875,2.5527853965759277,0.040130019187927246,91.46673583984375,0.10689307749271393,0.029014185070991516,364.42999267578125,0,512,6.939482924687864,2305843013353502418,61.33042096284436,79.42608733843558,main,backup,3949,26.369501,244.01363,1202.6533,0.12764044777225145
2M00343672+5537154,8.653002,55.620964,4894.5107421875,3.079146146774292,-0.01778966560959816,91.46673583984375,0.10689307749271393,0.02963954769074917,170.53900146484375,0,0,0.7779602993955497,2305843012330143362,8.653034109594728,55.62093341854276,special,backup,2974,69.478775,629.65515,1200.0854,0.1279882264371149
2M14105857+5335238,212.744069,53.58997,4698.07470703125,2.221571683883667,-1.1235405206680298,91.46673583984375,0.10689307749271393,0.041927143931388855,103.2979965209961,0,512,7.129429975922467,2305843021201018713,212.7440127421382,53.58998240291014,main,backup,11432,120.63819,1080.596,601.7292,0.12823705827077028
2M11240123+5212161,171.005143,52.204479,4734.9501953125,2.5040841102600098,0.0005105212330818176,91.46673583984375,0.10689307749271393,0.029183542355895042,737.5250244140625,0,512,6.869971684660121,2305843015467405584,171.0050864958732,52.20447018288932,sv2,backup,5964,29.757256,261.48932,139.7048,0.12863943918754553
2M12072734-0102048,181.863929,-1.034676,4422.10791015625,1.874162197113037,-0.5726646184921265,91.46673583984375,0.10689307749271393,0.033554721623659134,140.71299743652344,0,1536,8.154224591300897,2305843036761886868,181.8639007101549,-1.034697846763707,main,backup,26274,202.07617,1238.0787,609.2456,0.1286633882918467
2M12251364-0015404,186.306846,-0.261224,4880.1591796875,2.573315382003784,-0.4356253743171692,91.46673583984375,0.10689307749271393,0.033293016254901886,94.48079681396484,0,0,0.8548161929918457,2305843036753495882,186.3068621468262,-0.2611920758533936,main,backup,26266,137.45891,883.9249,602.914,0.12879075919522234
2M14165765+0436387,214.240246,4.61077,4902.0849609375,2.8397459983825684,-0.2955188453197479,91.46673583984375,0.10689307749271393,0.031906887888908386,106.12699890136719,0,2560,8.684529648413275,2305843036552174666,214.2402403743409,4.610734655215914,main,backup,26074,115.73912,920.3698,1203.8068,0.128832592736284
2M11573472+5354574,179.394668,53.915947,5035.53369140625,3.5812129974365234,0.07572442293167114,91.46673583984375,0.10689307749271393,0.028960907831788063,148.02200317382812,0,0,0.7886387688197468,2305843015115085066,179.3946102979162,53.91595837310136,main,backup,5631,133.59908,1206.4761,602.8381,0.12901463709836775
2M13003260-0249228,195.135835,-2.823006,4557.2509765625,1.4677867889404297,-1.5390737056732178,91.46673583984375,0.10689307749271393,0.04747585579752922,67.46420288085938,2176,512,14.884970709489643,2305843036669618491,195.13585299595,-2.823037101538478,main,backup,26184,149.25427,1011.1887,911.8637,0.12931841153469686
2M16020469+2923148,240.519553,29.387453,5061.9443359375,3.2460074424743652,-0.47503662109375,91.46673583984375,0.10689307749271393,0.034007202833890915,52.257999420166016,2176,2048,16.227575048322766,2305843019049345920,240.5195759603907,29.38742312084649,main,backup,9380,126.809166,1115.0508,1214.3202,0.12944986593438068
2M14201884-0506576,215.078509,-5.116001,5062.3427734375,2.9527740478515625,-0.9257664084434509,91.46673583984375,0.10689307749271393,0.04043186455965042,76.2572021484375,0,4,2.52112684731551,2305843036350843891,215.0785447367366,-5.116006311670986,main,backup,25880,24.64204,164.19713,603.0247,0.12955863918625285
2M13391851-0005338,204.827159,-0.092729,5618.06396484375,3.071732759475708,-1.046806812286377,91.46673583984375,0.10689307749271393,0.04539131745696068,88.21440124511719,64,512,11.336759081197993,2305843036501847845,204.8271425850191,-0.0926969518208098,main,backup,26025,90.3115,770.0531,147.3667,0.1296268313231212
2M15175948+0123092,229.497836,1.385893,4477.0224609375,2.271299362182617,-0.16348375380039215,91.46673583984375,0.10689307749271393,0.029897848144173622,272.9880065917969,0,1536,8.070012177268596,2305843042147388361,229.4978132330226,1.385865089933089,main,backup,31410,135.11668,1149.8055,1747.8756,0.12965018498933087
2M16165065+2418109,244.211042,24.303032,4814.68017578125,2.545258045196533,-0.5578259825706482,91.46673583984375,0.10689307749271393,0.03417229279875755,70.55699920654297,0,0,0.8880556580085155,2305843018919322868,244.2110025034868,24.30302941382208,main,backup,9257,75.92112,691.28455,603.1343,0.12992102906308198
2M11480236-1030083,177.009848,-10.502329,4356.130859375,1.7765318155288696,-0.831269383430481,91.46673583984375,0.10689307749271393,0.03591322526335716,96.32219696044922,0,0,0.8660070434862076,2305843035939800988,177.009811333112,-10.50233071953631,main,backup,25491,165.88281,1138.4777,1621.9397,0.12993699359996325
2M15132041-0013353,228.335051,-0.226481,4599.009765625,2.2981021404266357,-0.09776153415441513,91.46673583984375,0.10689307749271393,0.029679132625460625,337.01300048828125,0,0,0.7103308537505226,2305843042134802018,228.3350190132036,-0.2264642380174869,main,backup,31398,122.93574,1063.8732,1747.8756,0.13000452938294266
2M14200843+0417403,215.035166,4.294543,4452.3056640625,2.2046918869018555,-0.25624701380729675,91.46673583984375,0.10689307749271393,0.030793171375989914,309.4989929199219,0,0,0.7243914174803936,2305843036552169011,215.0351321374252,4.294530115597974,main,backup,26072,102.9595,840.5773,1203.8068,0.13011157759225822
2M14554798+4148048,223.949923,41.801342,5483.4189453125,3.103097438812256,-2.069716215133667,91.46673583984375,0.10689307749271393,0.06653837114572525,100.90599822998047,0,0,1.0145304018862635,2305843020307629051,223.9499211658324,41.80130584170366,main,backup,10581,111.516884,999.64325,385.5524,0.130262899763065
2M11144754+0000222,168.698111,0.006185,5042.310546875,3.3713531494140625,-0.2993932068347931,91.46673583984375,0.10689307749271393,0.03266530483961105,116.45700073242188,0,0,0.8309629190544869,2305843037554613561,168.6981467416679,0.0061791383872293,main,backup,27029,81.908104,649.77057,363.2027,0.13038886474769576
2M16380270-0021431,249.51127,-0.361995,4885.04248046875,2.5552947521209717,-0.34977835416793823,91.46673583984375,0.10689307749271393,0.03241013363003731,102.46900177001953,0,0,0.8423670877420654,2305843041870584269,249.5112463790845,-0.3620225274755228,main,backup,31145,100.55524,906.4163,224.2457,0.13058065399540475
2M10190092+0100336,154.753866,1.009351,4957.39794921875,2.690220832824707,-0.2841128408908844,91.46673583984375,0.10689307749271393,0.032592177391052246,152.89500427246094,0,0,0.8035774554060958,2305843037764330194,154.7538360026301,1.009330522190578,main,backup,27228,154.36325,1114.4099,233.1737,0.1307401673752728
2M17020524+0944451,255.521835,9.745867,4625.32080078125,2.3561558723449707,-0.061510346829891205,91.46673583984375,0.10689307749271393,0.029104648157954216,173.60400390625,0,0,0.7735148096833743,2305843042323545806,255.5218400501773,9.745830927128814,main,backup,31577,109.42522,1027.4734,555.7737,0.1310926789114029
2M11195870-0038214,169.994587,-0.639282,4683.12548828125,2.3286685943603516,-0.6567550897598267,91.46673583984375,0.10689307749271393,0.035737715661525726,137.88699340820312,0,1536,8.167153887701478,2305843037508475974,169.9946233338139,-0.6392792879943731,main,backup,26984,119.5958,930.1248,363.2027,0.13115747489922833
2M11422215+0033565,175.59232,0.565705,5555.07666015625,3.7427141666412354,-0.23591765761375427,91.46673583984375,0.10689307749271393,0.03378191962838173,101.75199890136719,0,516,7.097964268324698,2305843037491698688,175.5922838050274,0.5657007855442789,main,backup,26971,111.21555,1007.62244,606.2719,0.13117591720542685
2M11351908+0433437,173.829514,4.562162,4895.1083984375,2.581299066543579,-0.6849550008773804,91.46673583984375,0.10689307749271393,0.03801535442471504,269.72900390625,0,0,0.7742085650219612,2305843037621718254,173.829486175945,4.562138259470554,main,backup,27093,146.06339,979.07745,722.1162,0.13143169576853642
2M14550743+4049479,223.780985,40.829975,5098.0224609375,3.2721259593963623,-0.6340174674987793,91.46673583984375,0.10689307749271393,0.0379038080573082,172.22900390625,0,512,7.058577067738007,2305843020307638839,223.7809495003802,40.82999979220099,main,backup,10580,114.97751,1025.6571,385.5524,0.1315927191364962
2M14525223+3037453,223.217648,30.629251,4789.3662109375,2.8462471961975098,-0.260719895362854,91.46673583984375,0.10689307749271393,0.030552342534065247,63.61119842529297,2176,512,14.806145470871318,2305843018764131803,223.2176159863507,30.62922690524467,main,backup,9111,101.33453,879.83685,816.5551,0.13175232785522709
2M12191607+0454263,184.81698,4.907313,4708.93798828125,2.408050537109375,-0.5776931643486023,91.46673583984375,0.10689307749271393,0.0348813496530056,140.30599975585938,0,1540,8.163744434990383,2305843038225699519,184.8169831373054,4.907276518740092,main,backup,27669,134.2515,1029.0039,263.1161,0.13181374233044857
2M16375604-0049104,249.483522,-0.819557,4770.72900390625,2.3999526500701904,-0.2791391909122467,91.46673583984375,0.10689307749271393,0.03105800226330757,95.3031997680664,0,1536,8.180371226717515,2305843041862212889,249.4835431330763,-0.8195869235650228,main,backup,31138,73.88229,683.3534,224.2457,0.13187676545627777
2M12190143+2530354,184.755989,25.509851,4681.0322265625,2.7049338817596436,-0.1840720772743225,91.46673583984375,0.10689307749271393,0.030918123200535774,218.0050048828125,0,512,7.0002006292791545,2305843039077139576,184.7560245086937,25.50983320598894,main,backup,28482,127.352554,1150.6304,483.4626,0.13196035144545537
2M11092840-1226552,167.368357,-12.44869,4993.875,2.484809160232544,-0.6303095817565918,91.46673583984375,0.10689307749271393,0.036303937435150146,99.32849884033203,0,4,2.4743562469452884,2305843035780426861,167.3683208962514,-12.44870010784037,main,backup,25336,172.39383,1296.8105,2361.23,0.13203111950150906
2M15135728+3204592,228.488692,32.083126,4925.40625,2.597608804702759,-0.6246312260627747,91.46673583984375,0.10689307749271393,0.036844402551651,165.53700256347656,0,0,0.8169438869193308,2305843018722191788,228.4886538607122,32.08310859533154,main,backup,9071,125.31772,1031.9873,861.0181,0.13213302993502213
2M11503766-1246399,177.656953,-12.777759,5020.484375,2.87920880317688,-0.4045396149158478,91.46673583984375,0.10689307749271393,0.03339454159140587,84.19550323486328,0,2048,8.491828617240902,2305843035834950899,177.6569153557057,-12.77775724266637,main,backup,25391,87.27689,575.87585,1205.802,0.13231468810330485
2M11480818+0013419,177.034107,0.228314,4563.92822265625,2.3185179233551025,-0.370465487241745,91.46673583984375,0.10689307749271393,0.031799547374248505,141.38999938964844,0,512,7.04766023168723,2305843037495888269,177.0340791034112,0.2283379473599757,main,backup,26972,123.54706,840.2276,1362.5328,0.13235488785745322
2M11512380+0033387,177.849168,0.560777,5104.9990234375,2.77496337890625,-0.8311446905136108,91.46673583984375,0.10689307749271393,0.03958281874656677,96.77570343017578,0,5636,9.520997396711037,2305843037487498933,177.8491639961056,0.5607404397218353,main,backup,26966,164.12427,1142.4669,1362.5328,0.1324038485919124
2M14204500-0519551,215.187512,-5.331992,4265.537109375,0.8782400488853455,-1.7883940935134888,91.46673583984375,0.10689307749271393,0.05069518834352493,87.78679656982422,0,0,0.9490957729468539,2305843036350848130,215.1875370692878,-5.331964964172098,main,backup,25880,25.582094,170.40446,603.0247,0.13246719201321813
2M14230743-0528045,215.780986,-5.467919,4991.58203125,3.058502435684204,-0.5693724155426025,91.46673583984375,0.10689307749271393,0.03561056777834892,107.0739974975586,0,4,2.463452762269474,2305843036342455875,215.7809518614688,-5.467904810484282,main,backup,25874,25.343536,167.02411,603.0247,0.13257581784513203
2M13500334+2708138,207.513933,27.13718,4994.17333984375,3.5215628147125244,0.0034113340079784393,91.46673583984375,0.10689307749271393,0.02979075349867344,169.64199829101562,0,516,7.027283489931586,2305843020026616698,207.5139682542972,27.13719931560111,main,backup,10313,121.44553,1037.6257,574.6556,0.1326336162854925
2M15190670+3505560,229.777948,35.098911,4819.56396484375,2.766751527786255,-0.267316609621048,91.46673583984375,0.10689307749271393,0.03145677223801613,122.71600341796875,0,3072,8.850138185331268,2305843018831233820,229.7779252399475,35.09894286339857,main,backup,9172,122.31032,943.9033,1461.9958,0.13286057395371795
2M14170781+0356290,214.282572,3.941415,4746.61083984375,2.723182439804077,-0.29958635568618774,91.46673583984375,0.10689307749271393,0.03174743801355362,141.2270050048828,0,2052,8.434295792687305,2305843036539587942,214.2825983669225,3.941389007346393,main,backup,26061,103.59414,830.4423,1203.8068,0.13312934287967787
2M03310701+8055093,52.779241,80.919266,4842.984375,2.694669246673584,-0.08012655377388,91.46673583984375,0.10689307749271393,0.029587116092443466,126.90299987792969,0,2048,8.43215913877896,2305843013445752418,52.77930363585114,80.91930168723337,main,backup,4036,13.024045,122.87909,1202.6533,0.1333119762223408
2M00295607+5146582,7.483642,51.782856,4140.75927734375,1.3949061632156372,-0.5723655223846436,91.46673583984375,0.10689307749271393,0.03270989656448364,169.0919952392578,0,4,2.403597077737534,2305843012309105429,7.483698507229917,51.78284378222017,special,backup,2954,242.17429,2197.9182,835.9787,0.13331303251362417
2M16010901+2742467,240.287582,27.712984,4911.55322265625,3.0309009552001953,-0.2309863269329071,91.46673583984375,0.10689307749271393,0.031711652874946594,146.02099609375,0,512,7.044020195226448,2305843019019982680,240.2876041416647,27.7129525304078,main,backup,9355,90.80052,938.1157,607.25,0.13347041533533677
2M15200396+0108241,230.016535,1.140037,4900.490234375,3.1684508323669434,-0.13988763093948364,91.46673583984375,0.10689307749271393,0.030913671478629112,166.76300048828125,0,1536,8.124144500124215,2305843042147377098,230.0165293609996,1.140000347111352,main,backup,31410,133.78203,1152.1165,1747.8756,0.1335022509210978
2M08130667-1327363,123.277816,-13.460092,4865.9072265625,3.0864455699920654,-0.14984704554080963,91.46673583984375,0.10689307749271393,0.031285081058740616,281.447998046875,0,0,0.7363195860963707,2305843051878168989,123.2778444370073,-13.4601167303946,main,backup,40690,100.295006,845.8149,1641.0775,0.13356153161502715
2M16313039-0021494,247.876632,-0.363729,4947.232421875,3.2725820541381836,-0.3165721893310547,91.46673583984375,0.10689307749271393,0.03261006996035576,128.02200317382812,0,0,0.8212956804920688,2305843041690209063,247.8765975564611,-0.3637428906247334,main,backup,30975,104.61067,958.5055,224.2457,0.1336981557698873
2M12234726+2456301,185.946955,24.941711,4635.486328125,2.588256359100342,-0.34690648317337036,91.46673583984375,0.10689307749271393,0.03255947306752205,442.9630126953125,0,3076,8.729177241633323,2305843039077143303,185.9469140272688,24.94171178002536,main,backup,28480,134.37492,1247.3628,483.4626,0.13377488302237442
2M10141973+0159368,153.582216,1.993571,4992.18017578125,3.3320045471191406,-0.17628206312656403,91.46673583984375,0.10689307749271393,0.03035627119243145,56.409698486328125,2176,512,14.816982563540407,2305843037789489359,153.582181343107,1.993557529378504,main,backup,27252,92.44027,684.6903,370.0134,0.1337875649170561
2M13490541+4351377,207.272561,43.860489,4821.65673828125,2.393679618835449,-1.3527116775512695,91.46673583984375,0.10689307749271393,0.0464194193482399,102.81199645996094,0,0,0.9120825694484852,2305843020404103527,207.2725286610228,43.86051799567094,main,backup,10675,130.6267,1039.9988,1814.5289,0.1339493771748491
2M11190826+0001361,169.78444,0.026701,5021.7802734375,3.5927329063415527,0.20424671471118927,91.46673583984375,0.10689307749271393,0.027923014014959335,173.26800537109375,0,0,0.7677992589723599,2305843037508473116,169.7844238444733,0.0266674800014303,main,backup,26986,109.04291,830.89154,363.2027,0.13395634781938967
2M11414935-1403222,175.45566,-14.056174,5005.634765625,2.7024247646331787,-0.21487319469451904,91.46673583984375,0.10689307749271393,0.03103596530854702,73.91439819335938,0,0,0.8677888425115949,2305843035830747836,175.4556302604725,-14.0561976024379,main,backup,25387,120.81142,896.6794,1208.196,0.1341860465769705
2M14590257+3024158,224.760741,30.404409,5174.1650390625,2.605250358581543,-1.081904411315918,91.46673583984375,0.10689307749271393,0.04516133666038513,175.05499267578125,0,4,2.462408581670055,2305843018810266933,224.7607147141657,30.40443861949607,main,backup,9152,104.64946,879.5724,816.5551,0.1342796446520951
2M11415875-1436410,175.494794,-14.611414,4986.1005859375,2.913881540298462,-0.4046829640865326,91.46673583984375,0.10689307749271393,0.03344887122511864,99.70149993896484,0,516,7.098314787556148,2305843035830761370,175.4947582824333,-14.61142802853787,main,backup,25386,108.83678,793.62085,1208.196,0.13428341921163284
2M12434102-0234450,190.920943,-2.579183,4956.6005859375,2.579360008239746,-0.9170682430267334,91.46673583984375,0.10689307749271393,0.04170888662338257,239.58299255371094,0,0,0.8044815481726089,2305843036652841280,190.9209174594026,-2.579210274675492,main,backup,26169,80.19245,608.7364,1119.414,0.13445453340502053
2M12104372+0443051,182.682168,4.718084,4885.44091796875,3.2346019744873047,-0.9869054555892944,91.46673583984375,0.10689307749271393,0.041131239384412766,121.59700012207031,1152,133632,19.721984603720948,2305843038229889685,182.6821360112492,4.718103538130303,main,backup,27673,108.42336,935.49866,259.5307,0.13460802027941135
2M11482142+0012498,177.089265,0.213842,4737.93994140625,2.5104713439941406,-0.32664772868156433,91.46673583984375,0.10689307749271393,0.03275662288069725,273.6159973144531,0,0,0.746489365956676,2305843037495888481,177.0892718007794,0.2138052023930532,main,backup,26972,136.35703,932.46674,1362.5328,0.13471476264504914
2M11185212+0030318,169.717187,0.508846,4893.51416015625,2.8985981941223145,-0.36411845684051514,91.46673583984375,0.10689307749271393,0.03339748829603195,163.82000732421875,0,2052,8.427803083517663,2305843037508470948,169.7171622744939,0.5088741146023517,main,backup,26987,68.26534,514.5171,474.3824,0.13478302392194916
2M14193377+0423253,214.890724,4.390367,4832.32080078125,3.0188114643096924,-0.5235792398452759,91.46673583984375,0.10689307749271393,0.03557443618774414,269.51800537109375,0,512,7.002357786568797,2305843036552171816,214.8906909577129,4.390349064832946,main,backup,26072,110.39404,899.5106,1203.8068,0.13503911184718606
2M13114508+5635157,197.937852,56.587708,4996.06689453125,3.1068613529205322,-0.5437508821487427,91.46673583984375,0.10689307749271393,0.03487144410610199,75.30439758300781,0,1024,7.817575681293318,2305843020869667020,197.9378326876985,56.58767202269698,main,backup,11119,150.11194,1206.8519,603.9829,0.13505802990651974
2M06221809+3244280,95.5754,32.741116,4857.435546875,2.522218942642212,-0.20150667428970337,91.46673583984375,0.10689307749271393,0.03148253634572029,172.14500427246094,0,1536,8.123831109821996,2305843034832547025,95.575439997314,32.74109938556414,main,backup,24435,31.029074,261.61566,600.0408,0.13507764165475256
2M13431037+2637353,205.793217,26.626474,4789.0673828125,2.4326863288879395,-0.9493296146392822,91.46673583984375,0.10689307749271393,0.04129846394062042,221.18899536132812,0,2048,8.435490259322615,2305843019980480372,205.7932088613537,26.62643714860816,main,backup,10271,150.39937,1267.2429,574.6556,0.13522580935687975
2M14224244-0423444,215.67684,-4.395693,4882.052734375,2.292513608932495,-1.289165735244751,91.46673583984375,0.10689307749271393,0.04517634958028793,74.27739715576172,0,4,2.547445294814258,2305843036350850087,215.6768305358744,-4.395656613953561,main,backup,25881,24.613382,161.30139,603.0247,0.13532303237073948
2M14273470-0439139,216.894606,-4.653887,5538.03466796875,3.8298935890197754,-0.3061428666114807,91.46673583984375,0.10689307749271393,0.03412085399031639,68.10099792480469,2176,4,10.186431952774331,2305843036346651406,216.8945944446461,-4.653851146350514,main,backup,25878,19.186798,119.04693,603.0247,0.13556910643221126
2M14262658+5107367,216.610761,51.126865,4662.3955078125,2.682008981704712,-0.4743545651435852,91.46673583984375,0.10689307749271393,0.03419224172830582,273.3810119628906,0,0,0.753753065530246,2305843021167467325,216.6107546544458,51.12690251975418,main,backup,11401,102.442825,949.9955,864.7951,0.13582986104289793
2M11395125-1411417,174.963552,-14.194936,5193.0009765625,2.955169200897217,-0.5638038516044617,91.46673583984375,0.10689307749271393,0.036082085222005844,78.95719909667969,0,4,2.4959428169187134,2305843035830747168,174.9635667437824,-14.19497104772736,main,backup,25386,112.07082,846.3712,1208.196,0.13626133029824625
2M12560496+4211353,194.020696,42.19315,5089.94970703125,2.651670455932617,-0.8174499869346619,91.46673583984375,0.10689307749271393,0.040213923901319504,155.468994140625,0,4,2.449465371352103,2305843020601230374,194.0207452470144,42.193160071451,main,backup,10860,91.08594,809.9367,745.2322,0.1362631650430954
2M12251375-0311351,186.307329,-3.193092,4582.5654296875,2.275405168533325,-0.6035690903663635,91.46673583984375,0.10689307749271393,0.03479672595858574,152.1739959716797,0,512,7.055345650978466,2305843036728333563,186.3072922410586,-3.193101280916872,main,backup,26241,119.629036,979.8864,1052.3633,0.13628569519178796
2M00353154+5438436,8.881431,54.645458,4809.99658203125,2.458348512649536,-0.3590911626815796,91.46673583984375,0.10689307749271393,0.03328971192240715,187.90199279785156,0,1540,8.126756188934259,2305843012325916823,8.881369166415766,54.64544532117382,special,backup,2971,116.95531,1110.3362,5400.366,0.13665270448955258
2M11502026-1159429,177.584422,-11.99526,4856.638671875,3.1703896522521973,0.018792258575558662,91.46673583984375,0.10689307749271393,0.029024003073573112,161.91900634765625,0,1536,8.117626066928164,2305843035847528971,177.5843834064335,-11.99526427682918,main,backup,25402,108.67769,723.74194,1621.9397,0.1367724900753302
2M06472137+2814466,101.839081,28.246284,5103.802734375,3.5301167964935303,-0.15473222732543945,91.46673583984375,0.10689307749271393,0.03190316632390022,166.9250030517578,0,0,0.7914077110827358,2305843034442448585,101.8391199286149,28.24626761894222,main,backup,24061,116.10628,1087.674,600.0386,0.13681670113552247
2M14565544+4111459,224.231028,41.196087,5008.52490234375,3.2809081077575684,-0.489675372838974,91.46673583984375,0.10689307749271393,0.03576989471912384,186.73699951171875,0,512,7.039864740698838,2305843020307632082,224.231033161552,41.19612484597783,main,backup,10581,119.88459,1057.89,385.5524,0.13696107166667099
2M13422595+0118413,205.608161,1.311486,4877.56787109375,2.9118285179138184,-0.4792005121707916,91.46673583984375,0.10689307749271393,0.0342574305832386,128.74200439453125,0,0,0.8289759896136866,2305843036506040020,205.6081527241192,1.311448742483268,main,backup,26029,140.15175,1040.6588,832.457,0.1373944552817
2M06390637+3426295,99.77657,34.44154,4703.25732421875,2.5077338218688965,-0.15465037524700165,91.46673583984375,0.10689307749271393,0.0306874867528677,300.7489929199219,0,1024,7.659169399482005,2305843016230792711,99.77655455679826,34.44150393423357,main,backup,6692,149.14801,1375.2352,780.0852,0.1376945615811064
2M11043541-0613468,166.147548,-6.229693,5063.5390625,3.332118511199951,-0.43459874391555786,91.46673583984375,0.10689307749271393,0.03550397977232933,224.11599731445312,0,512,7.020377789130551,2305843037432982643,166.1475172173922,-6.229670042100413,main,backup,26912,106.27386,784.6057,1810.4094,0.13771946344500396
2M16010481+2639362,240.270052,26.660074,5182.736328125,3.497497320175171,0.05381525307893753,91.46673583984375,0.10689307749271393,0.029509270563721657,127.88200378417969,0,3076,8.837610625894362,2305843019019986516,240.2700104895434,26.66006454777408,main,backup,9352,103.343315,1058.2788,607.25,0.13781701273348038
2M14531624+3727054,223.317694,37.451527,4534.32861328125,2.7627596855163574,-0.5850299596786499,91.46673583984375,0.10689307749271393,0.034262217581272125,145.58700561523438,0,0,0.8167927995866395,2305843018856405310,223.3177158647995,37.4514927825337,main,backup,9197,129.16924,1111.8049,603.9982,0.13812591494596077
2M14554656+4035566,223.944028,40.599064,4345.76611328125,1.69407057762146,-0.49685388803482056,91.46673583984375,0.10689307749271393,0.03308591619133949,251.97500610351562,0,2048,8.381451286217182,2305843018873184404,223.9440427291526,40.59902724858621,main,backup,9214,107.8419,947.23615,385.5524,0.13829525155824227
2M12293985+5649355,187.416061,56.826546,4630.2041015625,2.3631129264831543,-0.729198694229126,91.46673583984375,0.10689307749271393,0.03696445748209953,174.8560028076172,0,1536,8.149687107915756,2305843020945168952,187.4160382752273,56.82650960778538,main,backup,11188,135.0135,1139.4521,264.8036,0.13844837547555522
2M14244372-0511056,216.182206,-5.184915,5155.7275390625,3.1458678245544434,-0.6015022397041321,91.46673583984375,0.10689307749271393,0.036440249532461166,81.79900360107422,0,4,2.4942411837407317,2305843036342455918,216.1822017679411,-5.18487662012291,main,backup,25875,21.75113,139.5128,603.0247,0.1389981873379466
2M15201969-0213390,230.082057,-2.227512,5000.4521484375,3.4874603748321533,0.23341140151023865,91.46673583984375,0.10689307749271393,0.026804104447364807,100.88800048828125,0,1024,7.7483246226477736,2305843042105435434,230.0820213376311,-2.227496556811858,main,backup,31369,85.155365,735.4992,1206.1154,0.1398161084631263
2M03481809+7931234,57.075376,79.523193,4852.45263671875,3.428494453430176,0.45473045110702515,91.46673583984375,0.10689307749271393,0.02489672228693962,155.05099487304688,392,5636,15.374625853376955,2305843013353503448,57.07534628696169,79.52323147124756,main,backup,3948,20.994993,195.7525,1202.6533,0.1398556488988896
2M12201424+3924565,185.059352,39.415722,4686.71337890625,2.5040841102600098,-0.8466092944145203,91.46673583984375,0.10689307749271393,0.03924563527107239,235.1790008544922,0,512,7.034288648349653,2305843020634784255,185.0593516794198,39.41568314459404,main,backup,10892,116.4785,1087.679,859.2914,0.13988230299180035
2M12165862+5738237,184.244277,57.639935,4760.4638671875,2.604680061340332,-1.0400186777114868,91.46673583984375,0.10689307749271393,0.04161957651376724,143.2740020751953,0,0,0.8551700805898019,2305843020945163495,184.2442599546338,57.63989717024964,main,backup,11190,90.5122,856.3825,603.3381,0.1400915964000205
2M16102076+2401178,242.586537,24.021612,4848.66552734375,3.1835057735443115,0.25477340817451477,91.46673583984375,0.10689307749271393,0.0271168053150177,378.7489929199219,0,0,0.6858766040192572,2305843018919320008,242.5865088550059,24.02158276694562,main,backup,9258,34.82461,280.5972,605.4429,0.14014327142660993
2M15174569+0122462,229.440378,1.379525,4672.8603515625,2.334371566772461,-0.5991717576980591,91.46673583984375,0.10689307749271393,0.034504350274801254,104.4010009765625,0,71172,12.023856976467822,2305843042147378459,229.4403508455759,1.379497097063515,main,backup,31410,176.02518,443.1372,1205.0308,0.1401463513836707
2M16305269-0059169,247.719564,-0.988046,4728.0732421875,2.780665874481201,-0.24980846047401428,91.46673583984375,0.10689307749271393,0.03183632344007492,382.3789978027344,0,512,6.948798683737286,2305843041690212085,247.7195255834985,-0.9880523487145304,main,backup,30975,102.74845,933.86194,224.2457,0.1401549366094904
2M13265029-0103487,201.709571,-1.063541,5138.0869140625,2.701169967651367,-0.3969091773033142,91.46673583984375,0.10689307749271393,0.03366768732666969,73.03559875488281,0,4,2.491565371284807,2305843036321490503,201.7095980234496,-1.0635690359834,main,backup,25854,117.73662,897.7714,831.13,0.14017050141056392
2M03573092+7949392,59.378856,79.82756,4770.82861328125,2.598635196685791,-0.39633750915527344,91.46673583984375,0.10689307749271393,0.03338034823536873,173.77099609375,0,4,2.4042356276851025,2305843013353495047,59.37869799462464,79.82758727968624,main,backup,3949,21.774652,206.03125,1202.6533,0.14048758035283782
2M11453918-1057262,176.41327,-10.957294,4741.42822265625,2.648705005645752,-0.4271041750907898,91.46673583984375,0.10689307749271393,0.032444827258586884,82.04080200195312,0,0,0.8645345549497351,2305843035939808459,176.4133043845849,-10.95731362659257,main,backup,25490,158.1874,1097.8042,1621.9397,0.14057467572343904
2M11531593+0136002,178.316379,1.600069,4517.5849609375,2.3553574085235596,-0.1915591061115265,91.46673583984375,0.10689307749271393,0.030353035777807236,246.78700256347656,0,0,0.7447518536347241,2305843038213120263,178.3163417450634,1.600057035100863,main,backup,27656,137.38419,937.8445,1362.5328,0.14081509283926086
2M00284340+5444143,7.180857,54.737316,4998.75830078125,3.0839364528656006,0.019282307475805283,91.46673583984375,0.10689307749271393,0.029455041512846947,153.1840057373047,0,512,7.027980005970114,2305843012351142023,7.180789920635505,54.73731014777268,special,backup,2992,168.91847,1631.5194,5400.366,0.14099885532504192
2M00295328+5336496,7.472038,53.613785,5060.84814453125,3.065915822982788,-0.5461165308952332,91.46673583984375,0.10689307749271393,0.03544711694121361,93.69650268554688,0,2048,8.491518652435705,2305843012313347400,7.472015660019565,53.61374813373609,special,backup,2959,276.23788,2584.0723,5400.366,0.14103337267818183
2M15131801+0159469,228.325076,1.996365,4761.36083984375,2.8529763221740723,-0.012924443930387497,91.46673583984375,0.10689307749271393,0.028775494545698166,142.88099670410156,0,4,2.4006603569452056,2305843042155809011,228.3250730163727,1.996325922423514,main,backup,31418,116.642265,726.59894,1210.8995,0.14108823068817888
2M06231744+3256468,95.822695,32.946335,4764.55029296875,2.7164535522460938,-0.7948817014694214,91.46673583984375,0.10689307749271393,0.03890189155936241,226.7530059814453,0,0,0.795926910727247,2305843034836728004,95.82272112968415,32.94630241572589,main,backup,24438,35.467194,298.0762,600.0408,0.14139116716690592
2M14414948+4602235,220.456174,46.039871,4945.9365234375,2.9024760723114014,-0.7519776225090027,91.46673583984375,0.10689307749271393,0.03746643289923668,82.81230163574219,0,512,7.128993656635125,2305843020341188245,220.4561182883266,46.03986414106484,main,backup,10615,120.615814,1061.6747,369.2197,0.14139439821954855
2M06145452+3141347,93.727178,31.692974,5010.21923828125,2.9319019317626953,-0.27649959921836853,91.46673583984375,0.10689307749271393,0.03237708657979965,125.21600341796875,0,2560,8.670482670290838,2305843034828357007,93.72713465879622,31.69296021788622,main,backup,24429,15.656302,129.0269,600.0408,0.1417290119686797
2M12214343-0309583,185.430985,-3.166212,4825.8427734375,2.391854763031006,-0.6778304576873779,91.46673583984375,0.10689307749271393,0.036019857972860336,90.8541030883789,0,2560,8.72047585423126,2305843036728339506,185.4309769636257,-3.166250579298896,main,backup,26243,130.27023,1022.0525,1052.3633,0.14185775179264365
2M12520980+4138374,193.040845,41.643749,4909.65966796875,2.9535722732543945,-0.28739291429519653,91.46673583984375,0.10689307749271393,0.03209042549133301,125.80799865722656,0,2560,8.668581427961396,2305843020597039853,193.040894040013,41.64373440354559,main,backup,10857,96.95772,876.178,745.2322,0.14200943092623663
2M15153684+3501283,228.903514,35.024532,4444.4326171875,1.6811823844909668,-1.095306634902954,91.46673583984375,0.10689307749271393,0.04049096256494522,125.5260009765625,0,4,2.4720915688183323,2305843018831234239,228.9034693849745,35.02451712523585,main,backup,9172,109.77044,866.0778,1461.9958,0.14201093113652352
2M11475639+0223441,176.984994,2.395611,4262.24853515625,1.448169469833374,-1.174989104270935,91.46673583984375,0.10689307749271393,0.04018193110823631,90.52259826660156,0,2048,8.518601838438013,2305843037521055126,176.9850295281319,2.395593770407931,main,backup,26997,90.74917,804.44434,602.1616,0.14204733529302846
2M12244033+5812284,186.168077,58.207916,4958.693359375,3.1934285163879395,-0.8911830186843872,91.46673583984375,0.10689307749271393,0.039692312479019165,96.12120056152344,0,2052,8.512166636923395,2305843020991301839,186.1680416316498,58.20788119758087,main,backup,11234,153.27933,1301.4851,264.8036,0.1421162393317877
2M13475967+2648195,206.998635,26.80542,5276.0205078125,3.376485824584961,0.19497820734977722,91.46673583984375,0.10689307749271393,0.028262421488761902,111.90299987792969,384,5120,15.307251175399088,2305843020026618273,206.9986447092696,26.80538148145966,main,backup,10312,142.42694,1236.7297,574.6556,0.14213283865258383
2M16353386-0103347,248.891114,-1.059656,4821.25830078125,2.5184552669525146,-0.36978936195373535,91.46673583984375,0.10689307749271393,0.03339130058884621,182.19400024414062,0,1540,8.13033239446574,2305843041870606522,248.891087216453,-1.059685079074809,main,backup,31144,95.60316,863.5236,224.2457,0.14231185828299084
2M13224507-0048578,200.687814,-0.816068,4957.99609375,2.7380096912384033,-0.5148841142654419,91.46673583984375,0.10689307749271393,0.03604487329721451,240.21400451660156,0,0,0.7758995403808542,2305843036682191041,200.6878400617196,-0.8160977985789946,main,backup,26196,123.027885,960.6337,831.13,0.1425086614138955
2M15155395-0109494,228.974817,-1.163739,4691.5966796875,2.6400368213653564,-0.6706675291061401,91.46673583984375,0.10689307749271393,0.03683493286371231,274.1549987792969,0,0,0.7666848336333756,2305843042130605307,228.9747896209332,-1.163710379763857,main,backup,31393,104.623314,900.787,1747.8756,0.14257190955311927
2M13040443+7211177,196.018474,72.188271,4673.4580078125,2.329695224761963,-0.9005947113037109,91.46673583984375,0.10689307749271393,0.03922208026051521,151.92599487304688,0,0,0.8373586166249659,2305843021788228271,196.0184534618803,72.18831011922241,main,backup,11994,139.4864,947.52576,1203.6094,0.14263371501184013
2M15134845+0000312,228.451905,0.008688,4881.35498046875,2.7074432373046875,-0.7123209238052368,91.46673583984375,0.10689307749271393,0.03722517192363739,124.88899993896484,0,6660,9.650854331845316,2305843042134799670,228.4518761442569,0.0087152773765777,main,backup,31398,142.90143,1245.7697,1747.8756,0.14294807024924325
2M13290289-0038250,202.262055,-0.640284,4752.88916015625,2.724095106124878,-0.5450981259346008,91.46673583984375,0.10689307749271393,0.03514053672552109,174.9409942626953,0,0,0.802931442127972,2305843036321482410,202.2620354151119,-0.640318595080178,main,backup,25855,126.78905,942.8422,831.13,0.14311254339733998
2M14265121-0527004,216.713379,-5.450125,4630.10498046875,2.4255008697509766,-0.5730672478675842,91.46673583984375,0.10689307749271393,0.03508814796805382,186.11500549316406,0,1536,8.134099766729204,2305843036342473539,216.7133425834188,-5.450108528405946,main,backup,25875,21.437191,134.17696,603.0247,0.14334680163741384
2M00345343+5551111,8.722628,55.853088,4659.90380859375,2.422877550125122,-0.2598423361778259,91.46673583984375,0.10689307749271393,0.03166959807276726,308.7139892578125,0,0,0.729026691128662,2305843012330143835,8.722634705874157,55.85304832764245,special,backup,2974,77.67841,695.5336,1200.0854,0.1434619000930184
2M15140174+0202231,228.507271,2.039751,5052.67578125,3.375002861022949,-0.494479238986969,91.46673583984375,0.10689307749271393,0.03450366482138634,74.72370147705078,0,4,2.4934907420479173,2305843042155810774,228.5072874783752,2.039714604875519,main,backup,31418,115.02529,719.65564,1210.8995,0.1438107831518285
2M14450532+1216338,221.272185,12.276066,4629.00830078125,2.5885984897613525,-0.33901575207710266,91.46673583984375,0.10689307749271393,0.032106734812259674,173.302001953125,0,4608,9.22446454936418,2305843017992378248,221.2721546365906,12.27603920515932,main,backup,8373,121.76492,1124.7269,601.4184,0.1439199272528385
2M14560814+3839550,224.033922,38.665295,4945.13916015625,3.1269350051879883,-0.23120015859603882,91.46673583984375,0.10689307749271393,0.03098066709935665,74.57340240478516,0,4,2.4760744342027676,2305843018868991344,224.0339537857858,38.6652635814421,main,backup,9209,122.0218,1080.528,603.9982,0.14413899655374776
2M12340959+5649455,188.539987,56.829311,4930.09033203125,3.1439290046691895,-0.38014355301856995,91.46673583984375,0.10689307749271393,0.03422502055764198,219.63299560546875,0,0,0.7757186624105155,2305843020919998197,188.5399272385122,56.82933416802487,main,backup,11167,172.35294,1435.0598,264.8036,0.14426481553746878
2M13250025-0031012,201.251058,-0.517003,4996.5654296875,2.865180253982544,-1.3226310014724731,91.46673583984375,0.10689307749271393,0.04680351912975311,94.5155029296875,0,2048,8.54743951341811,2305843036682195917,201.2510801005119,-0.5170364660839926,main,backup,26196,152.03528,1167.7305,831.13,0.14437623201266944
2M11561316-1141325,179.054834,-11.692371,4963.07861328125,3.109940767288208,0.10242290049791336,91.46673583984375,0.10689307749271393,0.02769518829882145,80.80609893798828,0,512,7.082560233063396,2305843035847536479,179.0547965323786,-11.69238719924049,main,backup,25401,121.924446,776.6397,1812.152,0.1443857283480745
2M15153527-0113371,228.896972,-1.226989,4897.40087890625,3.1614933013916016,-0.4574277400970459,91.46673583984375,0.10689307749271393,0.03414825722575188,133.9969940185547,0,0,0.8244596613584905,2305843042130609413,228.89700824777,-1.227006355706649,main,backup,31393,105.34887,899.3405,1747.8756,0.14465187544484345
2M13443272+2644037,206.136373,26.734388,5241.337890625,3.554980754852295,-0.7527717351913452,91.46673583984375,0.10689307749271393,0.04016658663749695,162.6719970703125,0,2560,8.683443205057493,2305843020026618824,206.1363938221248,26.73435237667478,main,backup,10314,163.61403,1395.824,574.6556,0.14466638146780497
2M14180193+0435568,214.50807,4.599116,4575.0908203125,1.3160946369171143,-2.246004343032837,91.46673583984375,0.10689307749271393,0.0654047280550003,175.03399658203125,0,0,0.9541995527926026,2305843036552179365,214.508074161291,4.599076008216543,main,backup,26074,109.98906,882.391,1203.8068,0.14474273346817593
2M15214485-0031599,230.436886,-0.533322,4875.77392578125,2.8448784351348877,-0.5432501435279846,91.46673583984375,0.10689307749271393,0.03414912894368172,61.94889831542969,2176,0,8.586460006409727,2305843042109620460,230.4368849477578,-0.5332818047784348,main,backup,31375,133.5416,1158.6737,1747.8756,0.14475236747166545
2M14344386+0827590,218.682785,8.466405,3884.226806640625,0.5728026628494263,-0.7782126665115356,91.46673583984375,0.10689307749271393,0.03449998050928116,373.6189880371094,0,1536,8.061740324724955,2305843017950431255,218.6827549113621,8.46637790253618,main,backup,8334,134.40028,1213.9486,601.0638,0.14489606087039142
2M16051764+2751201,241.323513,27.855606,4972.24755859375,2.7560300827026367,-0.18489272892475128,91.46673583984375,0.10689307749271393,0.032110992819070816,214.2790069580078,0,1536,8.10519284466827,2305843019024189468,241.323485506004,27.85557388769996,main,backup,9356,80.43316,830.9924,607.25,0.1449905997567737
2M11494229+0127177,177.426221,1.454941,5027.76025390625,3.32584547996521,-0.8643750548362732,91.46673583984375,0.10689307749271393,0.04000372812151909,118.49500274658203,0,4,2.4753727241898633,2305843037495893470,177.4262034961778,1.454904618355383,main,backup,26975,134.17108,909.56256,1362.5328,0.14533527439445235
2M06191773+3313297,94.823895,33.224918,4978.82568359375,2.742229700088501,-0.23833255469799042,91.46673583984375,0.10689307749271393,0.03174569457769394,119.7249984741211,0,0,0.8236205773723,2305843034840982468,94.82391662123172,33.22488182263695,main,backup,24441,13.649837,114.108,600.0408,0.14560793304496322
2M14471994+1256507,221.833124,12.947424,4758.37060546875,2.7454230785369873,-0.22806304693222046,91.46673583984375,0.10689307749271393,0.030427411198616028,93.10130310058594,0,0,0.8419434929353731,2305843018038517265,221.8330824548927,12.94742430754068,main,backup,8418,119.09749,1082.4674,601.4184,0.14576412806097394
2M14205078+0510283,215.211595,5.17454,4879.95947265625,2.961441993713379,-0.8681751489639282,91.46673583984375,0.10689307749271393,0.03843506798148155,61.27000045776367,2176,4,10.218411962348354,2305843036552178320,215.2116344601461,5.174549843948411,main,backup,26075,102.84572,809.70575,1203.8068,0.14584846171066795
2M14211764-0601511,215.323515,-6.030866,4328.5244140625,1.5307447910308838,-1.1311887502670288,91.46673583984375,0.10689307749271393,0.039698027074337006,79.08370208740234,0,512,7.144702370558209,2305843036342468355,215.3235237329429,-6.03082640983777,main,backup,25874,22.86638,146.56772,603.0247,0.14591344032777495
2M16073621+2252268,241.900887,22.874119,4825.14501953125,2.5215344429016113,-0.3076649308204651,91.46673583984375,0.10689307749271393,0.0325411893427372,171.3419952392578,0,512,7.032277333571576,2305843018202093244,241.9008707992,22.87408126879028,main,backup,8572,50.153755,403.81113,605.4429,0.1460754379854141
2M12294207-0230123,187.425303,-2.503436,4441.24365234375,1.7896479368209839,-0.6092949509620667,91.46673583984375,0.10689307749271393,0.0348779559135437,289.96099853515625,0,512,6.991590327880662,2305843036732534333,187.4252665764174,-2.503454068998763,main,backup,26245,142.23259,1108.7407,1052.3633,0.1462608239382352
2M15165699+0044131,229.237464,0.736984,4799.63134765625,2.877498149871826,0.01524152047932148,91.46673583984375,0.10689307749271393,0.029276926070451736,233.41700744628906,0,512,6.985193940675348,2305843042134794548,229.2375045739566,0.7369862069801013,main,backup,31399,131.82335,1167.7783,1747.8756,0.1462701025230033
2M03145337+0044357,48.722396,0.743255,4939.95703125,2.8616445064544678,-0.2634001672267914,91.46673583984375,0.10689307749271393,0.031659625470638275,102.80599975585938,0,4608,9.274055569451805,2305843033544852683,48.72239351637631,0.7432144430144171,main,backup,23207,128.05975,801.9132,604.0785,0.14627861125779987
2M11514597+0029348,177.941552,0.493027,4560.04150390625,1.871995210647583,-1.5332392454147339,91.46673583984375,0.10689307749271393,0.048611365258693695,133.1580047607422,0,512,7.137674473328412,2305843037487499754,177.9415163284833,0.4930074818141704,main,backup,26966,161.8307,1129.4291,1362.5328,0.14637984559744568
2M13312986+3549063,202.874424,35.818428,4841.39013671875,2.2785990238189697,-1.3731603622436523,91.46673583984375,0.10689307749271393,0.0468742735683918,101.4020004272461,0,0,0.9157243694541284,2305843020177607196,202.8744168945286,35.81838774100414,main,backup,10458,123.9393,1128.4514,1043.2472,0.1464091017997217
2M16075149+2722349,241.964582,27.376362,4756.1787109375,2.5495920181274414,-0.19072827696800232,91.46673583984375,0.10689307749271393,0.03100350685417652,176.08799743652344,0,512,7.021872328868639,2305843019024185744,241.9645503490317,27.37633250540613,main,backup,9356,86.385895,888.16534,607.25,0.14667033903178883
2M12143530+0447376,183.647123,4.793778,4677.34521484375,2.3843274116516113,-0.4168213903903961,91.46673583984375,0.10689307749271393,0.03262045979499817,126.74800109863281,0,516,7.070382841680885,2305843038225700892,183.6470873392338,4.793798111011221,main,backup,27670,114.504745,965.7991,259.5307,0.14699561532142946
2M13522394+4225583,208.099782,42.432884,4810.39501953125,3.0907795429229736,-0.24741870164871216,91.46673583984375,0.10689307749271393,0.0320858359336853,194.91600036621094,0,0,0.776904206283469,2305843020404101058,208.0997273027644,42.43287753268775,main,backup,10672,133.19757,1064.1189,1814.5289,0.14718615257300757
2M12193809+2619120,184.908712,26.320019,4984.0078125,3.447655439376831,-0.058200299739837646,91.46673583984375,0.10689307749271393,0.030759725719690323,435.23699951171875,0,516,6.938266562250104,2305843039077139411,184.9086665404053,26.32001552719003,main,backup,28482,109.44352,828.3945,775.5134,0.14722054007890004
2M12075721+0528372,181.988401,5.477017,4857.13671875,2.316807270050049,-1.0849906206130981,91.46673583984375,0.10689307749271393,0.043808672577142715,280.0409851074219,0,0,0.7994369379642923,2305843038229896696,181.9883744695094,5.476985728568637,main,backup,27675,112.89892,972.92596,259.5307,0.14735205644162672
2M11561960-1142125,179.08168,-11.703494,4963.97607421875,2.513436794281006,-0.3939213156700134,91.46673583984375,0.10689307749271393,0.03305049613118172,86.09200286865234,0,4612,9.299433284196764,2305843035847536458,179.0816497268795,-11.70352242595555,main,backup,25401,157.86899,991.6364,1812.152,0.14785385004664156
2M20505056+3323507,312.710708,33.397423,4492.56982421875,1.9865057468414307,-0.463238000869751,91.46673583984375,0.10689307749271393,0.03159891441464424,63.60150146484375,2176,4,10.1805554068369,2305843023139095171,312.7107196996919,33.39738309816997,main,backup,13280,86.164566,788.71576,617.2559,0.14788794175607128
2M15182498+0054368,229.604102,0.910242,4073.088134765625,1.359321117401123,-0.701637864112854,91.46673583984375,0.10689307749271393,0.03278341144323349,77.33049774169922,0,5636,9.509174269115732,39627812738435524,229.6040609621518,0.9102384220483112,main,bright,31410,399.98672,3387.2231,553.0681,0.14827812710358285
2M14262061+5006025,216.585915,50.100712,4264.44091796875,1.5257264375686646,-1.2110575437545776,91.46673583984375,0.10689307749271393,0.04071881249547005,89.3198013305664,0,512,7.137777862021811,2305843021167467627,216.585855725332,50.10072810457421,main,backup,11400,89.44634,820.25195,1489.8538,0.14864838043797063
2M12294577-0232572,187.440721,-2.549233,4931.98388671875,3.3460333347320557,0.04956886172294617,91.46673583984375,0.10689307749271393,0.029378678649663925,195.83099365234375,0,512,7.003178318786044,2305843036732533894,187.4407521688908,-2.549260164053897,main,backup,26245,141.10303,1105.4066,1052.3633,0.14875728235915275
2M11282541+0449129,172.10591,4.820258,5340.10400390625,2.6529250144958496,-0.8703003525733948,91.46673583984375,0.10689307749271393,0.041397154331207275,96.88670349121094,0,0,0.8928483257456654,2305843037621724286,172.1058901121746,4.820221734501799,main,backup,27094,129.81653,837.0034,722.1162,0.14877712235889676
2M12434480-0148281,190.936674,-1.807827,4222.083984375,1.1410211324691772,-1.3359599113464355,91.46673583984375,0.10689307749271393,0.04284194856882095,113.85900115966797,0,2052,8.511140256334539,2305843036657026326,190.9366376238208,-1.807807324692194,main,backup,26172,105.45543,799.84265,1119.414,0.14882537806420054
2M12263867-0006125,186.661154,-0.10349,5333.02783203125,3.2368831634521484,-0.4933510422706604,91.46673583984375,0.10689307749271393,0.0359654426574707,89.22640228271484,0,71168,12.046651239766492,2305843036753495074,186.6611143279677,-0.1034782560438539,main,backup,26266,140.08583,873.18115,602.914,0.14894542733037094
2M11501867-1037393,177.577811,-10.62759,4943.544921875,2.6513283252716064,-0.507735013961792,91.46673583984375,0.10689307749271393,0.035758938640356064,190.91000366210938,0,4,2.406773578910483,2305843035939805971,177.5777760090092,-10.62761305624469,main,backup,25489,156.92001,1061.5251,1621.9397,0.1490554757842729
2M10514503-0125542,162.937643,-1.431739,5719.5205078125,3.893693447113037,-0.3319741189479828,91.46673583984375,0.10689307749271393,0.03523891791701317,76.48429870605469,0,2048,8.51053783237058,2305843037546226065,162.9376825112743,-1.431751442869787,main,backup,27020,120.96522,1010.5189,479.2288,0.14908482713768792
2M15173717-0136562,229.404901,-1.615619,4550.67333984375,2.512524127960205,-0.2162712961435318,91.46673583984375,0.10689307749271393,0.029680738225579262,108.85600280761719,0,512,7.063006118411273,2305843042105446734,229.4049406306858,-1.615631405264641,main,backup,31371,86.9139,731.0037,1747.8756,0.14944264571717392
2M11474905+0036427,176.954382,0.611879,5125.4296875,3.2723541259765625,-0.38603901863098145,91.46673583984375,0.10689307749271393,0.034094564616680145,119.70500183105469,0,1540,8.17556832805579,2305843037495888537,176.9543458325627,0.6118998886732842,main,backup,26972,135.41438,916.0047,1362.5328,0.15035209441174013
2M15004251+3739306,225.177142,37.658512,4964.1748046875,2.5679545402526855,-0.6772222518920898,91.46673583984375,0.10689307749271393,0.03751039877533913,149.71299743652344,0,0,0.8302578853721785,2305843018860602491,225.1771948809607,37.65851123761756,main,backup,9203,126.06266,1070.7264,603.9982,0.1507356257953861
2M16055055+2254389,241.46066,22.910824,4415.82958984375,1.0233170986175537,-2.182528018951416,91.46673583984375,0.10689307749271393,0.06221115589141846,165.39599609375,0,516,7.191905233745281,2305843018202094554,241.4606250042101,22.91079716116229,main,backup,8572,58.248882,472.31485,605.4429,0.15100363289096788
2M15154666-0046527,228.94445,-0.781327,4061.926025390625,1.1357747316360474,-0.6285322308540344,91.46673583984375,0.10689307749271393,0.03242393955588341,120.6780014038086,0,0,0.8262255018954648,2305843042134788724,228.9444834270852,-0.7813523820372158,main,backup,31396,134.1159,1176.2433,1747.8756,0.15108896175587844
2M13003110-0246210,195.129598,-2.772526,5049.287109375,2.409647226333618,-1.2813432216644287,91.46673583984375,0.10689307749271393,0.04833837226033211,263.6260070800781,0,512,7.068379579354753,2305843036669618581,195.129560334512,-2.772544905471809,main,backup,26184,156.16113,1063.0676,911.8637,0.15157609515805912
2M11073382-0456485,166.890956,-4.94682,4782.0908203125,2.040111541748047,-1.5889233350753784,91.46673583984375,0.10689307749271393,0.05220064893364906,187.072998046875,0,4,2.491001766003282,2305843037437172762,166.8909469209916,-4.946861158081141,main,backup,26918,143.04659,1031.9773,799.5482,0.15170500423927688
2M13524016+2601592,208.167351,26.033112,4821.8564453125,1.3922828435897827,-2.2569451332092285,91.46673583984375,0.10689307749271393,0.06527824699878693,74.99690246582031,64,65536,16.3023230206745,2305843020018223099,208.1673383841378,26.03307138206402,main,backup,10307,130.8353,1115.5525,574.6556,0.15181241304827864
2M12491977-0246473,192.332383,-2.779825,4712.52587890625,2.8966591358184814,0.20347124338150024,91.46673583984375,0.10689307749271393,0.026755331084132195,164.9759979248047,384,0,6.72007929739552,2305843036648650067,192.332342430714,-2.779836786700457,main,backup,26164,131.19865,1004.69336,1119.414,0.1519235008650686
2M14320667+0730483,218.027827,7.513427,4831.82275390625,2.8793227672576904,-0.4037338197231293,91.46673583984375,0.10689307749271393,0.033810533583164215,179.6580047607422,0,2048,8.418742865801237,2305843017946245661,218.0278695366765,7.513429275556054,main,backup,8331,112.77904,1007.37225,601.8413,0.15203813890783527
2M16063730+2351334,241.655431,23.859293,4922.1171875,3.1911473274230957,-0.41789257526397705,91.46673583984375,0.10689307749271393,0.03465327247977257,250.8990020751953,0,0,0.764607166618765,2305843018202089157,241.655405358085,23.8593282897288,main,backup,8575,52.51789,438.8677,605.4429,0.15253533116281615
2M15152183+0200242,228.840992,2.006741,4812.88671875,2.7957210540771484,-0.5962099432945251,91.46673583984375,0.10689307749271393,0.035447508096694946,129.927001953125,0,4,2.4434550862246494,2305843042155776620,228.8410094377288,2.006702374427113,main,backup,31416,112.94922,700.9077,1210.8995,0.15254982132619935
2M11284914+0329251,172.204786,3.490333,4706.34716796875,2.4866340160369873,-0.1060287356376648,91.46673583984375,0.10689307749271393,0.030179958790540695,259.4849853515625,0,512,6.979164743346694,2305843037617529526,172.2047630117913,3.490297338808565,main,backup,27089,109.37524,736.9787,722.1162,0.15265951276268425
2M06383955+3344405,99.664829,33.744587,4510.70849609375,1.922863483428955,-0.42868784070014954,91.46673583984375,0.10689307749271393,0.03298547863960266,307.0450134277344,0,0,0.7361464276151033,2305843016201428400,99.66477787615035,33.74458547431621,main,backup,6667,106.261375,1005.01984,780.0852,0.1531367286155123
2M14442909+4710297,221.12121,47.174931,4717.60888671875,2.811574697494507,0.056805189698934555,91.46673583984375,0.10689307749271393,0.027933701872825623,143.47999572753906,0,4,2.396035942184352,2305843021058412657,221.1212562777037,47.1749023472651,main,backup,11298,99.00504,880.49414,603.6345,0.15318307811228604
2M11043861-0602467,166.160912,-6.046329,4726.478515625,2.672314405441284,-0.2942196726799011,91.46673583984375,0.10689307749271393,0.032334089279174805,276.8529968261719,0,512,6.983480699418736,2305843037432977017,166.160869132567,-6.046328246840404,main,backup,26913,103.26138,757.13477,1810.4094,0.15348821902261842
2M12120618+0558557,183.025782,5.982146,4549.57666015625,2.652012825012207,0.24148717522621155,91.46673583984375,0.10689307749271393,0.02621370740234852,356.3659973144531,0,0,0.6874361174896152,2305843038234088258,183.0257448828759,5.98212459850232,main,backup,27677,114.35402,979.12274,259.5307,0.15361252589931843
2M14585959+4154486,224.748307,41.913506,5035.83251953125,3.602313280105591,0.21869784593582153,91.46673583984375,0.10689307749271393,0.02776188589632511,166.552001953125,0,4,2.380361592061166,2305843020307630187,224.7483584828867,41.91348714386177,main,backup,10581,116.61333,1014.2727,385.5524,0.15372052795841323
2M16102077+2412414,242.586573,24.211508,4854.44580078125,2.788991928100586,-0.4428211450576782,91.46673583984375,0.10689307749271393,0.0346309058368206,197.92799377441406,0,0,0.7881038636884736,2305843018919332636,242.5865282504251,24.21152066644919,main,backup,9258,45.654533,367.86826,605.4429,0.1538411216154569
2M10135746+0126534,153.489431,1.44819,4761.36083984375,2.8103201389312744,0.19629400968551636,91.46673583984375,0.10689307749271393,0.026244092732667923,92.71009826660156,0,2052,8.448500911502167,2305843037789490847,153.489388358646,1.44818651638272,main,backup,27252,109.73732,823.9743,370.0134,0.1539714268376916
2M11455981-1128499,176.499245,-11.480528,4895.1083984375,3.304631233215332,0.15233159065246582,91.46673583984375,0.10689307749271393,0.027464374899864197,126.34100341796875,0,0,0.7968786454560719,2305843035927220309,176.4992068230441,-11.48054892437758,main,backup,25477,137.15848,953.9681,1621.9397,0.15432085731905498
2M06465113+2654409,101.713048,26.911383,4835.80908203125,2.6663835048675537,0.004163537174463272,91.46673583984375,0.10689307749271393,0.028857417404651642,140.86000061035156,0,512,7.033322492582245,2305843034434113355,101.7130748678456,26.91134732169164,main,backup,24054,131.11902,1229.6901,600.0386,0.15471375289594877
2M08503039-1352260,132.626663,-13.873911,4859.52880859375,2.635018825531006,-0.541961669921875,91.46673583984375,0.10689307749271393,0.035936497151851654,320.3689880371094,0,0,0.7466671163142503,2305843051941088356,132.6266213099366,-13.87392567872855,main,backup,40748,111.73988,867.2654,1817.9847,0.1549921233143103
2M13532828+4316427,208.367853,43.278538,4932.68115234375,3.295621156692505,0.0063187070190906525,91.46673583984375,0.10689307749271393,0.028926189988851547,116.78299713134766,0,516,7.060033058443133,2305843020404100986,208.3678433625918,43.2785804815839,main,backup,10673,107.96582,910.0078,1814.5289,0.15500555166446964
2M14354727+5108379,218.946965,51.143883,4972.9453125,3.1934285163879395,-0.27021345496177673,91.46673583984375,0.10689307749271393,0.031875286251306534,103.10800170898438,0,0,0.8390771738256791,2305843021163268283,218.946930155072,51.14384588311296,main,backup,11398,114.33012,1066.8779,864.7951,0.1550738349947755
2M13444234+2613543,206.17642,26.231758,5484.41552734375,3.6256942749023438,-0.24419087171554565,91.46673583984375,0.10689307749271393,0.033889107406139374,122.23300170898438,448,2048,14.564411510783422,2305843019980476983,206.1763887235594,26.23172522283371,main,backup,10269,163.61555,1409.714,574.6556,0.15532019465081648
2M15063236+2521448,226.634845,25.362452,4936.96728515625,2.5552947521209717,-0.43107470870018005,91.46673583984375,0.10689307749271393,0.03412499651312828,143.3419952392578,0,3076,8.849360439209677,2305843018634112245,226.6348374288149,25.3624093994057,main,backup,8987,126.35132,1084.2982,1210.3293,0.155327214998825
2M15132311+3155225,228.346318,31.922937,4307.09716796875,1.0325555801391602,-1.4265542030334473,91.46673583984375,0.10689307749271393,0.04439232870936394,88.78829956054688,0,0,0.9164598027033694,2305843018722191797,228.3462678972007,31.92294434847441,main,backup,9071,129.43958,1065.6455,861.0181,0.15535980454706771
2M10532143-0017295,163.33931,-0.291537,4861.02392578125,2.805187702178955,-0.24904653429985046,91.46673583984375,0.10689307749271393,0.031049087643623352,91.97209930419922,0,516,7.094301995056379,2305843037546222981,163.3393046021667,-0.2915798222271961,main,backup,27023,111.28224,943.03906,479.2288,0.15537989489442042
2M14292442+5034515,217.35176,50.580978,4927.2998046875,3.3237926959991455,-0.11968371272087097,91.46673583984375,0.10689307749271393,0.03037468157708645,130.83099365234375,0,0,0.8079649591694965,2305843021167468192,217.3517081283467,50.58100589804123,main,backup,11401,134.50763,1223.7146,864.7951,0.15539330215172956
2M03354162+8055043,53.92342,80.917862,4705.3505859375,2.3911705017089844,-0.6059770584106445,91.46673583984375,0.10689307749271393,0.034465450793504715,84.33499908447266,0,4,2.4813503251832754,2305843013445758112,53.92354266272525,80.9179006786312,main,backup,4037,13.472209,128.3022,1202.6533,0.15571550741546916
2M14230494+0436493,215.770601,4.613702,4973.14453125,2.467700958251953,-0.6521497368812561,91.46673583984375,0.10689307749271393,0.036011338233947754,65.04049682617188,2176,512,14.831252409757573,2305843036552181280,215.7706163868106,4.613661554131544,main,backup,26073,103.44238,822.6736,1203.8068,0.15572196857740914
2M00232069+5540117,5.83623,55.669918,4688.90576171875,2.624297618865967,-0.005163170397281647,91.46673583984375,0.10689307749271393,0.028049122542142868,108.03099822998047,0,0,0.815326016183604,2305843012351174534,5.83624377563109,55.66987543108313,special,backup,2992,96.24059,918.0866,5400.366,0.15577930751349295
2M11503782+1853556,177.65759,18.898794,4830.0283203125,2.3303794860839844,-0.2717927396297455,91.46673583984375,0.10689307749271393,0.031348031014204025,106.2300033569336,0,512,7.073762017483853,2305843038825480604,177.6575830396987,18.89875120141543,main,backup,28243,117.36907,973.8159,606.3541,0.15588799038753232
2M13011311+5811173,195.30466,58.188141,4945.8369140625,3.2522807121276855,-0.4477444291114807,91.46673583984375,0.10689307749271393,0.03513254597783089,305.8080139160156,0,0,0.7472841372720317,2305843020974524213,195.304577807347,58.18814227499804,main,backup,11216,112.69257,862.73804,603.2509,0.1560423879025272
2M08191888-1346578,124.82867,-13.782724,4807.3056640625,2.9321300983428955,0.10683020949363708,91.46673583984375,0.10689307749271393,0.02838740311563015,251.70899963378906,0,1536,8.07054452274611,2305843051853010386,124.8286973050028,-13.7827584151951,main,backup,40667,114.331055,918.9535,1641.0775,0.1564096060261271
2M12214507+2710503,185.437827,27.180645,5019.58740234375,3.213616132736206,-0.6193416118621826,91.46673583984375,0.10689307749271393,0.036192636936903,93.05130004882812,0,0,0.8708227732198213,2305843039085528636,185.4378147967661,27.18060292817624,main,backup,28489,93.402,700.10864,775.5134,0.15641920515396143
2M11485740-1243409,177.239206,-12.728054,4414.63330078125,1.9778378009796143,-0.38228631019592285,91.46673583984375,0.10689307749271393,0.032044269144535065,251.40699768066406,0,512,6.9916365318043505,2305843035834952603,177.2392239024764,-12.72801414334987,main,backup,25391,118.29685,759.4293,1205.802,0.15665144396249522
2M14190544+0526182,214.772681,5.438414,4085.346923828125,0.9390310049057007,-1.1899806261062622,91.46673583984375,0.10689307749271393,0.03971104323863983,105.0739974975586,0,0,0.8763851485730132,2305843036552172923,214.7727232421153,5.438402768141834,main,backup,26075,99.41851,771.28973,1203.8068,0.15669401582887335
2M12221349+0030407,185.556218,0.511332,4462.7705078125,2.2598938941955566,-0.36249032616615295,91.46673583984375,0.10689307749271393,0.03201796114444733,348.0610046386719,0,0,0.7188087615862402,2305843036778663037,185.5562359415385,0.5112922569187428,main,backup,26288,136.35477,868.9083,602.914,0.1569775727772284
2M08504501-1328469,132.68756,-13.479711,5020.0859375,3.2088258266448975,0.09646862000226974,91.46673583984375,0.10689307749271393,0.02814623713493347,98.19979858398438,0,0,0.8252612136819903,2305843051941095145,132.6875298233333,-13.47974327148247,main,backup,40749,99.94609,772.89886,1817.9847,0.15702767281865562
2M10171721+0229456,154.32172,2.49601,4942.0498046875,3.416632890701294,0.37321239709854126,91.46673583984375,0.10689307749271393,0.02586863376200199,152.38699340820312,8,0,2.967514962881652,2305843037789492473,154.3216996829441,2.496048670498081,main,backup,27253,115.15211,954.67896,240.0633,0.15722594732445658
2M12254801-0038300,186.450071,-0.641681,3939.639404296875,0.11462283134460449,-1.4423640966415405,91.46673583984375,0.10689307749271393,0.0438704751431942,166.42799377441406,0,1028,7.787883400853594,2305843036753505576,186.4500616382099,-0.6417237489106526,main,backup,26264,142.03555,909.7091,602.914,0.1575427409312451
2M13273414+3630349,201.892253,36.509708,4733.65478515625,2.035435199737549,-1.4963932037353516,91.46673583984375,0.10689307749271393,0.0480785109102726,82.51809692382812,0,512,7.182405692317891,2305843020202772766,201.8922515985984,36.50966420933635,main,backup,10480,116.327,1041.423,1043.2472,0.1576985318003885
2M15175802+3515046,229.491767,35.251278,4490.87548828125,1.353846549987793,-1.5880459547042847,91.46673583984375,0.10689307749271393,0.04899638146162033,122.80899810791016,0,2048,8.532458677920298,2305843018831233488,229.4917213369636,35.25125490823515,main,backup,9172,132.16432,1019.25635,1461.9958,0.15789827756801017
2M14451457+4558120,221.310744,45.970013,4903.77880859375,2.903730630874634,-0.18136796355247498,91.46673583984375,0.10689307749271393,0.031168373301625252,149.19400024414062,0,512,7.039168558732761,2305843021058410576,221.3107011180373,45.96998077251283,main,backup,11298,111.532104,992.40576,369.2197,0.1580279841444411
2M06440650+2805108,101.027105,28.086349,4738.6376953125,2.433598518371582,-0.13416391611099243,91.46673583984375,0.10689307749271393,0.03045406937599182,187.125,0,0,0.7728033097255065,2305843034442457584,101.0271494952655,28.08632926584988,main,backup,24060,98.900246,948.48413,600.0386,0.15817189870374926
2M11011902-0530309,165.329276,-5.508606,5063.638671875,2.7407469749450684,-0.5619515180587769,91.46673583984375,0.10689307749271393,0.03612969070672989,127.21800231933594,0,4,2.4489567965300254,2305843037432973793,165.3293191812356,-5.508596853929205,main,backup,26914,108.03547,801.2524,1810.4094,0.1581988906226113
2M14321959+0902249,218.081646,9.040268,4988.09423828125,3.463395118713379,-0.20733438432216644,91.46673583984375,0.10689307749271393,0.031550485640764236,128.9669952392578,0,0,0.8152680010549871,2305843017975597784,218.0816134110878,9.040238044343218,main,backup,8356,124.958206,1112.2428,601.0638,0.1582836775480998
2M11511215-1230351,177.800662,-12.509771,4735.1494140625,2.438845157623291,-0.08486265689134598,91.46673583984375,0.10689307749271393,0.02959037572145462,158.718994140625,0,2048,8.409961054788711,2305843035847537597,177.8006192318164,-12.50975709741938,main,backup,25402,101.42961,648.51526,1205.802,0.15842374425666297
2M14035907+5335360,210.996158,53.593334,5183.234375,3.333259105682373,-0.5543861389160156,91.46673583984375,0.10689307749271393,0.03596305102109909,82.44309997558594,0,512,7.121918230456659,2305843020483789298,210.9961664845837,53.59329022307376,main,backup,10751,128.12921,1121.8219,601.7292,0.15863618191873993
2M11480373+0034309,177.015559,0.575254,4483.10205078125,1.7326208353042603,-1.3789268732070923,91.46673583984375,0.10689307749271393,0.04484003782272339,101.88500213623047,0,0,0.9050826274712105,2305843037495887491,177.0155149057919,0.5752544059022485,main,backup,26972,133.09422,902.7199,1362.5328,0.1587378743672227
2M14371241+0902307,219.301735,9.041878,4853.05078125,1.883857011795044,-1.9269770383834839,91.46673583984375,0.10689307749271393,0.058940231800079346,138.40499877929688,0,4,2.554644362137118,2305843017950430155,219.3017558553444,9.04183898733306,main,backup,8335,112.517845,1048.1785,601.0638,0.1588163690334588
2M16000556+2648156,240.023193,26.80434,4669.27197265625,2.324106454849243,-0.3722541332244873,91.46673583984375,0.10689307749271393,0.0312688909471035,61.327701568603516,2176,3076,16.604760920194174,2305843019019987506,240.0232079845373,26.80429794203744,main,backup,9352,101.39959,1037.5901,607.25,0.15887990684776784
2M00352060+5437421,8.835853,54.62838,4175.04345703125,1.4493099451065063,-0.12666313350200653,91.46673583984375,0.10689307749271393,0.028386889025568962,396.42999267578125,0,1536,8.025263935109404,2305843012325911810,8.835849727170284,54.62833590555546,special,backup,2971,128.29062,1218.9817,5400.366,0.1588864568600371
2M11453936-1103319,176.414038,-11.058866,4921.91796875,3.0827958583831787,-0.688591718673706,91.46673583984375,0.10689307749271393,0.03786730766296387,177.59800720214844,0,4,2.4245043260950365,2305843035939799436,176.4139929896152,-11.05886407019178,main,backup,25490,159.92145,1108.0598,1621.9397,0.1591801308329897
2M12081634+0007485,182.068105,0.13016,4732.65771484375,2.624753713607788,-0.10220935195684433,91.46673583984375,0.10689307749271393,0.0300239697098732,181.36099243164062,0,0,0.7737646551965444,2305843036770274589,182.0680930703601,0.1302026573596151,main,backup,26281,177.9173,1106.6572,609.2456,0.15945870342445467
2M15580157+2728414,239.50656,27.478186,4676.64697265625,2.430291175842285,-0.5086655020713806,91.46673583984375,0.10689307749271393,0.03467904403805733,264.51300048828125,0,512,6.999748311202842,2305843019019984834,239.506515611951,27.47816554217955,main,backup,9354,91.293846,934.3764,607.25,0.15975828916881316
2M06352976+3425482,98.874039,34.43008,5057.6591796875,3.0005626678466797,-0.04149732366204262,91.46673583984375,0.10689307749271393,0.030281895771622658,150.27099609375,0,512,7.034021659982193,2305843016226576794,98.87409137052556,34.43006982874487,main,backup,6689,111.9718,1041.7614,780.0852,0.159758764404481
2M11421597+5536004,175.566575,55.600136,4823.94921875,2.5944151878356934,-0.6233518719673157,91.46673583984375,0.10689307749271393,0.03683611750602722,266.6789855957031,0,0,0.7694453691644215,2305843015479986397,175.5665572491203,55.60009274053601,main,backup,5979,102.12694,915.65454,601.0594,0.15986410705311843
2M13385966-0001483,204.748622,-0.030093,4724.4853515625,2.6509861946105957,-0.2480131983757019,91.46673583984375,0.10689307749271393,0.03128126263618469,157.51199340820312,0,512,7.034342758883034,2305843036501845345,204.7485791317604,-0.0301047487125769,main,backup,26025,90.95499,781.8265,147.3667,0.16001656621066854
2M10153638+0308599,153.901614,3.149987,4892.01904296875,2.744966983795166,-0.4869323968887329,91.46673583984375,0.10689307749271393,0.03440222144126892,127.65399932861328,0,0,0.8305420710885824,2305843037969843578,153.9016196927257,3.149942900313269,main,backup,27426,80.961365,698.1249,240.0633,0.1600721952850095
2M11471344-0114206,176.806,-1.239058,4874.47802734375,2.6992311477661133,-0.6137227416038513,91.46673583984375,0.10689307749271393,0.035229768604040146,77.22370147705078,0,512,7.124711045629709,2305843037483310265,176.8060012907556,-1.239102506408512,main,backup,26962,161.42215,965.0618,602.0572,0.16029040606848025
2M12201116+5635503,185.046536,56.597324,5045.1015625,3.2132740020751953,-0.09561104327440262,91.46673583984375,0.10689307749271393,0.030267899855971336,104.4000015258789,0,512,7.0700827057880575,2305843020940974660,185.0465175867938,56.59728056458496,main,backup,11187,95.50552,880.14746,603.3381,0.16056931403722496
2M11560084+1819376,179.003501,18.327116,4683.12548828125,2.511725902557373,-0.5057268142700195,91.46673583984375,0.10689307749271393,0.03378282114863396,133.0970001220703,384,0,6.7765447244685095,2305843038468973034,179.0034553000372,18.32710553478479,main,backup,27902,109.48359,888.64355,606.3541,0.1606548645438714
2M14361610+5102583,219.067121,51.049545,4827.8359375,3.1309268474578857,-0.49509748816490173,91.46673583984375,0.10689307749271393,0.03519226983189583,334.8450012207031,0,0,0.7385400007915262,2305843021163270292,219.0670500146794,51.04954721601261,main,backup,11398,138.01648,1261.2992,864.7951,0.1608471972966139
2M10514192-0009147,162.924675,-0.154086,4838.69921875,2.4987237453460693,-0.5373761653900146,91.46673583984375,0.10689307749271393,0.03510994464159012,151.24000549316406,0,0,0.817247523696796,2305843037571386641,162.9246624112244,-0.1541290206704186,main,backup,27045,117.97202,1004.81335,479.2288,0.161368939185625
2M14365586+4934257,219.232772,49.573818,5048.09130859375,3.136059045791626,-0.35735663771629333,91.46673583984375,0.10689307749271393,0.03281041979789734,72.872802734375,0,1536,8.215648995697581,2305843021159072204,219.2328412211941,49.57381710102747,main,backup,11393,107.89055,935.06415,603.6345,0.16162818760818803
2M12144768+0622480,183.698669,6.380012,4971.3505859375,2.1957955360412598,-1.2145071029663086,91.46673583984375,0.10689307749271393,0.04488757252693176,99.95999908447266,0,0,0.9072090500580516,2305843038234093530,183.698627074891,6.380029021843336,main,backup,27677,114.948944,958.7758,259.5307,0.162030130250995
2M13261237-0117265,201.551549,-1.290707,4785.67822265625,3.1711878776550293,0.061362240463495255,91.46673583984375,0.10689307749271393,0.02875896543264389,349.2430114746094,0,0,0.702175730353604,2305843036321487769,201.5515874255293,-1.29073054436129,main,backup,25854,138.11958,1027.5483,831.13,0.1622042342477028
2M16344655+0023254,248.69397,0.390407,4777.20703125,2.9239182472229004,-0.059203729033470154,91.46673583984375,0.10689307749271393,0.028982486575841904,114.4209976196289,0,0,0.8142974300119097,2305843041870567717,248.6939882991236,0.3903656769536049,main,backup,31147,78.64232,744.7615,224.2457,0.16269596666971167
2M16334259+0030265,248.427483,0.507375,4311.681640625,1.086503267288208,-1.6501332521438599,91.46673583984375,0.10689307749271393,0.04922819882631302,134.00100708007812,0,4,2.509294309135223,2305843041870601759,248.4275131501465,0.5073412393504069,main,backup,31147,112.13644,1035.41,224.2457,0.16294689333319126
2M12224548+2559295,185.689519,25.991541,5185.8251953125,3.4062538146972656,-0.25110700726509094,91.46673583984375,0.10689307749271393,0.03267394378781319,113.49299621582031,0,516,7.081604854573092,2305843039077145369,185.6894693983456,25.99153300569356,main,backup,28481,137.18318,1224.101,483.4626,0.16306532586419653
2M11072232-0516137,166.843036,-5.270492,4960.5869140625,3.3378214836120605,-0.5207089781761169,91.46673583984375,0.10689307749271393,0.03613247349858284,238.53199768066406,0,0,0.777037292895379,2305843037437167462,166.8430218851997,-5.270535088110436,main,backup,26916,123.92986,881.33606,799.5482,0.16316111027448899
2M15160904-0115219,229.03769,-1.256089,4997.46240234375,2.77462100982666,-1.6309441328048706,91.46673583984375,0.10689307749271393,0.0530887208878994,116.40699768066406,0,0,0.9331225797278817,2305843042130605751,229.0376599879399,-1.256123076269993,main,backup,31393,110.89502,951.63727,1747.8756,0.16345280914461918
2M14482699+1253112,222.112464,12.886445,4820.4609375,3.020293951034546,-0.31722012162208557,91.46673583984375,0.10689307749271393,0.031234856694936752,58.60179901123047,2176,0,8.5773523952683,2305843018038514429,222.1124215303596,12.88646370940107,main,backup,8416,127.39674,1153.5927,601.4184,0.16355261993524486
2M14311750+5030196,217.822939,50.505466,5217.11962890625,2.949124336242676,-0.5404777526855469,91.46673583984375,0.10689307749271393,0.035885877907276154,78.51100158691406,0,0,0.8860834762495362,2305843021159080605,217.8229466322716,50.50542081610949,main,backup,11395,136.63693,1240.0553,864.7951,0.16359799267295952
2M11430339-1338578,175.764164,-13.649397,4780.296875,2.2775726318359375,-1.1978400945663452,91.46673583984375,0.10689307749271393,0.04340604692697525,93.65650177001953,0,4,2.5156863166589267,2305843035830750585,175.7641933714352,-13.64943250783933,main,backup,25387,123.14915,902.32623,1208.196,0.16400550592684102
2M11293291+0240201,172.38715,2.672256,4650.33642578125,2.601144552230835,-0.5019216537475586,91.46673583984375,0.10689307749271393,0.03447774797677994,345.14599609375,0,4,2.3413842147050277,2305843037525249060,172.387113270531,2.672228795477525,main,backup,27002,143.40083,929.8737,722.1162,0.1644300759781871
2M11040724-0643122,166.030167,-6.720064,4710.4326171875,2.3779401779174805,-0.5867739915847778,91.46673583984375,0.10689307749271393,0.03454403951764107,106.34400177001953,0,2048,8.474467107491991,2305843037432983386,166.0301244190692,-6.720081279746577,main,backup,26912,122.03398,904.6352,1810.4094,0.1644572587388202
2M00325391+5333435,8.224646,53.562084,4679.43798828125,2.4359936714172363,-0.31550708413124084,91.46673583984375,0.10689307749271393,0.03238178789615631,314.9729919433594,0,2048,8.355694039975482,2305843012313333799,8.224570409348587,53.56207548867086,special,backup,2959,210.32812,1974.1428,5400.366,0.16450855009753565
2M14164886+0419390,214.203602,4.327525,4922.71484375,2.863583564758301,-0.46998918056488037,91.46673583984375,0.10689307749271393,0.03530766814947128,214.3520050048828,0,2560,8.631707661152308,2305843036539585540,214.2035584034051,4.327539256052113,main,backup,26063,109.405205,875.1158,1203.8068,0.16470052855058318
2M11491252+1901002,177.302192,19.016741,4866.20654296875,2.138768434524536,-1.608691692352295,91.46673583984375,0.10689307749271393,0.05096503719687462,77.48269653320312,0,512,7.203056840134774,2305843038825487540,177.3021974549898,19.01669532085631,main,backup,28243,109.79712,904.52954,606.3541,0.16548968044759552
2M12310597-0245167,187.774876,-2.75464,4812.787109375,2.0291619300842285,-1.6086575984954834,91.46673583984375,0.10689307749271393,0.05026696249842644,59.98080062866211,2176,67072,19.783762450519337,2305843036732532595,187.7749092371283,-2.754671848022421,main,backup,26245,122.67593,961.7298,1052.3633,0.16561767399138738
2M15123093+0013205,228.12888,0.22237,4818.5673828125,2.507049798965454,-0.4354148507118225,91.46673583984375,0.10689307749271393,0.03415399789810181,180.9720001220703,0,0,0.7946283329105468,2305843042134799233,228.1288720936617,0.2224153703524617,main,backup,31398,142.61475,1213.487,1747.8756,0.16579468179685972
2M12091049-0157051,182.293736,-1.951442,4535.82373046875,1.4331142902374268,-1.7785098552703857,91.46673583984375,0.10689307749271393,0.0533258281648159,136.78199768066406,0,65540,12.00873667630202,2305843036044667522,182.2937372347784,-1.951488038310692,main,backup,25589,140.48334,830.4951,834.0518,0.1657974503286189
2M13423823+2644007,205.659328,26.733543,5255.19091796875,3.6624200344085693,-0.19154071807861328,91.46673583984375,0.10689307749271393,0.033383071422576904,247.63699340820312,0,2560,8.607712672212502,2305843019980477650,205.6593280664179,26.73349694072822,main,backup,10271,153.76427,1287.609,574.6556,0.1658135159308371
2M14220439+0511086,215.518295,5.185726,5313.9921875,2.5652172565460205,-1.2271945476531982,91.46673583984375,0.10689307749271393,0.04736306890845299,111.01899719238281,64,1536,12.421167136902284,2305843036552176374,215.5182615380062,5.18569420311236,main,backup,26075,105.16954,818.2102,1203.8068,0.16581898109314291
2M12161002+0516215,184.041766,5.272658,4665.58447265625,2.404172658920288,-0.7441685795783997,91.46673583984375,0.10689307749271393,0.03724678233265877,168.6280059814453,0,1540,8.157303589445972,2305843038225699940,184.0417573467191,5.272612730787729,main,backup,27671,86.482506,725.8227,259.5307,0.16589511381317465
2M11313218+0343089,172.884109,3.719165,4787.47265625,1.9472711086273193,-1.6653066873550415,91.46673583984375,0.10689307749271393,0.0540635846555233,233.22500610351562,0,512,7.109209173054687,2305843037621717330,172.8841302566606,3.719124041725161,main,backup,27092,167.755,1137.6108,722.1162,0.16605035522668454
2M12193834+5744581,184.909788,57.749477,4896.703125,2.6526970863342285,-0.5307402610778809,91.46673583984375,0.10689307749271393,0.035964421927928925,295.864990234375,0,4,2.364175902758085,2305843020945164909,184.9097721803837,57.74943164995086,main,backup,11190,86.64935,801.0773,603.3381,0.16606458291182957
2M16312414-0053326,247.850617,-0.892407,5011.1162109375,3.3177478313446045,-0.025879569351673126,91.46673583984375,0.10689307749271393,0.029623333364725113,123.14299774169922,0,512,7.050492727513628,2305843041690217260,247.8506629613911,-0.8924028623268939,main,backup,30975,96.774765,887.4833,224.2457,0.16611015538018747
2M16312200-0043189,247.84168,-0.721924,4293.84130859375,1.264884114265442,-0.6406132578849792,91.46673583984375,0.10689307749271393,0.03334585204720497,104.32499694824219,0,512,7.085543653913615,2305843041690209570,247.8416591882083,-0.7218827928146209,main,backup,30975,107.946625,989.5821,224.2457,0.1661895869486352
2M12315132+5759449,187.963866,57.995815,4967.16455078125,3.400893449783325,-0.5683808326721191,91.46673583984375,0.10689307749271393,0.036788757890462875,242.87600708007812,0,4,2.387959335439512,2305843020991299712,187.9638683661281,57.99576884181372,main,backup,11232,148.66028,1287.7394,264.8036,0.1662307820765617
2M11432311+0129405,175.846326,1.494597,4435.1640625,1.6935003995895386,-1.1277830600738525,91.46673583984375,0.10689307749271393,0.04213336110115051,219.75799560546875,0,0,0.8152037260004681,2305843037521052695,175.8463139039679,1.494641597941473,main,backup,26996,108.66683,964.44336,606.2719,0.1663492507234492
2M06183295+3310533,94.63732,33.181484,4820.162109375,2.6039958000183105,-0.1889500916004181,91.46673583984375,0.10689307749271393,0.031532175838947296,333.1409912109375,0,0,0.7207482022626752,2305843034840964436,94.63734469902022,33.1814426634179,main,backup,24441,14.20111,117.75366,600.0408,0.16638191442055741
2M11284870+5130066,172.202955,51.501842,4881.05615234375,2.6433446407318115,-0.13093803822994232,91.46673583984375,0.10689307749271393,0.031138567253947258,643.9030151367188,0,1024,7.585474360102022,2305843015459016537,172.2028856469478,51.50182531219232,sv2,backup,5957,45.7362,392.5399,139.7048,0.16662462691697583
2M11494807-0202046,177.450325,-2.034637,4788.26953125,3.1392526626586914,-1.0342943668365479,91.46673583984375,0.10689307749271393,0.040867939591407776,92.4634017944336,640,4,8.967293700206715,2305843037483303215,177.4502872001895,-2.034663781829992,main,backup,26960,168.85957,991.5245,602.0572,0.1667033641196252
2M14161012+0405037,214.04219,4.084384,4949.2255859375,3.337935209274292,-0.31371426582336426,91.46673583984375,0.10689307749271393,0.03304199501872063,163.87399291992188,0,1024,7.73138334277439,2305843036539590606,214.0422350141009,4.084395425211495,main,backup,26063,109.816376,873.95776,1203.8068,0.1667901901754596
2M14225155-0613152,215.714794,-6.220912,5087.85693359375,3.235058307647705,-0.14456608891487122,91.46673583984375,0.10689307749271393,0.030572351068258286,71.66300201416016,0,2560,8.716675233751529,2305843036342471421,215.714805391135,-6.220956941921842,main,backup,25874,24.261066,153.50926,603.0247,0.1668478876725547
2M16341670-0045048,248.569586,-0.751348,4355.333984375,1.825118899345398,-0.6642025709152222,91.46673583984375,0.10689307749271393,0.03427405655384064,132.5919952392578,0,512,7.066410719992463,2305843041870589116,248.5695509881421,-0.7513783738778345,main,backup,31144,111.8156,1021.6249,224.2457,0.166854926223905
2M12204499+0021254,185.187465,0.357064,4842.68603515625,2.516630172729492,-0.8828511834144592,91.46673583984375,0.10689307749271393,0.039025887846946716,99.17539978027344,0,2048,8.50378794913619,2305843036766081416,185.1875034699533,0.3570381243040364,main,backup,26277,135.24503,875.34155,602.914,0.1669030614701436
2M13021048-0135442,195.543672,-1.595612,4330.119140625,1.3246486186981201,-1.3242219686508179,91.46673583984375,0.10689307749271393,0.04280990734696388,87.0282974243164,0,0,0.9105273306878505,2305843036669608394,195.5436575382587,-1.595656073521382,main,backup,26187,117.7039,828.2587,911.8637,0.16698160948337828
2M12221898-0121163,185.579095,-1.354551,5091.04638671875,3.6540937423706055,0.17472344636917114,91.46673583984375,0.10689307749271393,0.028758615255355835,233.0330047607422,0,0,0.7424904875328676,2305843036740914109,185.5790858719122,-1.354596517119111,main,backup,26252,162.87785,1064.3759,602.914,0.16712235901190453
2M14352494+0929102,218.853934,9.486169,5106.39404296875,2.684746265411377,-0.8255957365036011,91.46673583984375,0.10689307749271393,0.0406942181289196,172.88499450683594,0,4,2.4413132165165683,2305843017975596862,218.8539805186924,9.48616178918506,main,backup,8357,131.65253,1216.9607,601.0638,0.16720463417284512
2M15202174+0022219,230.090594,0.372754,4625.02197265625,2.4560673236846924,-0.5783967971801758,91.46673583984375,0.10689307749271393,0.03532226011157036,268.8949890136719,0,0,0.7610516315770475,2305843042134801974,230.0905563104031,0.3727267633976187,main,backup,31397,128.60727,1136.9471,1747.8756,0.16740108794997138
2M12320277+5611152,188.011545,56.18758,4796.9404296875,1.9542282819747925,-1.2560198307037354,91.46673583984375,0.10689307749271393,0.04419802129268646,78.52249908447266,0,1536,8.265217477500578,2305843020920004584,188.0115183431777,56.18753592226782,main,backup,11166,136.19513,1199.1067,604.0552,0.16742479431619453
2M12214372+5809200,185.432198,58.155563,5017.6943359375,3.4615702629089355,-0.27963531017303467,91.46673583984375,0.10689307749271393,0.03339991718530655,343.6159973144531,0,0,0.7270001377356623,2305843020945162725,185.4321103989846,58.15555735425229,main,backup,11191,152.50961,1257.9321,264.8036,0.16762728165021004
2M12115673-0044006,182.986393,-0.733524,4965.76953125,2.645169496536255,-0.3551119565963745,91.46673583984375,0.10689307749271393,0.03246940299868584,75.41590118408203,0,0,0.8729715608694913,2305843036761886542,182.9863630376304,-0.7334882690307416,main,backup,26275,182.91026,1076.5797,609.2456,0.16786575059631212
2M12175890-0103388,184.495441,-1.060792,4116.74072265625,0.5694950819015503,-1.6274796724319458,91.46673583984375,0.10689307749271393,0.04697449132800102,101.33499908447266,0,512,7.156566754558131,2305843036740920529,184.4954698271604,-1.060828853945972,main,backup,26254,152.96965,984.1877,602.914,0.16842974948110823
2M03254755+8025477,51.448149,80.429924,4830.52685546875,2.840430498123169,-0.2605404555797577,91.46673583984375,0.10689307749271393,0.032382816076278687,245.5070037841797,0,0,0.7554186661775877,2305843013445749222,51.44793673838325,80.42995474706223,main,backup,4036,15.593231,145.69302,1202.6533,0.16849815581950625
2M13533659+2624422,208.402482,26.41173,3918.3115234375,0.15585285425186157,-1.406202793121338,91.46673583984375,0.10689307749271393,0.04331805929541588,176.16600036621094,384,0,6.796368542336847,2305843020018221605,208.4024459389088,26.41169611769417,main,backup,10307,137.6076,1159.8215,574.6556,0.16851349864555962
2M14520788+3810051,223.032866,38.16811,4294.73876953125,1.2661387920379639,-1.45412278175354,91.46673583984375,0.10689307749271393,0.04676169157028198,253.61000061035156,0,0,0.8240787877425816,2305843018868992964,223.0328655448034,38.16815684681604,main,backup,9210,126.69917,1106.8466,603.9982,0.16865345872890708
2M12532393+4209164,193.349726,42.154575,4162.28662109375,0.7025964856147766,-1.7557123899459839,91.46673583984375,0.10689307749271393,0.04939078912138939,88.05339813232422,0,512,7.1825498002904204,2305843020597043148,193.3496836141143,42.15454006941395,main,backup,10857,90.3709,816.99146,745.2322,0.1691426355866424
2M14490861+1313076,222.285877,13.218792,4778.9013671875,2.653951644897461,-0.6098010540008545,91.46673583984375,0.10689307749271393,0.036042362451553345,171.50900268554688,0,0,0.8094104961945259,2305843018038520383,222.2858950388933,13.21874841907375,main,backup,8417,121.209366,1076.0746,601.4184,0.16914957681310253
2M12203083+0002332,185.128495,0.042582,4854.8447265625,2.5811848640441895,-0.44312581419944763,91.46673583984375,0.10689307749271393,0.034664336591959,336.5060119628906,0,0,0.7354069770179252,2305843036766081647,185.1284621075397,0.0426155643205295,main,backup,26277,140.17313,923.7865,602.914,0.16917996742204067
2M12185942+2622390,184.747593,26.377522,5124.23388671875,2.5542681217193604,-1.2362838983535767,91.46673583984375,0.10689307749271393,0.0461873784661293,101.16799926757812,0,4,2.5219565801580917,2305843039077141359,184.7475416999675,26.37751205180708,main,backup,28482,101.69203,776.92126,775.5134,0.16928405272798114
2M16112887+2502517,242.870332,25.047699,4726.77783203125,2.545029878616333,-0.6881179809570312,91.46673583984375,0.10689307749271393,0.03723335638642311,199.68899536132812,0,4,2.4096726784605633,2305843018919325144,242.8702807132271,25.04770669625555,main,backup,9259,93.46474,853.67285,603.1343,0.16954788018985853
2M12190851+0541501,184.785489,5.697263,4594.3251953125,2.2541911602020264,-0.6491007804870605,91.46673583984375,0.10689307749271393,0.034537672996520996,86.64969635009766,0,0,0.8695971766769139,2305843038271840699,184.7854416729791,5.697260213928006,main,backup,27714,128.73906,958.32,263.1161,0.16983209329083118
2M00231015+5528361,5.792296,55.476696,4997.861328125,3.189436674118042,-0.07032500207424164,91.46673583984375,0.10689307749271393,0.029939135536551476,114.79299926757812,0,0,0.8187588932849765,2305843012351100254,5.792352564806777,55.47666134457826,special,backup,2994,118.54378,1130.5192,5400.366,0.16995241119324128
2M12265069+2531078,186.711246,25.51886,5126.9248046875,2.809065341949463,-1.640979528427124,91.46673583984375,0.10689307749271393,0.05599198862910271,214.88400268554688,0,67076,12.0003259378762,2305843038716433164,186.7112848245744,25.51882835160223,main,backup,28139,133.28491,1198.2137,483.4626,0.1699723054937419
2M15112412+3539338,227.850522,35.659409,4813.78369140625,2.9436495304107666,-0.42958489060401917,91.46673583984375,0.10689307749271393,0.03357355669140816,143.7689971923828,0,0,0.8145974749289161,2305843018831244011,227.850544581727,35.65945250625031,main,backup,9174,117.23591,863.3609,1461.9958,0.16998052188024532
2M12464991-0200254,191.707979,-2.007081,4359.619140625,1.925372838973999,-0.7466477751731873,91.46673583984375,0.10689307749271393,0.036269720643758774,226.5030059814453,0,4,2.3923137969078585,2305843036648637823,191.7079469532684,-2.007115735628831,main,backup,26166,62.370083,500.24078,1119.414,0.17008989205428798
2M16351895-0047597,248.828972,-0.799919,4789.26611328125,2.7234106063842773,-0.4947963356971741,91.46673583984375,0.10689307749271393,0.03460908308625221,170.0780029296875,0,1536,8.140664824367915,2305843041870592171,248.828970649313,-0.7999662379846584,main,backup,31144,95.39034,884.1713,224.2457,0.1701262339551339
2M14225428+0449562,215.726189,4.832293,4010.400146484375,0.4766128659248352,-1.6717556715011597,91.46673583984375,0.10689307749271393,0.04620577394962311,50.878299713134766,2176,516,14.914128373341375,2305843036552173457,215.7261610029516,4.832254581561351,main,backup,26073,110.802574,876.17163,1203.8068,0.17092415104187872
2M13463870+0011251,206.661258,0.190309,4564.82568359375,2.4346251487731934,-0.3405874967575073,91.46673583984375,0.10689307749271393,0.03219131752848625,290.85699462890625,0,0,0.7375738202500167,2305843036497642824,206.6612808473583,0.1902673699916076,main,backup,26023,112.66415,693.4487,604.758,0.17095465757289852
2M14311596+0945172,217.816538,9.754783,4692.59326171875,2.8570823669433594,-0.11457331478595734,91.46673583984375,0.10689307749271393,0.030216943472623825,246.64599609375,0,2048,8.36923546286757,2305843017975607517,217.8164990411187,9.754810997699366,main,backup,8359,127.561295,1131.0764,601.0638,0.17106986216296483
2M12265696-0115515,186.737361,-1.26433,5003.44189453125,2.7118914127349854,-0.47085320949554443,91.46673583984375,0.10689307749271393,0.03418135270476341,88.77529907226562,0,0,0.8654194027736628,2305843036740917366,186.7373393074904,-1.264372390710967,main,backup,26253,143.57246,887.2909,602.914,0.17141853691987935
2M11033895-0655347,165.912324,-6.926325,5046.79541015625,2.6409494876861572,-0.15639804303646088,91.46673583984375,0.10689307749271393,0.0308991689234972,101.9739990234375,0,3076,8.86700219436574,2305843037432979721,165.9122773846825,-6.926313652214706,main,backup,26912,125.96015,935.2018,1810.4094,0.17152627116916055
2M16125478+2432038,243.228252,24.534389,4246.302734375,1.7187063694000244,-0.5766922235488892,91.46673583984375,0.10689307749271393,0.03229117766022682,96.70349884033203,0,0,0.8475057776481266,2305843018919314289,243.2282290067189,24.53434617206723,main,backup,9256,104.60705,942.5144,603.1343,0.17158689545794548
2M11024372-0615160,165.682195,-6.254462,5056.66259765625,3.159782648086548,-0.4462266266345978,91.46673583984375,0.10689307749271393,0.03537902235984802,182.49000549316406,0,512,7.0401985633624715,2305843037432983375,165.6821732613251,-6.25441945131039,main,backup,26912,61.168743,469.50922,1810.4094,0.17179779920436422
2M12175982-0035317,184.499274,-0.592156,4398.88671875,0.7450246810913086,-2.3904340267181396,91.46673583984375,0.10689307749271393,0.06652370095252991,128.85699462890625,0,512,7.230494595964285,2305843036766080710,184.4992519635754,-0.5921983339155187,main,backup,26276,169.70303,1087.6768,602.914,0.17181139235344806
2M12203892-0124378,185.162208,-1.410516,4977.9287109375,3.102299213409424,0.3981969952583313,91.46673583984375,0.10689307749271393,0.025457870215177536,121.28800201416016,392,3072,14.79511425797438,2305843036740912042,185.1622433249231,-1.410548192365883,main,backup,26254,145.65593,959.33325,602.914,0.17202736596037937
2M11480246-1020338,177.010271,-10.342749,5074.900390625,3.2561583518981934,-0.4984530210494995,91.46673583984375,0.10689307749271393,0.0358404740691185,161.5800018310547,0,0,0.8143289767833628,2305843035939805478,177.0102261527251,-10.34276798054378,main,backup,25491,181.14528,1237.4907,1621.9397,0.17290155494687615
2M14463365+1130510,221.640216,11.514177,4801.1259765625,2.359121084213257,-1.4377723932266235,91.46673583984375,0.10689307749271393,0.0473669208586216,78.8230972290039,0,0,0.9430969405353357,2305843017967213873,221.6401683772863,11.51418881338916,main,backup,8351,113.46391,1051.1941,601.4184,0.17329111875603578
2M15184134-0220321,229.67226,-2.342266,5012.7109375,3.3856101036071777,-0.013304103165864944,91.46673583984375,0.10689307749271393,0.030392762273550034,322.635986328125,0,4,2.3276834116770155,2305843042105428603,229.672299308354,-2.342238044329774,main,backup,31369,81.22097,699.57263,1206.1154,0.1735515689077358
2M12271056-0030016,186.794006,-0.500467,5076.3955078125,3.1958236694335938,-0.15589706599712372,91.46673583984375,0.10689307749271393,0.030626200139522552,69.72959899902344,2176,5632,17.19358871306565,2305843036753504682,186.7939689612119,-0.5004978658667241,main,backup,26264,108.994125,685.9162,602.914,0.17356588564186307
2M14210140+0444005,215.255837,4.733489,4678.740234375,2.3006114959716797,-0.662044107913971,91.46673583984375,0.10689307749271393,0.035225410014390945,97.21910095214844,0,1024,7.794098497324323,2305843036552179798,215.2558239365296,4.733442461293329,main,backup,26073,103.68611,832.01697,1203.8068,0.1739714063486361
2M11522639+1838091,178.10998,18.635874,5074.302734375,2.5724027156829834,-1.5549029111862183,91.46673583984375,0.10689307749271393,0.052337370812892914,128.96200561523438,0,2560,8.767359352335871,2305843038825482909,178.1099423593456,18.63584139200265,main,backup,28241,115.34561,959.0713,606.3541,0.17397439769570627
2M11271402+0311454,171.808431,3.195962,4747.30810546875,3.035349130630493,0.1283738911151886,91.46673583984375,0.10689307749271393,0.02732757478952408,141.0970001220703,0,512,7.025506353129628,2305843037617523353,171.8083856647476,3.195944368771132,main,backup,27088,115.96082,746.63525,722.1162,0.17487839442573536
2M12231963-0047383,185.831795,-0.793978,4467.75341796875,1.7846295833587646,-0.8255294561386108,91.46673583984375,0.10689307749271393,0.03785374015569687,344.87701416015625,0,512,6.989179846198506,2305843036740919959,185.8317550612767,-0.794005681550997,main,backup,26255,129.18263,859.3896,602.914,0.1749267962235382
2M15163812-0029466,229.158852,-0.496288,4720.00048828125,2.4054272174835205,-0.8898911476135254,91.46673583984375,0.10689307749271393,0.03894304484128952,128.08099365234375,0,0,0.8529148440911538,2305843042134791466,229.1588307147173,-0.4963317590357746,main,backup,31396,146.3654,1300.6337,1747.8756,0.17517921364241484
2M06183776+3303391,94.657339,33.060879,5029.8525390625,2.929734945297241,-0.07414588332176208,91.46673583984375,0.10689307749271393,0.031115315854549408,354.322998046875,0,0,0.7125174827223436,2305843034840985836,94.65733364349497,33.0608305437135,main,backup,24441,14.327142,120.18969,600.0408,0.1751896639026594
2M14195887-0524323,214.995316,-5.408987,4842.5859375,2.9178733825683594,-0.2214835286140442,91.46673583984375,0.10689307749271393,0.031823284924030304,186.6529998779297,0,512,7.020176444985486,2305843036350845943,214.9953563043035,-5.408959300479729,main,backup,25880,25.024233,166.02765,603.0247,0.1755259724254526
2M16132915+2428383,243.371474,24.47732,4770.33056640625,2.628403663635254,-0.6631137132644653,91.46673583984375,0.10689307749271393,0.03567386046051979,98.24749755859375,0,0,0.8628512581250598,2305843018919323930,243.3714359011137,24.47728556670981,main,backup,9256,98.64138,889.7341,603.1343,0.17592146718626842
2M14471123+4620327,221.79682,46.342419,5078.08984375,3.4681854248046875,-0.43429872393608093,91.46673583984375,0.10689307749271393,0.03384198620915413,71.90689849853516,0,4,2.493973143461027,2305843021058415638,221.7967996838038,46.3423721592874,main,backup,11296,118.49141,1041.655,369.2197,0.17602341450841183
2M12245100-0005047,186.212501,-0.08466,4708.24072265625,2.831876277923584,-0.10072040557861328,91.46673583984375,0.10689307749271393,0.03006771020591259,194.5659942626953,0,0,0.7669923885230494,2305843036753497990,186.2124588383413,-0.0846351287557204,main,backup,26266,126.157036,812.8657,602.914,0.1762228637525298
2M16000798+2739276,240.033287,27.657686,4726.57861328125,2.4500224590301514,-0.6216471791267395,91.46673583984375,0.10689307749271393,0.036135539412498474,184.5989990234375,0,516,7.050605355252296,2305843019019979525,240.033231785411,27.65768359612693,main,backup,9354,86.81419,896.18036,607.25,0.17627267082868928
2M13394668-0030216,204.94451,-0.506025,4738.8369140625,2.809293508529663,-0.16827116906642914,91.46673583984375,0.10689307749271393,0.030912166461348534,194.6269989013672,0,516,7.0192263552841965,2305843036493448109,204.9444645661946,-0.506006711790299,main,backup,26019,114.43342,949.6272,147.3667,0.176309179014177
2M13081805+5607091,197.075227,56.119217,4704.154296875,2.569209098815918,-0.6457446813583374,91.46673583984375,0.10689307749271393,0.03652460500597954,197.24200439453125,0,0,0.7979177985478866,2305843020869671891,197.0751755808619,56.11917728254235,main,backup,11118,158.44778,1261.5215,603.9829,0.176331233004739
2M09221321+2706315,140.555071,27.108774,4724.68505859375,2.6914756298065186,-0.12601977586746216,91.46673583984375,0.10689307749271393,0.030464358627796173,205.93299865722656,384,512,12.956845092704802,2305843014381086425,140.5550179315821,27.10876086921668,main,backup,4931,93.46359,660.42035,348.6832,0.1765062034118732
2M11533667+5501341,178.402798,55.026154,5150.744140625,3.647022247314453,-0.044219959527254105,91.46673583984375,0.10689307749271393,0.031274378299713135,213.98800659179688,0,0,0.7635572935666521,2305843015475792611,178.4027296828967,55.0261835158119,main,backup,5975,132.96117,1165.3428,601.0594,0.17653406442005826
2M09232224+2659456,140.842678,26.996,4317.3623046875,1.3928531408309937,-1.0659077167510986,91.46673583984375,0.10689307749271393,0.04052228108048439,198.16000366210938,0,512,7.057720022952877,2305843014381084393,140.8427060850537,26.99595773751077,main,backup,4931,140.10294,946.5645,348.6832,0.1768168743644968
2M12243202-0102281,186.133451,-1.041144,4330.21875,1.0701935291290283,-1.8384222984313965,91.46673583984375,0.10689307749271393,0.05247404798865318,104.76599884033203,1152,196612,20.17960608565179,2305843036740917394,186.1334187704297,-1.041106897161847,main,backup,26253,162.333,1045.6367,602.914,0.1769143754286312
2M10135651+0121010,153.485477,1.350282,4865.2099609375,2.9165046215057373,-0.17841634154319763,91.46673583984375,0.10689307749271393,0.03026548959314823,88.95570373535156,0,2048,8.470746485755376,2305843037764322029,153.4854610365458,1.350235519598133,main,backup,27230,116.90078,876.5036,370.0134,0.17691786490042144
2M00182855+5905449,4.618984,59.09581,4847.46923828125,2.6897647380828857,0.12978865206241608,91.46673583984375,0.10689307749271393,0.027845125645399094,157.4949951171875,384,4,8.339578199717632,2305843012401442834,4.618888157447486,59.09581013434847,special,backup,3042,20.934679,186.77773,1200.073,0.1772110858187989
2M16052760+2307565,241.365008,23.132364,4798.833984375,2.4860634803771973,-0.2938412129878998,91.46673583984375,0.10689307749271393,0.03126901760697365,89.9791030883789,0,512,7.089801575226005,2305843018202098813,241.3650153023611,23.13231521212267,main,backup,8574,55.486343,455.9095,605.4429,0.17729229050118434
2M00190160+6145045,4.756705,61.751266,4797.04052734375,2.6406073570251465,0.08677571266889572,91.46673583984375,0.10689307749271393,0.028547894209623337,411.09698486328125,0,512,6.925133070434661,2305843012405699493,4.756632006576581,61.7513011807793,special,backup,3047,0.1686848,1.4964386,1200.073,0.1775072534516696
2M13463964-0038450,206.665194,-0.645843,4838.400390625,2.736754894256592,-0.7372424006462097,91.46673583984375,0.10689307749271393,0.03759276494383812,141.218994140625,0,512,7.076746488098709,2305843036497652266,206.6651556391545,-0.6458739866058212,main,backup,26020,94.93754,600.5231,604.758,0.17751823151237434
2M12110551+0616037,182.772959,6.267697,4997.66162109375,3.2933402061462402,-0.42121174931526184,91.46673583984375,0.10689307749271393,0.03503485769033432,205.99899291992188,0,0,0.7861465220342946,2305843038234084388,182.7729763522061,6.267650752186821,main,backup,27679,102.32904,891.3993,259.5307,0.17769457503665223
2M16345786-0013375,248.741105,-0.227104,5051.2802734375,2.6826932430267334,-0.7755924463272095,91.46673583984375,0.10689307749271393,0.0388806089758873,120.90399932861328,0,0,0.8583232868529829,2305843041870581638,248.7410840672486,-0.2271487809144072,main,backup,31144,118.08397,1082.5111,224.2457,0.17795450333213608
2M00252105+5429054,6.33771,54.484856,4740.830078125,2.447171211242676,-0.10488616675138474,91.46673583984375,0.10689307749271393,0.030302276834845543,251.9530029296875,0,512,6.982710484510763,2305843012338558185,6.337788075574224,54.48483598274768,special,backup,2981,111.77587,1077.1842,5400.366,0.17847484934144764
2M14194007-0550397,214.916971,-5.84437,5281.203125,3.0449297428131104,-0.6007681488990784,91.46673583984375,0.10689307749271393,0.037333760410547256,103.02999877929688,0,4608,9.302210690434238,2305843036338270079,214.9169324470677,-5.844338297406495,main,backup,25869,20.847479,135.10425,603.0247,0.17913289794272413
2M11052868-0645008,166.369502,-6.750238,5020.68408203125,2.324220657348633,-1.4676806926727295,91.46673583984375,0.10689307749271393,0.04942363128066063,85.19429779052734,0,68096,12.074389818647013,2305843037432981894,166.369469442162,-6.750275868162762,main,backup,26912,94.82301,687.9556,1810.4094,0.17925561298365705
2M14231627-0509085,215.817797,-5.152385,5342.09716796875,2.8793227672576904,-1.5017467737197876,91.46673583984375,0.10689307749271393,0.052101392298936844,79.87259674072266,64,65536,16.230220501752523,2305843036350842721,215.8178066018315,-5.152336128397428,main,backup,25881,21.376995,139.52928,603.0247,0.17927440349498613
2M16363130-0100244,249.130451,-1.006792,4708.63916015625,2.6590840816497803,-0.20025698840618134,91.46673583984375,0.10689307749271393,0.03067753091454506,156.00399780273438,0,1540,8.132190989415122,2305843041862216290,249.1304448006006,-1.006841501179162,main,backup,31138,84.41658,776.35394,224.2457,0.1795958936810784
2M11470603+0220523,176.775141,2.347877,4657.212890625,2.2252213954925537,-1.2660973072052002,91.46673583984375,0.10689307749271393,0.043723419308662415,87.8687973022461,0,2048,8.539251761734747,2305843037521057350,176.7751744371847,2.347839877596789,main,backup,26997,101.39824,900.43195,602.1616,0.17979258480967775
2M13481626-0049214,207.067754,-0.822638,4617.64697265625,1.9170466661453247,-1.4211595058441162,91.46673583984375,0.10689307749271393,0.04779047891497612,179.68699645996094,0,1536,8.201107141212132,2305843036497652257,207.0677167747745,-0.8226713300686297,main,backup,26020,132.25995,841.1436,604.758,0.17986765991880524
2M11271224+5123566,171.801033,51.399067,4826.34130859375,2.819558620452881,-0.19319844245910645,91.46673583984375,0.10689307749271393,0.031604617834091187,832.10302734375,0,0,0.6297509838858939,2305843015459013954,171.800979174856,51.39903000000207,sv2,backup,5957,37.341377,330.38617,139.7048,0.17988082361011248
2M13061398+5618324,196.558258,56.309025,4661.59814453125,2.2051477432250977,-0.9646742343902588,91.46673583984375,0.10689307749271393,0.03959076479077339,119.29900360107422,0,4,2.4726373287509786,2305843020869666249,196.5581694566126,56.30903497397897,main,backup,11118,143.07166,1121.4133,603.9829,0.18042720354310077
2M06311848+3410439,97.827004,34.178871,4749.6005859375,2.631939172744751,0.10771618783473969,91.46673583984375,0.10689307749271393,0.028168734163045883,279.02099609375,0,512,6.961876683741155,2305843016226581708,97.82694409452267,34.17887847246867,main,backup,6690,116.04893,1067.4043,780.0852,0.18042929321957543
2M15180253+0008090,229.510569,0.135842,4601.20263671875,1.894577980041504,-0.9860791563987732,91.46673583984375,0.10689307749271393,0.04061572626233101,185.04200744628906,0,0,0.8247250082376015,2305843042134805670,229.5105191993804,0.1358361473627298,main,backup,31397,140.31055,1260.216,1747.8756,0.18051554247980178
2M14013852+4311161,210.410511,43.187817,4811.98974609375,3.3549294471740723,-0.6379948854446411,91.46673583984375,0.10689307749271393,0.03508772701025009,65.07150268554688,2176,4608,17.022077762439796,2305843020383128031,210.4105775682598,43.18780439446308,main,backup,10652,122.84714,1006.6855,1814.5289,0.1805259077018365
2M18153659+0037462,273.902463,0.629514,4750.697265625,2.1579294204711914,-0.1770290732383728,91.46673583984375,0.10689307749271393,0.030127232894301414,116.4749984741211,0,4612,9.254890921225197,2305843041061049865,273.902427102558,0.6294789691809964,main,backup,30375,19.693514,168.36604,1816.2953,0.18056177011616606
2M06302531+3342046,97.605494,33.701302,4558.14794921875,2.10774564743042,-0.39816150069236755,91.46673583984375,0.10689307749271393,0.032667260617017746,187.27099609375,0,512,7.0240675353022,2305843016226579388,97.60546641977167,33.70134670420858,main,backup,6690,92.46973,852.76544,780.0852,0.18089580166424343
2M16351347-0018221,248.806132,-0.306144,4550.37451171875,2.6304564476013184,0.2777669429779053,91.46673583984375,0.10689307749271393,0.025891469791531563,226.72900390625,0,0,0.7308853410859959,2305843041870587615,248.8061024822481,-0.3061846834492252,main,backup,31144,112.36101,1030.0505,224.2457,0.1809484713387013
2M11485308-1035084,177.221192,-10.585673,4943.04638671875,2.727858781814575,-0.5250148773193359,91.46673583984375,0.10689307749271393,0.036106377840042114,351.2720031738281,0,0,0.7383351542480308,2305843035939805260,177.2211545398932,-10.58563878671517,main,backup,25491,142.08218,977.5301,1621.9397,0.180949758474363
2M15192957-0204183,229.873231,-2.071751,4689.802734375,2.5694375038146973,-0.34695079922676086,91.46673583984375,0.10689307749271393,0.03229472041130066,160.8470001220703,0,4,2.4064899963591135,2305843042105430146,229.8732742550172,-2.07177679943818,main,backup,31369,84.20216,715.30774,1206.1154,0.1812256696508697
2M15182191+0122066,229.591323,1.368517,5234.66015625,3.0529136657714844,-1.5962542295455933,91.46673583984375,0.10689307749271393,0.05425108224153519,126.62000274658203,64,71172,16.277849407500305,2305843042147377874,229.5912894362393,1.368479454092214,main,backup,31410,131.2133,1125.1573,1747.8756,0.18127630763414124
2M12025209-0119318,180.717046,-1.325527,4787.07421875,2.1359169483184814,-1.3688879013061523,91.46673583984375,0.10689307749271393,0.04688066616654396,124.16799926757812,0,516,7.143724148827889,2305843036053054422,180.7170775732299,-1.325566281881617,main,backup,25597,158.7621,957.02844,609.2456,0.18141291243649496
2M15565418+2729035,239.225761,27.484325,4664.98681640625,2.5289480686187744,-0.07935838401317596,91.46673583984375,0.10689307749271393,0.029740240424871445,269.44500732421875,0,512,6.973213795938691,2305843019045143687,239.2257166459277,27.48429349259693,main,backup,9376,90.75161,919.992,607.25,0.18146975978657257
2M11034621-0627598,165.942545,-6.466629,4298.12744140625,1.1073752641677856,-1.4368993043899536,91.46673583984375,0.10689307749271393,0.04531140252947807,134.5070037841797,0,512,7.120174151471212,2305843037432983129,165.9424952994819,-6.46663925368741,main,backup,26912,120.83969,908.1906,1810.4094,0.1815752207368032
2M11024366-0544050,165.681925,-5.734726,4959.29150390625,3.2503416538238525,-0.5971741676330566,91.46673583984375,0.10689307749271393,0.036603499203920364,162.87399291992188,0,0,0.8173513427505841,2305843037432978937,165.6818931855336,-5.734765354249336,main,backup,26915,107.08074,793.48596,1810.4094,0.18182000064720577
2M11091090-1116051,167.295437,-11.26809,5182.3369140625,3.417659282684326,-0.36352869868278503,91.46673583984375,0.10689307749271393,0.03335687145590782,65.0740966796875,2176,516,14.82569624049229,2305843035780418012,167.2953877394126,-11.26810472692519,main,backup,25339,128.83748,905.9536,2361.23,0.18182092467213176
2M11071130-0523055,166.797097,-5.384875,4839.39697265625,2.915820360183716,-0.39540982246398926,91.46673583984375,0.10689307749271393,0.03270956128835678,99.49030303955078,0,0,0.8467853092701156,2305843037437169841,166.7971159544293,-5.384922001677745,main,backup,26916,136.15445,945.62946,799.5482,0.18233436666138594
2M16003371+2730275,240.140477,27.507654,4913.0478515625,3.0180130004882812,-0.17943106591701508,91.46673583984375,0.10689307749271393,0.030849482864141464,121.3759994506836,0,2560,8.665934300122874,2305843019019976880,240.1404214671001,27.50766604138828,main,backup,9354,71.585266,741.2825,607.25,0.18253937616439414
2M16332364-0106279,248.348503,-1.10775,4384.833984375,1.7826907634735107,-0.6136794090270996,91.46673583984375,0.10689307749271393,0.034678950905799866,206.17799377441406,0,2560,8.63243363741514,2305843041690196964,248.3485164963776,-1.107798904799224,main,backup,30973,88.06558,807.2602,224.2457,0.18263618244550384
2M06195954+3331013,94.998107,33.517048,4785.37939453125,3.0558791160583496,0.14177323877811432,91.46673583984375,0.10689307749271393,0.02736710011959076,144.1540069580078,0,4,2.392737509855394,2305843034845130686,94.99813081170272,33.51700120931045,main,backup,24444,21.752726,177.64815,600.0408,0.18298073843157117
2M12505764-0251550,192.740196,-2.865295,4944.142578125,3.276118040084839,0.05511021986603737,91.46673583984375,0.10689307749271393,0.02941557951271534,252.09800720214844,0,0,0.7379438445633569,2305843036648649111,192.7401622251108,-2.86533315935173,main,backup,26164,131.55403,982.4025,1119.414,0.18335379041306918
2M12582548+4113024,194.606183,41.217339,4676.14892578125,2.5024874210357666,-0.5649555921554565,91.46673583984375,0.10689307749271393,0.03538515791296959,224.91400146484375,0,1024,7.711601867296954,2305843020592847319,194.6061531148721,41.21729329634077,main,backup,10854,108.621216,958.1054,745.2322,0.18335905879432662
2M11490114+5420187,177.254777,54.338531,4766.64306640625,2.6604528427124023,-0.5515998601913452,91.46673583984375,0.10689307749271393,0.03563040867447853,322.7820129394531,0,2048,8.369495769028,2305843015475794435,177.2548201785842,54.33848664793954,main,backup,5974,125.69851,1088.1094,601.0594,0.18359225951958877
2M16111413+2502284,242.808898,25.041233,4437.1572265625,1.976354956626892,-0.6591906547546387,91.46673583984375,0.10689307749271393,0.03418683633208275,103.39199829101562,0,2052,8.477419922296297,2305843018919328261,242.8088437527861,25.04121938839643,main,backup,9258,95.29545,867.08673,603.1343,0.18359356754857165
2M12105124+0433483,182.713523,4.563436,4825.8427734375,2.4898276329040527,-0.6962937116622925,91.46673583984375,0.10689307749271393,0.03691960871219635,137.1750030517578,0,2560,8.684142654175817,2305843038221509714,182.7134900357916,4.563396994793746,main,backup,27667,101.860886,881.87366,259.5307,0.18360587723588376
2M08482280-1428335,132.095031,-14.475984,4904.87548828125,3.06705641746521,0.017549756914377213,91.46673583984375,0.10689307749271393,0.02876734547317028,121.91300201416016,0,512,7.047208518490543,2305843051936884927,132.0949945585072,-14.47594716403322,main,backup,40745,110.242455,833.7223,1817.9847,0.18363138432568948
2M12225544-0142011,185.731035,-1.700311,4785.08056640625,2.251796007156372,-1.0551362037658691,91.46673583984375,0.10689307749271393,0.041073404252529144,86.56739807128906,0,0,0.9023697716050443,2305843036740911268,185.7310858735893,-1.700306909303626,main,backup,26252,157.07568,1007.8327,602.914,0.18365566055866375
2M11035834-0643450,165.99309,-6.729171,4952.61376953125,2.9913241863250732,-0.5123282670974731,91.46673583984375,0.10689307749271393,0.03564193844795227,175.19500732421875,0,2048,8.430401329092145,2305843037432983355,165.9930395964642,-6.729180887994317,main,backup,26912,123.39949,917.62354,1810.4094,0.18368492417314938
2M16013947+2851372,240.414485,28.860342,5345.68505859375,3.010371446609497,-2.2037503719329834,91.46673583984375,0.10689307749271393,0.06992148607969284,129.77099609375,1152,196608,20.245601073737497,2305843019049338694,240.4145067160074,28.86029463688874,main,backup,9380,83.67916,849.1118,607.25,0.1837404618213327
2M11544222-1116069,178.675921,-11.268598,4955.70361328125,3.5174570083618164,-0.12012878805398941,91.46673583984375,0.10689307749271393,0.03132055327296257,293.20599365234375,0,0,0.7324183746933317,2305843035847524702,178.6758746788864,-11.26857466493843,main,backup,25403,158.86365,976.11237,1812.152,0.18385536320270354
2M16345961-0139456,248.748384,-1.662682,4655.91748046875,2.7082414627075195,-0.3420346677303314,91.46673583984375,0.10689307749271393,0.0324549674987793,189.3780059814453,0,2052,8.408674720820533,2305843041681839035,248.7484225497434,-1.662715569039432,main,backup,30967,145.61272,1281.6792,603.7486,0.1839776820289256
2M12094722-0024309,182.446762,-0.408602,4737.24267578125,2.5985212326049805,-0.7014119029045105,91.46673583984375,0.10689307749271393,0.0374685674905777,207.3719940185547,0,0,0.7976539723346365,2305843036761890755,182.4467800508701,-0.408554130181256,main,backup,26275,175.89583,1068.4761,609.2456,0.1841756935052322
2M16385951-0030589,249.747999,-0.516384,4711.23046875,2.498609781265259,-0.5410840511322021,91.46673583984375,0.10689307749271393,0.0347757413983345,165.66099548339844,0,0,0.80652615517998,2305843041862221300,249.7480048721782,-0.5164348268698565,main,backup,31139,82.955,753.12195,224.2457,0.1841937590237563
2M12444724-0207405,191.196857,-2.127943,4928.09716796875,2.558716297149658,-0.997146487236023,91.46673583984375,0.10689307749271393,0.04228238761425018,168.68899536132812,0,0,0.8422588322139248,2305843036657026105,191.1968365682311,-2.127989942678781,main,backup,26172,87.98224,685.3928,1119.414,0.184286834254896
2M13010019-0147167,195.250807,-1.787974,4647.04736328125,2.314526081085205,-0.647049069404602,91.46673583984375,0.10689307749271393,0.03514620289206505,115.96800231933594,0,0,0.8437845995617922,2305843036669616851,195.2508376896171,-1.788015066084026,main,backup,26187,148.11644,1026.3188,911.8637,0.18452797038454802
2M12592102+5743370,194.837612,57.726967,4716.6123046875,2.750213384628296,-0.5139228105545044,91.46673583984375,0.10689307749271393,0.03492460399866104,294.72198486328125,0,0,0.7499246691256938,2305843020961945192,194.8376174378599,57.72691581577865,main,backup,11205,122.323166,914.819,603.2509,0.18455944287180925
2M14362310+0929190,219.096284,9.488622,4832.12158203125,2.8428256511688232,-0.6165204048156738,91.46673583984375,0.10689307749271393,0.03533414378762245,96.37419891357422,0,0,0.86305821760009,2305843017975596467,219.0962951664143,9.4885717960163,main,backup,8357,127.81752,1187.7113,601.0638,0.18503230433409226
2M14494110+1226073,222.421252,12.435382,4841.98779296875,3.0509746074676514,-0.2841081917285919,91.46673583984375,0.10689307749271393,0.031136421486735344,73.56279754638672,0,512,7.109037409958946,2305843018038514065,222.4212055026671,12.43535788857993,main,backup,8416,106.90068,977.46735,601.4184,0.18508024484484598
2M11092635-0456170,167.359826,-4.938075,5548.3994140625,2.8884472846984863,-1.1641963720321655,91.46673583984375,0.10689307749271393,0.04687884449958801,78.24919891357422,64,65536,16.20613553598519,2305843037437168818,167.3598705391553,-4.938100981525205,main,backup,26916,133.73799,966.8971,799.5482,0.18511412994499601
2M12232117+0016320,185.838215,0.275563,4793.95068359375,2.970794677734375,-0.018754683434963226,91.46673583984375,0.10689307749271393,0.029604516923427582,284.1109924316406,0,0,0.7269783558547628,2305843036778660270,185.8382570443105,0.2755926283326677,main,backup,26288,153.89423,981.1523,602.914,0.18516467101404555
2M09253713+2616041,141.404711,26.267809,5042.21142578125,3.463052749633789,0.3582705855369568,91.46673583984375,0.10689307749271393,0.025467321276664734,65.78410339355469,2176,512,14.77741263127729,2305843014381076541,141.4047119438869,26.26775753844905,main,backup,4929,134.59654,897.8035,348.6832,0.18528664040909332
2M16054233+2407360,241.42639,24.12669,5022.4775390625,3.3529906272888184,-0.19752509891986847,91.46673583984375,0.10689307749271393,0.03105226345360279,85.4448013305664,0,0,0.8535543361302407,2305843018202087620,241.4263570634796,24.12664818525194,main,backup,8575,46.765293,392.78473,605.4429,0.18539251213654626
2M11340482+0515573,173.52011,5.265924,4481.80615234375,2.2236247062683105,-0.68033766746521,91.46673583984375,0.10689307749271393,0.035973064601421356,210.03199768066406,0,0,0.7889079724275316,2305843037621721562,173.5200634973241,5.265901429152038,main,backup,27095,115.382195,758.87787,722.1162,0.18545160947627842
2M13412255+0013044,205.343981,0.217905,5042.21142578125,3.4989800453186035,-0.854883074760437,91.46673583984375,0.10689307749271393,0.04113028943538666,194.1790008544922,0,0,0.822503364512553,2305843036506034170,205.3439308251775,0.217916868726217,main,backup,26028,98.86385,821.5362,147.3667,0.18561283918038568
2M14162871+0411241,214.119662,4.190048,4781.39306640625,2.2264761924743652,-1.3284492492675781,91.46673583984375,0.10689307749271393,0.046284738928079605,132.4320068359375,0,1024,7.818756009008118,2305843036539590914,214.1196826991534,4.190000618620901,main,backup,26063,102.41886,817.16675,1203.8068,0.18605985427589267
2M11010359-0519023,165.264975,-5.317332,4448.1201171875,1.6952110528945923,-1.3036218881607056,91.46673583984375,0.10689307749271393,0.044370390474796295,159.60400390625,0,0,0.8582014055573436,2305843037441369553,165.2650193444972,-5.317358889940899,main,backup,26921,115.512344,847.45105,1810.4094,0.18611043953880385
2M12325661+5717304,188.235887,57.291801,4502.9345703125,2.239478349685669,-0.3622596263885498,91.46673583984375,0.10689307749271393,0.03218187019228935,264.6289978027344,0,4,2.3563808307797185,2305843020919997018,188.235965609075,57.29177141142055,main,backup,11167,165.89821,1402.0236,264.8036,0.18636052558642008
2M14165902+0453448,214.245935,4.895782,4969.75634765625,2.5866596698760986,-0.6926645040512085,91.46673583984375,0.10689307749271393,0.038107968866825104,174.14199829101562,0,2560,8.666376850558807,2305843036552178482,214.2459115222548,4.895735787945421,main,backup,26074,111.98191,880.50085,1203.8068,0.18646275791349698
2M16063157+2328438,241.631581,23.478861,5046.89501953125,2.612435817718506,-0.5896977782249451,91.46673583984375,0.10689307749271393,0.035600244998931885,68.997802734375,2176,512,14.823377372591061,2305843018202099109,241.6315375484405,23.47882778590888,main,backup,8574,52.123432,434.36957,605.4429,0.18676763751667164
2M15185964+0039124,229.748506,0.653461,4556.45361328125,2.041936159133911,-1.0870945453643799,91.46673583984375,0.10689307749271393,0.041828665882349014,179.58399963378906,0,512,7.07404319683304,2305843042134797808,229.748502136806,0.6534092181131385,main,backup,31399,132.84625,1177.9657,1747.8756,0.18693279085541037
2M11532204-0100472,178.341851,-1.013135,5185.3271484375,3.6497597694396973,0.281234472990036,91.46673583984375,0.10689307749271393,0.028059309348464012,205.17599487304688,0,512,6.9919430035000145,2305843037483304984,178.3418003238048,-1.013123607199927,main,backup,26961,141.00566,950.16895,1362.5328,0.18695995387834485
2M16034204+2748333,240.925179,27.80925,4872.9833984375,3.019153594970703,-0.019282110035419464,91.46673583984375,0.10689307749271393,0.028792226687073708,101.61399841308594,0,516,7.073150198319186,2305843019019993531,240.9251717931625,27.80919834093944,main,backup,9355,82.76254,860.4109,607.25,0.1873831179972766
2M11491274+0106356,177.303119,1.109891,4879.26220703125,3.9164934158325195,-0.49148309230804443,91.46673583984375,0.10689307749271393,0.03364988788962364,70.73249816894531,64,1540,12.39977278136718,2305843037495892882,177.3030918384657,1.109846564333816,main,backup,26973,144.17696,983.8699,1362.5328,0.18747673876342436
2M15204058+0036187,230.169097,0.605195,4767.5400390625,2.5441174507141113,-0.29552122950553894,91.46673583984375,0.10689307749271393,0.03252096846699715,316.4460144042969,0,512,6.971093536851302,2305843042147370600,230.1690653918454,0.605153333193858,main,backup,31408,135.61034,1192.9507,1747.8756,0.18827300343636333
2M16053587+2402026,241.399462,24.034081,4244.30908203125,1.7217856645584106,-0.42290762066841125,91.46673583984375,0.10689307749271393,0.03180350363254547,247.56900024414062,0,0,0.751689097161311,2305843018202087428,241.3994450368004,24.03403103256937,main,backup,8575,51.68329,434.32562,605.4429,0.18833069724066945
2M16023999+2809023,240.666654,28.150661,5229.77685546875,2.773024320602417,-1.5766613483428955,91.46673583984375,0.10689307749271393,0.053372494876384735,105.5719985961914,0,4,2.553661933222688,2305843019019995739,240.6666221164006,28.15061683109977,main,backup,9355,75.100494,779.1746,607.25,0.18848266395280017
2M14272051-0446377,216.835476,-4.777158,4779.2001953125,2.6883959770202637,-0.8698402643203735,91.46673583984375,0.10689307749271393,0.0380701906979084,68.81620025634766,2176,4,10.2051489457339,2305843036346659438,216.83546808049,-4.777106224782692,main,backup,25878,19.063446,119.307976,603.0247,0.1885436814651689
2M11200506-0132355,170.021115,-1.543204,4961.28466796875,3.3606321811676025,-0.3511887788772583,91.46673583984375,0.10689307749271393,0.03277399390935898,104.56199645996094,0,1024,7.77463164506605,2305843037453946550,170.0210646774312,-1.54318939633625,main,backup,26935,107.50072,854.0515,363.2027,0.18857236115962162
2M11130500-0113366,168.270868,-1.226845,5062.44287109375,3.3452348709106445,-0.12308378517627716,91.46673583984375,0.10689307749271393,0.030789397656917572,117.7969970703125,0,516,7.068491876246564,2305843037462333934,168.2708159410471,-1.226838666412385,main,backup,26942,107.89722,870.8115,363.2027,0.18875148897207286
2M12492383+2753236,192.349328,27.889898,4227.5654296875,1.1542514562606812,-1.4793766736984253,91.46673583984375,0.10689307749271393,0.04600049927830696,155.61399841308594,0,0,0.8688677058701251,2305843038729019383,192.3493199849828,27.88984602842615,main,backup,28151,127.0714,1130.3435,601.7018,0.18882775196079105
2M13472909-0105273,206.871238,-1.090925,4647.34619140625,2.557119607925415,-0.34727367758750916,91.46673583984375,0.10689307749271393,0.03155256435275078,114.78199768066406,0,0,0.82683553889858,2305843036472483043,206.8711856057951,-1.090928174756062,main,backup,25998,70.541504,457.41776,604.758,0.1889309599993593
2M11052509-0450051,166.354553,-4.834768,4561.33740234375,2.5211925506591797,-0.2600367069244385,91.46673583984375,0.10689307749271393,0.03127141296863556,265.9469909667969,0,2048,8.367002829179484,2305843037437177050,166.3545008137277,-4.834760807414254,main,backup,26918,146.79427,1051.4507,799.5482,0.18898438219513403
2M03430646+8007367,55.77694,80.126884,4626.2177734375,2.2212295532226562,-0.46800556778907776,91.46673583984375,0.10689307749271393,0.03373841568827629,183.4810028076172,0,4,2.400618968034656,2305843013353482866,55.7770309249446,80.12683382358185,main,backup,3950,24.913782,235.35185,1202.6533,0.18915392864176978
2M12260180+0013525,186.507537,0.231262,4818.06884765625,2.7970898151397705,-0.30356961488723755,91.46673583984375,0.10689307749271393,0.03139089420437813,84.7157974243164,0,0,0.8560943831555184,2305843036753495250,186.5075049954911,0.2312201781226554,main,backup,26266,142.59535,886.282,602.914,0.1895850828689938
2M12193280+3915405,184.886674,39.261276,4791.95751953125,1.6462818384170532,-1.8401938676834106,91.46673583984375,0.10689307749271393,0.055987101048231125,114.00800323486328,64,1024,12.056514121176324,2305843020630594035,184.8866104987083,39.2612570500616,main,backup,10889,104.912895,989.4841,859.2914,0.18969291882988876
2M14352556+0850388,218.8565,8.844134,4453.30224609375,1.7780146598815918,-0.8192465305328369,91.46673583984375,0.10689307749271393,0.03769631311297417,267.3949890136719,0,0,0.7734792184528818,2305843017950429248,218.8564472341747,8.844141622590918,main,backup,8335,131.86157,1205.2552,601.0638,0.18969376933804255
2M06374251+3342167,99.427164,33.704647,4862.71826171875,2.7534070014953613,-0.32378050684928894,91.46673583984375,0.10689307749271393,0.0322231762111187,118.79900360107422,0,512,7.067053815776184,2305843016201426803,99.4271092900956,33.70462044485269,main,backup,6667,134.59227,1277.098,780.0852,0.18969883928067308
2M13403923+0010108,205.163475,0.169687,4997.66162109375,2.1651148796081543,-2.1951961517333984,91.46673583984375,0.10689307749271393,0.06684575229883194,140.17599487304688,0,65536,12.073841805259304,2305843036506033092,205.1634846398679,0.1696351907239575,main,backup,26028,105.29888,876.0398,147.3667,0.18971444356091316
2M15201774+0030237,230.073945,0.506591,4795.146484375,2.769716739654541,-0.3837199807167053,91.46673583984375,0.10689307749271393,0.03355971351265907,191.06700134277344,0,1028,7.7226005021451565,2305843042147374570,230.073961922294,0.5065410774435489,main,backup,31408,102.390755,906.82666,1747.8756,0.18976485101336826
2M13463316+0010086,206.638178,0.169067,3927.978759765625,0.4201228618621826,-0.8902575969696045,91.46673583984375,0.10689307749271393,0.0361383818089962,401.2919921875,0,0,0.7252177180727847,2305843036497642560,206.6382126073458,0.1690272055177699,main,backup,26023,114.62924,705.6597,604.758,0.189855507391206
2M16002297+2736569,240.09573,27.615816,4572.69873046875,2.1306703090667725,-0.8931335806846619,91.46673583984375,0.10689307749271393,0.03933372721076012,280.2969970703125,0,512,7.0172470035951005,2305843019019982794,240.095672164313,27.6158029129567,main,backup,9354,90.78519,937.4621,607.25,0.19040920163779726
2M14231377-0520165,215.807408,-5.337922,4145.64306640625,1.1034972667694092,-0.9810649156570435,91.46673583984375,0.10689307749271393,0.03843368589878082,415.2919921875,0,0,0.7332733640559128,2305843036350846590,215.8074560993794,-5.337944609083702,main,backup,25880,22.866674,151.99072,603.0247,0.1906538465887766
2M12312820-0153412,187.867521,-1.8948,4929.69140625,3.6832916736602783,0.569061815738678,91.46673583984375,0.10689307749271393,0.02336123213171959,65.55709838867188,2184,0,8.530614874419898,2305843036745114802,187.8674680262386,-1.894803963093543,main,backup,26256,95.49485,661.05707,343.972,0.1911344923687236
2M14115117+5245166,212.963225,52.754627,4784.18359375,3.0316994190216064,-0.2558930218219757,91.46673583984375,0.10689307749271393,0.03213679417967796,238.51199340820312,0,0,0.7570672480484373,2305843021192627538,212.9631468982648,52.7546027370014,main,backup,11426,64.24717,593.9428,601.7292,0.19127823583772613
2M12530250+4206348,193.260453,42.109673,4840.89208984375,2.736184597015381,-0.23968055844306946,91.46673583984375,0.10689307749271393,0.0317557118833065,165.177001953125,0,512,7.031992681271839,2305843020597043266,193.260416046984,42.10962746000821,main,backup,10857,90.554474,820.99884,745.2322,0.19135692226639478
2M12480917+4152270,192.038245,41.874176,4661.00048828125,2.5454859733581543,-0.19934354722499847,91.46673583984375,0.10689307749271393,0.031004710122942924,277.010009765625,0,516,6.984544339579646,2305843020597037566,192.0383122620066,41.87415793144855,main,backup,10858,104.771484,919.51825,745.2322,0.19167737575225463
2M00353749+5501422,8.906225,55.028416,5302.23193359375,3.8096933364868164,0.2729499340057373,91.46673583984375,0.10689307749271393,0.02752128429710865,104.05699920654297,0,4,2.4258376550700933,2305843012325931103,8.906132105348547,55.0284168323237,special,backup,2971,82.45043,783.30945,5400.366,0.1917033900538558
2M16021557+2727174,240.564883,27.454836,4070.098388671875,0.9433650970458984,-1.1720335483551025,91.46673583984375,0.10689307749271393,0.039519648998975754,114.96299743652344,0,2560,8.714667842329984,2305843019019976805,240.5648386349533,27.45487192107601,main,backup,9355,81.9149,849.5609,607.25,0.19185653154426818
2M15145311+0151195,228.721314,1.855436,5098.52099609375,2.5386428833007812,-1.3843055963516235,91.46673583984375,0.10689307749271393,0.04866325855255127,100.61000061035156,0,4,2.534883635442258,2305843042155788388,228.7212784138169,1.855396303661596,main,backup,31416,115.3595,699.0293,1210.8995,0.19187858730734364
2M13540886+4216506,208.536954,42.280735,4780.89453125,2.4874324798583984,-0.293777734041214,91.46673583984375,0.10689307749271393,0.032556965947151184,304.77398681640625,0,2052,8.361801250763145,2305843020378933287,208.5370157213034,42.28070746650763,main,backup,10650,118.531715,957.929,1814.5289,0.19196416126815416
2M14432248+4552467,220.843668,45.87965,4814.68017578125,2.746906042098999,-0.5396232604980469,91.46673583984375,0.10689307749271393,0.034976691007614136,147.3699951171875,0,512,7.059432014499401,2305843020341192054,220.8435972466447,45.87962917119086,main,backup,10615,126.99186,1130.0076,369.2197,0.19252476507579766
2M14445836+1128065,221.243204,11.468486,4862.31982421875,2.5627083778381348,-0.575739324092865,91.46673583984375,0.10689307749271393,0.035686466842889786,149.75900268554688,0,2048,8.446214853536082,2305843017992372930,221.2431525771871,11.46846790962317,main,backup,8372,125.414375,1151.3604,601.4184,0.19276076895322394
2M16014364+2804176,240.43187,28.071568,5111.77587890625,3.212247610092163,-0.6004905104637146,91.46673583984375,0.10689307749271393,0.036307886242866516,88.02870178222656,0,512,7.1171630218131705,2305843019019996196,240.4318866385288,28.07151646679494,main,backup,9355,78.30687,811.7822,607.25,0.1929011681139951
2M14170276+0402221,214.261531,4.039475,4812.18896484375,2.9613280296325684,-0.07194538414478302,91.46673583984375,0.10689307749271393,0.028853509575128555,79.82369995117188,0,2048,8.47439129863584,2305843036539590586,214.2615776534046,4.039448424654386,main,backup,26063,104.9664,842.9709,1203.8068,0.19292737341620003
2M14272335-0451160,216.847325,-4.854472,4971.1513671875,3.3702127933502197,-0.4176373779773712,91.46673583984375,0.10689307749271393,0.03355269506573677,100.7490005493164,0,0,0.8497562015582131,2305843036346653759,216.8472717458926,-4.854479639922016,main,backup,25878,20.444323,128.5184,603.0247,0.19299688765923576
2M15110779+2610148,227.782459,26.170803,4970.35400390625,2.564305067062378,-0.757786214351654,91.46673583984375,0.10689307749271393,0.03941754251718521,268.9490051269531,0,1540,8.121694867175899,2305843018638305169,227.7824807789905,26.17075307211578,main,backup,8991,112.7343,992.3013,1210.3293,0.19302348675281722
2M03494972+8011416,57.457199,80.194916,5013.408203125,3.4481117725372314,-0.034680452197790146,91.46673583984375,0.10689307749271393,0.02981777861714363,131.31100463867188,0,0,0.8048169947723476,2305843013353479838,57.45719471802329,80.1948622874919,main,backup,3951,22.706861,216.51768,1202.6533,0.1933828481242003
2M11343561+0359149,173.648375,3.987485,5017.29541015625,3.3966734409332275,-0.7183657884597778,91.46673583984375,0.10689307749271393,0.03820665925741196,140.88499450683594,0,0,0.8397752395211576,2305843037529446659,173.6484217458431,3.987511685269941,main,backup,27006,155.34132,1060.6248,722.1162,0.19342122776909199
2M12261316+2530014,186.554841,25.500404,4784.58251953125,2.5266671180725098,-0.9141954779624939,91.46673583984375,0.10689307749271393,0.04074449837207794,255.82899475097656,0,3584,8.977638823954873,2305843039077146455,186.554807440858,25.5003594656176,main,backup,28481,136.14069,1228.2194,483.4626,0.19389229504106018
2M12431130-0322047,190.797111,-3.367997,4333.806640625,1.3320621252059937,-1.2005295753479004,91.46673583984375,0.10689307749271393,0.04147239029407501,123.427001953125,0,2560,8.71738674264051,2305843036644446302,190.797095214706,-3.368048643031105,main,backup,26162,134.50833,929.9423,601.8253,0.19437727022279677
2M11472516-1408076,176.854837,-14.135452,4752.6904296875,2.729341506958008,-0.4889182448387146,91.46673583984375,0.10689307749271393,0.03405323252081871,145.97900390625,0,0,0.8154808143991797,2305843035834944126,176.8547890285768,-14.13542433112321,main,backup,25388,115.318985,753.8492,1205.802,0.19485197945427737
2M11014158-0541253,165.423253,-5.690388,5706.46533203125,2.89015793800354,-2.0056800842285156,91.46673583984375,0.10689307749271393,0.06629973649978638,94.24230194091797,0,65536,12.110470037404285,2305843037432971906,165.4232243454419,-5.69034195929846,main,backup,26914,130.7566,975.08,1810.4094,0.19495778841926484
2M00285282+5518101,7.220101,55.302826,5062.84130859375,3.367703437805176,-0.0198422372341156,91.46673583984375,0.10689307749271393,0.03001277521252632,145.05999755859375,0,0,0.7959057545108057,2305843012351182860,7.220193578550891,55.30281345540504,special,backup,2993,85.25707,784.18665,1200.0854,0.19501854860725357
2M12084639+0609034,182.193312,6.150969,4929.19287109375,3.642118215560913,0.5258174538612366,91.46673583984375,0.10689307749271393,0.023847203701734543,80.99199676513672,8,0,3.0200420580331673,2305843038234087677,182.1932581986548,6.150959079631,main,backup,27678,107.03254,928.30316,259.5307,0.19585344416170766
2M06402724+3348156,100.113523,33.804352,4947.33203125,2.6144888401031494,-0.2952505350112915,91.46673583984375,0.10689307749271393,0.032194625586271286,114.4489974975586,0,0,0.8303338690943254,2305843016201430936,100.1134924759875,33.80430383499812,main,backup,6667,142.07848,1328.6957,780.0852,0.19596650721435174
2M14121149+5311160,213.047894,53.187798,4691.7958984375,1.8205567598342896,-1.8723948001861572,91.46673583984375,0.10689307749271393,0.05591611936688423,112.22000122070312,0,512,7.19116678446203,2305843021192626658,213.0478116652345,53.18777494395484,main,backup,11426,115.06511,1050.2649,601.7292,0.1960422660489192
2M11461657+5451092,176.569072,54.852577,4092.7216796875,1.0719043016433716,-1.2549355030059814,91.46673583984375,0.10689307749271393,0.04225369542837143,312.1650085449219,0,512,7.021114925160772,2305843015484179974,176.5690181403626,54.85253206701935,main,backup,5980,116.87762,1043.8737,601.0594,0.19653323194843617
2M14165896+0520480,214.24569,5.346673,4848.0673828125,2.6905629634857178,-0.4484516680240631,91.46673583984375,0.10689307749271393,0.033290959894657135,93.1968002319336,0,512,7.096435649720763,2305843036577346564,214.2457367800066,5.346644190068579,main,backup,26096,102.03793,786.3982,1203.8068,0.19715974590622012
2M14453081+1208064,221.378411,12.135138,4856.73828125,3.128417491912842,-0.3556137681007385,91.46673583984375,0.10689307749271393,0.03223716840147972,92.75460052490234,0,1024,7.783809286384553,2305843017992383586,221.3783654669703,12.13516993625761,main,backup,8373,119.02044,1103.7189,601.4184,0.19723139418680316
2M03342372+7956317,53.598847,79.942146,4919.12744140625,2.69763445854187,-0.3183164596557617,91.46673583984375,0.10689307749271393,0.03241117671132088,120.01599884033203,0,0,0.8267072340847524,2305843013353476992,53.59891832913922,79.94219937036205,main,backup,3950,22.46034,209.4523,1202.6533,0.1972975405419902
2M14243814-0423291,216.158934,-4.391443,5316.88232421875,3.7976937294006348,-0.30938905477523804,91.46673583984375,0.10689307749271393,0.033640727400779724,91.75489807128906,0,2052,8.48650862946998,2305843036355051875,216.1588888981796,-4.391411590339457,main,backup,25884,20.716976,131.0987,603.0247,0.19746958994975541
2M11095687-1222508,167.486997,-12.380783,4897.60009765625,3.0496060848236084,0.032454296946525574,91.46673583984375,0.10689307749271393,0.029471352696418762,296.4209899902344,0,0,0.7220855288931203,2305843035780421359,167.4869435337723,-12.38076597363343,main,backup,25336,148.59662,1119.2971,2361.23,0.19774198464725273
2M14020971+5224256,210.540473,52.407127,4942.54833984375,3.374774932861328,-0.12080931663513184,91.46673583984375,0.10689307749271393,0.031036950647830963,180.3179931640625,0,0,0.779403143826253,2305843020483796307,210.5405210732686,52.40708055589911,main,backup,10748,130.7266,1158.788,601.7292,0.1977420881712692
2M11192948-0123395,169.872858,-1.394325,4498.44970703125,2.2072010040283203,-0.4230040907859802,91.46673583984375,0.10689307749271393,0.03286654129624367,265.6940002441406,0,4,2.3594040518449315,2305843037462334337,169.87288054799,-1.394375138464715,main,backup,26941,108.5213,858.782,363.2027,0.19790102283817929
2M14225957+0458281,215.748224,4.974491,5113.869140625,3.313185691833496,-0.4389787018299103,91.46673583984375,0.10689307749271393,0.03495730832219124,139.21800231933594,0,512,7.064986176085837,2305843036552176534,215.7481818515392,4.974455511433652,main,backup,26073,117.37258,920.9242,1203.8068,0.19792057857116216
2M14594175+3740013,224.92397,37.667038,5076.6943359375,2.7305960655212402,-0.6690452098846436,91.46673583984375,0.10689307749271393,0.03709672391414642,91.2157974243164,0,0,0.8773141005121649,2305843018860605053,224.9239032375264,37.66702242905987,main,backup,9203,128.14374,1104.6602,603.9982,0.19833729581787973
2M10121485+0142472,153.061914,1.713138,5000.5517578125,3.3304078578948975,0.12996453046798706,91.46673583984375,0.10689307749271393,0.02865261770784855,180.55599975585938,0,512,7.007626145634229,2305843037789490937,153.061901149456,1.713191590355156,main,backup,27252,93.63627,718.8728,370.0134,0.19838956398239146
2M08503389-1331321,132.641229,-13.525596,4830.22802734375,3.108001708984375,0.14131739735603333,91.46673583984375,0.10689307749271393,0.027659442275762558,156.25799560546875,0,4,2.386189976134216,2305843051941094428,132.641197619863,-13.52564189701265,main,backup,40749,118.79721,921.5849,1817.9847,0.19840491506236366
2M13290599-0044098,202.274974,-0.736078,4425.19775390625,3.08929705619812,-0.008219556882977486,91.46673583984375,0.10689307749271393,0.026818813756108284,77.22640228271484,0,0,0.8423769736096636,2305843036321481816,202.2749493852282,-0.7360285634365995,main,backup,25855,122.50199,907.0979,831.13,0.1988087020698469
2M16374078-0031252,249.419946,-0.523669,3999.935546875,1.0719043016433716,-0.6835469007492065,91.46673583984375,0.10689307749271393,0.03383566066622734,292.3299865722656,0,0,0.7452921087943657,2305843041870579088,249.4198927724337,-0.5236844308213554,main,backup,31144,83.834755,766.1801,224.2457,0.19950131370030091
2M14581590+3000052,224.566254,30.001471,4986.49951171875,2.6813244819641113,-0.5021005868911743,91.46673583984375,0.10689307749271393,0.03601238504052162,209.2740020751953,0,3072,8.819873968526043,2305843018764136546,224.5662354884608,30.00141790175941,main,backup,9109,90.11957,774.0902,816.5551,0.19967585825277354
2M15171737-0127267,229.322384,-1.457424,4491.4736328125,1.8271719217300415,-1.3078607320785522,91.46673583984375,0.10689307749271393,0.04388979822397232,112.88400268554688,0,512,7.130450421679786,2305843042105447210,229.3224395231699,-1.457426253822113,main,backup,31371,102.833694,876.5731,1747.8756,0.19998341353775503
2M15142353+0213333,228.598042,2.225928,5042.310546875,2.7343597412109375,-0.7865966558456421,91.46673583984375,0.10689307749271393,0.04020722210407257,221.86599731445312,0,4,2.4140605811565035,2305843042155807888,228.5979894378437,2.225946250915857,main,backup,31418,100.28683,633.37616,1210.8995,0.20017127849374933
2M14370885+0821334,219.28691,8.359294,4906.96826171875,3.0782337188720703,-0.1694672405719757,91.46673583984375,0.10689307749271393,0.030338948592543602,89.4448013305664,0,1540,8.185651231221307,2305843017950438966,219.2869486847158,8.35925361028344,main,backup,8334,105.53676,968.72076,601.0638,0.20031686635724505
2M15145170-0007167,228.715445,-0.121331,4867.40185546875,2.5622520446777344,-0.5295479893684387,91.46673583984375,0.10689307749271393,0.03581298887729645,219.59500122070312,0,0,0.7836757261185057,2305843042134799689,228.7154000487058,-0.1213639956162301,main,backup,31398,123.525925,1089.1392,1747.8756,0.20074061221962117
2M12472051+2706348,191.835462,27.109688,4985.10400390625,2.9833405017852783,-1.199955940246582,91.46673583984375,0.10689307749271393,0.04512385278940201,122.90399932861328,0,4,2.497350096097426,2305843038729017992,191.8354120831273,27.10972180540424,main,backup,28150,122.07582,1064.8475,601.7018,0.20099086983146325
2M11355900+0329480,173.995853,3.496669,4782.3896484375,2.582211494445801,-0.4593155086040497,91.46673583984375,0.10689307749271393,0.033661145716905594,133.55599975585938,0,516,7.070394182743586,2305843037529444640,173.9958169721993,3.496626261440866,main,backup,27006,166.11566,1103.6453,722.1162,0.20107727588191263
2M03195654+0001446,49.985623,0.029083,5029.3544921875,2.6230428218841553,-0.7661582827568054,91.46673583984375,0.10689307749271393,0.03984162211418152,223.68699645996094,0,0,0.8019809062823159,2305843033544858604,49.9856117769682,0.0290281679336345,main,backup,23205,123.10146,795.7392,604.0785,0.20148785170138417
2M13233639-0121255,200.901657,-1.357085,4484.3974609375,1.7786988019943237,-1.2513504028320312,91.46673583984375,0.10689307749271393,0.044405486434698105,272.25,0,0,0.805232345863687,2305843036317290616,200.9016125578444,-1.35711912541952,main,backup,25851,121.33629,923.4995,831.13,0.2016816771327182
2M12264688-0312358,186.695342,-3.20997,4730.46533203125,2.4437496662139893,-0.5067042112350464,91.46673583984375,0.10689307749271393,0.03360424563288689,102.76100158691406,0,3076,8.87976621059424,2305843036732528602,186.6953044535759,-3.210011693577013,main,backup,26244,113.3812,941.97485,1052.3633,0.20184632405044245
2M11185667-0142526,169.736143,-1.714622,4941.9501953125,3.3499109745025635,0.13856621086597443,91.46673583984375,0.10689307749271393,0.028567543253302574,246.73800659179688,0,0,0.7358441663902076,2305843037453946556,169.7360917322347,-1.71459921974038,main,backup,26935,104.73387,842.7115,363.2027,0.2018881431602907
2M15190599+3522012,229.774973,35.367027,4780.09765625,2.476483106613159,-0.5249210596084595,91.46673583984375,0.10689307749271393,0.03400779515504837,100.12999725341797,0,3076,8.88435229841763,2305843018831245983,229.7749183535119,35.36699290162591,main,backup,9173,123.383835,933.4485,1461.9958,0.20200071435059722
2M12220837-0134249,185.534884,-1.573596,5576.50439453125,3.797093391418457,-0.6955830454826355,91.46673583984375,0.10689307749271393,0.04004858806729317,109.4990005493164,0,2048,8.499093067359793,2305843036740913751,185.5348867699762,-1.573652143306518,main,backup,26252,167.88495,1084.5228,602.914,0.202361563834573
2M11263778+5207439,171.657441,52.128876,4760.5634765625,2.927910089492798,-0.1397704780101776,91.46673583984375,0.10689307749271393,0.030753808096051216,245.57000732421875,0,512,6.9875239161935925,2305843015459020674,171.6574169411726,52.12882176152907,sv2,backup,5959,37.136784,322.56467,139.7048,0.2023682778944168
2M11512088-1152261,177.837013,-11.87393,4084.947998046875,1.0047264099121094,-1.163058876991272,91.46673583984375,0.10689307749271393,0.04078831523656845,228.6280059814453,0,1536,8.142126882689508,2305843035847528210,177.8369878980305,-11.87387941392197,main,backup,25402,123.46436,815.20465,1621.9397,0.2024462655881356
2M14130052+5300244,213.252177,53.006802,4706.34716796875,2.3592352867126465,-0.9432730078697205,91.46673583984375,0.10689307749271393,0.03990599885582924,145.0570068359375,0,512,7.0856497655177835,2305843021192631471,213.2520840373226,53.00679555542284,main,backup,11426,120.3426,1089.7151,601.7292,0.20270715333182798
2M14571440+4117467,224.310005,41.296318,4797.1396484375,2.8738484382629395,-0.3692394196987152,91.46673583984375,0.10689307749271393,0.0335116907954216,222.9250030517578,0,512,7.010946806744764,2305843020307632051,224.3099812929624,41.29637142562063,main,backup,10581,104.7734,927.1958,385.5524,0.20273905558172242
2M12111667+0359518,182.81946,3.997723,4645.75146484375,2.5000922679901123,-0.37585753202438354,91.46673583984375,0.10689307749271393,0.0329400859773159,234.1959991455078,0,4,2.372340048172138,2305843038221510504,182.8194036889537,3.997727423884622,main,backup,27667,96.57418,823.5276,259.5307,0.20285265449583584
2M15144818+0135548,228.700766,1.598559,4547.48388671875,2.2150707244873047,-0.5545657873153687,91.46673583984375,0.10689307749271393,0.033846382051706314,137.9759979248047,0,0,0.8200454125123559,2305843042143191538,228.7007776134516,1.598503851189593,main,backup,31405,106.98183,628.3411,1210.8995,0.20288670570353315
2M13412861+0021055,205.369234,0.351555,4533.431640625,1.900622844696045,-1.076909065246582,91.46673583984375,0.10689307749271393,0.041876934468746185,217.0780029296875,0,0,0.8151430177002068,2305843036506034103,205.3691780935508,0.351547710541519,main,backup,26028,99.29711,819.99023,147.3667,0.2029630577652072
2M14055603+0140310,211.483476,1.675298,3739.914794921875,0.46728283166885376,-0.7328072786331177,91.46673583984375,0.10689307749271393,0.0318470224738121,76.86869812011719,0,512,7.108252178853989,2305843036489266882,211.4835271191768,1.675322211880621,main,backup,26015,137.20087,1160.3243,1384.2656,0.20355610634026028
2M11174213+5137065,169.425559,51.618473,4868.99658203125,2.512524127960205,-0.8968809843063354,91.46673583984375,0.10689307749271393,0.03923099488019943,90.61650085449219,0,512,7.128913306388663,2305843015463208290,169.4255708728281,51.61852908662751,sv2,backup,5961,44.011547,348.3997,139.7048,0.20364843514230133
2M12403025-0334285,190.126049,-3.57461,4373.27294921875,1.6197071075439453,-1.102415680885315,91.46673583984375,0.10689307749271393,0.039540957659482956,81.40460205078125,0,512,7.141060131315374,2305843036644445020,190.1260264467466,-3.574662069826691,main,backup,26162,124.511,886.6465,601.8253,0.20421676396868796
2M12283758+5541491,187.156588,55.696995,4766.44384765625,2.900651216506958,-0.6437282562255859,91.46673583984375,0.10689307749271393,0.036833036690950394,263.572998046875,0,0,0.7705970900230301,2305843020940970197,187.1566642931011,55.6969578931289,main,backup,11185,139.09488,1265.283,604.0552,0.20446024990499007
2M13464699+0119191,206.695807,1.321977,5017.99267578125,3.213045835494995,-0.5359490513801575,91.46673583984375,0.10689307749271393,0.03515191748738289,95.86370086669922,0,4,2.4721106418012497,2305843036518625805,206.6958590423565,1.321954147104572,main,backup,26040,143.19081,1052.5901,832.457,0.20457441929736583
2M11521085-1118281,178.045227,-11.307831,4916.7353515625,3.491680383682251,0.3055027723312378,91.46673583984375,0.10689307749271393,0.026882190257310867,322.66400146484375,0,0,0.7006839831638005,2305843035847524978,178.0452720493307,-11.30779514000758,main,backup,25403,144.41234,949.43,1621.9397,0.20483192200966505
2M11044813-0658453,166.200569,-6.979275,4730.66455078125,1.5105571746826172,-2.081324815750122,91.46673583984375,0.10689307749271393,0.06312870979309082,228.6959991455078,0,3076,8.947921881502854,2305843037407807066,166.2005725847756,-6.979331836241531,main,backup,26890,116.93325,857.192,1810.4094,0.20501104657897515
2M13405587+0025056,205.232814,0.418234,4957.896484375,3.4778800010681152,-0.07776057720184326,91.46673583984375,0.10689307749271393,0.030015895143151283,127.9489974975586,0,0,0.8083814063169112,2305843036506034149,205.2327602282091,0.4182152404892567,main,backup,26028,82.26426,685.76624,147.3667,0.20501583367489462
2M14524370+3113518,223.182101,31.231075,4902.0849609375,3.0833659172058105,-0.32153505086898804,91.46673583984375,0.10689307749271393,0.032613810151815414,138.8000030517578,0,0,0.8132913919920219,2305843018772512911,223.1820344204409,31.23107351095306,main,backup,9117,88.33927,743.2097,816.5551,0.2050219122991453
2M12263810+0010222,186.65879,0.172857,4891.1220703125,3.108001708984375,-0.5027487277984619,91.46673583984375,0.10689307749271393,0.034395210444927216,112.81300354003906,0,0,0.8427640004432247,2305843036753496593,186.6587570075684,0.1728105791728701,main,backup,26266,134.43517,830.8471,602.914,0.20502257055564438
2M12512629+2759211,192.859579,27.98922,5079.8837890625,3.643828868865967,0.15987104177474976,91.46673583984375,0.10689307749271393,0.028438270092010498,161.60000610351562,0,0,0.7773056533908432,2305843038729016116,192.8595213392688,27.98919441674867,main,backup,28151,122.30816,1057.8843,601.7018,0.20513660918451904
2M06333377+3315047,98.390747,33.25132,5014.40478515625,2.71417236328125,-0.2714212238788605,91.46673583984375,0.10689307749271393,0.032104477286338806,106.67400360107422,0,0,0.8368551951141148,2305843016226594268,98.39068296818596,33.25130049058541,main,backup,6688,79.314125,757.5907,780.0852,0.2051689891852738
2M11481581-1051184,177.065904,-10.855136,4836.6064453125,2.4736318588256836,-1.134558916091919,91.46673583984375,0.10689307749271393,0.04450462758541107,206.30999755859375,0,0,0.8333452397460743,2305843035939803790,177.065941212089,-10.85517974493886,main,backup,25490,139.20271,965.5977,1621.9397,0.20520778966613007
2M14115807+5226514,212.991974,52.447636,5086.36181640625,2.5597426891326904,-1.019770622253418,91.46673583984375,0.10689307749271393,0.04405596852302551,211.70399475097656,0,0,0.8285333186928314,2305843021192629979,212.9920128229539,52.44758393037449,main,backup,11426,114.68965,1056.7687,601.7292,0.20589795405149544
2M08135590-1345277,123.482923,-13.757699,4901.9853515625,3.351393699645996,0.3988576829433441,91.46673583984375,0.10689307749271393,0.025987068191170692,243.48800659179688,392,512,12.938347798899995,2305843051878177419,123.4829367861094,-13.75775461261339,main,backup,40688,109.01705,916.6271,1641.0775,0.2059272553087447
2M13094479+7252396,197.436633,72.877678,4575.3896484375,1.7391221523284912,-1.22133469581604,91.46673583984375,0.10689307749271393,0.04217437654733658,65.60130310058594,2176,0,8.620946156024113,2305843021788223290,197.4364632597578,72.87765010558712,main,backup,11995,129.958,879.68884,1203.6094,0.20603422251488007
2M06345653+3434212,98.735575,34.572578,5027.361328125,3.1519126892089844,-0.17382994294166565,91.46673583984375,0.10689307749271393,0.031140675768256187,112.6729965209961,0,0,0.8266144177438527,2305843016226614308,98.73557718865482,34.57252077948586,main,backup,6691,110.861336,1025.8951,780.0852,0.2060959914314154
2M14431891+1202215,220.828823,12.039312,4781.09423828125,2.577193021774292,-0.6046221256256104,91.46673583984375,0.10689307749271393,0.03469976782798767,77.78389739990234,0,2048,8.506178750948198,2305843017992378039,220.8287655028554,12.0393009713414,main,backup,8373,131.77167,1202.5869,601.4184,0.20629360469707803
2M15205032+3521407,230.209694,35.361317,4801.923828125,2.8729357719421387,-0.287346750497818,91.46673583984375,0.10689307749271393,0.031611062586307526,122.91200256347656,0,516,7.068384648142494,2305843018831242838,230.2096236966851,35.3613159416575,main,backup,9173,115.57835,862.1814,1461.9958,0.20643637079454435
2M14231075-0630075,215.794817,-6.502101,4811.09228515625,3.106975555419922,0.26114046573638916,91.46673583984375,0.10689307749271393,0.026396645233035088,148.73800659179688,0,512,7.015613983306709,2305843036342460994,215.7947735682177,-6.502063068036024,main,backup,25874,20.823193,127.5434,603.0247,0.20683449213683497
2M12425185-0250269,190.716056,-2.840827,5071.81103515625,2.6777889728546143,-0.48835158348083496,91.46673583984375,0.10689307749271393,0.035067055374383926,115.73999786376953,0,512,7.08385982629089,2305843036652839165,190.716026873741,-2.840876633453171,main,backup,26169,127.3057,850.284,601.8253,0.2071090604631885
2M16105053+2424103,242.710583,24.402878,4759.96533203125,2.0975944995880127,-1.814176082611084,91.46673583984375,0.10689307749271393,0.056764937937259674,186.45700073242188,0,0,0.9047133671138229,2305843018919328423,242.7105198741867,24.402880581911,main,backup,9258,45.23105,359.58835,605.4429,0.20715943780249158
2M12175789+0010510,184.491237,0.180838,4460.77685546875,2.2263619899749756,-0.42570045590400696,91.46673583984375,0.10689307749271393,0.032738376408815384,313.9809875488281,0,0,0.7326842804383153,2305843036766079025,184.4911806636444,0.1808497775944084,main,backup,26277,144.49805,910.6863,602.914,0.20719446752427537
2M11494402-1201309,177.433418,-12.025267,4543.39794921875,2.1084296703338623,-0.9362796545028687,91.46673583984375,0.10689307749271393,0.039810001850128174,380.125,0,512,6.98925674028643,2305843035847525803,177.4333591617282,-12.02526441908777,main,backup,25402,109.5694,733.4081,1621.9397,0.20737785788857752
2M13545362+4411338,208.723431,44.192726,4764.3505859375,2.613234043121338,-0.36905670166015625,91.46673583984375,0.10689307749271393,0.03336784988641739,275.9460144042969,0,0,0.7487006164933722,2305843020408300177,208.7234865278349,44.19268436767083,main,backup,10676,113.15106,940.9842,1814.5289,0.2073787312447507
2M11442031-1345311,176.084653,-13.758648,5017.39501953125,3.046640634536743,-0.2744685709476471,91.46673583984375,0.10689307749271393,0.0314999483525753,53.92110061645508,2176,0,8.5868566672876,2305843035830747597,176.0845939742491,-13.75864227030627,main,backup,25387,114.38336,823.162,1208.196,0.20742363105914252
2M14523601+4447493,223.150061,44.79705,4826.0419921875,2.9566516876220703,-0.2928194999694824,91.46673583984375,0.10689307749271393,0.0320478230714798,145.24600219726562,0,0,0.8059537267197567,2305843021033252963,223.1501375857297,44.79703071230195,main,backup,11274,129.92004,1144.6583,369.2197,0.20760108226812937
2M12251124+0019495,186.296836,0.330421,4856.04052734375,2.855029344558716,-0.4483652710914612,91.46673583984375,0.10689307749271393,0.03369675576686859,121.83599853515625,0,0,0.8316423931867961,2305843036753501738,186.2967824758942,0.3303995178811002,main,backup,26266,145.82272,909.51416,602.914,0.2076240839318803
2M03401921+8030401,55.080058,80.511162,4978.92529296875,3.1614933013916016,-0.36708715558052063,91.46673583984375,0.10689307749271393,0.033641062676906586,151.38600158691406,0,0,0.809807261187439,2305843013445756424,55.08001440070137,80.51110475831574,main,backup,4036,18.471054,175.93881,1202.6533,0.20768824232708408
2M13111316-0227523,197.804859,-2.464541,5092.83984375,2.4843528270721436,-1.2512153387069702,91.46673583984375,0.10689307749271393,0.04578050598502159,74.47149658203125,0,0,0.9407706506951439,2305843036665422469,197.8048308138907,-2.464591401894468,main,backup,26182,134.48103,1008.0279,1499.1041,0.20784626319013189
2M09215595+2652534,140.483157,26.881514,4911.0546875,3.137199878692627,-0.03962382674217224,91.46673583984375,0.10689307749271393,0.029932590201497078,170.73699951171875,0,512,7.019585999175857,2305843014381087200,140.4831062789422,26.88147786686912,main,backup,4931,116.391335,814.8127,348.6832,0.20843626827101774
2M13504657+4357224,207.694062,43.956245,4854.24658203125,2.6175684928894043,-0.6849063038825989,91.46673583984375,0.10689307749271393,0.0378139428794384,223.54800415039062,0,0,0.7919043896655433,2305843020404103607,207.6940527242062,43.95618744936495,main,backup,10675,124.24499,1011.71234,1814.5289,0.20857217139518777
2M12220479-0036195,185.519969,-0.605442,4811.2919921875,3.0336384773254395,0.2886783182621002,91.46673583984375,0.10689307749271393,0.026674091815948486,226.8090057373047,0,516,6.982806201608232,2305843036740922647,185.5199272204313,-0.6054821422345684,main,backup,26255,135.47386,902.12115,602.914,0.20857445753725898
2M16003077+2833248,240.128239,28.556904,4940.654296875,2.6532671451568604,-0.802539050579071,91.46673583984375,0.10689307749271393,0.03991211950778961,285.7349853515625,0,0,0.7779483846168764,2305843019045144240,240.1282125398354,28.556850905695,main,backup,9377,94.72746,965.7305,607.25,0.20864955189318404
2M13013112+5812203,195.379684,58.205643,4660.00390625,2.662961959838867,-0.4399590492248535,91.46673583984375,0.10689307749271393,0.0337638258934021,235.66700744628906,0,0,0.7663973437348606,2305843020974527341,195.3797921951721,58.20565383062514,main,backup,11216,115.578125,883.9233,603.2509,0.20888915310375408
2M13100898+5614291,197.537443,56.24144,4813.0859375,2.486747980117798,-0.5161938071250916,91.46673583984375,0.10689307749271393,0.03539204224944115,298.0480041503906,0,1536,8.088731170231458,2305843020869671185,197.5375373679171,56.2414650213953,main,backup,11119,167.31006,1340.6052,603.9829,0.20917187975040552
2M08141156-1400535,123.548176,-14.014877,4849.462890625,2.7423439025878906,-0.28190118074417114,91.46673583984375,0.10689307749271393,0.03270851820707321,408.2900085449219,0,512,6.946619665389965,2305843051878190060,123.5481290496985,-14.01484086656228,main,backup,40688,103.8065,869.5167,1641.0775,0.20931690688552954
2M11044265-0654125,166.177728,-6.903492,4801.02685546875,2.527123212814331,-0.31422725319862366,91.46673583984375,0.10689307749271393,0.03150677680969238,90.13719940185547,0,2048,8.475648052999775,2305843037432983526,166.1777364979041,-6.903549562489387,main,backup,26912,118.0484,865.4077,1810.4094,0.2094386823613394
2M12243282-0049289,186.136783,-0.824708,4613.0625,1.2470917701721191,-1.6098744869232178,91.46673583984375,0.10689307749271393,0.04967435821890831,95.51229858398438,64,66560,16.215909742137683,2305843036740911325,186.1367402622399,-0.8247475524497393,main,backup,26253,159.52867,1030.3645,602.914,0.20962185162541971
2M11483229-1127103,177.134552,-11.452869,5027.0625,2.9750146865844727,-0.8225975632667542,91.46673583984375,0.10689307749271393,0.03923613950610161,108.22200012207031,0,0,0.8710860729925177,2305843035939809226,177.1345228376331,-11.45291977325043,main,backup,25488,133.84845,928.41345,1621.9397,0.2097548023788973
2M15220743-0114565,230.530994,-1.249035,5095.53125,2.5718324184417725,-0.9895879626274109,91.46673583984375,0.10689307749271393,0.04361892491579056,209.9429931640625,0,0,0.8271794587353705,2305843042109634122,230.5309506636041,-1.248996024928886,main,backup,31374,105.92316,889.9477,1747.8756,0.20979714787626436
2M16054970+2817147,241.457116,28.287436,4886.93603515625,3.4177732467651367,-0.10165748000144958,91.46673583984375,0.10689307749271393,0.02998952940106392,127.66300201416016,0,0,0.8084716135375933,2305843019024171137,241.4570796427984,28.28738725310803,main,backup,9358,80.099236,824.3357,607.25,0.20995286314845374
2M19104195+2628135,287.674813,26.47043,4856.73828125,2.5963542461395264,0.039379313588142395,91.46673583984375,0.10689307749271393,0.028556477278470993,138.52099609375,0,3072,8.823614064961841,2305843024380573555,287.6748397364022,26.47037678698434,main,backup,14465,47.213146,429.97385,609.2852,0.2100511835012648
2M13015134-0346254,195.463942,-3.773736,4844.87841796875,2.442951202392578,-0.5658361911773682,91.46673583984375,0.10689307749271393,0.03552878275513649,153.3560028076172,0,516,7.066004250572592,2305843036615093901,195.4639351857594,-3.773677980148029,main,backup,26135,146.1984,929.1712,911.8637,0.2103008939995226
2M06315090+3416119,97.962086,34.269997,4957.99609375,2.6942129135131836,-0.15179426968097687,91.46673583984375,0.10689307749271393,0.0315193310379982,186.85499572753906,0,512,7.018549090166222,2305843016226582804,97.96201531215092,34.2699958371869,main,backup,6690,119.7189,1096.4829,780.0852,0.21033912779185393
2M11490156-1139113,177.256506,-11.653146,5034.63671875,3.0889549255371094,-0.672709047794342,91.46673583984375,0.10689307749271393,0.03681965544819832,82.5186996459961,0,512,7.126110693343574,2305843035939814392,177.2564521349237,-11.6531712622303,main,backup,25488,155.53827,1049.4105,1621.9397,0.21056928136162492
2M15175089+0002065,229.462051,0.035144,4419.9150390625,2.7146284580230713,-0.7020598649978638,91.46673583984375,0.10689307749271393,0.03486385568976402,119.69400024414062,0,1028,7.775579798792145,2305843042134802211,229.4620337874497,0.0350880774501496,main,backup,31397,156.76915,1398.5944,1747.8756,0.21064163768617866
2M12505325-0239586,192.721878,-2.666301,4809.697265625,2.4870901107788086,-0.6217928528785706,91.46673583984375,0.10689307749271393,0.03674750402569771,218.4669952392578,0,0,0.7888609607408659,2305843036648649114,192.7218195889228,-2.666305525712128,main,backup,26164,121.45907,917.68115,1119.414,0.2106831437896284
2M11505188-0157243,177.716175,-1.956769,5010.21923828125,3.1406211853027344,-0.26028040051460266,91.46673583984375,0.10689307749271393,0.03170371800661087,85.86810302734375,0,4,2.4657610377510033,2305843036048855923,177.7161755492549,-1.956827568719637,main,backup,25594,156.19765,891.21625,602.0572,0.21085665127997494
2M16093984+2442064,242.416023,24.701799,4133.18505859375,1.2727539539337158,-0.7110381126403809,91.46673583984375,0.10689307749271393,0.03476891666650772,376.7550048828125,0,0,0.7246636247025505,2305843018919330057,242.4159614218439,24.70178133127206,main,backup,9258,47.50154,382.7528,605.4429,0.21120233971613442
2M13244159-0044525,201.173318,-0.747935,3767.322021484375,0.015492856502532959,-0.851123571395874,91.46673583984375,0.10689307749271393,0.03352702036499977,90.75740051269531,0,2048,8.485071062137681,2305843036682190885,201.1733213467967,-0.7478764230534345,main,backup,26196,125.765144,973.55914,831.13,0.21122086355892936
2M15172556+0013039,229.35653,0.217761,5457.2080078125,3.4282662868499756,-0.44239187240600586,91.46673583984375,0.10689307749271393,0.03566750884056091,79.83159637451172,0,68612,12.019581677399314,2305843042134804155,229.3564715491544,0.2177556980349722,main,backup,31399,162.0456,1441.1637,1747.8756,0.21128543326912458
2M11195590-0104316,169.982929,-1.075456,4715.216796875,2.3896877765655518,0.03567979484796524,91.46673583984375,0.10689307749271393,0.02875499613583088,212.35299682617188,0,0,0.7517238014689503,2305843037462339314,169.9829403668625,-1.075513582572881,main,backup,26941,124.23656,966.3248,363.2027,0.21129616453851624
2M11491050-1409535,177.293776,-14.16488,4665.8837890625,2.4989519119262695,-0.28620442748069763,91.46673583984375,0.10689307749271393,0.031028930097818375,121.31800079345703,0,0,0.8187258551431478,2305843035834946860,177.2937284412334,-14.16491631534206,main,backup,25388,75.58183,514.1014,1205.802,0.21130469979781782
2M12152145+0426100,183.839412,4.436123,4601.50146484375,1.9265133142471313,-1.3541109561920166,91.46673583984375,0.10689307749271393,0.04639911651611328,174.29600524902344,0,1028,7.795934344452038,2305843038225699288,183.8393539245026,4.436113216933516,main,backup,27668,92.926735,786.01746,259.5307,0.21139982744834523
2M12433204-0154199,190.883517,-1.905535,4839.7958984375,2.0618958473205566,-1.6400649547576904,91.46673583984375,0.10689307749271393,0.05300799012184143,156.58900451660156,0,2052,8.530341953354583,2305843036657026484,190.8834588217555,-1.905544002263729,main,backup,26172,111.967255,844.936,1119.414,0.2118197439118034
2M14434982+4624424,220.957596,46.411785,4716.7119140625,2.780437707901001,-0.27568963170051575,91.46673583984375,0.10689307749271393,0.03208208084106445,204.47000122070312,0,4,2.3815619386533884,2305843021058409788,220.9575118866094,46.41177443458217,main,backup,11298,125.408905,1081.854,369.2197,0.2122137819187855
2M15114811+3045365,227.950486,30.760162,4841.09130859375,2.8656365871429443,-0.6551113128662109,91.46673583984375,0.10689307749271393,0.037166863679885864,187.7259979248047,0,1024,7.738496214694708,2305843018722182203,227.9504446160361,30.76011498407268,main,backup,9068,110.56848,897.3496,861.0181,0.21222133120634637
2M13251727+3612008,201.321968,36.200241,4755.28125,1.909975290298462,-2.0168981552124023,91.46673583984375,0.10689307749271393,0.06174108013510704,209.8249969482422,0,512,7.158122033143626,2305843020190194146,201.3219465108868,36.20018464393161,main,backup,10471,131.305,1188.1102,1043.2472,0.21226908705513436
2M11422447-1424054,175.601969,-14.401501,4788.76806640625,2.914907932281494,-0.255401611328125,91.46673583984375,0.10689307749271393,0.030894387513399124,97.3405990600586,0,0,0.839871868594014,2305843035830758141,175.6019302638599,-14.40154652902293,main,backup,25386,123.85128,899.74786,1208.196,0.21238660775763843
2M13094301+5630275,197.429212,56.507645,4842.68603515625,3.3623428344726562,-0.35204631090164185,91.46673583984375,0.10689307749271393,0.0333215557038784,185.94200134277344,0,1536,8.125359306903857,2305843020869668436,197.4292845813382,56.50760167675377,main,backup,11119,171.18239,1358.7145,603.9829,0.21240268882203964
2M12260572-0306267,186.523839,-3.10742,4849.263671875,3.0673985481262207,-0.334759920835495,91.46673583984375,0.10689307749271393,0.03241464123129845,128.49099731445312,0,512,7.060231541731548,2305843036732529994,186.5238493977179,-3.10747809437966,main,backup,26244,115.137474,953.57825,1052.3633,0.21245343767625777
2M12251999+2531521,186.333313,25.531158,4342.7763671875,0.7645279169082642,-1.4685404300689697,91.46673583984375,0.10689307749271393,0.0451202355325222,77.68550109863281,0,67072,12.046835770694507,2305843039077143133,186.3333014792128,25.53109977137057,main,backup,28481,131.41719,1187.3561,483.4626,0.21293766824686494
2M11564513-1151432,179.188054,-11.862002,4961.58349609375,3.396559238433838,0.07312632352113724,91.46673583984375,0.10689307749271393,0.028490416705608368,128.02200317382812,0,1536,8.138285157756927,2305843035847539380,179.1880081066324,-11.86204058551622,main,backup,25401,104.982994,670.66595,1812.152,0.2131628603046068
2M11102740-1149312,167.614171,-11.825348,4717.0107421875,2.456751823425293,-0.5305192470550537,91.46673583984375,0.10689307749271393,0.033272773027420044,59.68330001831055,2176,512,14.826019544242751,2305843035780429275,167.6141210318042,-11.8253813870612,main,backup,25337,128.06274,942.02,2361.23,0.2131814055345601
2M12195903+5536597,184.995991,55.616596,4594.02685546875,1.7715134620666504,-1.671157956123352,91.46673583984375,0.10689307749271393,0.05283123999834061,200.6929931640625,0,0,0.8777251558417933,2305843020940971542,184.9959000251636,55.61656645198047,main,backup,11186,136.37923,1215.0162,604.0552,0.21336141889880111
2M12175814+0014036,184.492277,0.234341,5120.74560546875,3.639152765274048,-0.08745338022708893,91.46673583984375,0.10689307749271393,0.031629253178834915,232.8769989013672,0,0,0.7569103591463454,2305843036766084196,184.4922777695912,0.2342814349997863,main,backup,26279,119.21229,759.42255,602.914,0.21445189760147187
2M15044113+2610212,226.171391,26.172579,4756.1787109375,2.5451436042785645,-0.21992796659469604,91.46673583984375,0.10689307749271393,0.03161650896072388,239.91000366210938,0,1536,8.091471571241993,2305843018663472723,226.171325943803,26.17256708517647,main,backup,9012,121.972,1013.6104,1210.3293,0.21452143930262152
2M14134583+5308397,213.440998,53.144367,4847.46923828125,2.843738079071045,-0.4920201003551483,91.46673583984375,0.10689307749271393,0.03415176644921303,118.9749984741211,0,1024,7.768722012711834,2305843021192632031,213.4409347267286,53.14432091127755,main,backup,11426,112.482544,1017.8087,601.7292,0.214931684968562
2M12103216-0105240,182.63402,-1.090013,4796.9404296875,2.3303794860839844,-0.6398146748542786,91.46673583984375,0.10689307749271393,0.0369265191257,261.8160095214844,0,1536,8.109318545184307,2305843036761888781,182.6339704032193,-1.090046263452515,main,backup,26274,170.96385,1021.7246,609.2456,0.21495972694379947
2M13273366-0037588,201.890257,-0.633014,4485.59326171875,1.9558253288269043,-0.8832125663757324,91.46673583984375,0.10689307749271393,0.03746631741523743,113.18000030517578,0,0,0.8577975981511611,2305843036321480991,201.8902706532033,-0.6330721537869445,main,backup,25855,141.23233,1066.6298,831.13,0.21504539483508975
2M11110150-0512380,167.756274,-5.210576,4532.1357421875,2.1971640586853027,-0.6243837475776672,91.46673583984375,0.10689307749271393,0.03548340126872063,311.5880126953125,0,0,0.7471720257246465,2305843037437166586,167.7562253199786,-5.210610978503554,main,backup,26916,133.12851,935.4851,799.5482,0.21520941258012746
2M03220805+0043076,50.533547,0.71879,4925.60546875,2.351365566253662,-0.7915902137756348,91.46673583984375,0.10689307749271393,0.03769027441740036,67.75309753417969,2176,5636,17.23245316874155,2305843033557442511,50.53357813656345,0.7187389633059886,main,backup,23216,112.965385,700.1727,604.0785,0.215220909670356
2M14241050-0436101,216.043778,-4.602821,4633.6923828125,2.0344085693359375,-1.0956019163131714,91.46673583984375,0.10689307749271393,0.04123959690332413,109.0260009765625,0,0,0.880369939874978,2305843036350849299,216.0437523224161,-4.602766923518584,main,backup,25881,22.738878,147.52043,603.0247,0.21537985691094647
2M14545448+3727080,223.727034,37.452244,4654.62158203125,2.560655117034912,-0.4231906533241272,91.46673583984375,0.10689307749271393,0.033538930118083954,342.22198486328125,0,4,2.3375384470182214,2305843018868983907,223.7269588444354,37.45223946631763,main,backup,9208,134.63022,1165.1515,603.9982,0.2154061386474312
2M16082286+2410270,242.095291,24.174183,4700.86572265625,2.7762176990509033,-0.32933735847473145,91.46673583984375,0.10689307749271393,0.03263130411505699,241.3090057373047,0,0,0.7583787674864849,2305843018202097397,242.095226006762,24.1741745738396,main,backup,8575,49.365673,407.54,605.4429,0.2156017121450856
2M11023408-0602061,165.642008,-6.035049,4267.830078125,1.441554307937622,-0.8463834524154663,91.46673583984375,0.10689307749271393,0.037166617810726166,347.0429992675781,0,512,6.985119957294745,2305843037432974635,165.6420105709942,-6.035108839983867,main,backup,26914,109.41647,826.6429,1810.4094,0.21562048501412973
2M13082033+7240249,197.084719,72.673599,4677.5439453125,2.5673842430114746,-0.4712483584880829,91.46673583984375,0.10689307749271393,0.03340863063931465,138.08399963378906,0,0,0.8177789731405624,2305843021788226289,197.0845215137664,72.6735876003508,main,backup,11994,133.4789,902.877,1203.6094,0.21567210265953984
2M14254116-0546086,216.421503,-5.769071,5065.9306640625,3.249999523162842,-0.41520118713378906,91.46673583984375,0.10689307749271393,0.034321755170822144,129.81199645996094,0,512,7.068752132333523,2305843036342470800,216.4215601231864,-5.769052050437663,main,backup,25875,21.371878,134.46815,603.0247,0.21567497916383224
2M10501003-0007523,162.54182,-0.131217,4290.25390625,1.640122890472412,-0.753447413444519,91.46673583984375,0.10689307749271393,0.03430638089776039,73.41609954833984,0,0,0.8848082998638149,2305843037571386723,162.5418679203,-0.1312531361065895,main,backup,27045,62.00378,541.1501,479.2288,0.21606482938420993
2M11160159-0020377,169.006638,-0.343828,4933.77783203125,2.904186725616455,-0.3362697660923004,91.46673583984375,0.10689307749271393,0.03295804187655449,141.8159942626953,0,512,7.053153976121987,2305843037462342395,169.0065891193875,-0.343793123922936,main,backup,26943,95.85792,777.8146,363.2027,0.21616700536672015
2M12221130-0300154,185.547091,-3.004287,4763.05517578125,2.862100601196289,-0.18002253770828247,91.46673583984375,0.10689307749271393,0.031184904277324677,198.552001953125,0,0,0.7705606614042042,2305843036728338568,185.5470337425179,-3.004305359853813,main,backup,26243,141.86142,1111.754,1052.3633,0.216194852511425
2M11135428-0027143,168.476196,-0.453993,4826.2412109375,2.4683852195739746,-0.25843122601509094,91.46673583984375,0.10689307749271393,0.03234075754880905,226.99099731445312,0,512,7.0032926450394815,2305843037462342061,168.4761550885185,-0.4539489415136355,main,backup,26943,110.597305,884.2824,363.2027,0.21644337888072682
2M16342821+0025046,248.617581,0.417967,4904.67626953125,3.2124757766723633,-0.004437658935785294,91.46673583984375,0.10689307749271393,0.029880084097385406,273.99200439453125,0,0,0.7319698446512973,2305843041870603426,248.6175895066536,0.417907439829916,main,backup,31147,85.09596,804.2109,224.2457,0.2165923826588265
2M13542563+2559364,208.606818,25.993458,4603.09619140625,2.348970413208008,-0.5561041831970215,91.46673583984375,0.10689307749271393,0.03434786573052406,155.9040069580078,0,4,2.419857447712097,2305843020018228641,208.6067524182304,25.99344585673452,main,backup,10305,106.89019,890.26324,574.6556,0.21666798988617414
2M15073051+2639457,226.877146,26.662718,4770.23046875,2.626920700073242,-0.6452760100364685,91.46673583984375,0.10689307749271393,0.0364973247051239,173.70399475097656,0,1536,8.148008685137428,2305843018663469766,226.8770854240275,26.6626916382217,main,backup,9012,115.136246,973.507,1210.3293,0.21676342363361137
2M03210508+0016171,50.27119,0.271426,4788.76806640625,2.9422810077667236,-0.4026888608932495,91.46673583984375,0.10689307749271393,0.03238236904144287,83.7594985961914,0,0,0.8621736898219281,2305843033544860787,50.27120782330456,0.2713684861337616,main,backup,23205,118.94039,748.4669,604.0785,0.21676388527913734
2M11152668-0112145,168.861207,-1.20404,5058.4560546875,3.543917179107666,-0.08308665454387665,91.46673583984375,0.10689307749271393,0.03132828325033188,238.0050048828125,0,0,0.7532365933830685,2305843037462340107,168.8611899314404,-1.20398223538494,main,backup,26941,139.3547,1117.9089,363.2027,0.21683711335758632
2M12253013+5517428,186.375553,55.295246,5021.8798828125,1.6236989498138428,-2.1946969032287598,91.46673583984375,0.10689307749271393,0.06641361117362976,115.76399993896484,64,67584,16.295824815759175,2305843020940969954,186.3755383173245,55.29518632248765,main,backup,11184,148.6378,1361.128,604.0552,0.2169365982796481
2M13565050+4319414,209.210423,43.328175,4857.73486328125,2.919926404953003,-0.36110982298851013,91.46673583984375,0.10689307749271393,0.03254801779985428,112.10900115966797,0,4,2.443586431248675,2305843020383132868,209.2103409123575,43.32818447671455,main,backup,10654,143.5002,1198.1427,1814.5289,0.21765877231791494
2M13440089+2639324,206.003721,26.659002,5628.1298828125,3.8419933319091797,-0.15609954297542572,91.46673583984375,0.10689307749271393,0.03303780406713486,96.45130157470703,64,3072,13.056294200537863,2305843020026615290,206.0037572191686,26.65895089219818,main,backup,10314,152.44836,1301.0991,574.6556,0.21778504738943008
2M16004038+2639198,240.168271,26.655506,5035.83251953125,3.337935209274292,0.16643166542053223,91.46673583984375,0.10689307749271393,0.028554720804095268,192.5780029296875,0,3072,8.790858737831208,2305843019019992429,240.1682609866258,26.65544608121437,main,backup,9352,95.06071,972.5438,607.25,0.21810023708963042
2M15211822+0203317,230.325957,2.058821,4723.58837890625,2.57034969329834,-0.6465295553207397,91.46673583984375,0.10689307749271393,0.03604227676987648,155.7760009765625,0,0,0.8189732061246653,2305843042147388819,230.3259140465608,2.058778218245664,main,backup,31411,117.780945,876.9904,1208.8586,0.21817589829976608
2M13022355-0343061,195.598127,-3.718379,4783.984375,2.439757823944092,-0.7333886027336121,91.46673583984375,0.10689307749271393,0.03623345494270325,68.11540222167969,2176,512,14.827812047164718,2305843036615093986,195.598133568394,-3.718318692328796,main,backup,26135,153.33582,978.9147,911.8637,0.21838614673002044
2M14521252+3106223,223.052173,31.106195,4944.04345703125,3.4492523670196533,0.38271093368530273,91.46673583984375,0.10689307749271393,0.02544577606022358,117.63500213623047,8,512,9.231367772139345,2305843018772516731,223.052103655576,31.10620764048853,main,backup,9117,96.746284,817.8052,816.5551,0.2185348552076653
2M16081746+2806003,242.072781,28.100084,4642.5625,2.5599708557128906,-0.09935890883207321,91.46673583984375,0.10689307749271393,0.029862932860851288,233.41400146484375,0,0,0.7478494117870487,2305843019024187358,242.072728317092,28.10012314529636,main,backup,9356,83.01643,850.55884,607.25,0.21874527172978578
2M16055621+2346490,241.484237,23.780287,5231.57080078125,2.2066307067871094,-1.9355382919311523,91.46673583984375,0.10689307749271393,0.06085463613271713,84.0906982421875,64,65540,16.268963484373973,2305843018202101240,241.484191045055,23.78024314053185,main,backup,8575,51.87491,434.95154,605.4429,0.21874654376043878
2M10500305-0035096,162.512747,-0.58601,5091.94287109375,3.6737112998962402,0.400116503238678,91.46673583984375,0.10689307749271393,0.02588636428117752,128.26499938964844,8,512,9.22498941469957,2305843037546220482,162.5127014612813,-0.58605023781001,main,backup,27023,126.03373,1079.2686,479.2288,0.2187615265506722
2M15171010+0109022,229.292116,1.150627,4999.8544921875,3.0907795429229736,-0.5387433171272278,91.46673583984375,0.10689307749271393,0.03541434928774834,118.48600006103516,0,4608,9.27876164453436,2305843042147385132,229.292140204792,1.150571166321882,main,backup,31410,134.33757,1169.2776,1747.8756,0.21906925362791185
2M12110526-0004453,182.771936,-0.079264,4950.919921875,3.32607364654541,0.13356564939022064,91.46673583984375,0.10689307749271393,0.02865011617541313,235.37600708007812,0,0,0.7409518285241149,2305843036761891467,182.7718752740292,-0.0792687878214608,main,backup,26275,168.80753,1016.1462,609.2456,0.21929170934628153
2M15192471-0134461,229.852986,-1.579497,5140.77783203125,3.2567286491394043,0.26434412598609924,91.46673583984375,0.10689307749271393,0.026659544557332993,67.93170166015625,2176,1536,15.877520535617787,2305843042109636631,229.852977662942,-1.57955735894278,main,backup,31374,89.03815,746.1987,1747.8756,0.21935363650084252
2M15153068+0052318,228.877849,0.875507,4875.77392578125,2.5525572299957275,-0.3752303719520569,91.46673583984375,0.10689307749271393,0.033449914306402206,163.572998046875,0,512,7.04143362020882,2305843042134796796,228.8778317537127,0.8754485085523699,main,backup,31399,162.41826,1409.1029,1747.8756,0.21952959491408816
2M14480906+1238304,222.037781,12.641794,4853.64892578125,1.8810055255889893,-0.917278528213501,91.46673583984375,0.10689307749271393,0.03976728394627571,111.4280014038086,0,71168,12.04366135253338,2305843018038514206,222.0377325002818,12.64175546722097,main,backup,8416,117.94704,1077.8104,601.4184,0.21969831087255376
2M12315413+5540313,187.975561,55.675385,5225.4912109375,2.8857102394104004,-1.2314949035644531,91.46673583984375,0.10689307749271393,0.046242859214544296,74.89990234375,0,65536,12.03288653032464,2305843020915809854,187.9756003728762,55.6753280855152,main,backup,11163,138.34093,1245.7712,604.0552,0.21992938637524773
2M14200374+0530086,215.015619,5.502403,4856.837890625,2.57582426071167,-0.4571858048439026,91.46673583984375,0.10689307749271393,0.03484807536005974,243.76699829101562,0,4,2.377891242565495,2305843036552167743,215.0155999215644,5.502344879046756,main,backup,26075,100.12752,774.15924,1203.8068,0.22012124277395373
2M13411961-0014251,205.331718,-0.240309,4981.4169921875,2.6320531368255615,-0.7181844711303711,91.46673583984375,0.10689307749271393,0.03890946879982948,236.04200744628906,0,512,7.032243078362016,2305843036493452603,205.3316590597883,-0.2403254279271729,main,backup,26019,94.78097,784.2594,147.3667,0.22027070712409222
2M11182251+5125022,169.593822,51.417286,4805.01318359375,3.0281639099121094,0.1992715746164322,91.46673583984375,0.10689307749271393,0.027485789731144905,440.8789978027344,0,2048,8.297676114893374,2305843015467405368,169.5937456443194,51.41724717486967,sv2,backup,5964,53.796227,453.62103,139.7048,0.22118587531864414
2M15153576+0027351,228.899021,0.459754,4701.8623046875,2.4452321529388428,-0.6819077134132385,91.46673583984375,0.10689307749271393,0.036345042288303375,151.58900451660156,0,2048,8.448301179879023,2305843042134795576,228.8990105818132,0.4596934417218011,main,backup,31399,99.05719,877.9222,1747.8756,0.22121221363943278
2M15175431-0115155,229.476316,-1.254308,4747.30810546875,2.5630502700805664,-0.6815438866615295,91.46673583984375,0.10689307749271393,0.03641412779688835,141.65199279785156,0,512,7.070549305810756,2305843042109641370,229.4763247988915,-1.25436892920319,main,backup,31374,106.96361,929.62225,1747.8756,0.22161943837217696
2M12103492-0030047,182.645517,-0.501317,4812.18896484375,3.2219419479370117,0.3929671049118042,91.46673583984375,0.10689307749271393,0.025585157796740532,184.36199951171875,8,0,2.947162925991171,2305843036761891194,182.6454586368103,-0.5013367646703711,main,backup,26275,164.76414,1009.6128,609.2456,0.22182086827356157
2M11510490+1912301,177.770436,19.208374,4767.8388671875,2.056877374649048,-1.307586431503296,91.46673583984375,0.10689307749271393,0.04489825293421745,78.868896484375,0,516,7.178739115931689,2305843038829677264,177.7703897994618,19.20841753753634,main,backup,28246,106.10303,860.4069,606.3541,0.2218885469745025
2M14490364+1305325,222.265199,13.092384,4786.3759765625,2.679499626159668,-0.6905161142349243,91.46673583984375,0.10689307749271393,0.036469489336013794,124.1449966430664,0,0,0.8436437692561508,2305843018038514639,222.265138526418,13.09236540335165,main,backup,8416,108.336006,972.61914,601.4184,0.22236341862054165
2M11033760-0606017,165.906688,-6.10048,4946.1357421875,2.5061371326446533,-0.622994065284729,91.46673583984375,0.10689307749271393,0.03741879016160965,214.49099731445312,0,512,7.034321509087862,2305843037432980533,165.9066269372569,-6.100468386668768,main,backup,26912,111.14745,832.3632,1810.4094,0.22254340819666735
2M13503160+4411389,207.6317,44.194141,5221.20556640625,3.236997127532959,-1.053910255432129,91.46673583984375,0.10689307749271393,0.04428838938474655,135.78500366210938,64,0,5.048231805532583,2305843020404103509,207.6316875930888,44.19407977955505,main,backup,10675,121.08374,980.3449,1814.5289,0.22270804127541058
2M14055319+5227233,211.471666,52.456478,4862.31982421875,1.8198723793029785,-2.2982285022735596,91.46673583984375,0.10689307749271393,0.06727800518274307,96.26709747314453,64,67584,16.318416188469307,2305843020483796566,211.4716786948455,52.45641661818063,main,backup,10749,140.57559,1273.1908,601.7292,0.2227224929974749
2M13241340+3634322,201.055842,36.57563,4993.27685546875,2.4464869499206543,-0.8485842347145081,91.46673583984375,0.10689307749271393,0.040240153670310974,160.11599731445312,0,516,7.085274810678127,2305843020190195869,201.0557830176155,36.57559011533976,main,backup,10471,111.94056,981.2843,1043.2472,0.22292181345922468
2M15211454-0204389,230.310598,-2.077476,4785.67822265625,2.7780425548553467,-0.23760992288589478,91.46673583984375,0.10689307749271393,0.0309838205575943,122.02100372314453,0,1024,7.750375110479236,2305843042109623563,230.3105405996523,-2.077452552678212,main,backup,31372,83.05973,727.82153,1206.1154,0.2230910177328425
2M14441534+1249112,221.063924,12.819802,5654.93896484375,3.8240933418273926,-0.40160420536994934,91.46673583984375,0.10689307749271393,0.03563838452100754,59.721500396728516,2176,516,14.845551700456564,2305843017992385780,221.0638666804883,12.81977499418707,main,backup,8375,134.14792,1211.343,601.4184,0.22346356700502054
2M12202730-0040485,185.113789,-0.680147,4977.23095703125,2.584036350250244,-0.5514240860939026,91.46673583984375,0.10689307749271393,0.035552795976400375,124.3280029296875,0,516,7.086957048386188,2305843036740920919,185.1137290143748,-0.6801631021060086,main,backup,26255,158.49545,1045.3248,602.914,0.22357843418721374
2M03390336+7926498,54.764035,79.447182,5534.04833984375,3.685344696044922,-0.1395053267478943,91.46673583984375,0.10689307749271393,0.03223324194550514,74.43930053710938,64,4608,13.483230462089054,2305843013353498340,54.7643534194379,79.4471605148571,main,backup,3950,21.735289,198.90132,1202.6533,0.22373256134585234
2M15192874-0217149,229.869771,-2.287499,4937.86376953125,3.0102574825286865,-0.702724814414978,91.46673583984375,0.10689307749271393,0.03714548796415329,109.4749984741211,384,0,6.812735476783929,2305843042105434641,229.8698331847429,-2.287496719438848,main,backup,31369,74.02297,640.84314,1206.1154,0.22383729918996878
2M15593435+2912323,239.893125,29.208977,5007.4287109375,3.4297492504119873,-0.2969287633895874,91.46673583984375,0.10689307749271393,0.03225162252783775,97.47810363769531,0,0,0.8465183164978806,2305843019049341465,239.8931704757454,29.20892913276878,main,backup,9380,124.53918,1088.5168,1214.3202,0.22386185626275312
2M11411036-1358286,175.293169,-13.974622,4650.03759765625,2.4769394397735596,-0.4981674253940582,91.46673583984375,0.10689307749271393,0.03378051891922951,150.92999267578125,0,4,2.420242149401327,2305843035830751712,175.2931089091719,-13.97460032720532,main,backup,25387,121.735,912.6156,1208.196,0.22395459360330433
2M11231423+5101401,170.809331,51.027832,4798.435546875,3.768993377685547,-0.4122115671634674,91.46673583984375,0.10689307749271393,0.032449375838041306,77.11329650878906,0,2048,8.495781624610245,2305843015459020361,170.8092466296043,51.0278646289774,sv2,backup,5958,57.609486,495.63443,139.7048,0.22425580412556204
2M12251246+5700260,186.301952,57.007229,4972.845703125,3.5790462493896484,0.18496595323085785,91.46673583984375,0.10689307749271393,0.02822457253932953,262.5530090332031,0,512,6.968216882208237,2305843020945166145,186.3018890407693,57.00728102095919,main,backup,11188,130.218,1096.3623,264.8036,0.224286920846909
2M11052653-0603424,166.360566,-6.061791,5076.0966796875,3.4613420963287354,-0.17019504308700562,91.46673583984375,0.10689307749271393,0.03146910294890404,126.80599975585938,0,512,7.056813637582355,2305843037432977540,166.3605355548358,-6.061845531864319,main,backup,26913,111.01145,803.76404,1810.4094,0.22454004563298852
2M13075837-0225366,196.993227,-2.426843,4450.212890625,0.8038766384124756,-2.575265645980835,91.46673583984375,0.10689307749271393,0.07423217594623566,214.1269989013672,8,4,4.784944141267161,2305843036665419195,196.9932603787456,-2.426790253815738,main,backup,26182,115.32656,744.96344,911.8637,0.2246556631978606
2M13011167-0306454,195.298643,-3.112621,5828.1533203125,3.3672473430633545,-1.4498039484024048,91.46673583984375,0.10689307749271393,0.054293278604745865,100.40799713134766,0,516,7.201837698405992,2305843036669620428,195.2986950222772,-3.112655745186879,main,backup,26184,164.89532,1105.9966,911.8637,0.2249803017295085
2M11502592+1903483,177.608006,19.063438,4871.08984375,2.9656620025634766,-0.48331424593925476,91.46673583984375,0.10689307749271393,0.034712307155132294,161.08799743652344,0,512,7.0492670691614405,2305843038825481960,177.6079421221301,19.06342107340802,main,backup,28243,106.01787,865.33136,606.3541,0.22572913442703987
2M03565465+7917178,59.227733,79.2883,4873.78076171875,2.7228405475616455,-0.062419336289167404,91.46673583984375,0.10689307749271393,0.02897491492331028,78.78389739990234,0,516,7.099228905808303,2305843013353512141,59.22800747177314,79.28826351655417,main,backup,3948,22.332994,205.02069,1202.6533,0.22578668536830476
2M14464496+1305229,221.687371,13.089701,5183.931640625,2.590423345565796,-1.67631196975708,91.46673583984375,0.10689307749271393,0.054530706256628036,77.5519027709961,1152,196608,20.21961598301537,2305843018038520876,221.6873613505742,13.08963892478413,main,backup,8418,127.027275,1144.8871,601.4184,0.22601773788027155
2M14550676+3656055,223.778193,36.934887,4805.01318359375,2.8894739151000977,-0.3905678987503052,91.46673583984375,0.10689307749271393,0.033168207854032516,151.26199340820312,0,512,7.047800243044235,2305843018848020907,223.7781990260451,36.93482429442018,main,backup,9191,116.48644,974.9305,603.9982,0.22640510379252443
2M04085958+7948251,62.248271,79.806984,4936.96728515625,3.18259334564209,0.0478537417948246,91.46673583984375,0.10689307749271393,0.029462724924087524,332.635986328125,0,4,2.3199901097151012,2305843013353498214,62.24827668799048,79.80692109748982,main,backup,3949,25.561987,239.48457,1202.6533,0.22647802815662826
2M10161821+0234586,154.075893,2.582953,4914.14453125,3.2160112857818604,0.15745475888252258,91.46673583984375,0.10689307749271393,0.027946704998612404,169.45399475097656,0,4,2.3795685203423584,2305843037789494841,154.0758299933814,2.582952368346513,main,backup,27253,108.03478,900.0189,240.0633,0.22660478877434329
2M11455872+5525239,176.494667,55.423313,4996.7646484375,2.9496943950653076,-0.8258233070373535,91.46673583984375,0.10689307749271393,0.040547262877225876,202.1060028076172,0,0,0.815607138374903,2305843015484183433,176.4945663095746,55.42328612450724,main,backup,5982,125.065926,1131.7129,601.0594,0.22733030782077354
2M11284829+0336340,172.201222,3.60947,4611.0693359375,2.3185179233551025,-0.6402196884155273,91.46673583984375,0.10689307749271393,0.03605351969599724,283.6830139160156,0,512,6.999649437106003,2305843037617527648,172.2012057500142,3.60940885638965,main,backup,27089,145.8642,965.4226,722.1162,0.2277282877444321
2M12293554+5548344,187.39809,55.809563,5219.611328125,3.4935054779052734,-0.604722797870636,91.46673583984375,0.10689307749271393,0.037340641021728516,120.3740005493164,0,0,0.8510591622870614,2305843020940974021,187.3980901820013,55.80962632295544,main,backup,11185,135.48006,1226.8743,604.0552,0.22796293694546446
2M15095741+2558371,227.489215,25.976995,4970.55322265625,3.113818645477295,-0.5576024651527405,91.46673583984375,0.10689307749271393,0.03485497087240219,69.7509994506836,2176,67072,19.691841733179583,2305843018638308070,227.4891457209562,25.9770067953237,main,backup,8990,127.8705,1121.1157,1210.3293,0.22819287699421337
2M11150130-0021356,168.75545,-0.359912,4565.822265625,2.3830726146698,-0.05236509442329407,91.46673583984375,0.10689307749271393,0.028698047623038292,165.3470001220703,384,512,12.969845447092545,2305843037462342383,168.7553906770273,-0.359889639109367,main,backup,26943,93.51342,756.66187,363.2027,0.22822653272372273
2M12265311-0053174,186.721317,-0.888181,5017.6943359375,3.4364781379699707,-0.18020237982273102,91.46673583984375,0.10689307749271393,0.030675094574689865,71.28880310058594,0,0,0.8695521742733365,2305843036753504769,186.7212547921357,-0.8881684027374879,main,backup,26264,142.38554,894.8749,602.914,0.22846757138071827
2M13071409+5619465,196.808735,56.329605,4975.23779296875,3.541978359222412,0.30540895462036133,91.46673583984375,0.10689307749271393,0.02698366530239582,190.2570037841797,0,0,0.7538001435948545,2305843020869669058,196.8086480305435,56.32956372582502,main,backup,11119,162.68874,1278.3231,603.9829,0.22849229390890669
2M13055182+7256338,196.465931,72.942749,4759.56689453125,2.678359270095825,-0.4233141243457794,91.46673583984375,0.10689307749271393,0.03399848937988281,290.7139892578125,0,4,2.3560966023881247,2305843021788223931,196.4658916563035,72.94281168981098,main,backup,11995,132.0715,911.8348,1203.6094,0.22947555398140007
2M14325702+1002072,218.237617,10.03535,4560.04150390625,2.4175171852111816,-0.38170352578163147,91.46673583984375,0.10689307749271393,0.03173584118485451,127.21299743652344,0,0,0.8175535399793541,2305843017975602866,218.23759098963,10.03529161451495,main,backup,8359,131.81097,1181.9075,601.0638,0.2295225495209245
2M14265735+0800225,216.738961,8.006275,4696.18115234375,2.7709715366363525,0.2578187584877014,91.46673583984375,0.10689307749271393,0.025859592482447624,130.88600158691406,0,512,7.025623641468222,2305843017971413144,216.7389709285476,8.006211961917675,main,backup,8352,118.37549,1049.8932,601.8413,0.22968066537859325
2M16071890+2834033,241.82876,28.567602,4900.19140625,2.973759889602661,-0.30832719802856445,91.46673583984375,0.10689307749271393,0.0316549688577652,74.62760162353516,0,0,0.8699363389454067,2305843019024188933,241.8286873822797,28.56760410700302,main,backup,9356,89.59127,909.1328,607.25,0.22972162483973818
2M13513540+4325136,207.897506,43.420467,4803.9169921875,2.8691720962524414,-0.3564748167991638,91.46673583984375,0.10689307749271393,0.03285563364624977,158.50799560546875,0,512,7.0415882347822425,2305843020404101449,207.8974997473628,43.42040331715143,main,backup,10673,124.048935,1011.0679,1814.5289,0.22984048249304104
2M12212397-0136273,185.349893,-1.607598,4183.3154296875,1.1228866577148438,-1.559716820716858,91.46673583984375,0.10689307749271393,0.04797526076436043,360.7900085449219,0,0,0.7950135345558841,2305843036740916315,185.3498404716693,-1.607634371853092,main,backup,26252,157.00829,1014.785,602.914,0.22994858919046604
2M15172788-0118513,229.36617,-1.314264,4948.72705078125,3.5446016788482666,0.4209081530570984,91.46673583984375,0.10689307749271393,0.02506839856505394,111.20899963378906,8,512,9.235049721676948,2305843042109630729,229.3662336544177,-1.314257672428802,main,backup,31374,102.035065,881.4841,1747.8756,0.23022531932595539
2M11454354+5424023,176.431436,54.400642,4916.6357421875,3.5110697746276855,0.2548571228981018,91.46673583984375,0.10689307749271393,0.027353962883353233,250.29100036621094,0,512,6.9686281228236835,2305843015475793248,176.4313493074796,54.40068142399591,main,backup,5974,108.66809,947.7111,601.0594,0.23053937112203188
2M12255867-0247377,186.494486,-2.793831,4636.4833984375,2.535107135772705,-0.4154106676578522,91.46673583984375,0.10689307749271393,0.033248111605644226,190.75399780273438,0,0,0.7848628555174373,2305843036732531555,186.4944882681821,-2.793895149839456,main,backup,26246,119.0728,966.8617,1052.3633,0.23108338950859778
2M12153238+0510202,183.884937,5.17228,4647.34619140625,2.6776750087738037,-0.15780484676361084,91.46673583984375,0.10689307749271393,0.030500834807753563,357.14801025390625,0,1536,8.046240910230942,2305843038225705482,183.8849019265108,5.17233400162118,main,backup,27671,106.59038,892.04175,259.5307,0.23153141916423375
2M15200583+3511162,230.024323,35.187843,4890.92236328125,3.141305685043335,0.023193133994936943,91.46673583984375,0.10689307749271393,0.0280942190438509,70.60669708251953,0,3072,8.888005423319143,2305843018831234838,230.0242470494684,35.18782583007636,main,backup,9173,112.47762,856.68085,1461.9958,0.23185020286928165
2M14575951+3026230,224.497962,30.439732,4730.86376953125,2.7459933757781982,-0.37884411215782166,91.46673583984375,0.10689307749271393,0.033339761197566986,218.16900634765625,0,3076,8.803668492638003,2305843018764130527,224.4979531137056,30.4396680383685,main,backup,9109,100.37719,854.94025,816.5551,0.23190784941233059
2M12253305+5750126,186.387711,57.836838,5096.228515625,3.71773624420166,0.09749451279640198,91.46673583984375,0.10689307749271393,0.02955845557153225,309.3330078125,0,2048,8.343378458525512,2305843020945170884,186.3877084804709,57.83690241325204,main,backup,11189,144.19456,1223.2438,264.8036,0.2319379709306673
2M11533721-1248412,178.405055,-12.81147,4715.81494140625,2.564875364303589,-0.2890624403953552,91.46673583984375,0.10689307749271393,0.03218922019004822,196.68600463867188,0,4,2.385959646103326,2305843035847534963,178.4049914966256,-12.81145193872579,main,backup,25400,108.47305,700.3624,1205.802,0.2322097828615837
2M03251874+8058556,51.328112,80.982132,4986.0009765625,2.583237886428833,-0.5648764371871948,91.46673583984375,0.10689307749271393,0.03551432490348816,106.13500213623047,0,2048,8.479513425012971,2305843013445753364,51.32841237565719,80.98217611923948,main,backup,4036,14.380764,134.0631,1202.6533,0.23228163602410817
2M12083379+0539564,182.140828,5.665669,4760.66357421875,2.120405673980713,-1.2955535650253296,91.46673583984375,0.10689307749271393,0.04426512122154236,56.351600646972656,2176,0,8.646352218404758,2305843038234086688,182.1407636753088,5.665659632183472,main,backup,27678,106.014206,914.46173,259.5307,0.2328923138090523
2M09231618+2633455,140.817426,26.562641,4752.59033203125,2.6490471363067627,-0.4104873836040497,91.46673583984375,0.10689307749271393,0.03381270915269852,227.6999969482422,0,0,0.7700660633908738,2305843014381086562,140.8174007815516,26.56258030984513,main,backup,4931,119.54753,816.3249,348.6832,0.2330869390081456
2M10151549+0244560,153.814569,2.748891,4627.01513671875,2.084136486053467,-0.9758322238922119,91.46673583984375,0.10689307749271393,0.03865025192499161,58.337398529052734,2176,0,8.61487396987421,2305843037789495913,153.8146068349229,2.74883840798021,main,backup,27253,118.18845,977.1929,240.0633,0.23314300216597156
2M13283285-0057440,202.136898,-0.962241,4812.48828125,1.9673447608947754,-2.005537986755371,91.46673583984375,0.10689307749271393,0.060769468545913696,151.3090057373047,0,4,2.554937742587768,2305843036321487047,202.1369315393798,-0.9622964219565612,main,backup,25854,104.65554,789.94684,831.13,0.23320015312942202
2M12020268-1551257,180.511202,-15.857147,4899.59326171875,3.0432190895080566,-0.5627973675727844,91.46673583984375,0.10689307749271393,0.03618386760354042,185.00100708007812,0,4,2.412025668036907,2305843035801397953,180.5112601919592,-15.85717964827856,main,backup,25357,129.12483,809.1843,1810.1606,0.23328978363256406
2M14561661+2954519,224.069215,29.914438,4943.14599609375,2.6544079780578613,-0.514720618724823,91.46673583984375,0.10689307749271393,0.035235583782196045,146.59500122070312,0,0,0.8209743408543952,2305843018764132251,224.069227741439,29.91437413975848,main,backup,9109,111.33932,972.2582,816.5551,0.23330940091714716
2M13101994-0239164,197.583122,-2.654562,4603.89306640625,2.1521124839782715,-0.6039521098136902,91.46673583984375,0.10689307749271393,0.034027356654405594,87.09860229492188,0,512,7.106810588055416,2305843036665417318,197.5830986294443,-2.654622665189817,main,backup,26182,110.098145,810.2137,1499.1041,0.23400765773395163
2M16155227+2429518,243.96783,24.497736,4394.99951171875,1.885453701019287,-0.4942818582057953,91.46673583984375,0.10689307749271393,0.03323013707995415,197.1750030517578,0,0,0.7814792623833793,2305843018919314042,243.9678343633482,24.49767109378196,main,backup,9257,85.84253,789.03406,603.1343,0.23409918419635858
2M11353481+0308193,173.895081,3.138712,4929.392578125,3.1114234924316406,-0.7598355412483215,91.46673583984375,0.10689307749271393,0.0382363386452198,133.375,0,512,7.085637724904537,2305843037529445140,173.895016050835,3.13871717673833,main,backup,27004,175.61848,1161.6553,722.1162,0.23420887659969444
2M15191406-0006411,229.808597,-0.111434,5914.46142578125,3.046640634536743,-1.858367919921875,91.46673583984375,0.10689307749271393,0.06294319033622742,51.04280090332031,2176,67588,19.8706565187765,2305843042134791819,229.8085377456356,-0.111407090110454,main,backup,31397,123.26286,1095.2141,1747.8756,0.23428252847789183
2M13033402-0339548,195.891753,-3.665239,4796.8408203125,2.4851512908935547,-0.4200582802295685,91.46673583984375,0.10689307749271393,0.03412299603223801,257.47900390625,0,3072,8.789786721902543,2305843036661228326,195.8918006538055,-3.665194373845546,main,backup,26178,151.56711,972.49005,911.8637,0.23477682713330814
2M12120904-0053213,183.037678,-0.88925,4862.71826171875,2.5313432216644287,-0.571398913860321,91.46673583984375,0.10689307749271393,0.03633420169353485,219.82899475097656,0,516,7.0342186471131045,2305843036761887076,183.037617500163,-0.8892744068862932,main,backup,26275,173.83386,1017.40283,609.2456,0.23483053426343797
2M13520162+2553087,208.006764,25.885752,4647.04736328125,2.4541285037994385,-0.6373263597488403,91.46673583984375,0.10689307749271393,0.03463822230696678,87.51139831542969,0,0,0.8691216041061742,2305843020018230244,208.0067071595339,25.88571145985105,main,backup,10306,151.39262,1293.3695,574.6556,0.2349270736837703
2M11192813-0037117,169.867217,-0.619922,4573.89453125,2.5457141399383545,-0.31011301279067993,91.46673583984375,0.10689307749271393,0.03188240900635719,297.7449951171875,0,512,6.973972481562459,2305843037508474773,169.8671589701124,-0.6198920064794327,main,backup,26984,114.856094,901.0854,363.2027,0.23515151916007185
2M12162069-0012458,184.086222,-0.212738,5551.3896484375,2.94570255279541,-0.6069952845573425,91.46673583984375,0.10689307749271393,0.038470666855573654,95.7074966430664,64,4608,13.489581330869706,2305843036766083394,184.0861705076614,-0.2127782142617795,main,backup,26276,125.9897,789.6897,602.914,0.23520459489152204
2M15172013+0001071,229.33389,0.018655,4765.546875,2.5275793075561523,-0.2784528434276581,91.46673583984375,0.10689307749271393,0.032316576689481735,269.3320007324219,0,2048,8.370968574485971,2305843042134808656,229.3338247143414,0.0186578048830375,main,backup,31397,139.45093,1237.097,1747.8756,0.23524517072439052
2M14302436+5108325,217.601502,51.142376,4857.13671875,3.4085350036621094,-0.23275674879550934,91.46673583984375,0.10689307749271393,0.032176561653614044,245.36099243164062,0,0,0.7544466437448815,2305843021167469018,217.6015020403502,51.14231030334248,main,backup,11401,153.419,1412.126,864.7951,0.2365079846512906
2M03253971+7958090,51.415484,79.96917,4570.30712890625,2.2560160160064697,-0.19414453208446503,91.46673583984375,0.10689307749271393,0.030588004738092422,255.27200317382812,0,0,0.7425597108052686,2305843013445748649,51.41568548253684,79.96922554899156,main,backup,4036,13.207659,121.818085,1202.6533,0.2365411271453168
2M16354966-0139213,248.956943,-1.65594,4838.798828125,3.0040981769561768,0.004549622535705566,91.46673583984375,0.10689307749271393,0.029534870758652687,357.47601318359375,0,0,0.7037318052922442,2305843041681840824,248.9569726399081,-1.655998731294316,main,backup,30967,132.93852,1182.0375,603.7486,0.23681202325430012
2M15211283+0030193,230.303492,0.505371,4563.33056640625,2.3448646068573,-0.34296518564224243,91.46673583984375,0.10689307749271393,0.03216566890478134,196.26800537109375,0,1540,8.116802482485607,2305843042147374183,230.3035402948727,0.5053262792893891,main,backup,31408,94.992966,836.35876,1747.8756,0.2369487962722802
2M16004925+2744044,240.205228,27.734558,4900.490234375,2.704249620437622,-0.8218108415603638,91.46673583984375,0.10689307749271393,0.03869050741195679,115.19400024414062,0,512,7.1024458876190195,2305843019019996122,240.2051892276457,27.7345013663466,main,backup,9355,79.05799,816.29175,607.25,0.23839206639113325
2M13514869+2455174,207.952906,24.92152,4550.97216796875,1.8885332345962524,-1.0076186656951904,91.46673583984375,0.10689307749271393,0.038742467761039734,59.723899841308594,2176,512,14.853301135840333,2305843020018225595,207.9529076154458,24.92145375075269,main,backup,10304,136.20197,1123.5812,574.6556,0.23855559840440949
2M12273998+5638524,186.916607,56.647892,4744.71728515625,2.506479263305664,-0.5292093753814697,91.46673583984375,0.10689307749271393,0.03524469956755638,312.7149963378906,0,1536,8.08320637589572,2305843020945168659,186.916503669434,56.64792613416339,main,backup,11188,131.15332,1085.8003,264.8036,0.23859179028234176
2M15173426+0120293,229.392771,1.341493,5446.2451171875,3.016416311264038,-0.7164020538330078,91.46673583984375,0.10689307749271393,0.0398741215467453,115.37000274658203,0,5636,9.505044042838948,2305843042155760205,229.3927066951721,1.341509671974369,main,backup,31416,123.94569,1061.1354,1747.8756,0.23908985211261943
2M12494451-0205492,192.435488,-2.097,5011.2158203125,3.717165946960449,0.36100053787231445,91.46673583984375,0.10689307749271393,0.026253242045640945,156.7570037841797,0,0,0.7694042467806931,2305843036648637437,192.4354256613117,-2.097023172185265,main,backup,26167,150.20923,1148.6832,1119.414,0.23928111470150765
2M12244709-0000495,186.196228,-0.013777,4647.5458984375,2.046726703643799,-1.0775399208068848,91.46673583984375,0.10689307749271393,0.04084717109799385,97.01799774169922,0,0,0.8899643706623906,2305843036753497696,186.1961983753265,-0.0137172181764229,main,backup,26266,144.67882,924.88257,602.914,0.240190091524349
2M16293270-0016512,247.386291,-0.280911,4306.29931640625,1.8534044027328491,-0.47360190749168396,91.46673583984375,0.10689307749271393,0.0319664292037487,145.89700317382812,0,0,0.8051026041624765,2305843041690238373,247.3862855396534,-0.2809775329935704,main,backup,30975,106.71902,964.6499,224.2457,0.24032403659586316
2M15070166+2515436,226.756957,25.262129,5056.26318359375,2.564533233642578,-0.8120028376579285,91.46673583984375,0.10689307749271393,0.04006970673799515,162.60400390625,0,2052,8.461904687342395,2305843018634112979,226.7569049693191,25.26208135372223,main,backup,8987,132.31702,1141.702,1210.3293,0.24107410424903042
2M11503103+0113148,177.629327,1.220783,5594.044921875,3.787593364715576,-0.32508131861686707,91.46673583984375,0.10689307749271393,0.03556767478585243,142.00399780273438,0,0,0.8257947416719629,2305843037495896575,177.6293063913398,1.220719194095338,main,backup,26973,159.60962,1096.4838,1362.5328,0.2413804046381359
2M11340288+0330237,173.512039,3.506611,5182.0380859375,2.6155152320861816,-0.6038084030151367,91.46673583984375,0.10689307749271393,0.03667181357741356,87.19529724121094,0,1024,7.812095221622379,2305843037529446608,173.5120586631831,3.506546836557374,main,backup,27006,171.76726,1155.9387,722.1162,0.2415528037310231
2M16002897+2836436,240.12072,28.612118,4951.01953125,3.1557905673980713,-0.44472676515579224,91.46673583984375,0.10689307749271393,0.03363825008273125,89.07109832763672,0,0,0.8623749428217808,2305843019045149534,240.1206555586414,28.61208161564436,main,backup,9377,83.79584,856.3869,607.25,0.24214385748135434
2M14272598-0440090,216.858251,-4.669183,5326.6494140625,2.5404677391052246,-1.6755540370941162,91.46673583984375,0.10689307749271393,0.05522825941443443,62.921600341796875,2240,65536,19.809666811122636,2305843036346651606,216.8582194732834,-4.669123509998875,main,backup,25878,20.273619,125.518715,603.0247,0.24220290640884456
2M11503975+0227363,177.665666,2.46009,4780.794921875,2.62007737159729,-0.31009387969970703,91.46673583984375,0.10689307749271393,0.03274546191096306,221.2270050048828,0,0,0.7676009955010537,2305843038213115604,177.6656343775101,2.460030396188123,main,backup,27658,93.20621,812.46185,602.1616,0.2428533933736901
2M15122613+0146149,228.10889,1.770818,4943.544921875,3.358350992202759,0.015411688014864922,91.46673583984375,0.10689307749271393,0.02982283942401409,231.1719970703125,0,0,0.7486099771487156,2305843042143184447,228.108883972993,1.770750750483676,main,backup,31407,101.24746,623.2428,1210.8995,0.2430676592050346
2M13112285+1748465,197.845237,17.812922,4303.8076171875,1.3797369003295898,-0.9543226957321167,91.46673583984375,0.10689307749271393,0.03741675615310669,103.33300018310547,0,4,2.476006548722118,39628210438144463,197.8452155431066,17.81285745263183,sv1,other,27975,3371.7314,24663.613,5245.363,0.24373028015637832
2M12285283-0232156,187.220143,-2.537693,4807.7041015625,2.985621690750122,-0.2624402940273285,91.46673583984375,0.10689307749271393,0.03212854266166687,185.54800415039062,0,1024,7.714465371189529,2305843036732532035,187.2200908407683,-2.537736288606511,main,backup,26245,134.47997,1060.5581,1052.3633,0.24387589679124896
2M15121755+0029199,228.073133,0.488888,4555.65625,2.2731242179870605,-0.40012603998184204,91.46673583984375,0.10689307749271393,0.03284146636724472,270.92498779296875,0,512,6.9881741785939795,2305843042143180626,228.0730657632587,0.4888966248365074,main,backup,31404,142.04216,1201.79,1747.8756,0.24402684485994267
2M12094466-0039102,182.436113,-0.652855,4863.41552734375,3.2123615741729736,0.12230236828327179,91.46673583984375,0.10689307749271393,0.028440134599804878,287.40899658203125,0,4,2.3294442518559677,2305843036761891593,182.4361770305807,-0.6528774408600033,main,backup,26275,185.0831,1122.091,609.2456,0.2442428260227318
2M06163975+3315117,94.165636,33.253273,4881.654296875,2.6702616214752197,-0.307004451751709,91.46673583984375,0.10689307749271393,0.033055175095796585,193.52099609375,0,4,2.39190340367889,2305843034840946410,94.16568722154966,33.2532203527569,main,backup,24443,13.4037895,108.358505,600.0408,0.24433653425855886
2M15213217+3501453,230.384072,35.02927,5011.91357421875,3.2484025955200195,-0.7972015142440796,91.46673583984375,0.10689307749271393,0.03873281553387642,103.93099975585938,0,0,0.8725774051691738,2305843018738959910,230.3840366019793,35.02920862494653,main,backup,9087,115.10409,868.2836,1461.9958,0.24435184368617602
2M11440447+0035379,176.018635,0.593879,4993.1767578125,2.7266042232513428,-1.1179170608520508,91.46673583984375,0.10689307749271393,0.043647680431604385,113.37799835205078,0,70148,12.046907984980189,2305843037491696956,176.0185836964636,0.5938345448417585,main,backup,26971,90.003395,796.44434,606.2719,0.24437693072111422
2M11520689-0112074,178.028738,-1.202072,5024.17236328125,3.1043522357940674,-0.3215871751308441,91.46673583984375,0.10689307749271393,0.032608479261398315,97.70320129394531,0,1536,8.185662028191192,2305843037483303976,178.0286779807757,-1.202103855551549,main,backup,26961,146.53491,964.3777,1362.5328,0.24457484431594526
2M11503841+0142288,177.660059,1.708016,4770.03173828125,2.3146402835845947,-0.9194381237030029,91.46673583984375,0.10689307749271393,0.03915619105100632,97.45929718017578,0,0,0.8810602580329724,2305843037495889961,177.6600702988127,1.707948991727799,main,backup,26975,118.64531,803.91833,1362.5328,0.24463207388610253
2M12104602-0023436,182.691773,-0.395453,4321.64794921875,1.9221793413162231,-0.4953101575374603,91.46673583984375,0.10689307749271393,0.03296466916799545,357.0379943847656,384,0,6.674246395490048,2305843036761891163,182.6917051260102,-0.3954490598340456,main,backup,26275,172.48453,1053.5525,609.2456,0.24475192336478951
2M08490889-1322129,132.287052,-13.37025,4539.3115234375,2.230924367904663,-0.5161119699478149,91.46673583984375,0.10689307749271393,0.03415951877832413,373.6719970703125,0,2048,8.34754327165235,2305843051941087259,132.2869834330891,-13.37026324556,main,backup,40748,102.66465,794.491,1817.9847,0.24483879621648744
2M15130399+0209578,228.266648,2.166075,5000.0537109375,2.6427743434906006,-1.568483591079712,91.46673583984375,0.10689307749271393,0.053287941962480545,186.9459991455078,0,65540,11.977499047904333,2305843042155807427,228.2665797270894,2.166075088643098,main,backup,31418,126.35763,786.98157,1210.8995,0.24560706667347781
2M15171283+3522315,229.303476,35.375443,5021.2822265625,3.2861547470092773,-0.15813283622264862,91.46673583984375,0.10689307749271393,0.03201152756810188,207.40199279785156,0,512,7.010630222186817,2305843018831233818,229.3033964400563,35.37546415821863,main,backup,9172,111.621544,859.7141,1461.9958,0.24564429576931926
2M11574666+5559464,179.44443,55.996227,5049.98486328125,3.4186859130859375,-0.302232027053833,91.46673583984375,0.10689307749271393,0.0338093638420105,238.65899658203125,0,0,0.7653687390653092,2305843015484181229,179.444521602225,55.99618189599116,main,backup,5981,96.412796,830.3201,601.0594,0.24571720617494666
2M14210489-0511471,215.270384,-5.196438,4997.36279296875,3.4824419021606445,-0.30310121178627014,91.46673583984375,0.10689307749271393,0.03254378214478493,118.41899871826172,0,0,0.8286987064653925,2305843036350841515,215.2703161450712,-5.196428390723343,main,backup,25880,25.201336,168.61691,603.0247,0.24572104312233758
2M11545809-1119454,178.742044,-11.329302,4573.197265625,2.3695003986358643,-0.4476822018623352,91.46673583984375,0.10689307749271393,0.033479299396276474,201.78199768066406,0,4,2.3898648859169613,2305843035847529898,178.7419751452024,-11.32931239274504,main,backup,25403,156.6022,966.23126,1812.152,0.24591003389042976
2M12300057-0150499,187.502403,-1.8472,4853.94775390625,2.9458165168762207,0.3950948119163513,91.46673583984375,0.10689307749271393,0.02449657768011093,60.39939880371094,2184,0,8.54435761796264,2305843036732525856,187.502334706881,-1.847196967729609,main,backup,26247,93.29901,635.39417,343.972,0.24596981882742786
2M14074637+5237262,211.943239,52.623959,4991.98095703125,3.0796022415161133,-0.21921323239803314,91.46673583984375,0.10689307749271393,0.031183701008558273,86.73979949951172,0,2560,8.700877656581259,2305843020483795949,211.9432392893002,52.6238906454566,main,backup,10749,146.69044,1331.9861,601.7292,0.24607716840614322
2M12230686+0015475,185.778584,0.2632,5168.28515625,3.7762932777404785,0.07445083558559418,91.46673583984375,0.10689307749271393,0.029160046949982643,120.50499725341797,0,0,0.8100483219865182,2305843036778661797,185.778531807625,0.2632441443895722,main,backup,26288,146.78856,940.87885,602.914,0.24608610045881657
2M15192557+0032033,229.856548,0.534275,4942.44873046875,3.2071149349212646,-0.06099425628781319,91.46673583984375,0.10689307749271393,0.03062536008656025,318.3349914550781,0,0,0.7207463586549303,2305843042134803851,229.8566117643177,0.534249858578341,main,backup,31397,144.74149,1276.1442,1747.8756,0.2467412210644167
2M15175224+0208026,229.467701,2.134077,5138.0869140625,2.239478349685669,-1.3636398315429688,91.46673583984375,0.10689307749271393,0.04861213266849518,104.75,0,0,0.9211965079456985,2305843042155778336,229.4677395572876,2.134020236338053,main,backup,31416,92.928764,564.42236,1210.8995,0.24697984329704606
2M14044686+5309162,211.19527,53.154503,4960.88623046875,2.54890775680542,-0.9861813187599182,91.46673583984375,0.10689307749271393,0.04094403237104416,85.27339935302734,0,1536,8.240799400193294,2305843020483796197,211.1952630574841,53.15443448085252,main,backup,10749,108.19972,972.53033,601.7292,0.24712381821059543
2M11283815+5101126,172.158992,51.020184,4792.05712890625,2.698546886444092,-0.858126699924469,91.46673583984375,0.10689307749271393,0.03995388373732567,246.3280029296875,0,0,0.7929415048055083,2305843015459013276,172.1590636681035,51.02013219767508,sv2,backup,5957,48.890053,421.4124,139.7048,0.24722124885690214
2M12011863-0009552,180.327642,-0.165351,5051.67919921875,2.7583112716674805,-1.5428173542022705,91.46673583984375,0.10689307749271393,0.05176926031708717,120.375,0,4,2.532639347754248,2305843036770276784,180.3275747948692,-0.1653661659944336,main,backup,26282,166.50198,1004.10175,609.2456,0.24802143423255885
2M15190398-0005375,229.766602,-0.093775,4660.40234375,2.5300889015197754,-0.23691491782665253,91.46673583984375,0.10689307749271393,0.031416043639183044,315.2900085449219,0,0,0.7256578904644699,2305843042134804085,229.7666133877324,-0.0938429925726299,main,backup,31397,131.16466,1167.5664,1747.8756,0.248182601408017
2M11474948+0051345,176.956185,0.859605,4935.07373046875,3.0253124237060547,-0.5135109424591064,91.46673583984375,0.10689307749271393,0.0352715402841568,153.0330047607422,0,4,2.4263225506428157,2305843037495888993,176.9561653859537,0.8595388452074987,main,backup,26972,122.78396,829.7025,1362.5328,0.24840210788921727
2M14472240+4547163,221.843356,45.78788,4837.30419921875,3.2085976600646973,0.028092144057154655,91.46673583984375,0.10689307749271393,0.029287880286574364,239.75999450683594,0,2564,8.59201672904724,2305843021058418551,221.8432980075576,45.7878237958649,main,backup,11296,122.71373,1111.5801,369.2197,0.24926529262100675
2M14242899-0428335,216.120798,-4.475994,4845.27734375,2.619050979614258,-0.4327681064605713,91.46673583984375,0.10689307749271393,0.03341541811823845,118.18499755859375,0,2048,8.4583601764957,2305843036350852533,216.1207626869436,-4.475934349681377,main,backup,25881,18.902029,119.744896,603.0247,0.24935237489132256
2M11035677-0630084,165.986576,-6.502355,4923.9111328125,2.4632527828216553,-1.0667715072631836,91.46673583984375,0.10689307749271393,0.04261847212910652,124.08100128173828,0,512,7.114715678443341,2305843037432980373,165.9865279407957,-6.502405305917025,main,backup,26912,125.030174,939.50854,1810.4094,0.24969451182262822
2M16045236+2828032,241.218187,28.467579,4811.89013671875,2.5341944694519043,-0.36610671877861023,91.46673583984375,0.10689307749271393,0.033412810415029526,190.35000610351562,0,0,0.7858972540941249,2305843019024177569,241.2181380364996,28.46752438073272,main,backup,9358,74.16233,764.4174,607.25,0.25034836568090396
2M11424248+0045422,175.67702,0.761736,4920.0244140625,2.621217966079712,-0.6934880614280701,91.46673583984375,0.10689307749271393,0.038256507366895676,300.50299072265625,0,4,2.3740860821048226,2305843037491698880,175.6769507562572,0.7617425359749149,main,backup,26971,112.99577,1020.7063,606.2719,0.2503635641024295
2M15212872+0059169,230.369692,0.988036,4983.708984375,1.9501224756240845,-1.6821074485778809,91.46673583984375,0.10689307749271393,0.054478321224451065,136.83599853515625,0,516,7.172071650824694,2305843042147381898,230.3696344240225,0.9879969761199257,main,backup,31410,154.29202,1320.1418,1747.8756,0.2503714139371235
2M15184276-0126012,229.678168,-1.43368,4983.41015625,3.3067986965179443,-0.3373327851295471,91.46673583984375,0.10689307749271393,0.03265579789876938,100.58699798583984,0,512,7.08570690562299,2305843042109636370,229.6782307757993,-1.433710163088064,main,backup,31374,99.83567,852.43494,1747.8756,0.25066306244727365
2M14215981+0446343,215.499213,4.776195,5148.6513671875,2.565901756286621,-0.7456212043762207,91.46673583984375,0.10689307749271393,0.038761213421821594,108.58899688720703,0,1540,8.20856283121416,2305843036552180095,215.4991761745932,4.776135719256871,main,backup,26073,109.9933,875.50916,1203.8068,0.25099295729670695
2M15170752-0044431,229.281365,-0.745307,4768.3369140625,2.6490471363067627,-0.8121424317359924,91.46673583984375,0.10689307749271393,0.039048224687576294,192.17799377441406,0,0,0.8131235486905688,2305843042134787545,229.2814335901088,-0.745320995557369,main,backup,31396,140.04114,1238.9296,1747.8756,0.25199183851739826
2M11470309+0029022,176.762876,0.483971,5005.43505859375,2.354901075363159,-1.0626858472824097,91.46673583984375,0.10689307749271393,0.044293634593486786,207.09500122070312,0,2048,8.457019476395507,2305843037495888610,176.762938313777,0.4839388358977604,main,backup,26972,139.97774,931.7874,1362.5328,0.2524434190842696
2M14421565+1249369,220.565224,12.826918,4861.42236328125,3.0253124237060547,-0.7167618870735168,91.46673583984375,0.10689307749271393,0.036751870065927505,94.4209976196289,0,512,7.112448956389239,2305843017992384933,220.5651661004075,12.82687633775198,main,backup,8375,134.90213,1198.3495,601.4184,0.25258762095062426
2M16331301-0058544,248.304213,-0.981788,4249.0927734375,1.0591301918029785,-1.4904791116714478,91.46673583984375,0.10689307749271393,0.047129906713962555,364.68798828125,0,512,7.029990957257503,2305843041690226850,248.3042021468191,-0.981857473671016,main,backup,30973,108.104416,988.1699,224.2457,0.2531378062835634
2M03180356+0016285,49.514854,0.27459,4956.3017578125,3.375915288925171,0.32092756032943726,91.46673583984375,0.10689307749271393,0.026143953204154968,128.7969970703125,0,2048,8.413473373760452,2305843033544852428,49.51487639526488,0.2745232713871071,main,backup,23207,141.73367,927.69824,604.0785,0.2533910104891653
2M12221876+0007561,185.578202,0.132254,4969.85595703125,3.2517104148864746,-0.3986908197402954,91.46673583984375,0.10689307749271393,0.03377337381243706,135.4949951171875,0,4,2.430919613077681,2305843036778663559,185.5781529425574,0.1323047343396006,main,backup,26288,115.63582,763.4859,602.914,0.25406394089228
2M13461519+2732031,206.563329,27.534201,4906.96826171875,2.8803493976593018,-0.6154770851135254,91.46673583984375,0.10689307749271393,0.03585580736398697,110.13400268554688,0,512,7.092724837926988,2305843020026611394,206.5632766478768,27.53414784295144,main,backup,10315,133.21524,1112.2043,574.6556,0.2540671243944505
2M12112123+3929078,182.838491,39.485527,4857.93408203125,3.5666141510009766,0.5488886833190918,91.46673583984375,0.10689307749271393,0.024554437026381493,240.447998046875,8,0,2.9155749767732315,2305843020655761509,182.8385797381493,39.48550980793972,main,backup,10912,106.979126,1003.78503,859.2914,0.2542020375465415
2M13042177-0152138,196.090712,-1.870522,5166.09228515625,3.2704150676727295,0.27560338377952576,91.46673583984375,0.10689307749271393,0.027033647522330284,105.43599700927734,0,4,2.4220953926968765,2305843036669610488,196.0906818338727,-1.87058594021482,main,backup,26185,160.43587,1088.6862,911.8637,0.25449165502714377
2M14282338+0738548,217.097448,7.648557,4873.3818359375,3.238936424255371,-0.26475757360458374,91.46673583984375,0.10689307749271393,0.03248153626918793,189.74400329589844,0,0,0.7815580845252732,2305843017971403782,217.0974548168437,7.648486511323006,main,backup,8352,119.49451,1084.3917,601.8413,0.2549221938329153
2M12545552+5611543,193.731352,56.198444,4651.4326171875,2.279397487640381,-0.6300503015518188,91.46673583984375,0.10689307749271393,0.03473413735628128,99.94419860839844,0,516,7.104500400171977,2305843020957753120,193.7312816005824,56.19838499292039,main,backup,11203,137.91815,1196.0902,480.2858,0.2549576319009713
2M11484471-1101250,177.186328,-11.023626,4543.39794921875,2.068396806716919,-0.9911731481552124,91.46673583984375,0.10689307749271393,0.04057389497756958,196.89700317382812,0,4,2.4277763427817995,2305843035939810394,177.1862845070822,-11.02368254828851,main,backup,25488,152.55275,1058.3065,1621.9397,0.25507160355545283
2M03545566+7921582,58.731958,79.366188,4838.30078125,2.691019296646118,-0.24945873022079468,91.46673583984375,0.10689307749271393,0.03181850537657738,162.2209930419922,0,1024,7.726273538041943,2305843013353515203,58.7322452589753,79.36623505480931,main,backup,3948,22.696888,210.6921,1202.6533,0.25516921156037564
2M15142712+0210155,228.613006,2.170997,4858.2333984375,2.8678035736083984,-0.3599129617214203,91.46673583984375,0.10689307749271393,0.03200371190905571,69.5896987915039,2176,4,10.173714737171329,2305843042155809292,228.6129664204217,2.170938147456597,main,backup,31418,105.12144,659.08887,1210.8995,0.2552680998881902
2M11450411-1131009,176.267136,-11.516932,5028.05908203125,3.681466817855835,0.1196710392832756,91.46673583984375,0.10689307749271393,0.028910476714372635,185.3249969482422,0,0,0.7660467655288169,2305843035927225629,176.2670962170922,-11.51699146465422,main,backup,25479,136.26903,940.5138,1621.9397,0.2559707333805421
2M14211641-0447537,215.318389,-4.79826,4743.81982421875,2.717479944229126,-0.5837719440460205,91.46673583984375,0.10689307749271393,0.035622235387563705,177.18299865722656,0,4,2.4135116053156462,2305843036350842593,215.3183313563734,-4.798218000059302,main,backup,25881,28.116922,185.80983,603.0247,0.256170638350387
2M11504156-1033359,177.673179,-10.559979,4688.2080078125,1.8568260669708252,-1.6668568849563599,91.46673583984375,0.10689307749271393,0.0517534539103508,119.41300201416016,0,0,0.9239181442281117,2305843035939802820,177.6731072726708,-10.559988572672,main,backup,25489,159.50148,1071.8448,1621.9397,0.25617363933304077
2M11331882+0404270,173.328427,4.074178,4664.388671875,2.5289480686187744,-0.5149733424186707,91.46673583984375,0.10689307749271393,0.03457851707935333,190.7760009765625,0,4,2.40094132128993,2305843037621717623,173.3283559169347,4.074171756686686,main,backup,27092,155.87802,1071.8625,722.1162,0.25623998886051874
2M16345809+0050344,248.74205,0.842902,4952.11572265625,3.269160747528076,-0.18572130799293518,91.46673583984375,0.10689307749271393,0.03118506819009781,130.55499267578125,0,0,0.8122264714011859,2305843041870596799,248.7420408284081,0.8428313987511554,main,backup,31147,87.0255,821.2323,224.2457,0.2562996792661253
2M14180225+0505383,214.509414,5.093985,5024.17236328125,3.5722029209136963,-0.10177958011627197,91.46673583984375,0.10689307749271393,0.030675409361720085,140.2310028076172,0,512,7.04285683161682,2305843036552178722,214.5093664724109,5.093931731253294,main,backup,26074,111.76845,878.71,1203.8068,0.25655205466513886
2M12214301-0101376,185.429237,-1.027112,4680.53369140625,2.7154269218444824,0.10809700936079025,91.46673583984375,0.10689307749271393,0.027915798127651215,280.85198974609375,0,512,6.959960254795388,2305843036740918390,185.4291746311309,-1.027146497997936,main,backup,26255,174.02686,1147.9927,602.914,0.25655494753333236
2M13530523+2523578,208.2718,25.399416,4794.05029296875,2.572288751602173,-0.23862113058567047,91.46673583984375,0.10689307749271393,0.030459187924861908,74.3187026977539,0,0,0.8643667180435839,2305843020018227685,208.2717472418664,25.39936298227029,main,backup,10304,126.24274,1056.0981,574.6556,0.25664275237643663
2M13470226+2642172,206.759442,26.704796,4884.4443359375,2.742229700088501,-0.673471987247467,91.46673583984375,0.10689307749271393,0.037021901458501816,146.0570068359375,0,4,2.439709014801656,2305843020026616288,206.7594665628926,26.70472815207087,main,backup,10312,159.50948,1384.0822,574.6556,0.256708802108054
2M13404240+0042254,205.176687,0.707058,5134.79833984375,3.0192677974700928,-1.2921773195266724,91.46673583984375,0.10689307749271393,0.0476931594312191,126.15699768066406,1152,131072,19.731799390185543,2305843036506038700,205.1766275368029,0.7070186230352639,main,backup,26028,96.9625,799.82007,147.3667,0.25673524992390395
2M13463620-0106031,206.650851,-1.100874,4932.98046875,3.4989800453186035,0.08894159644842148,91.46673583984375,0.10689307749271393,0.027688903734087944,78.14330291748047,0,4,2.455000040479656,2305843036497652057,206.6509197105852,-1.100893401172784,main,backup,26020,90.318504,580.187,604.758,0.25698572429872524
2M13465248+0114593,206.718687,1.24983,4583.3623046875,2.377027750015259,-0.500708281993866,91.46673583984375,0.10689307749271393,0.03384953737258911,176.06100463867188,0,4,2.4052797924760956,2305843036518623968,206.7186933489336,1.249758881677237,main,backup,26040,146.68912,1070.1147,832.457,0.2570436709244611
2M11482462+0226295,177.102601,2.441543,4936.0703125,2.726262092590332,-0.04746691510081291,91.46673583984375,0.10689307749271393,0.03045567311346531,287.42498779296875,0,0,0.7300784875141596,2305843037521053369,177.1025359237282,2.441513430199024,main,backup,26997,95.77995,852.9926,602.1616,0.25713197478534594
2M14241095+5015346,216.045639,50.259617,4908.9619140625,2.4400997161865234,-1.0979394912719727,91.46673583984375,0.10689307749271393,0.042704418301582336,104.46299743652344,0,512,7.13220554745501,2305843021167465853,216.0455460213425,50.25965673536148,main,backup,11400,75.555534,688.6978,1489.8538,0.2574004735354477
2M14210047-0556276,215.251963,-5.941003,4717.60888671875,2.075810194015503,-1.2551828622817993,91.46673583984375,0.10689307749271393,0.04436737671494484,115.81400299072266,0,516,7.138065089296289,2305843036342468362,215.2519882921268,-5.941069956678414,main,backup,25874,24.840528,161.39651,603.0247,0.25749527593689325
2M16035416+2804272,240.975691,28.074247,4753.98583984375,2.7723400592803955,-0.7332335114479065,91.46673583984375,0.10689307749271393,0.037986334413290024,285.81298828125,0,1536,8.105880002541484,2305843019019995184,240.9756127875472,28.07422781234041,main,backup,9355,80.12293,830.22266,607.25,0.2578597225675964
2M14264539+5025346,216.689133,50.426292,4645.25341796875,2.475114345550537,-0.4314018487930298,91.46673583984375,0.10689307749271393,0.033033084124326706,156.41299438476562,0,0,0.8035217581152192,2305843021167470216,216.6890204118763,50.42628870650984,main,backup,11400,130.04846,1161.4092,864.7951,0.2584876749154722
2M12594526-0250584,194.938609,-2.849571,4918.92822265625,2.579132080078125,-0.9524726867675781,91.46673583984375,0.10689307749271393,0.04046160727739334,100.81199645996094,0,512,7.124514713894445,2305843036669620859,194.9386278313971,-2.849640302903344,main,backup,26184,160.78789,1085.5094,911.8637,0.258515031695735
2M03192561+8007431,49.856736,80.128639,5080.48193359375,3.2921993732452393,-0.2882879674434662,91.46673583984375,0.10689307749271393,0.03377525880932808,293.4639892578125,0,4,2.3540421610713493,2305843013441585117,49.85709521930653,80.12867611275384,main,backup,4033,11.658269,106.10806,1202.6533,0.2588460866305571
2M11192204-0012235,169.841867,-0.206555,5126.8251953125,3.61873722076416,-0.08723386377096176,91.46673583984375,0.10689307749271393,0.030709195882081985,122.12200164794922,0,0,0.8164720310964851,2305843037508472403,169.8418180583931,-0.2066077290616552,main,backup,26986,118.45053,910.73047,363.2027,0.25899000718228826
2M14415769+1148384,220.490376,11.810688,4842.68603515625,2.341784954071045,-0.6327270269393921,91.46673583984375,0.10689307749271393,0.03564658388495445,100.447998046875,0,0,0.8605219125526211,2305843017992381066,220.4903560676879,11.8106186293759,main,backup,8374,134.96602,1208.2218,601.4184,0.2594233174440625
2M11493902-0155228,177.412609,-1.923,5068.5224609375,3.3721516132354736,-0.4261496067047119,91.46673583984375,0.10689307749271393,0.03398736193776131,93.64469909667969,0,0,0.8591674490077403,2305843037483305192,177.4126103116397,-1.923072120821634,main,backup,26960,152.50978,900.2036,602.0572,0.25967784390274035
2M15143523-0107207,228.646798,-1.122418,4660.40234375,2.463366985321045,-0.7389187216758728,91.46673583984375,0.10689307749271393,0.036986373364925385,157.19900512695312,0,4,2.432228028993657,2305843042130605165,228.6467699222113,-1.122484458737436,main,backup,31393,116.66253,995.5736,1747.8756,0.25972006514577745
2M12023467-0115335,180.644496,-1.259316,4843.58251953125,2.8958609104156494,-0.8564856648445129,91.46673583984375,0.10689307749271393,0.04019778221845627,253.218994140625,0,516,7.039455804275629,2305843036053054316,180.6444246285099,-1.259304525185027,main,backup,25597,160.11469,962.78467,609.2456,0.2601756789057694
2M11470461-0046040,176.769246,-0.767779,4716.11376953125,2.5828957557678223,-0.6117106676101685,91.46673583984375,0.10689307749271393,0.0353974848985672,144.16299438476562,0,4,2.432883242292856,2305843037483314613,176.7692526155463,-0.7678509866406733,main,backup,26963,161.3262,921.95715,602.0572,0.26024374923326626
2M15153512-0012420,228.896355,-0.211669,4904.87548828125,2.78591251373291,-0.9747138023376465,91.46673583984375,0.10689307749271393,0.04165562987327576,159.32200622558594,0,0,0.8448033425922051,2305843042134801097,228.8963484428492,-0.2117411137021252,main,backup,31398,101.52712,906.5656,1747.8756,0.2606803147437828
2M13503613+4431519,207.650572,44.53109,4887.9326171875,3.1684508323669434,0.10475817322731018,91.46673583984375,0.10689307749271393,0.028704103082418442,219.9980010986328,0,0,0.7479487761405254,2305843020408293561,207.6505957715239,44.53101952071592,main,backup,10678,112.161316,891.8413,1814.5289,0.26095647289035734
2M13223378-0104241,200.640786,-1.073379,4693.490234375,2.758197069168091,-0.27058595418930054,91.46673583984375,0.10689307749271393,0.03192831575870514,239.11399841308594,0,0,0.755773824793767,2305843036678003793,200.640823753831,-1.073440957605855,main,backup,26193,128.1914,988.45447,831.13,0.26118233128810786
2M12173082+0012553,184.378427,0.215385,4974.8388671875,3.3886895179748535,-0.30616655945777893,91.46673583984375,0.10689307749271393,0.03242773562669754,113.90699768066406,0,4,2.4414079084278604,2305843036766086791,184.3783584342364,0.2153611420156398,main,backup,26279,143.16452,896.4752,602.914,0.2613510972157517
2M12253262+5650383,186.385948,56.843975,4839.49658203125,3.274635076522827,0.32527709007263184,91.46673583984375,0.10689307749271393,0.026436788961291313,347.85699462890625,0,512,6.931237208301229,2305843020945167347,186.3858152168623,56.84397491663874,main,backup,11188,128.40521,1075.6012,264.8036,0.2614388866013253
2M11551371-1129136,178.807125,-11.487124,5059.45263671875,2.8289108276367188,-0.6935134530067444,91.46673583984375,0.10689307749271393,0.03895440325140953,219.4149932861328,0,1540,8.139651267715124,2305843035847526709,178.8070506312521,-11.48712237255965,main,backup,25403,146.56055,909.9898,1812.152,0.26243018053564066
2M20485663+3200493,312.235963,32.013714,4319.853515625,1.928223967552185,-0.41056013107299805,91.46673583984375,0.10689307749271393,0.030930524691939354,114.4739990234375,0,1024,7.756439602634156,2305843023067519541,312.2360284712845,32.01366667837458,main,backup,13215,48.135746,444.1283,617.2559,0.2626075188747078
2M13490704+2714268,207.279334,27.240803,4801.22607421875,2.976611375808716,-0.3048619031906128,91.46673583984375,0.10689307749271393,0.03277108818292618,335.5459899902344,0,512,6.966501431347595,2305843020026616812,207.2792583580443,27.24083143446985,main,backup,10313,136.45505,1167.565,574.6556,0.2628597610403148
2M16060555+2423155,241.523125,24.387657,4852.8515625,3.023373603820801,-0.21840110421180725,91.46673583984375,0.10689307749271393,0.03047163039445877,74.22129821777344,0,0,0.8645583371844219,2305843018294362849,241.5230488643773,24.3876336572456,main,backup,8661,49.733227,415.41962,605.4429,0.2633968122822815
2M10291655+2855217,157.318992,28.922716,4093.120361328125,0.9581922292709351,-0.8290810585021973,91.46673583984375,0.10689307749271393,0.034620702266693115,91.83509826660156,0,512,7.1045405046633965,2305843014645318530,157.318936631419,28.92277115610128,main,backup,5183,126.426476,1143.482,314.1,0.26431991843015257
2M12185924+0009126,184.74684,0.153502,5407.77490234375,3.720473527908325,-0.09955079853534698,91.46673583984375,0.10689307749271393,0.03169981762766838,103.1449966430664,0,0,0.8381643018701953,2305843036766082940,184.7467786100982,0.1534615001749029,main,backup,26277,152.45146,975.5572,602.914,0.2647635127004583
2M12230001-0310410,185.75005,-3.178058,4945.7373046875,2.7959492206573486,-0.6446812152862549,91.46673583984375,0.10689307749271393,0.03579258546233177,65.45259857177734,2176,65536,19.67963087356737,2305843036728338844,185.750026899372,-3.178127993785664,main,backup,26243,127.29472,1011.4107,1052.3633,0.26530629501051856
2M11475832+0048451,176.993017,0.812545,6401.3916015625,3.644285202026367,-2.2738990783691406,91.46673583984375,0.10689307749271393,0.08043283224105835,121.54499816894531,912,65536,18.97266598637527,2305843037495889036,176.9930066162043,0.8124719082328035,main,backup,26972,114.3755,776.5583,1362.5328,0.2657718856633701
2M12294508+5734057,187.437854,57.568264,4820.95947265625,3.338733673095703,-0.04591001570224762,91.46673583984375,0.10689307749271393,0.029565123841166496,163.15699768066406,0,4,2.391424830752509,2305843020945168973,187.4377500238247,57.56821560986524,main,backup,11189,140.31319,1214.0999,264.8036,0.26579099998218175
2M11042063-0513445,166.085979,-5.229035,4988.39306640625,3.5313713550567627,0.016715602949261665,91.46673583984375,0.10689307749271393,0.029981957748532295,210.31900024414062,0,0,0.7588165310104749,2305843037432972821,166.0859055250289,-5.229045916990369,main,backup,26915,128.28708,894.858,799.5482,0.2663248625648781
2M11180520-0123383,169.521703,-1.393974,4886.23876953125,3.0899810791015625,-0.3220996856689453,91.46673583984375,0.10689307749271393,0.03333618491888046,215.1929931640625,0,0,0.7733074014269603,2305843037462335871,169.5217408560317,-1.394037856167862,main,backup,26941,107.10304,863.99133,363.2027,0.26722189570838173
2M13062469-0248400,196.6029,-2.811113,5382.26123046875,2.805529832839966,-0.9701719284057617,91.46673583984375,0.10689307749271393,0.04291338473558426,82.96540069580078,0,1536,8.253357811861168,2305843036661231461,196.6028255075094,-2.811112384837203,main,backup,26179,148.3066,977.41223,911.8637,0.26785941349415804
2M11360378+0430288,174.01579,4.508,4632.29736328125,2.2472338676452637,-0.8792398571968079,91.46673583984375,0.10689307749271393,0.03769907355308533,83.82859802246094,0,0,0.8886757214837022,2305843037621723369,174.0157171437768,4.50798371594651,main,backup,27093,150.2106,1002.141,722.1162,0.26796211104421375
2M13253955-0037584,201.414831,-0.632908,5026.66357421875,3.1832776069641113,-0.4077349901199341,91.46673583984375,0.10689307749271393,0.03452019765973091,164.61300659179688,0,0,0.8058792365857282,2305843036682193084,201.4148689537174,-0.6328437300457155,main,backup,26196,120.47518,937.34784,831.13,0.2686993297917716
2M10124371+0059582,153.182163,0.999515,4811.1923828125,3.2431559562683105,0.29453858733177185,91.46673583984375,0.10689307749271393,0.02593602053821087,132.92300415039062,0,0,0.7841972251954336,2305843037760138223,153.1821514703082,0.999441256406666,main,backup,27227,107.54327,817.6364,370.0134,0.26870113752719216
2M10312238+2916482,157.843253,29.280064,4999.15673828125,2.995544195175171,-0.5697146654129028,91.46673583984375,0.10689307749271393,0.034988921135663986,58.85599899291992,2176,512,14.835972972401425,2305843014645319523,157.8432976722914,29.28000014906559,main,backup,5183,115.01879,1045.7308,314.1,0.26928406913422
2M11520544+1841593,178.022699,18.699827,4731.76123046875,2.765838861465454,-0.36730414628982544,91.46673583984375,0.10689307749271393,0.03320693224668503,235.85000610351562,0,2560,8.611688668314882,2305843038825483218,178.0226849898722,18.69975337187746,main,backup,28241,125.79716,1047.8895,606.3541,0.26933216651534314
2M15581982+2739396,239.582603,27.661009,4478.11865234375,2.0104572772979736,-0.38042134046554565,91.46673583984375,0.10689307749271393,0.031480029225349426,134.8070068359375,0,516,7.058563165978683,2305843019019985215,239.5825206463935,27.66099192335973,main,backup,9354,88.04443,901.4788,607.25,0.2696892429897853
2M14325866+4849228,218.244445,48.823013,4420.41357421875,1.0679124593734741,-1.6416295766830444,91.46673583984375,0.10689307749271393,0.04969148710370064,129.91000366210938,0,2048,8.530357200936638,2305843021159074209,218.2444518470706,48.82293812964578,main,backup,11392,124.36415,1094.6202,603.6345,0.2700214131522829
2M11082102-0534375,167.087599,-5.577087,4848.76513671875,3.2976741790771484,-0.48170825839042664,91.46673583984375,0.10689307749271393,0.035118721425533295,399.23699951171875,0,0,0.7206315464806099,2305843037437167916,167.0875551562508,-5.577025924062974,main,backup,26916,137.45117,938.7411,799.5482,0.2702252404065837
2M13453861+0122491,206.410908,1.380313,4760.9619140625,2.6895365715026855,-0.8006181120872498,91.46673583984375,0.10689307749271393,0.03896525129675865,254.99099731445312,0,0,0.7845556551675765,2305843036506035877,206.4108331327991,1.380320004395197,main,backup,26029,152.45966,1130.2198,832.457,0.2706210506375238
2M07405171+3712418,115.215474,37.21162,5093.33837890625,3.2904887199401855,-0.13292555510997772,91.46673583984375,0.10689307749271393,0.031929466873407364,192.2949981689453,0,1536,8.115056953313674,39633023984992479,115.2153886748087,37.21158749778856,sv1,bright,6366,3279.5825,24727.434,9777.84,0.2711755534657035
2M11574107+5437018,179.421165,54.617176,4857.93408203125,2.5911078453063965,-0.41121000051498413,91.46673583984375,0.10689307749271393,0.03428507223725319,360.57598876953125,0,1028,7.662964501058763,2305843015475794294,179.421137592113,54.61710230922151,main,backup,5973,144.21529,1278.5446,602.8381,0.2713691782221859
2M15173719-0127443,229.404992,-1.462308,4786.1767578125,2.910003423690796,-0.4598163068294525,91.46673583984375,0.10689307749271393,0.03319461643695831,95.8738021850586,0,4608,9.288641988995586,2305843042105446424,229.4050513929391,-1.462354660011414,main,backup,31371,95.001,814.2635,1747.8756,0.2718507900738914
2M11072840-0449286,166.868336,-4.824613,4948.02978515625,3.5011470317840576,-0.04986315593123436,91.46673583984375,0.10689307749271393,0.030528226867318153,267.447998046875,0,0,0.7376190387936254,2305843037437172752,166.8682993233901,-4.824679250072896,main,backup,26918,146.6318,1062.5847,799.5482,0.2723830098064146
2M14442543+1259237,221.105965,12.989926,4686.015625,2.5701217651367188,-0.3288085162639618,91.46673583984375,0.10689307749271393,0.03224805369973183,174.98599243164062,0,0,0.788443454553097,2305843018038521577,221.1059037122491,12.98987949760269,main,backup,8418,128.52214,1156.992,601.4184,0.2724816463044478
2M15162002+3520369,229.083423,35.343609,5057.26025390625,2.496670722961426,-0.6326161623001099,91.46673583984375,0.10689307749271393,0.036522768437862396,91.51080322265625,0,512,7.114400770826436,2305843018831236550,229.0833304926872,35.3436166769339,main,backup,9172,112.79215,870.15106,1461.9958,0.2730509837916989
2M12472601-0232099,191.858413,-2.536086,4789.4658203125,2.9615561962127686,-0.4501466453075409,91.46673583984375,0.10689307749271393,0.0344589427113533,217.7030029296875,0,0,0.7777668741120779,2305843036648640334,191.8583400911801,-2.536064228344945,main,backup,26166,119.110374,923.9449,1119.414,0.2736779872766417
2M15175526+0207249,229.480291,2.123599,5140.478515625,2.658399820327759,-1.0765990018844604,91.46673583984375,0.10689307749271393,0.04335247352719307,86.10469818115234,0,4,2.523732824217341,2305843042155782700,229.4803374206131,2.123538719990838,main,backup,31416,91.76854,554.6404,1210.8995,0.27382713353002514
2M16035277+2717171,240.969877,27.288092,4812.787109375,2.8495547771453857,-0.5385729670524597,91.46673583984375,0.10689307749271393,0.03475584834814072,132.6540069580078,384,0,6.781740760112775,2305843019019985098,240.9697913027219,27.28809090849567,main,backup,9353,87.665924,908.08685,607.25,0.2742050409789501
2M16055089+2825139,241.462046,28.42054,5011.91357421875,3.38116192817688,-0.4735313057899475,91.46673583984375,0.10689307749271393,0.03422451391816139,86.73179626464844,0,0,0.8679377569016947,2305843019024177496,241.4619804226672,28.42048980074222,main,backup,9358,89.838715,919.33575,607.25,0.2752584769336378
2M11501344-1029047,177.556021,-10.484649,4884.0458984375,3.4126408100128174,0.38001009821891785,91.46673583984375,0.10689307749271393,0.02609483152627945,219.08799743652344,8,2048,10.557646764129759,2305843035939801605,177.5559760061386,-10.48471140626705,main,backup,25491,143.28561,970.1549,1621.9397,0.2753929906881075
2M13480854+2712278,207.035609,27.207731,4794.84765625,1.7070727348327637,-1.238228678703308,91.46673583984375,0.10689307749271393,0.04507807642221451,147.2100067138672,0,1028,7.806113721114132,2305843020026616675,207.0356085505134,27.20765435135994,main,backup,10313,136.63924,1172.4294,574.6556,0.27593885696712983
2M11555961-1156162,178.998385,-11.937859,4242.11669921875,1.6749094724655151,-0.48283299803733826,91.46673583984375,0.10689307749271393,0.03248206153512001,377.77801513671875,0,512,6.95323474709765,2305843035847533224,178.9983811527401,-11.93778241091136,main,backup,25401,145.72586,906.3003,1812.152,0.27605349760735076
2M14493880+1242211,222.411708,12.705868,4817.77001953125,2.4001808166503906,-0.09709849208593369,91.46673583984375,0.10689307749271393,0.030477123335003853,196.30799865722656,0,4608,9.203918840512303,2305843018038512860,222.4116388780942,12.7059047576145,main,backup,8416,116.31687,1056.505,601.4184,0.2764702812944142
2M11555895-1143433,178.995635,-11.728715,4884.54443359375,2.9796907901763916,-0.17346341907978058,91.46673583984375,0.10689307749271393,0.03063148632645607,117.99500274658203,0,516,7.067535782686215,2305843035847536430,178.9955604174849,-11.72869060723132,main,backup,25401,119.69574,759.1647,1812.152,0.27716969470310276
2M13075210-0132538,196.967087,-1.548281,4893.115234375,2.986420154571533,-0.3982228934764862,91.46673583984375,0.10689307749271393,0.03280479833483696,86.50990295410156,0,0,0.861092421712258,2305843036673807444,196.9670187083287,-1.548244983052891,main,backup,26188,136.72015,877.58417,911.8637,0.2778670251469474
2M16004341+2652137,240.18088,26.870499,4891.2216796875,2.0881283283233643,-1.426409363746643,91.46673583984375,0.10689307749271393,0.049412425607442856,168.5590057373047,0,3584,9.062499409198164,2305843019019991098,240.1808866802819,26.87042195600741,main,backup,9352,97.59552,1001.8529,607.25,0.27818676325761427
2M13491034+0007313,207.293109,0.125363,5006.43212890625,2.61540150642395,-0.47689932584762573,91.46673583984375,0.10689307749271393,0.034366674721241,96.12850189208984,0,0,0.8584735136465824,2305843036497645248,207.2931100182531,0.1252852642513431,main,backup,26021,121.68083,767.2282,604.758,0.279872702419652
2M12200222+0018052,185.00927,0.301465,4865.7080078125,2.5701217651367188,-0.8602292537689209,91.46673583984375,0.10689307749271393,0.03928352892398834,129.79400634765625,0,4,2.462736821955599,2305843036766080463,185.0092010744982,0.3015012422030161,main,backup,26277,131.56421,851.01917,602.914,0.2803401743951705
2M11490598+0049262,177.274947,0.823947,5226.986328125,3.7996935844421387,0.40046101808547974,91.46673583984375,0.10689307749271393,0.02624516375362873,119.35700225830078,8,1540,10.333834623321316,2305843037495887482,177.2748806421473,0.8239062103452355,main,backup,26972,157.86113,1074.8165,1362.5328,0.28039008623111206
2M14233560-0422085,215.898349,-4.369044,5292.06591796875,2.160210609436035,-2.2560977935791016,91.46673583984375,0.10689307749271393,0.06993383914232254,93.72949981689453,64,67588,16.33439807292187,2305843036350850185,215.8983026651667,-4.36910702039893,main,backup,25881,23.68317,154.06259,603.0247,0.2813078738754142
2M12573151+4303144,194.381321,43.054005,4765.24755859375,2.836324453353882,-0.5941035151481628,91.46673583984375,0.10689307749271393,0.03617338091135025,285.4330139160156,0,2048,8.384467209141881,2305843020601231758,194.3812140792413,43.05400122218111,main,backup,10861,106.16408,1005.0635,951.2204,0.2815898831983707
2M11212557+0049386,170.356545,0.827389,4945.3388671875,3.611323595046997,0.42362433671951294,91.46673583984375,0.10689307749271393,0.02539806254208088,148.37899780273438,8,0,2.967809847856426,2305843037508471584,170.3565091651419,0.8273194588371884,main,backup,26987,114.730446,875.75006,474.3824,0.28162592317454144
2M14552114+3005301,223.838089,30.0917,4831.125,2.5254125595092773,-0.360017865896225,91.46673583984375,0.10689307749271393,0.03225318342447281,98.52259826660156,0,65536,11.935841217486558,2305843018764131333,223.838007558276,30.09166588134759,main,backup,9109,97.969246,859.8145,816.5551,0.2818468529087361
2M11074431-0445452,166.934639,-4.762568,4934.67431640625,3.366791009902954,-0.0857083722949028,91.46673583984375,0.10689307749271393,0.030692586675286293,185.92300415039062,0,4,2.3840747932509845,2305843037437173244,166.9346714904573,-4.762639342513143,main,backup,26918,153.46571,1105.6641,799.5482,0.2820458582595389
2M12265113-0258571,186.713065,-2.982547,4912.44970703125,3.050062417984009,-0.19816941022872925,91.46673583984375,0.10689307749271393,0.03096901997923851,114.51899719238281,0,0,0.8241452268627562,2305843036732532384,186.7129937740908,-2.982580194344732,main,backup,26244,113.25953,934.57635,1052.3633,0.2825772985856436
2M15143452+3532105,228.643857,35.536251,4643.26025390625,2.2032089233398438,-0.9195035696029663,91.46673583984375,0.10689307749271393,0.03993042930960655,190.25599670410156,0,512,7.058810335361599,2305843018831241642,228.643802964584,35.53618595597775,main,backup,9174,116.27028,889.03314,1461.9958,0.2826445630205964
2M11224990+5133306,170.707933,51.558525,5007.3291015625,3.7181923389434814,0.16398072242736816,91.46673583984375,0.10689307749271393,0.028556490316987038,394.093994140625,0,3072,8.719523270466995,2305843015459018027,170.7080550487411,51.55850476340022,sv2,backup,5958,50.076706,432.37372,139.7048,0.2827140413788495
2M14070275+0220024,211.76146,2.334015,4421.111328125,1.6297439336776733,-1.054564356803894,91.46673583984375,0.10689307749271393,0.04092967510223389,232.6269989013672,0,0,0.803519419730607,2305843036535393803,211.7615090542048,2.333953350202298,main,backup,26058,134.73235,1117.3918,1384.2656,0.2835333520389627
2M12234231-0106132,185.926314,-1.103669,3987.677001953125,0.9435931444168091,-0.6734844446182251,91.46673583984375,0.10689307749271393,0.033659372478723526,379.6159973144531,384,0,6.6716047244964,2305843036740918255,185.9262916434191,-1.103744599224355,main,backup,26253,139.1703,923.6319,602.914,0.28380409943800733
2M13411343-0016524,205.305974,-0.281248,4820.66015625,2.914337635040283,-0.20821161568164825,91.46673583984375,0.10689307749271393,0.030858758836984634,126.71499633789062,0,512,7.053833146724589,2305843036493452368,205.305898554853,-0.2812714727838448,main,backup,26019,106.33421,888.12683,147.3667,0.28444111507730474
2M11530403+1813003,178.266825,18.216753,5396.2138671875,3.0408239364624023,-1.0257409811019897,91.46673583984375,0.10689307749271393,0.04376889392733574,76.9352035522461,64,2048,12.726994738391248,2305843038825482703,178.2667586173712,18.21670517377101,main,backup,28241,106.65031,901.22906,606.3541,0.2849089004429124
2M14534036+3059049,223.418187,30.98472,4825.54345703125,3.027479648590088,-0.18596641719341278,91.46673583984375,0.10689307749271393,0.03138747438788414,189.07000732421875,0,512,7.016717597116344,2305843018764131275,223.4181070596778,30.98468033106692,main,backup,9111,97.989975,834.6174,816.5551,0.28506969514581176
2M11510883+5629053,177.786818,56.484818,4979.52294921875,3.5625083446502686,-0.5289247035980225,91.46673583984375,0.10689307749271393,0.03632820025086403,202.95399475097656,0,2048,8.419202330640573,2305843015484185891,177.7869131209825,56.48475857715766,main,backup,5982,115.295,1026.2235,601.0594,0.28550561295054094
2M13240162-0047151,201.006768,-0.787554,4822.85302734375,2.5751402378082275,-0.3293842673301697,91.46673583984375,0.10689307749271393,0.033150047063827515,201.072998046875,0,0,0.7791309608559855,2305843036682196386,201.0068368569815,-0.7875934840944555,main,backup,26196,132.08374,1023.114,831.13,0.28572712238392656
2M13410570+0025555,205.273751,0.432094,4834.11474609375,2.8773839473724365,-0.7308463454246521,91.46673583984375,0.10689307749271393,0.038349658250808716,314.1419982910156,0,0,0.7606895851022457,2305843036506033249,205.2736715681262,0.4320906696505586,main,backup,26028,85.42813,718.91406,147.3667,0.2861978484691689
2M03153760+0002184,48.906688,0.038462,4735.8466796875,2.4070239067077637,-0.44908827543258667,91.46673583984375,0.10689307749271393,0.03322286531329155,124.71800231933594,0,1536,8.16454156431254,2305843033544855838,48.9067221813757,0.0383901888466108,main,backup,23206,125.82825,811.0914,604.0785,0.2863122271301139
2M11422760+0030440,175.615011,0.512224,4834.912109375,3.320941209793091,0.30694490671157837,91.46673583984375,0.10689307749271393,0.026587899774312973,212.69500732421875,384,512,12.934247324822016,2305843037491700094,175.6149372084997,0.5122537668609551,main,backup,26971,106.49467,955.80273,606.2719,0.2864391374354966
2M16041825+2812310,241.076054,28.208632,4938.16259765625,3.5528135299682617,-0.29006218910217285,91.46673583984375,0.10689307749271393,0.03161975368857384,75.81929779052734,0,0,0.8681968066483372,2305843019024179965,241.075967135238,28.20861019954261,main,backup,9358,84.10903,870.2609,607.25,0.2865306461404487
2M13580031+4430490,209.5013,44.513626,5497.4716796875,3.177917003631592,-1.079176425933838,91.46673583984375,0.10689307749271393,0.044808756560087204,57.86069869995117,2240,0,8.675447521669794,2305843020408299943,209.5012303083066,44.51356375269206,main,backup,10677,104.21096,871.71466,1814.5289,0.2867468073751565
2M08485413-1306494,132.225546,-13.113747,4872.2861328125,2.684175968170166,-0.4893389344215393,91.46673583984375,0.10689307749271393,0.035322193056344986,271.2650146484375,0,0,0.760177000625968,2305843051941069283,132.2254763183226,-13.11370528079539,main,backup,40751,2.4960406,19.669516,1817.9847,0.286784268423777
2M14431883+1311000,220.828487,13.183357,4829.82958984375,2.321939468383789,-1.5449082851409912,91.46673583984375,0.10689307749271393,0.04946159943938255,75.52839660644531,0,0,0.9577854366502114,2305843017992385507,220.8284439345541,13.18328916256288,main,backup,8375,121.21338,1072.1511,601.4184,0.2871004447074314
2M14341927+0951226,218.580294,9.856293,4761.75927734375,2.7945806980133057,-0.5309015512466431,91.46673583984375,0.10689307749271393,0.035343967378139496,312.5870056152344,0,0,0.7461557781423748,2305843017975603652,218.5803458054925,9.856231689021463,main,backup,8357,129.55518,1186.1327,601.0638,0.28719348972398906
2M13050639-0224274,196.276632,-2.407631,4439.25,2.197392225265503,-0.5330002903938293,91.46673583984375,0.10689307749271393,0.0339251384139061,390.77899169921875,0,4,2.3262374424883236,2305843036669609438,196.2765853381908,-2.407696080722708,main,backup,26185,165.89606,1100.389,911.8637,0.2882020333083185
2M16031842+2742103,240.82678,27.702881,5186.22412109375,2.9444479942321777,-0.5122715830802917,91.46673583984375,0.10689307749271393,0.0352809764444828,71.14700317382812,0,1536,8.230365677326375,2305843019019993499,240.8266961286536,27.70285087330134,main,backup,9355,73.62534,765.7509,607.25,0.2884889714094739
2M13014027+4223251,195.417805,42.390308,4621.93212890625,2.575026035308838,-0.06836915016174316,91.46673583984375,0.10689307749271393,0.02919636107981205,176.65199279785156,0,4,2.3816806902335568,2305843020592841070,195.4177855290357,42.39022910294006,main,backup,10855,118.05646,1092.9313,951.2204,0.28870899459572935
2M12183397+0523348,184.64156,5.393017,4771.8251953125,2.6568031311035156,-0.5470303893089294,91.46673583984375,0.10689307749271393,0.03489716351032257,148.9320068359375,0,0,0.8177112535904856,2305843038225704956,184.6415143371833,5.39295074418452,main,backup,27671,127.306046,956.55493,263.1161,0.28926862155076705
2M15095831+2652494,227.492971,26.880415,5051.57958984375,3.5206503868103027,-0.45223963260650635,91.46673583984375,0.10689307749271393,0.03433052822947502,101.12899780273438,0,4,2.4627105101188183,2305843018638301951,227.4928832581576,26.88039603847196,main,backup,8991,104.02675,878.0796,1210.3293,0.2898929274891041
2M14203857+0446476,215.160726,4.779904,4840.3935546875,3.2487449645996094,0.3489462435245514,91.46673583984375,0.10689307749271393,0.026226259768009186,279.3139953613281,0,1536,8.049371630088379,2305843036552177429,215.1606562086843,4.779862540232937,main,backup,26073,110.59919,888.2907,1203.8068,0.2914870714958526
2M12094848+0500194,182.452001,5.005393,4950.8203125,3.107431411743164,-0.4798797369003296,91.46673583984375,0.10689307749271393,0.0342508964240551,103.21399688720703,0,512,7.091129308943836,2305843038229892395,182.4519322049167,5.005349824671338,main,backup,27673,107.539345,939.8722,259.5307,0.2915965499978281
2M03180471+0040517,49.519653,0.681029,4877.96630859375,2.6450552940368652,0.032910242676734924,91.46673583984375,0.10689307749271393,0.029392270371317863,326.6809997558594,0,1536,8.049588664449127,2305843033544853203,49.5197193345432,0.6809823512655983,main,backup,23207,115.618805,750.2328,604.0785,0.29192769221724907
2M13283368+3643322,202.140344,36.725632,4977.62939453125,3.440242052078247,0.20823216438293457,91.46673583984375,0.10689307749271393,0.027724819257855415,173.08799743652344,0,2560,8.615064718507782,2305843020202772976,202.1403553276364,36.72555136596876,main,backup,10480,119.8437,1059.0675,1043.2472,0.2921168493827467
2M13443766-0112288,206.156955,-1.20802,4724.98388671875,2.6883959770202637,-0.12934651970863342,91.46673583984375,0.10689307749271393,0.029292315244674683,95.81050109863281,0,2048,8.458536803775871,2305843036493455866,206.1568882071557,-1.207973355461189,main,backup,26017,119.742905,725.1851,604.758,0.293240148295137
2M16020910+2821003,240.537941,28.350084,4620.03857421875,2.5985212326049805,-0.208499938249588,91.46673583984375,0.10689307749271393,0.03090396523475647,196.91299438476562,0,0,0.7699807013875335,2305843019019993412,240.537941148729,28.35000240574485,main,backup,9355,80.55371,829.44147,607.25,0.29373969648507764
2M13480089+2620316,207.003717,26.342136,4784.88134765625,2.8865084648132324,-0.32153424620628357,91.46673583984375,0.10689307749271393,0.03289604187011719,216.58999633789062,0,4,2.3799004940592363,2305843020026618451,207.0036439806363,26.34208701724805,main,backup,10312,155.81451,1363.1487,574.6556,0.2942616395498131
2M14210752-0542365,215.281367,-5.710165,4435.9609375,1.6330515146255493,-0.9915009140968323,91.46673583984375,0.10689307749271393,0.03984365239739418,185.75599670410156,0,512,7.060757440117329,2305843036350841841,215.281290559241,-5.710134941581418,main,backup,25880,24.491133,160.1254,603.0247,0.29442748618059533
2M12253544-0047423,186.397681,-0.795092,4987.89501953125,3.642460346221924,0.22104229032993317,91.46673583984375,0.10689307749271393,0.027153661474585533,127.44200134277344,0,0,0.7944641886660432,2305843036740912148,186.3977361902029,-0.7951527914880082,main,backup,26253,146.07565,941.2179,602.914,0.2955724296663689
2M14414009+4539270,220.417045,45.657524,5037.22802734375,3.1617214679718018,-0.5595802068710327,91.46673583984375,0.10689307749271393,0.036065056920051575,133.61300659179688,0,512,7.074604351768698,2305843020341189043,220.416959147676,45.65758017687953,main,backup,10615,139.20036,1242.7769,369.2197,0.2959141187306189
2M11313313+0339304,172.888065,3.658449,4853.25,3.092034101486206,-0.2974677085876465,91.46673583984375,0.10689307749271393,0.03166766092181206,101.2030029296875,0,512,7.080161670154531,2305843037621717366,172.88798786214,3.65842010527667,main,backup,27092,77.3146,540.9443,722.1162,0.29600950497684797
2M12285988+2518104,187.249536,25.302908,5000.4521484375,3.326986312866211,-0.15191055834293365,91.46673583984375,0.10689307749271393,0.03185579925775528,223.61000061035156,0,1536,8.099673809460423,2305843038716435195,187.2494625888623,25.30285935068985,main,backup,28139,120.633194,1074.1376,483.4626,0.2962405558343296
2M11203283-0054312,170.136797,-0.908678,4530.04296875,2.104665994644165,-0.6875232458114624,91.46673583984375,0.10689307749271393,0.036292869597673416,318.6319885253906,0,1536,8.08657868810913,2305843037508475180,170.1367650408635,-0.9087538452795774,main,backup,26984,131.15572,1013.95593,363.2027,0.29628756600203443
2M12114840+0529275,182.951687,5.490996,4661.49853515625,2.433940887451172,-0.8272326588630676,91.46673583984375,0.10689307749271393,0.03848325461149216,176.13699340820312,0,4,2.4284054711606213,2305843038234092952,182.9516518918854,5.490921405697176,main,backup,27676,107.15595,928.6921,259.5307,0.2965491959055453
2M14134180+5314443,213.4242,53.24564,5177.05517578125,2.6476786136627197,-2.0909929275512695,91.46673583984375,0.10689307749271393,0.06473461538553238,103.61499786376953,64,1024,12.10972317235454,2305843021192631358,213.4241757208209,53.24555888185785,main,backup,11426,102.94928,933.7352,601.7292,0.2966720048682194
2M15173864+0202251,229.411024,2.040319,4718.10693359375,2.0406816005706787,-1.3638323545455933,91.46673583984375,0.10689307749271393,0.04669968783855438,142.2989959716797,0,0,0.8812487327554911,2305843042155763296,229.4110169884087,2.040236876936107,main,backup,31416,95.680695,578.6532,1210.8995,0.2967172702807159
2M16315677+0020107,247.986553,0.336332,4705.44970703125,2.4835546016693115,-0.6897397041320801,91.46673583984375,0.10689307749271393,0.036391232162714005,146.3520050048828,0,0,0.8269173555912023,2305843041870570406,247.9865297835316,0.3362528982584494,main,backup,31146,113.39434,1046.658,224.2457,0.29677783729076906
2M12120426+0458316,183.017755,4.975454,4827.337890625,2.512295961380005,-0.2513023316860199,91.46673583984375,0.10689307749271393,0.03085307963192463,84.80290222167969,0,4608,9.289069934141056,2305843038234090215,183.0176952057782,4.975396978611566,main,backup,27676,101.42439,885.8166,259.5307,0.29686130314856823
2M13503236+2716407,207.634872,27.277973,5472.25732421875,3.778993606567383,-0.23695813119411469,91.46673583984375,0.10689307749271393,0.03397533670067787,138.79600524902344,0,1536,8.157689627974364,2305843020026617111,207.6348277820842,27.27790049544534,main,backup,10313,136.19492,1150.5668,574.6556,0.296895216835764
2M15195099+0043546,229.962492,0.731841,5389.83544921875,3.2388219833374023,-0.30109408497810364,91.46673583984375,0.10689307749271393,0.033651821315288544,78.72440338134766,64,71172,16.22190124192419,2305843042147383113,229.9624389412127,0.7317777872675034,main,backup,31410,130.78851,1149.5405,1747.8756,0.2970954438808681
2M13561390+4239227,209.057932,42.656319,4687.60986328125,2.5231313705444336,-0.47582459449768066,91.46673583984375,0.10689307749271393,0.033404640853405,130.20199584960938,0,1536,8.161180765335216,2305843020378931398,209.0578573098463,42.65625721048004,main,backup,10651,137.81027,1122.1073,1814.5289,0.29763087859338516
2M15090070+2622283,227.252937,26.374544,4926.60205078125,3.14404296875,-0.458600789308548,91.46673583984375,0.10689307749271393,0.03407043218612671,117.30799865722656,0,1536,8.174854392661981,2305843018638304819,227.2528739444363,26.37448347204528,main,backup,8990,123.7081,1072.5654,1210.3293,0.298061475780955
2M14154600+0425158,213.941705,4.421065,3911.93310546875,-0.16272714734077454,-1.733591079711914,91.46673583984375,0.10689307749271393,0.04949648305773735,285.0119934082031,0,512,7.066398512361885,2305843036539585034,213.9417240276646,4.421145694924189,main,backup,26063,112.872185,887.79254,1203.8068,0.29842179076097347
2M12221002-0115386,185.541781,-1.26073,4953.71044921875,3.4543848037719727,-0.5600689649581909,91.46673583984375,0.10689307749271393,0.036614976823329926,301.8280029296875,0,0,0.756002010788509,2305843036740918656,185.5417206192524,-1.260786877488202,main,backup,26254,159.0516,1051.0789,602.914,0.2985856219986391
2M15203738-0142044,230.155756,-1.701234,4355.931640625,1.4812451601028442,-0.8934252262115479,91.46673583984375,0.10689307749271393,0.038246531039476395,288.4930114746094,0,512,7.008939011090252,2305843042109624216,230.1557023558626,-1.701297295108494,main,backup,31372,81.69178,681.2264,1206.1154,0.2986357395261153
2M12035412-0057232,180.975534,-0.956447,4724.4853515625,2.747361898422241,-0.3108282685279846,91.46673583984375,0.10689307749271393,0.032516688108444214,208.46600341796875,0,516,7.020413796312548,2305843036053054753,180.9754510163509,-0.956454209421687,main,backup,25597,151.65915,942.73254,609.2456,0.29982495785256263
2M12054427-0120515,181.434459,-1.347646,4910.05810546875,3.345348834991455,0.1061650738120079,91.46673583984375,0.10689307749271393,0.028397422283887863,166.24600219726562,0,2560,8.622437244458096,2305843036044661991,181.4343775388274,-1.347663598631996,main,backup,25591,196.4463,1199.9983,609.2456,0.2999464159422367
2M13281435-0032448,202.059798,-0.5458,4883.9462890625,2.91821551322937,-0.8210018277168274,91.46673583984375,0.10689307749271393,0.03860234469175339,115.60900115966797,0,0,0.8613727030699745,2305843036321481627,202.0597510679306,-0.5458690683560066,main,backup,25855,104.54421,800.4983,831.13,0.30061308572533263
2M14421168+4614278,220.548667,46.24107,4856.14013671875,3.007634162902832,-0.6325313448905945,91.46673583984375,0.10689307749271393,0.03711290284991264,218.52699279785156,0,0,0.7906606207477601,2305843020341186893,220.5485494085793,46.24108896697378,main,backup,10615,124.22497,1083.6196,369.2197,0.30064180066527746
2M11551240+5442327,178.801705,54.709087,4890.22509765625,3.1716442108154297,0.107339046895504,91.46673583984375,0.10689307749271393,0.028626348823308945,194.5590057373047,0,1536,8.097376898699482,2305843015475793352,178.8016630148225,54.70900696033556,main,backup,5975,104.128426,895.1037,601.0594,0.3010836397149418
2M12234774-0156576,185.948919,-1.949351,4807.4052734375,2.2465498447418213,-1.3027061223983765,91.46673583984375,0.10689307749271393,0.04503355920314789,78.06520080566406,0,0,0.9323841385389775,2305843036740911698,185.9488750396445,-1.949422305242999,main,backup,26252,163.34851,1007.99554,602.914,0.3015140098279286
2M12221133+0017496,185.547217,0.297127,5194.197265625,3.6194212436676025,-0.3849770128726959,91.46673583984375,0.10689307749271393,0.034427378326654434,122.80999755859375,0,4,2.443943619191871,2305843036778662161,185.5472135208006,0.2970432230865905,main,backup,26288,123.834694,809.9389,602.914,0.30185684914571087
2M13442700+2625011,206.112537,26.416985,5542.61865234375,3.61850905418396,-0.7710868120193481,91.46673583984375,0.10689307749271393,0.041055820882320404,112.18399810791016,64,3072,13.081418083202973,2305843019980475282,206.1124433457993,26.41699047497552,main,backup,10269,164.0888,1402.2958,574.6556,0.3025919515145226
2M13481254-0053486,207.05228,-0.896857,4928.79443359375,2.9227776527404785,-0.3459821343421936,91.46673583984375,0.10689307749271393,0.03276234492659569,119.23300170898438,0,1540,8.16929903224251,2305843036497650775,207.0522953787423,-0.8969398483327129,main,backup,26020,144.80916,913.54315,604.758,0.30334767218984376
2M11472429+0041492,176.851211,0.697002,5816.5927734375,3.8962936401367188,-0.23157146573066711,91.46673583984375,0.10689307749271393,0.0352834090590477,144.23399353027344,0,1536,8.160413796208468,2305843037495888405,176.8511458317525,0.697055580964807,main,backup,26972,130.73193,879.0145,1362.5328,0.30370842165255413
2M11424626+0100137,175.692769,1.003823,4497.0546875,1.9671165943145752,-0.2457629144191742,91.46673583984375,0.10689307749271393,0.03085702285170555,232.9499969482422,0,512,6.993293845398385,2305843037491698927,175.6927370119245,1.003901348282758,main,backup,26971,117.09832,1055.6431,606.2719,0.3046496954849984
2M16062132+2418520,241.588868,24.314468,4718.904296875,2.667067766189575,-0.3522682785987854,91.46673583984375,0.10689307749271393,0.031832899898290634,109.18199920654297,0,4,2.4426326846420934,2305843018202088251,241.5888307468147,24.31439046496937,main,backup,8575,48.05529,402.29,605.4429,0.3047098121555213
2M12234922+2538297,185.955098,25.641592,5274.42626953125,3.81329345703125,-0.24380753934383392,91.46673583984375,0.10689307749271393,0.033032067120075226,118.76799774169922,0,2560,8.679001396266571,2305843039077144921,185.9551073501668,25.64150770507983,main,backup,28481,127.3865,1157.9221,483.4626,0.30497519678244
2M11463905-1038516,176.662738,-10.64767,4947.13232421875,2.713031768798828,-0.49665406346321106,91.46673583984375,0.10689307749271393,0.035584114491939545,187.33200073242188,0,0,0.7983435621859345,2305843035939799341,176.6626829211673,-10.64773517409741,main,backup,25490,162.94626,1139.8134,1621.9397,0.30499822863824355
2M12101143+0459078,182.547665,4.985508,4872.7841796875,2.8374648094177246,-0.7203547954559326,91.46673583984375,0.10689307749271393,0.03735582157969475,129.25999450683594,0,512,7.084345338370355,2305843038229889859,182.5475813930152,4.985526354488667,main,backup,27673,110.437874,963.91003,259.5307,0.30704061411756683
2M14275113-0425319,216.963059,-4.425537,4809.09912109375,2.8171634674072266,-0.4707128405570984,91.46673583984375,0.10689307749271393,0.03352674841880798,103.83999633789062,0,4,2.456071746571527,2305843036355052878,216.9630071540059,-4.425469131074058,main,backup,25884,18.10974,111.35061,603.0247,0.30712438579430995
2M14580228+3734451,224.509527,37.579201,4992.08056640625,2.7052762508392334,-0.6561793684959412,91.46673583984375,0.10689307749271393,0.03809669613838196,253.43099975585938,0,0,0.7808241392449147,2305843018860597269,224.5095427443982,37.57911650255157,main,backup,9202,134.08005,1157.9578,603.9982,0.30748952175603356
2M06160272+3138446,94.011366,31.645733,5046.6962890625,3.4632809162139893,-0.0170024111866951,91.46673583984375,0.10689307749271393,0.030565587803721428,245.0290069580078,0,0,0.7465266210700239,2305843034840962647,94.01136684283124,31.6456473560508,main,backup,24440,9.376057,79.20859,600.0408,0.3083290370100648
2M13534973+4243440,208.457231,42.728897,5009.62109375,3.3707828521728516,-0.1862003654241562,91.46673583984375,0.10689307749271393,0.0319008007645607,169.47000122070312,0,512,7.03016754185707,2305843020404097220,208.4571517882392,42.72896010455258,main,backup,10673,132.47107,1081.071,1814.5289,0.3090109309951125
2M11025249-0531377,165.718721,-5.527141,4859.42919921875,2.4598309993743896,-1.094473123550415,91.46673583984375,0.10689307749271393,0.042324554175138474,101.36199951171875,0,0,0.8930148427502596,2305843037432976056,165.7186439360338,-5.527179865201159,main,backup,26915,118.72107,865.60376,1810.4094,0.30956365286742904
2M11501459-1403364,177.5608,-14.06012,4606.783203125,2.5408096313476562,-0.24830390512943268,91.46673583984375,0.10689307749271393,0.030750568956136703,152.3000030517578,0,0,0.7947567905980584,2305843035834948497,177.5607130435837,-14.06013688734594,main,backup,25388,129.12712,868.08093,1205.802,0.3096905509923229
2M14324497+0913180,218.1874,9.221673,4936.46875,2.6698052883148193,-0.6480419635772705,91.46673583984375,0.10689307749271393,0.037711989134550095,356.21099853515625,0,0,0.7449709081185925,2305843017975595186,218.1874135400928,9.221588008040856,main,backup,8356,119.92904,1084.9995,601.0638,0.3097309741024436
2M13494575+0018219,207.440634,0.306108,4626.61669921875,2.0941731929779053,-0.9634366035461426,91.46673583984375,0.10689307749271393,0.03984232246875763,148.5,0,4,2.4521635118906753,2305843036497645730,207.4405515624929,0.3061330428150689,main,backup,26021,121.03035,752.82947,604.758,0.3101623276816181
2M12214892-0154496,185.453874,-1.913785,4570.80517578125,2.5278074741363525,0.00688418373465538,91.46673583984375,0.10689307749271393,0.028509680181741714,351.17401123046875,0,0,0.7003794869511791,2305843036740918218,185.453817796846,-1.913850352553947,main,backup,26252,131.81293,844.1315,602.914,0.31023202981031006
2M14590574+3730402,224.773927,37.511189,4685.716796875,2.661137104034424,-0.43919962644577026,91.46673583984375,0.10689307749271393,0.03386705368757248,229.60499572753906,0,0,0.7695082676697309,2305843018860602282,224.7738326280318,37.51123183840674,main,backup,9203,125.42473,1078.5214,603.9982,0.31049890590805207
2M11080399-1233042,167.016652,-12.551191,4771.3271484375,2.927340030670166,-0.25206121802330017,91.46673583984375,0.10689307749271393,0.03164542466402054,168.06900024414062,0,4,2.398877970443511,2305843035780424979,167.016575733802,-12.55123470197686,main,backup,25336,162.41805,1215.1415,2361.23,0.31076388597024796
2M14444435+1148174,221.184799,11.80484,4866.20654296875,3.12727689743042,0.22073489427566528,91.46673583984375,0.10689307749271393,0.02640717476606369,95.65910339355469,0,3076,8.85087083649871,2305843017992378075,221.1847774885955,11.80475625186302,main,backup,8373,133.34723,1219.1002,601.4184,0.31087671291155683
2M11054588-0617189,166.441172,-6.288585,5056.1640625,3.3988404273986816,-0.4295618534088135,91.46673583984375,0.10689307749271393,0.03540632873773575,207.19000244140625,0,512,7.027706001653859,2305843037432980504,166.4411504222367,-6.288501194648574,main,backup,26913,97.3758,705.7331,1810.4094,0.31142289999325873
2M10200545+0243594,155.022734,2.733171,5076.7939453125,3.382188320159912,-0.19906476140022278,91.46673583984375,0.10689307749271393,0.03200419992208481,143.78599548339844,0,0,0.8067389501063431,2305843037969842751,155.0226604786911,2.733216719437586,main,backup,27424,147.80986,1187.0441,240.0633,0.3114230700059546
2M15155379-0052069,228.974161,-0.868611,4653.82421875,2.683149576187134,-0.33244287967681885,91.46673583984375,0.10689307749271393,0.031392764300107956,113.11799621582031,0,0,0.8274841511344366,2305843042134789993,228.9742355915101,-0.8686548498274512,main,backup,31396,143.6605,1254.0842,1747.8756,0.3114660005914508
2M11273291+5147597,171.887125,51.799927,4861.02392578125,3.0099151134490967,-0.5310171842575073,91.46673583984375,0.10689307749271393,0.035102471709251404,149.13699340820312,0,512,7.05887701344396,2305843015459017698,171.8870935575893,51.79984205897524,sv2,backup,5959,41.40683,356.80103,139.7048,0.31369736738256604
2M12302432-0157427,187.60135,-1.961885,5033.14208984375,3.78049373626709,0.3478311002254486,91.46673583984375,0.10689307749271393,0.026339787989854813,146.35800170898438,0,4,2.3860939775984087,2305843036732533922,187.6012807265663,-1.961938371652097,main,backup,26245,96.535065,658.4496,343.972,0.3147009026901895
2M13574420+4357374,209.434195,43.9604,5389.1376953125,3.1424460411071777,-1.689967393875122,91.46673583984375,0.10689307749271393,0.05701227858662605,112.41799926757812,64,0,5.130584278984792,2305843020383132629,209.4340748104323,43.96038690473142,main,backup,10654,113.614685,956.46625,1814.5289,0.31500107814682676
2M12215881+0005265,185.495061,0.090709,5017.7939453125,3.8562936782836914,-0.3511175811290741,91.46673583984375,0.10689307749271393,0.0333770290017128,132.79299926757812,640,0,7.284528845929058,2305843036766076928,185.4949790745279,0.0906780769086171,main,backup,26277,106.12487,705.9172,602.914,0.3152416986060276
2M12093647-0156057,182.401975,-1.934918,4673.1591796875,1.851807713508606,-1.004116177558899,91.46673583984375,0.10689307749271393,0.04015587270259857,114.46700286865234,0,0,0.8701245099392596,2305843036761892123,182.4020403503623,-1.934976362268408,main,backup,26272,140.5628,836.3094,834.0518,0.31532291716396815
2M11490227-0208108,177.259494,-2.136354,4795.24609375,2.9601874351501465,-0.4292116165161133,91.46673583984375,0.10689307749271393,0.03262340649962425,76.31990051269531,0,4,2.4820034345637136,2305843037483305438,177.2595794427646,-2.136374647268089,main,backup,26960,157.43648,943.329,602.0572,0.31623967664083286
2M15185410+3501008,229.725418,35.016907,5048.78857421875,2.502943754196167,-1.7189162969589233,91.46673583984375,0.10689307749271393,0.05545131489634514,123.85299682617188,64,2048,12.738280917027007,2305843018831233782,229.7253332311108,35.01685314944594,main,backup,9172,119.44845,927.025,1461.9958,0.31630078198446565
2M11483510+0106313,177.146281,1.10871,4784.18359375,2.695695638656616,-0.34892645478248596,91.46673583984375,0.10689307749271393,0.0332147479057312,329.2929992675781,0,0,0.7303193522145472,2305843037495887514,177.1462322651365,1.108636672493346,main,backup,26972,150.33804,1005.0457,1362.5328,0.31694562290089506
2M16063101+2420288,241.62924,24.341337,4562.13427734375,2.3789665699005127,0.12617039680480957,91.46673583984375,0.10689307749271393,0.027322154492139816,273.4200134277344,0,0,0.7193884160141251,2305843018202088239,241.6291843850697,24.34126470582769,main,backup,8575,45.164345,377.3732,605.4429,0.3178212790261724
2M12185769-0050206,184.740396,-0.839067,4875.97314453125,2.513436794281006,-0.2854918837547302,91.46673583984375,0.10689307749271393,0.03286245837807655,283.9949951171875,0,512,6.9835846015448,2305843036740921515,184.7403081205005,-0.8390757665331566,main,backup,26254,144.3943,946.65576,602.914,0.3179026755147008
2M15141870+3127011,228.577927,31.450331,4896.205078125,3.1086862087249756,0.04511318728327751,91.46673583984375,0.10689307749271393,0.028751924633979797,148.14500427246094,0,512,7.027787193161879,2305843018722186323,228.5778587800191,31.4502645176301,main,backup,9069,127.65829,1077.7825,861.0181,0.31808423499568783
2M14250066-0501112,216.252767,-5.019798,5081.9765625,3.4021477699279785,-0.3856359124183655,91.46673583984375,0.10689307749271393,0.03361166641116142,97.79139709472656,0,4,2.4624388181835033,2305843036350843764,216.2526965311395,-5.019744260832486,main,backup,25881,22.467655,145.99352,603.0247,0.318264005867628
2M16345378-0030099,248.724113,-0.502764,5496.37548828125,2.7175939083099365,-2.2301244735717773,91.46673583984375,0.10689307749271393,0.07205120474100113,137.47300720214844,0,67072,12.124968966302946,2305843041870593228,248.7240984520628,-0.5028513690273814,main,backup,31144,106.76825,991.37805,224.2457,0.3188586703994817
2M13231873-0107318,200.828073,-1.125523,4924.3095703125,2.885823965072632,-1.0867773294448853,91.46673583984375,0.10689307749271393,0.04324088618159294,142.16900634765625,0,4,2.473483390239811,2305843036677998738,200.8279859389157,-1.12550630933992,main,backup,26193,130.29448,1001.643,831.13,0.3190681857900076
2M12294999-0158227,187.458315,-1.972977,4634.98828125,2.61540150642395,-0.1993975043296814,91.46673583984375,0.10689307749271393,0.030901430174708366,278.3110046386719,0,0,0.7355181899736163,2305843036732525950,187.4582265816587,-1.972969483526352,main,backup,26247,89.26757,605.5837,343.972,0.3192660983935782
2M15044407+2559318,226.183652,25.992182,4857.13671875,3.3033769130706787,0.46381208300590515,91.46673583984375,0.10689307749271393,0.025271838530898094,211.12899780273438,8,2564,10.781821697008983,2305843018659272646,226.1835880303803,25.99211437733035,main,backup,9009,116.41188,972.24896,1210.3293,0.31954946034042114
2M13460488+2620179,206.520348,26.338306,5421.42919921875,3.945493698120117,0.44576507806777954,91.46673583984375,0.10689307749271393,0.026894254609942436,162.1179962158203,8,0,2.9664920925738136,2305843020026614958,206.5202612521256,26.33826293052144,main,backup,10312,143.98401,1237.5033,574.6556,0.3199525331774399
2M16133050+2431238,243.37711,24.523279,4720.5986328125,1.978293776512146,-1.9162046909332275,91.46673583984375,0.10689307749271393,0.05907626077532768,216.90499877929688,0,0,0.9012190120334037,2305843018919314975,243.3770146030113,24.52325983998677,main,backup,9256,97.08442,877.4779,603.1343,0.3199723473981462
2M15075064+2520013,226.961034,25.3337,4950.42138671875,3.361658811569214,-0.0410785973072052,91.46673583984375,0.10689307749271393,0.030443934723734856,205.66799926757812,0,2048,8.388459084511519,2305843018634113073,226.9609733801938,25.33377002136952,main,backup,8987,110.210266,964.9792,1210.3293,0.3200750534668879
2M14564000+4250550,224.166691,42.848618,4916.6357421875,3.315694808959961,-0.1132279485464096,91.46673583984375,0.10689307749271393,0.029886893928050995,98.50330352783203,0,0,0.8336590115463023,2305843021024859404,224.1665727354343,42.84859804058054,main,backup,11266,134.46777,1161.3363,385.5524,0.3203052590213777
2M13581235+4209378,209.551469,42.160515,4959.091796875,3.3006393909454346,-0.45175570249557495,91.46673583984375,0.10689307749271393,0.033908989280462265,100.55699920654297,0,0,0.8517265518583119,2305843020378937672,209.5513770345485,42.16057246464357,main,backup,10651,128.61165,1026.2031,1814.5289,0.32097516457263486
2M11463511-0128292,176.646316,-1.474781,5026.66357421875,3.432828426361084,0.14530089497566223,91.46673583984375,0.10689307749271393,0.02817733772099018,142.49400329589844,0,1540,8.128687825776154,2305843037483312972,176.6463414717575,-1.474866559756826,main,backup,26962,185.76607,1121.3256,602.0572,0.3213663486406931
2M12100079+0417482,182.503293,4.296744,4652.2294921875,2.334599494934082,-0.7909536957740784,91.46673583984375,0.10689307749271393,0.03662298247218132,85.69039916992188,0,4608,9.31689041733357,2305843038221507966,182.5033160597147,4.296657669081906,main,backup,27667,106.83454,918.76654,259.5307,0.32162717200859287
2M11232773+5145345,170.865579,51.759594,4804.91357421875,2.953686237335205,-0.19631218910217285,91.46673583984375,0.10689307749271393,0.03148995339870453,194.92999267578125,0,512,7.014193497040067,2305843015459017537,170.8656123312155,51.75950702838767,sv2,backup,5958,53.34948,456.70758,139.7048,0.3217862545496919
2M11314806+5206590,172.950265,52.116398,4833.6162109375,2.5416080951690674,-1.116557240486145,91.46673583984375,0.10689307749271393,0.04350350797176361,159.64700317382812,0,512,7.094116068324676,2305843015471602252,172.950188558177,52.11632179915471,sv2,backup,5970,36.47663,308.30753,139.7048,0.32219334001762123
2M12260636-0044025,186.526518,-0.734029,4950.72021484375,2.7497572898864746,-0.9235145449638367,91.46673583984375,0.10689307749271393,0.04084349051117897,141.83999633789062,0,1024,7.784736460815424,2305843036753503042,186.5265432154195,-0.7341150470366935,main,backup,26264,146.88133,930.0105,602.914,0.32279386585469966
2M15045336+2542092,226.22236,25.702562,5054.1708984375,3.203237295150757,-0.9002000689506531,91.46673583984375,0.10689307749271393,0.040874965488910675,131.2949981689453,0,2048,8.485222175712204,2305843018634112353,226.2222708730976,25.70252208785975,main,backup,8987,131.80786,1110.0981,1210.3293,0.3228465933520171
2M11515878-0028178,177.99494,-0.471625,5031.34765625,3.5880565643310547,-0.28154176473617554,91.46673583984375,0.10689307749271393,0.03255147114396095,127.4229965209961,0,0,0.8214680345306593,2305843037487507732,177.9948960398895,-0.4717032621679336,main,backup,26966,135.94235,947.35785,1362.5328,0.32314541873414665
2M12592672+5719345,194.861368,57.326267,4856.9375,3.1394808292388916,-0.6238775253295898,91.46673583984375,0.10689307749271393,0.03676909953355789,183.81300354003906,0,0,0.8061546718428056,2305843020961940825,194.8612635346759,57.32619711425737,main,backup,11205,125.14805,908.6897,603.2509,0.323290024296133
2M12270605+5518143,186.775226,55.303993,4837.30419921875,2.845334768295288,-0.7191126346588135,91.46673583984375,0.10689307749271393,0.03820229694247246,202.53700256347656,0,2048,8.428777477433904,2305843020940970877,186.7752302356837,55.30390314214578,main,backup,11184,142.13908,1305.8134,604.0552,0.3236047012045465
2M10175877+0232471,154.49491,2.546436,4758.171875,2.6039958000183105,-0.15580224990844727,91.46673583984375,0.10689307749271393,0.030902402475476265,198.69200134277344,0,0,0.7690780201478996,2305843037789491702,154.4948473461693,2.546500601580182,main,backup,27253,124.163055,1026.404,240.0633,0.32382230632265196
2M11521910+0146509,178.079592,1.78083,5005.43505859375,3.240304946899414,-0.2408866435289383,91.46673583984375,0.10689307749271393,0.031195560470223427,63.50920104980469,2176,0,8.56924370342524,2305843038213122175,178.0795068552109,1.780800448362028,main,backup,27656,130.1283,878.7465,1362.5328,0.32431850903064174
2M13481700+0017116,207.070836,0.286568,4543.0986328125,2.3422412872314453,-0.44762200117111206,91.46673583984375,0.10689307749271393,0.03334856033325195,276.5639953613281,0,0,0.7483812760107327,2305843036497649043,207.0707506191484,0.2865378308328268,main,backup,26021,130.8528,805.70764,604.758,0.32599160146760514
2M12092632-0122080,182.359704,-1.368889,4833.81591796875,2.55985689163208,-0.40291687846183777,91.46673583984375,0.10689307749271393,0.03407738357782364,310.7239990234375,0,1536,8.078006470044675,2305843036761885211,182.3597866286627,-1.368926127424438,main,backup,26274,161.244,981.824,609.2456,0.3260345119327279
2M15201555-0000187,230.064805,-0.005195,4709.43603515625,2.419912338256836,-0.4703206419944763,91.46673583984375,0.10689307749271393,0.03278840705752373,80.03289794921875,0,2052,8.495757556728606,2305843042134804535,230.0647915424663,-0.0052846191496944,main,backup,31397,119.942635,1064.6272,1747.8756,0.3262461582374484
2M11315467+0431378,172.977828,4.527194,4789.5654296875,2.599433660507202,-0.8660153150558472,91.46673583984375,0.10689307749271393,0.038216497749090195,78.84390258789062,0,4,2.5067566764836657,2305843037621723150,172.9778276479969,4.527103317236716,main,backup,27092,148.04906,1005.3867,722.1162,0.32646039195274945
2M12184031+3939340,184.667973,39.659466,5025.5673828125,3.2963054180145264,-0.3242033123970032,91.46673583984375,0.10689307749271393,0.0323331393301487,72.99659729003906,0,512,7.115783257259384,2305843020630595996,184.6678632140271,39.6594327215255,main,backup,10891,117.72916,1097.6929,859.2914,0.3270040656745199
2M12151202+5710072,183.800087,57.168671,4702.2607421875,2.5286059379577637,-0.6793497204780579,91.46673583984375,0.10689307749271393,0.036746785044670105,182.16700744628906,0,4,2.416375629486999,2305843020949359352,183.8000481144029,57.16858264511025,main,backup,11193,89.2089,858.68994,603.3381,0.3270072461458251
2M12214228+2602244,185.426187,26.040119,5301.83349609375,3.911693572998047,-0.8105541467666626,91.46673583984375,0.10689307749271393,0.0419495515525341,240.69900512695312,0,0,0.8052220670032664,2305843039077139460,185.4262374549526,26.0400402370315,main,backup,28482,129.16588,1148.5056,483.4626,0.32715855802493893
2M11505716-1226503,177.738199,-12.447316,4837.0048828125,2.1257662773132324,-1.6041295528411865,91.46673583984375,0.10689307749271393,0.05285611003637314,185.7010040283203,0,3072,8.915982895878606,2305843035847531803,177.7381107113657,-12.44734560924377,main,backup,25402,97.19474,616.01465,1205.802,0.3281623166427675
2M12272221+5813008,186.842573,58.216904,4881.05615234375,2.950150728225708,-0.5112606287002563,91.46673583984375,0.10689307749271393,0.034501973539590836,116.28299713134766,0,0,0.8402945147777202,2305843020991300936,186.8424119391094,58.21687049285881,main,backup,11232,156.68193,1345.8077,264.8036,0.3283534014997322
2M13250409-0030074,201.267082,-0.502083,4875.67431640625,3.4177732467651367,0.17893190681934357,91.46673583984375,0.10689307749271393,0.02793220989406109,228.4409942626953,0,0,0.7403400867827552,2305843036682192854,201.2670307714972,-0.502158475605656,main,backup,26196,122.52737,962.0401,831.13,0.32838482909386246
2M12261747+0020028,186.572806,0.334127,5144.46533203125,3.5350213050842285,-0.5400504469871521,91.46673583984375,0.10689307749271393,0.035580966621637344,81.14939880371094,0,0,0.8812945068858955,2305843036753495605,186.5727995754659,0.3340359935735384,main,backup,26266,136.47311,842.9686,602.914,0.3284384567775736
2M11564263+5515038,179.177665,55.251068,4749.9990234375,2.57057785987854,-0.49756765365600586,91.46673583984375,0.10689307749271393,0.03483644500374794,197.47500610351562,0,0,0.789359533578277,2305843015475798472,179.1776412749033,55.2509776798246,main,backup,5975,112.81608,968.58954,601.0594,0.3287768343231573
2M12230260-0109467,185.760865,-1.162974,5034.23828125,3.0141351222991943,-0.7027527689933777,91.46673583984375,0.10689307749271393,0.0368279330432415,55.147300720214844,2176,4,10.220726404543692,2305843036740916606,185.7607754613344,-1.162992091501584,main,backup,26253,114.325485,766.91846,602.914,0.328788069254187
2M11314379+0407011,172.93246,4.116978,4917.33349609375,2.8765854835510254,-0.9801993370056152,91.46673583984375,0.10689307749271393,0.04111632704734802,116.36299896240234,0,0,0.8732980929286739,2305843037621716628,172.9323685701207,4.116983269699279,main,backup,27092,150.51929,1032.9297,722.1162,0.32884588283639044
2M12203444+2659438,185.143524,26.995504,4930.78759765625,3.258667469024658,0.012762274593114853,91.46673583984375,0.10689307749271393,0.028735065832734108,106.12200164794922,0,0,0.8205221168353103,2305843039085529904,185.1435240541234,26.99559540330841,main,backup,28489,132.57146,1002.437,775.5134,0.32905195607644405
2M11183303-0018461,169.637637,-0.312832,4967.6630859375,3.0991055965423584,-0.4162328243255615,91.46673583984375,0.10689307749271393,0.033639051020145416,109.82599639892578,0,512,7.081918589534138,2305843037508475928,169.6375460260213,-0.312842579275291,main,backup,26986,100.97776,798.81104,363.2027,0.32970849433985183
2M11544921-1153158,178.705072,-11.887732,4982.2138671875,2.7247793674468994,-0.6932392716407776,91.46673583984375,0.10689307749271393,0.03795254975557327,158.91600036621094,0,516,7.074584381715848,2305843035847529456,178.7049784755937,-11.88772565868626,main,backup,25403,135.12915,826.7393,1812.152,0.3302569135462433
2M12205445-0112044,185.226908,-1.201232,4812.18896484375,2.549478054046631,-0.4794304072856903,91.46673583984375,0.10689307749271393,0.034924477338790894,340.4079895019531,0,0,0.7355581918638378,2305843036740918927,185.2269085295079,-1.201323831738893,main,backup,26254,152.52684,1006.3356,602.914,0.3305997532734022
2M15572060+2720146,239.335866,27.337397,4821.9560546875,2.7398345470428467,-0.21032418310642242,91.46673583984375,0.10689307749271393,0.030062176287174225,56.981998443603516,2176,516,14.822287184503795,2305843019019980904,239.3358592645335,27.33730517717193,main,backup,9354,96.89538,980.6116,607.25,0.3312632067336034
2M15142818-0055049,228.617457,-0.91804,4945.0400390625,2.5231313705444336,-1.5186704397201538,91.46673583984375,0.10689307749271393,0.051470112055540085,165.11599731445312,0,4,2.4997634667749713,2305843042130600839,228.6174712704936,-0.9181309218707352,main,backup,31393,133.64055,1144.5103,1747.8756,0.33132482765750026
2M13573185+4305312,209.382744,43.092014,5015.70068359375,3.313185691833496,-0.1391291618347168,91.46673583984375,0.10689307749271393,0.031775303184986115,232.46200561523438,0,1536,8.095405951157598,2305843020378931376,209.3826181990255,43.09201962928541,main,backup,10651,134.58734,1112.2399,1814.5289,0.3313418803526454
2M11235345+5223186,170.972739,52.388508,4908.46337890625,2.993263006210327,-0.8133939504623413,91.46673583984375,0.10689307749271393,0.03888827562332153,133.58999633789062,0,0,0.8484616952088438,2305843015467404262,170.9726891076044,52.38842114297887,sv2,backup,5964,33.75629,288.5013,139.7048,0.33134314595830394
2M03201739+0037428,50.072492,0.62858,4969.75634765625,3.0501761436462402,-0.7399559020996094,91.46673583984375,0.10689307749271393,0.038199927657842636,136.08099365234375,0,1028,7.779528805950711,2305843033557436704,50.07258406574158,0.6285792769006926,main,backup,23216,131.35492,832.38513,604.0785,0.33142694762821945
2M12415244-0325242,190.468513,-3.423411,4990.48583984375,3.239734649658203,-0.506462574005127,91.46673583984375,0.10689307749271393,0.03476082906126976,103.50299835205078,0,512,7.093402040537242,2305843036644452797,190.4684482330642,-3.423476553799696,main,backup,26162,130.72751,914.832,601.8253,0.33145618015354766
2M16100207+2415280,242.508638,24.257797,4696.6796875,2.4937052726745605,-0.6586131453514099,91.46673583984375,0.10689307749271393,0.03669874742627144,240.97900390625,0,2048,8.40395941559864,2305843018919331298,242.5085386209232,24.25777897086497,main,backup,9258,50.80515,410.50137,605.4429,0.3325712067201143
2M03163982+0118176,49.165924,1.304913,4623.626953125,2.551645040512085,0.03688640147447586,91.46673583984375,0.10689307749271393,0.028405960649251938,244.61599731445312,0,0,0.735896496662429,2305843033565832391,49.16595417388623,1.304825618402948,main,backup,23224,84.31642,504.7951,604.0785,0.33279142205552265
2M13460807+2650132,206.533627,26.837019,4871.189453125,3.4365921020507812,0.07079727947711945,91.46673583984375,0.10689307749271393,0.028982078656554222,337.26800537109375,0,2048,8.331877318258448,2305843020026616482,206.5335244953717,26.83700453826359,main,backup,10312,134.5443,1165.5508,574.6556,0.33336195550759995
2M14593375+3730077,224.89066,37.50214,4918.4296875,3.096710443496704,-0.6274226307868958,91.46673583984375,0.10689307749271393,0.036537572741508484,143.72000122070312,0,0,0.8294514051512067,2305843018860605436,224.8905507540508,37.50217266847865,main,backup,9203,125.18222,1071.5826,603.9982,0.33343454293941055
2M12070769+0032549,181.782068,0.548607,4789.96435546875,2.0313291549682617,-1.5657376050949097,91.46673583984375,0.10689307749271393,0.04922797903418541,56.2317008972168,2176,65536,19.761745934797403,2305843036770271600,181.7821052509942,0.5485221468581025,main,backup,26283,158.60205,995.1755,609.2456,0.33360881762281985
2M13232300-0038141,200.84584,-0.637271,4376.9609375,1.6937282085418701,-0.8039050698280334,91.46673583984375,0.10689307749271393,0.03711666539311409,358.2640075683594,0,0,0.741421201827166,2305843036682199046,200.8457492370651,-0.6372901468044441,main,backup,26196,118.2102,923.51556,831.13,0.3339180262686245
2M12295618-0143586,187.484112,-1.732966,4653.724609375,2.0049824714660645,-0.8127820491790771,91.46673583984375,0.10689307749271393,0.03825035318732262,176.6909942626953,0,0,0.8174907868892981,2305843036732522615,187.4840201217936,-1.732951836668713,main,backup,26247,142.80827,941.13324,343.972,0.334518939789482
2M12594158+4150252,194.923271,41.840359,4838.599609375,3.2112209796905518,-0.03300587460398674,91.46673583984375,0.10689307749271393,0.029137752950191498,131.40899658203125,0,1536,8.138930575564439,2305843020592848342,194.9232562319755,41.84026656537811,main,backup,10854,87.48472,776.35,745.2322,0.33511358492555704
2M14430115+4708360,220.754829,47.143345,4990.884765625,3.0603270530700684,-0.9591816663742065,91.46673583984375,0.10689307749271393,0.04149390384554863,135.26600646972656,0,4,2.469690167525688,2305843021066804834,220.754865789779,47.14325523086526,main,backup,11304,112.97665,1002.1815,603.6345,0.3354894430001503
2M11482971+0213516,177.123807,2.231004,4993.1767578125,3.1244256496429443,-0.4285943806171417,91.46673583984375,0.10689307749271393,0.034668710082769394,167.6300048828125,0,0,0.8048164773459214,2305843037495886885,177.1237165682793,2.230980049755814,main,backup,26975,89.70317,788.2253,602.1616,0.3365396880289247
2M12273161-0048283,186.881724,-0.807882,4843.8818359375,2.843738079071045,-0.8534516096115112,91.46673583984375,0.10689307749271393,0.04015471413731575,223.93099975585938,0,0,0.8034378283403887,2305843036753506061,186.8816567360645,-0.8079469649334724,main,backup,26264,147.8574,908.5956,602.914,0.3366333042638842
2M03184752+0048223,49.698025,0.806214,4894.11181640625,3.1450693607330322,0.3013365864753723,91.46673583984375,0.10689307749271393,0.025877565145492554,105.6729965209961,0,1536,8.144242390886987,2305843033557441477,49.69811643583688,0.8061936121741043,main,backup,23218,127.65682,819.94196,604.0785,0.3372206783521657
2M14455644+4709594,221.485198,47.166523,4810.9931640625,2.4860634803771973,-1.002040982246399,91.46673583984375,0.10689307749271393,0.040650010108947754,101.802001953125,0,0,0.8842131942322368,2305843021058409106,221.4852337866276,47.1664324512845,main,backup,11299,92.54947,819.81866,603.6345,0.33753781205996447
2M11472591+0031283,176.857967,0.524547,5021.08251953125,3.514833688735962,-0.07748384773731232,91.46673583984375,0.10689307749271393,0.03057854063808918,155.06399536132812,0,1536,8.129697458144426,2305843037495888499,176.8578872111126,0.5245964807520357,main,backup,26972,137.918,926.102,1362.5328,0.337979951460572
2M10195171+0142005,154.965483,1.700152,4801.42529296875,2.8419129848480225,-0.37165066599845886,91.46673583984375,0.10689307749271393,0.03249702602624893,117.14700317382812,0,512,7.069811637825636,2305843037764326010,154.9653896060402,1.700140073652946,main,backup,27231,107.661545,788.3393,233.1737,0.33880172981910406
2M12450785-0214425,191.282709,-2.245161,4871.189453125,2.6029694080352783,-0.5425930619239807,91.46673583984375,0.10689307749271393,0.03599894419312477,298.3949890136719,0,0,0.7540619738530668,2305843036657025365,191.2826693168822,-2.24524663991861,main,backup,26172,79.12338,618.2036,1119.414,0.3397478636581175
2M03140322+0052116,48.513454,0.869906,4805.412109375,2.2475759983062744,-1.189931035041809,91.46673583984375,0.10689307749271393,0.044068679213523865,131.8820037841797,0,4608,9.311407060699636,2305843033553243039,48.51345954159513,0.8698117358477057,main,backup,23213,129.35709,794.04755,604.0785,0.339936709674185
2M13583847+4216143,209.660327,42.27066,5233.66357421875,2.6067333221435547,-1.3729043006896973,91.46673583984375,0.10689307749271393,0.050032101571559906,137.77200317382812,0,0,0.9011209021049775,2305843020378937393,209.6602374314683,42.2705925101935,main,backup,10651,153.8079,1216.3463,1814.5289,0.3405326442096068
2M13490876+0037319,207.28654,0.625537,4831.82275390625,2.6776750087738037,-0.5423680543899536,91.46673583984375,0.10689307749271393,0.03466171771287918,115.80500030517578,0,0,0.8415016269292819,2305843036497653903,207.2864635179697,0.6255927445729558,main,backup,26023,106.20404,643.2185,604.758,0.34069508935941534
2M11484648+0037009,177.19368,0.61692,4940.255859375,3.463395118713379,0.10267452895641327,91.46673583984375,0.10689307749271393,0.028918936848640442,309.8739929199219,0,512,6.955175389548166,2305843037495888047,177.1936596979172,0.6168274340389345,main,backup,26972,156.80757,1066.2092,1362.5328,0.3411573944987871
2M12442322-0353099,191.096774,-3.886103,5033.4404296875,2.775191307067871,-0.5948517918586731,91.46673583984375,0.10689307749271393,0.03569800779223442,75.76020050048828,0,2048,8.513772185277936,2305843036644452466,191.0966810251332,-3.886122425204953,main,backup,26160,136.03323,944.1607,601.8253,0.3411835107951487
2M12204659-0105079,185.194132,-1.085552,5253.69580078125,3.2051761150360107,-0.2193564623594284,91.46673583984375,0.10689307749271393,0.03219478577375412,81.79969787597656,0,3584,9.048088867043981,2305843036740919587,185.1940748948491,-1.085627675714822,main,backup,26254,150.97734,999.66016,602.914,0.34127243414005715
2M14584400+4146018,224.683345,41.767193,4872.6845703125,3.183391809463501,-0.44094380736351013,91.46673583984375,0.10689307749271393,0.03359905257821083,115.64800262451172,0,0,0.8363228017355756,2305843020307632465,224.6833074239498,41.76710237671826,main,backup,10581,117.65234,1029.7639,385.5524,0.34148914361956006
2M14545587+4119313,223.732799,41.325378,5064.63525390625,2.8000550270080566,-2.1866469383239746,91.46673583984375,0.10689307749271393,0.06635009497404099,107.08300018310547,32,512,10.744487562685544,2305843020307638240,223.7327402350318,41.32529391077865,main,backup,10580,125.482475,1124.772,385.5524,0.3418773843722455
2M13040452-0130383,196.018874,-1.510648,4937.36572265625,2.7390360832214355,-0.45179489254951477,91.46673583984375,0.10689307749271393,0.03373873606324196,94.79039764404297,0,2052,8.483778479071765,2305843036673802298,196.0187875017106,-1.510688277893939,main,backup,26190,104.35274,718.38336,911.8637,0.3434004272592914
2M15183438+0224058,229.643256,2.401622,5711.3486328125,3.224337100982666,-1.079619288444519,91.46673583984375,0.10689307749271393,0.046577319502830505,97.04149627685547,64,67588,16.214178938658044,2305843042155801967,229.6432740237469,2.401528129028671,main,backup,31417,106.33839,627.9429,1210.8995,0.34409756495893945
2M01543076-0131140,28.628188,-1.520572,5184.7294921875,3.3653082847595215,-0.25430116057395935,91.46673583984375,0.10689307749271393,0.03297936171293259,134.9149932861328,0,2052,8.444994887884999,2305843027882548435,28.62819137067532,-1.520476362115462,main,backup,17805,119.75576,802.79095,1209.8127,0.34451000132182574
2M11471706-1148529,176.821108,-11.81472,4676.64697265625,2.5616817474365234,-0.38024818897247314,91.46673583984375,0.10689307749271393,0.033029407262802124,192.6649932861328,0,512,7.023053525117905,2305843035927231338,176.8210286961314,-11.81477625521009,main,backup,25477,148.23766,1009.6876,1621.9397,0.3451140714646131
2M11311785+0442492,172.824414,4.713688,5062.64208984375,2.0297322273254395,-1.6279425621032715,91.46673583984375,0.10689307749271393,0.052883297204971313,87.42359924316406,64,0,5.1348334929383075,2305843037621718394,172.824348060133,4.713618086740268,main,backup,27094,135.00381,907.8388,722.1162,0.34542310312732055
2M10513031-0043057,162.876331,-0.718251,4953.6103515625,3.777493476867676,-0.3218728303909302,91.46673583984375,0.10689307749271393,0.03213438764214516,83.19000244140625,640,512,13.564913248863192,2305843037546218449,162.8763640411304,-0.7183413812253095,main,backup,27023,115.16552,985.47955,479.2288,0.3464298277468541
2M13572205+4235272,209.341915,42.590916,4960.08837890625,3.308851480484009,-0.4242169260978699,91.46673583984375,0.10689307749271393,0.03339831531047821,86.49720001220703,0,4,2.4735124360832454,2305843020378932105,209.3417913312747,42.59088483842002,main,backup,10651,142.77994,1160.9581,1814.5289,0.3464300744134296
2M11432327-0045240,175.846998,-0.756672,4529.84375,3.1832776069641113,-1.0008989572525024,91.46673583984375,0.10689307749271393,0.03874969854950905,73.6686019897461,640,70144,18.528035414981296,2305843037491693740,175.8470287933366,-0.7567632722962262,main,backup,26968,138.43774,819.0518,602.0572,0.34677356206435206
2M12173772+3914202,184.407197,39.238964,4872.2861328125,3.399752616882324,-0.25425368547439575,91.46673583984375,0.10689307749271393,0.031244225800037384,99.62359619140625,0,516,7.087368951429622,2305843020630593554,184.4070885196872,39.23891682556165,main,backup,10891,111.017006,1062.2617,859.2914,0.34688613240686933
2M13035575-0231144,195.982296,-2.520692,4511.904296875,2.2261340618133545,-0.48457595705986023,91.46673583984375,0.10689307749271393,0.03339758515357971,180.1269989013672,0,516,7.039354583010955,2305843036669614567,195.9822367218619,-2.52076806173218,main,backup,26185,150.10495,1035.5593,911.8637,0.34703118236382463
2M12435289-0322139,190.970394,-3.37053,4770.13134765625,2.6544079780578613,-0.6274917125701904,91.46673583984375,0.10689307749271393,0.036635033786296844,222.41400146484375,0,512,7.026791984589262,2305843036644451160,190.9703510907314,-3.370616388835403,main,backup,26162,135.88327,932.23,601.8253,0.3471317006046193
2M12291473-0223597,187.311411,-2.399918,4431.27734375,1.6763920783996582,-1.2522658109664917,91.46673583984375,0.10689307749271393,0.044114429503679276,298.52398681640625,0,512,7.034872168696451,2305843036732534186,187.3113168798435,-2.399939761283378,main,backup,26245,125.78681,979.31726,1052.3633,0.34748157884419
2M11491574-1134584,177.31561,-11.582894,4748.90283203125,2.8972294330596924,-0.1615225374698639,91.46673583984375,0.10689307749271393,0.03094337321817875,355.95098876953125,0,512,6.95147648905801,2305843035939811532,177.3155150251879,-11.58286750576586,main,backup,25488,164.82898,1109.7028,1621.9397,0.3482618499298371
2M11510756-1155183,177.781517,-11.921766,5057.26025390625,3.056563377380371,-0.07076983153820038,91.46673583984375,0.10689307749271393,0.03118850290775299,299.8179931640625,0,1536,8.067123343674586,2305843035847525476,177.7814187030846,-11.92177707376859,main,backup,25402,125.16883,824.95575,1621.9397,0.34852364211120485
2M14044127+5216371,211.171964,52.276978,4678.740234375,2.3898017406463623,-0.30075129866600037,91.46673583984375,0.10689307749271393,0.03220988065004349,313.70001220703125,0,0,0.7301310453601004,2305843020483796253,211.1719331601805,52.27688301244458,main,backup,10748,119.45176,1080.1486,601.7292,0.34863695615332596
2M15165535+0201075,229.230652,2.01877,4724.78466796875,2.8958609104156494,-0.1817757934331894,91.46673583984375,0.10689307749271393,0.031067978590726852,244.83999633789062,0,0,0.7491154290569039,2305843042155786545,229.2305762812379,2.018709520913163,main,backup,31416,91.86055,560.88715,1210.8995,0.348734592148001
2M16025547+2707136,240.731126,27.120464,4255.8701171875,1.4436073303222656,-0.6950116753578186,91.46673583984375,0.10689307749271393,0.03512151539325714,321.32598876953125,0,2560,8.590447947470789,2305843019019983841,240.7310330589958,27.12041215820177,main,backup,9353,91.60919,944.75806,607.25,0.3514479319450675
2M13073205-0242001,196.883563,-2.700044,4658.10986328125,2.595099687576294,-0.49358946084976196,91.46673583984375,0.10689307749271393,0.034381113946437836,197.8730010986328,0,1536,8.124470296110298,2305843036661227852,196.8835135485796,-2.70012827890455,main,backup,26179,152.48312,971.9983,911.8637,0.35167688406206277
2M11553788-1038355,178.907853,-10.643206,5024.86962890625,2.9216370582580566,-0.5805371999740601,91.46673583984375,0.10689307749271393,0.0353371761739254,65.74749755859375,2176,4,10.195978800252265,2305843035851734062,178.9078688403715,-10.64310894707244,main,backup,25406,174.11526,1066.2623,1812.152,0.3538569099910392
2M13010684-0253541,195.278536,-2.898377,4771.62646484375,2.4145517349243164,-0.4884665012359619,91.46673583984375,0.10689307749271393,0.033607032150030136,106.10399627685547,0,516,7.0929416326277455,2305843036669618050,195.2785949413101,-2.898455998333911,main,backup,26184,155.95317,1061.3716,911.8637,0.3546672805032822
2M14422458+1247015,220.602454,12.783763,4833.6162109375,3.1716442108154297,0.30193644762039185,91.46673583984375,0.10689307749271393,0.026629211381077766,262.71600341796875,0,4608,9.155668598072872,2305843017992384616,220.6025031531456,12.78367691046314,main,backup,8375,134.74153,1202.2395,601.4184,0.35472604447882206
2M12181772-0027124,184.573874,-0.453472,4581.56884765625,2.3103060722351074,-0.6316524147987366,91.46673583984375,0.10689307749271393,0.03515210375189781,152.5800018310547,0,512,7.056857828743631,2305843036766079726,184.5737802757199,-0.4535026708468948,main,backup,26276,117.06602,766.44574,602.914,0.35500438107346777
2M12265780+5521252,186.74086,55.357006,4837.1044921875,2.779981851577759,-0.5823204517364502,91.46673583984375,0.10689307749271393,0.03577060252428055,158.1269989013672,0,3072,8.846535939284776,2305843020940970371,186.7407592330554,55.35692559881801,main,backup,11184,139.57578,1279.1737,604.0552,0.3553912296737249
2M03183236-0008561,49.634861,-0.148918,4227.46630859375,1.622786521911621,-0.3559243083000183,91.46673583984375,0.10689307749271393,0.030987123027443886,340.9219970703125,0,0,0.715720978302389,2305843033544860763,49.63495201235492,-0.1489564067952919,main,backup,23205,144.81393,935.46735,604.0785,0.35562232792830173
2M12245476+0036091,186.228194,0.602532,4859.728515625,3.1053786277770996,0.405391126871109,91.46673583984375,0.10689307749271393,0.02493726648390293,113.48600006103516,8,0,2.9921092816206567,2305843036778660129,186.2281534308692,0.6024418446390719,main,backup,26288,119.507095,743.24963,602.914,0.3559025891702204
2M15190496-0132158,229.770672,-1.537742,4848.0673828125,2.477053165435791,-1.272178292274475,91.46673583984375,0.10689307749271393,0.045926518738269806,144.57000732421875,0,1540,8.215997343318262,2305843042109634814,229.7706951153187,-1.53783841019212,main,backup,31374,93.68053,792.29816,1747.8756,0.356906155024421
2M13422538+2653103,205.605752,26.886221,4932.58203125,3.652040719985962,0.3690820336341858,91.46673583984375,0.10689307749271393,0.026356320828199387,290.7019958496094,8,3072,10.936086098105438,2305843019980477262,205.6056456037866,26.88625070055648,main,backup,10271,155.94444,1290.9117,574.6556,0.35796507061767086
2M12122884+0359019,183.120172,3.983867,5066.62890625,2.926541566848755,-0.28008899092674255,91.46673583984375,0.10689307749271393,0.031956274062395096,69.4666976928711,2176,3072,16.594623597566457,2305843038221510242,183.1201255150073,3.9839550080177,main,backup,27667,105.5057,886.60205,259.5307,0.3581201282926265
2M03165923+0001237,49.246797,0.023262,4953.2119140625,2.579132080078125,-0.6802429556846619,91.46673583984375,0.10689307749271393,0.03823726996779442,242.14199829101562,0,2048,8.411172561695869,2305843033544859520,49.24689195434547,0.0232318297657967,main,backup,23205,127.34582,829.6854,604.0785,0.3586758115289837
2M14552949+4118459,223.872905,41.312752,4924.2099609375,2.583466053009033,-0.7394055128097534,91.46673583984375,0.10689307749271393,0.03730088472366333,90.44850158691406,0,512,7.119446296219971,2305843020307636726,223.8727945589867,41.31269677589865,main,backup,10580,123.61691,1100.3943,385.5524,0.3587576151990425
2M14533964+4506180,223.415201,45.105022,4930.38916015625,2.7916150093078613,-1.5101865530014038,91.46673583984375,0.10689307749271393,0.049931831657886505,100.21199798583984,0,65540,12.02261223397966,2305843021033251582,223.4150806209366,45.10496985883245,main,backup,11275,125.01192,1096.6432,369.2197,0.3588769478300426
2M11494005+5503558,177.416882,55.065525,4863.71484375,3.1310408115386963,-0.5488695502281189,91.46673583984375,0.10689307749271393,0.03604540601372719,287.69000244140625,0,0,0.757935310815171,2305843015484178895,177.4168210503284,55.06543156653442,main,backup,5980,118.57191,1062.805,601.0594,0.3590623672884175
2M14454724+1232486,221.44686,12.546857,4899.09521484375,2.577991485595703,-0.44015663862228394,91.46673583984375,0.10689307749271393,0.03449568152427673,175.4290008544922,0,4608,9.235196373338065,2305843017992380771,221.4468762191939,12.54675828668663,main,backup,8373,140.28284,1287.1907,601.4184,0.35990937771111187
2M11345895+0441059,173.745658,4.684996,5041.31396484375,3.3565261363983154,-0.6818076968193054,91.46673583984375,0.10689307749271393,0.037564024329185486,123.35800170898438,0,0,0.8497472963955789,2305843037621718828,173.7455723460612,4.684943645063125,main,backup,27093,130.02298,872.23834,722.1162,0.36051610685597163
2M13504291+2721429,207.678811,27.361919,5760.880859375,3.861293315887451,-0.48471471667289734,91.46673583984375,0.10689307749271393,0.03769892081618309,98.07890319824219,0,1536,8.210734320545413,2305843020026618123,207.6787212880581,27.36185775431009,main,backup,10313,120.25435,1008.30927,574.6556,0.3617803687123993
2M12211676+0001079,185.319869,0.018871,5168.982421875,2.7838594913482666,-0.9489102363586426,91.46673583984375,0.10689307749271393,0.04244351387023926,143.70700073242188,0,0,0.8589900943991562,2305843036766083519,185.3197782302667,0.0188274709484471,main,backup,26277,121.28793,804.8682,602.914,0.36240257742942883
2M16041039+2815160,241.043292,28.254452,4704.453125,2.6978626251220703,-0.664520263671875,91.46673583984375,0.10689307749271393,0.03681432828307152,291.21099853515625,0,0,0.7605676539068804,2305843019024179140,241.0432501979986,28.25435816745976,main,backup,9358,82.382774,852.1504,607.25,0.3628751178220816
2M16003765+2708071,240.156891,27.135332,4839.99462890625,3.1563608646392822,-0.18697062134742737,91.46673583984375,0.10689307749271393,0.03159090504050255,310.59698486328125,0,3584,8.912540840867642,2305843019019979299,240.1568407448602,27.13524165159283,main,backup,9354,90.73748,935.1963,607.25,0.3629228641633947
2M13403412-0000316,205.142199,-0.008796,4944.54150390625,3.071504592895508,-0.824326753616333,91.46673583984375,0.10689307749271393,0.039158403873443604,129.07000732421875,0,0,0.8532283634245321,2305843036501843923,205.1422658410206,-0.0087196914589721,main,backup,26025,97.71869,822.629,147.3667,0.3651953875809559
2M14421884+1207259,220.5785,12.12388,4928.09716796875,2.888219118118286,-0.9578578472137451,91.46673583984375,0.10689307749271393,0.04218340665102005,276.9599914550781,0,512,7.032688786051273,2305843017992379576,220.5783963228108,12.12387449176055,main,backup,8374,131.97783,1193.0662,601.4184,0.3654514897794792
2M10135002+0058301,153.458435,0.975054,4788.56884765625,2.4452321529388428,-0.12010790407657623,91.46673583984375,0.10689307749271393,0.030599500983953476,195.531005859375,0,1024,7.701607001938672,2305843037760136599,153.4583371045977,0.9750266749245968,main,backup,27227,105.50566,801.63306,370.0134,0.36584563909355916
2M03223927+0041350,50.663625,0.693068,4766.044921875,3.549391984939575,-0.1093178391456604,91.46673583984375,0.10689307749271393,0.029010901227593422,75.41329956054688,0,5636,9.492789744711374,2305843033557442420,50.66371362500809,0.6930181898932277,main,backup,23216,124.33543,753.7833,604.0785,0.36596775016235755
2M13060962+5818201,196.5401,58.305607,5027.26171875,3.5284061431884766,0.0837755873799324,91.46673583984375,0.10689307749271393,0.029437167569994926,246.14700317382812,0,0,0.7404311328314701,2305843020974523082,196.5399554483101,58.30567556698523,main,backup,11217,92.39926,686.34375,603.2509,0.3683484688618463
2M15193027-0227160,229.876126,-2.454454,5466.77587890625,3.819993495941162,0.14401370286941528,91.46673583984375,0.10689307749271393,0.030427491292357445,213.57400512695312,0,0,0.7595156137464586,2305843042105429551,229.8760512976123,-2.45452441521819,main,backup,31369,74.56331,652.2035,1206.1154,0.3693907858149757
2M13025288-0126194,195.72035,-1.438749,4698.17431640625,2.2941102981567383,-1.3199182748794556,91.46673583984375,0.10689307749271393,0.04685111343860626,245.53399658203125,0,0,0.8277492034747396,2305843036669608089,195.7202541191097,-1.438785730630746,main,backup,26187,131.19145,909.1725,911.8637,0.369530638114156
2M11102255-1147098,167.593978,-11.786059,5035.03515625,3.150658130645752,-0.6958221197128296,91.46673583984375,0.10689307749271393,0.03734644502401352,97.38590240478516,0,512,7.11236194413167,2305843035780418968,167.5938756070386,-11.78608218767266,main,backup,25339,119.15271,875.0433,2361.23,0.3703727639743522
2M13463750+2630278,206.656286,26.507736,5493.28564453125,3.8539934158325195,-0.29194414615631104,91.46673583984375,0.10689307749271393,0.03458809107542038,128.71600341796875,0,4,2.440087247040332,2305843020026615317,206.6561792885553,26.5076976863228,main,backup,10312,136.80026,1191.2717,574.6556,0.3704138115977795
2M14030064+5236131,210.752684,52.603642,4778.5029296875,3.040937900543213,-0.29888683557510376,91.46673583984375,0.10689307749271393,0.03260591998696327,234.49099731445312,0,512,7.00138180302528,2305843020483796456,210.7525592975627,52.6035723337114,main,backup,10748,143.67964,1265.7263,601.7292,0.3704535319720863
2M12075560+0534319,181.98169,5.575531,4882.849609375,2.958932876586914,-0.8378053903579712,91.46673583984375,0.10689307749271393,0.038619376718997955,101.28099822998047,0,0,0.874568118975626,2305843038234088151,181.9816838405717,5.575428007251795,main,backup,27678,119.45892,1030.1417,259.5307,0.3714301045768732
2M11431667-0040090,175.819496,-0.669169,5486.01025390625,3.800293445587158,0.281977117061615,91.46673583984375,0.10689307749271393,0.02816193178296089,118.01799774169922,0,4608,9.242892005710916,2305843037491693912,175.8193958425527,-0.6691953266029037,main,backup,26968,131.95894,777.23895,602.0572,0.372791010876367
2M03132513+0055450,48.354717,0.929177,5023.873046875,2.840658664703369,-0.4241710603237152,91.46673583984375,0.10689307749271393,0.0334925539791584,72.55370330810547,0,4608,9.317671009344973,2305843033553245573,48.35479243618852,0.9291056213606934,main,backup,23213,119.254616,714.1424,604.0785,0.3738463037113211
2M15072615+2540317,226.858987,25.675476,4875.27587890625,3.207913398742676,-0.35886621475219727,91.46673583984375,0.10689307749271393,0.033726952970027924,226.70799255371094,0,0,0.7700719838760364,2305843018638302740,226.8588716153881,25.67547003155484,main,backup,8990,129.66797,1130.157,1210.3293,0.3749866800933507
2M13565078+4401256,209.211609,44.023785,4892.81591796875,3.170161485671997,-0.45950227975845337,91.46673583984375,0.10689307749271393,0.03503961116075516,253.76100158691406,0,0,0.7654090965008887,2305843020408299023,209.2115364735174,44.02369418472637,main,backup,10676,105.221756,892.0386,1814.5289,0.3770055785436112
2M14472769+1133255,221.865413,11.557111,4864.81103515625,3.2530789375305176,0.44417327642440796,91.46673583984375,0.10689307749271393,0.025466525927186012,212.8990020751953,8,0,2.9322504382982735,2305843017967215140,221.8653807498727,11.55701087970505,main,backup,8351,120.478386,1112.311,601.4184,0.37795539528665134
2M11514741-1115442,177.947564,-11.262293,4924.60888671875,2.9607577323913574,-0.6306101679801941,91.46673583984375,0.10689307749271393,0.03674539178609848,153.30299377441406,0,0,0.8240787691785728,2305843035939812747,177.9475048804379,-11.26220538814752,main,backup,25489,106.5444,715.645,1621.9397,0.3782167614072226
2M12224905+0026537,185.704387,0.448266,5002.64501953125,3.341014862060547,-0.48935478925704956,91.46673583984375,0.10689307749271393,0.03499676287174225,132.69500732421875,0,0,0.8296713266511895,2305843036778663180,185.7042877063921,0.4482314324842943,main,backup,26288,125.070114,806.81305,602.914,0.37848877446984414
2M13511903+4313098,207.829317,43.219406,4890.22509765625,3.3710110187530518,-0.23969173431396484,91.46673583984375,0.10689307749271393,0.03239355608820915,287.54998779296875,0,512,6.980000418122452,2305843020404102181,207.8292881434209,43.21930271542127,main,backup,10673,108.69331,901.5647,1814.5289,0.37945293530085894
2M12263098+2513448,186.629089,25.22912,5218.2158203125,3.516772508621216,-0.5421491265296936,91.46673583984375,0.10689307749271393,0.036930281668901443,150.50799560546875,0,1024,7.7592790863298235,2305843038716433435,186.6291746118503,25.22904837150665,main,backup,28139,137.9464,1249.8081,483.4626,0.3797689768262876
2M12541867+4210008,193.577821,42.166904,4889.72705078125,3.1043522357940674,-0.6487274169921875,91.46673583984375,0.10689307749271393,0.03648040071129799,129.4149932861328,0,0,0.8395734677452424,2305843020601230606,193.5777149394369,42.16683355248419,main,backup,10860,90.7792,819.73883,745.2322,0.3800105601509119
2M14492689+1242233,222.362047,12.706491,4923.71142578125,3.2839877605438232,-0.3414077162742615,91.46673583984375,0.10689307749271393,0.032819848507642746,129.63400268554688,0,70144,11.979422722044454,2305843018038511574,222.3619381546393,12.70649116707658,main,backup,8416,95.30191,865.44836,601.4184,0.38224738480099185
2M15150694+0157420,228.77895,1.961679,5735.86572265625,3.541750431060791,-2.1448793411254883,91.46673583984375,0.10689307749271393,0.07116958498954773,126.27200317382812,0,65540,12.10589007599377,2305843042155776850,228.7789020185741,1.961584232691509,main,backup,31416,122.400635,744.3133,1210.8995,0.3823525827248684
2M12444174-0341235,191.173952,-3.689881,5177.7529296875,2.9626965522766113,-0.4082493782043457,91.46673583984375,0.10689307749271393,0.03400181978940964,74.8363037109375,0,3076,8.913105388787917,2305843036644444608,191.173883466207,-3.689962347844205,main,backup,26160,137.72421,946.9358,601.8253,0.38259886486436173
2M11520039-1126396,178.001652,-11.444334,4896.90234375,3.069793701171875,-0.3008929491043091,91.46673583984375,0.10689307749271393,0.03313180431723595,301.7799987792969,0,0,0.7386020014668329,2305843035847527555,178.0015673451912,-11.44426732843625,main,backup,25403,143.80255,943.9812,1621.9397,0.3831827806140734
2M15212318-0109507,230.346609,-1.164095,4807.9033203125,2.261490821838379,-1.4050496816635132,91.46673583984375,0.10689307749271393,0.04737875983119011,109.1510009765625,0,0,0.9109522094916027,2305843042109642307,230.3465102195597,-1.164134989256648,main,backup,31374,105.110504,899.18524,1747.8756,0.38357638648225073
2M13462563-0041135,206.606823,-0.687099,4789.0673828125,2.4532158374786377,-0.5357521176338196,91.46673583984375,0.10689307749271393,0.0355309434235096,369.4410095214844,0,512,6.970704767334776,2305843036497651432,206.6067221675677,-0.687133916410952,main,backup,26020,127.273254,798.34827,604.758,0.3841197131356275
2M11331492+0237591,173.312167,2.633098,4805.21240234375,2.497126817703247,-0.3821548521518707,91.46673583984375,0.10689307749271393,0.03370131179690361,260.3529968261719,0,2048,8.381270136438381,2305843037525250005,173.3120841458555,2.63303048615586,main,backup,27001,130.38065,860.974,722.1162,0.38451708837939624
2M13045072-0200565,196.211351,-2.015721,4977.23095703125,3.27657413482666,-0.37490618228912354,91.46673583984375,0.10689307749271393,0.03436993807554245,307.6809997558594,0,4,2.352300391168262,2305843036669614772,196.2113402577463,-2.015827321118598,main,backup,26185,160.81886,1089.9559,911.8637,0.3847022981053754
2M11073491-0515004,166.895477,-5.250131,5008.22607421875,2.8493266105651855,-1.2422515153884888,91.46673583984375,0.10689307749271393,0.046561099588871,155.10299682617188,0,0,0.8719975217947366,2305843037437166257,166.8954462508198,-5.250233799877757,main,backup,26916,141.57507,1004.50116,799.5482,0.38614778822421975
2M11460910-0153106,176.537918,-1.88629,5733.5732421875,3.7421436309814453,-0.4026593267917633,91.46673583984375,0.10689307749271393,0.03621004521846771,77.64299774169922,64,3072,13.093598825022287,2305843037470727715,176.537819421161,-1.886332583889668,main,backup,26949,172.1794,1061.6216,602.0572,0.3864033807933202
2M16091928+2339336,242.330357,23.659357,5199.7783203125,2.7954931259155273,-0.18086524307727814,91.46673583984375,0.10689307749271393,0.03232917934656143,145.4759979248047,0,512,7.04747921046507,2305843018202100874,242.3303744995681,23.65925078071474,main,backup,8573,49.68062,400.88962,605.4429,0.38671868795793524
2M11540638+1807491,178.5266,18.130316,5113.56982421875,3.3937079906463623,-0.5213980078697205,91.46673583984375,0.10689307749271393,0.03685678914189339,199.49899291992188,0,2052,8.425504066735188,2305843038464773973,178.5264884539301,18.13029813947345,main,backup,27899,113.48324,952.42163,606.3541,0.3870072594500444
2M12185339-0101185,184.72249,-1.021827,4444.8310546875,2.0731868743896484,-0.6237500905990601,91.46673583984375,0.10689307749271393,0.035076528787612915,275.6109924316406,0,512,6.997640899534912,2305843036740921413,184.7223824411693,-1.021822133288956,main,backup,26254,110.21369,735.4705,602.914,0.3875464414363161
2M13472474+2745581,206.853102,27.766157,4699.1708984375,2.4342830181121826,-0.7054468989372253,91.46673583984375,0.10689307749271393,0.037338778376579285,237.95799255371094,0,4,2.3927466534018853,2305843020026611018,206.8531335720245,27.76605292456703,main,backup,10315,124.642456,1027.0702,574.6556,0.387934970563281
2M12175905+3900278,184.496055,39.007725,4613.560546875,2.5833520889282227,-0.12192153185606003,91.46673583984375,0.10689307749271393,0.02998785674571991,282.68701171875,0,0,0.7293957542223501,2305843020630593846,184.4960176840448,39.00762103312476,main,backup,10891,120.82287,1154.9283,859.2914,0.38856535392177355
2M14514665+3110065,222.944414,31.168493,4753.7861328125,2.9819719791412354,0.05058030039072037,91.46673583984375,0.10689307749271393,0.028748709708452225,263.0119934082031,0,512,6.9706635669397965,2305843018772514969,222.94428819564,31.16848505483818,main,backup,9117,97.88439,824.36584,816.5551,0.38857389829732186
2M12101891+0549520,182.578814,5.831117,4010.8984375,0.14623284339904785,-2.0472450256347656,91.46673583984375,0.10689307749271393,0.05666353926062584,238.19900512695312,0,0,0.8798317364090333,2305843038234093560,182.5787429617949,5.831035321864951,main,backup,27678,107.63538,942.07654,259.5307,0.38882760750590084
2M16032642+2736538,240.860094,27.614967,5060.64892578125,3.4662463665008545,-0.11044545471668243,91.46673583984375,0.10689307749271393,0.0303419791162014,92.11740112304688,0,512,7.082843259678469,2305843019019985409,240.8600046764645,27.61489336378945,main,backup,9353,82.26463,855.9493,607.25,0.38917823928680007
2M15175206+0159462,229.466958,1.996185,5034.8359375,2.5901951789855957,-1.2702890634536743,91.46673583984375,0.10689307749271393,0.046348147094249725,107.23500061035156,0,0,0.9075538823880148,2305843042155767970,229.4670253660925,1.996100285318853,main,backup,31416,85.5387,506.62326,1210.8995,0.38955362813183936
2M12110400-0025023,182.766681,-0.417322,4613.859375,2.6306843757629395,0.02833707630634308,91.46673583984375,0.10689307749271393,0.028138594701886177,171.20899963378906,0,0,0.7700657145743236,2305843036761891246,182.7665990506204,-0.4173928469079939,main,backup,26275,182.5936,1092.3787,609.2456,0.38997537095701645
2M11302548+0315227,172.6062,3.256325,4590.1396484375,2.2649123668670654,-0.7830319404602051,91.46673583984375,0.10689307749271393,0.03786792233586311,345.6709899902344,0,512,6.989021465794424,2305843037525247046,172.6062404388706,3.256224437823132,main,backup,27003,159.01875,1067.0413,722.1162,0.390110747215723
2M03200177+0034251,50.007412,0.573645,4689.3046875,2.512524127960205,-0.13227243721485138,91.46673583984375,0.10689307749271393,0.030392371118068695,377.27099609375,0,0,0.702644396022454,2305843033557435148,50.00751898194682,0.5736639493253242,main,backup,23216,127.03304,810.9592,604.0785,0.3911109092848492
2M03213905+0028218,50.412736,0.472725,5006.73095703125,2.998852014541626,-0.6665008664131165,91.46673583984375,0.10689307749271393,0.03831204026937485,230.38400268554688,0,0,0.7913959597790716,2305843033557437429,50.41280899593085,0.4726442330369198,main,backup,23216,109.147575,672.5176,604.0785,0.3919099883374445
2M10314335+3034389,157.930648,30.577497,4855.24365234375,3.4535865783691406,0.22454005479812622,91.46673583984375,0.10689307749271393,0.027423826977610588,225.41000366210938,0,0,0.7391280081699576,2305843014783733651,157.930532537946,30.57754177998758,main,backup,5312,116.65902,1075.594,314.1,0.39249608436723943
2M12181946+0018009,184.58111,0.300267,4849.662109375,3.1084580421447754,-0.143544003367424,91.46673583984375,0.10689307749271393,0.030015859752893448,104.40399932861328,0,0,0.8285428671921646,2305843036766078305,184.5810075557353,0.3002296574895955,main,backup,26277,128.33478,815.5891,602.914,0.3925321250739812
2M13001216+5749265,195.050683,57.824032,4777.0078125,3.134462356567383,0.03551742807030678,91.46673583984375,0.10689307749271393,0.028986314311623573,323.99798583984375,0,0,0.7107932994645123,2305843020961941516,195.0507880525305,57.82393816913392,main,backup,11205,106.84787,805.9479,603.2509,0.3932713956325752
2M12565047+4125538,194.210306,41.431633,4944.2421875,3.582467794418335,-0.531843364238739,91.46673583984375,0.10689307749271393,0.036200687289237976,268.3810119628906,0,512,7.005910230132753,2305843020588654200,194.2104321384152,41.43157811415288,main,backup,10851,93.766624,850.73315,745.2322,0.3936411960226124
2M14523537+3023319,223.147399,30.392218,4890.52392578125,2.9652059078216553,-0.6187320947647095,91.46673583984375,0.10689307749271393,0.037093114107847214,214.58599853515625,0,512,7.032649052599184,2305843018764127398,223.147427346604,30.39211114827465,main,backup,9110,101.245026,886.2412,816.5551,0.3946092182275385
2M11502160+0008402,177.590023,0.1445,5064.236328125,3.2027809619903564,-0.6331089735031128,91.46673583984375,0.10689307749271393,0.036701083183288574,101.27200317382812,0,512,7.105261291309377,2305843037487506730,177.5900089121802,0.1443912415546313,main,backup,26966,111.557655,795.0427,1362.5328,0.39480142905395604
2M11502912+0034317,177.621374,0.575483,4925.00732421875,2.9087488651275635,0.09990295022726059,91.46673583984375,0.10689307749271393,0.028277087956666946,144.74899291992188,0,512,7.027716319793325,2305843037495887901,177.6212788060858,0.5754278563065213,main,backup,26972,145.56294,1017.2591,1362.5328,0.39602935787581584
2M16365670+3531146,249.236254,35.520725,4539.71044921875,2.3160088062286377,-0.23680467903614044,91.46673583984375,0.10689307749271393,0.03024340234696865,142.21800231933594,0,512,7.03929968718691,39632991680463578,249.2363280251788,35.52081732138244,main,bright,9433,555.83704,3409.5144,645.6358,0.39687016176889717
2M12432148-0411463,190.839505,-4.196215,5015.30224609375,2.647564649581909,-0.5723147392272949,91.46673583984375,0.10689307749271393,0.03580904379487038,110.7509994506836,0,2048,8.476768675900717,2305843036644447330,190.8394348352724,-4.196300272510868,main,backup,26160,98.047226,695.7879,601.8253,0.39711329666940076
2M12241036-0309217,186.043174,-3.15605,5059.05419921875,3.6155436038970947,0.2814035415649414,91.46673583984375,0.10689307749271393,0.02717016264796257,158.99899291992188,0,3584,8.957091440573041,2305843036728335142,186.0432279735378,-3.156146329633419,main,backup,26243,149.24696,1192.8817,1052.3633,0.39736745050098593
2M15212630-0104159,230.359604,-1.07111,4877.86669921875,2.3721232414245605,-1.7212789058685303,91.46673583984375,0.10689307749271393,0.05445993319153786,132.6820068359375,0,4,2.5364348151464338,2305843042109642512,230.3596029933231,-1.071220560772176,main,backup,31374,110.66796,953.7056,1747.8756,0.39803527249732334
2M14013754+4319117,210.40644,43.319942,5095.23193359375,3.0099151134490967,-1.1783329248428345,91.46673583984375,0.10689307749271393,0.04495813325047493,97.30899810791016,0,0,0.9102227366306813,2305843020383129015,210.4064175042857,43.31983261392941,main,backup,10654,125.09329,1017.6464,1814.5289,0.39817321303348446
2M13464969+4313100,206.707077,43.219463,4974.04150390625,2.5041983127593994,-0.7784770727157593,91.46673583984375,0.10689307749271393,0.03973489999771118,201.0260009765625,0,512,7.052354330872832,2305843020404100577,206.7069992755019,43.21936797369708,main,backup,10674,128.58449,1226.6158,424.3509,0.39825447679073034
2M13041724-0134399,196.071862,-1.57775,4528.74755859375,2.180854320526123,-0.5206577181816101,91.46673583984375,0.10689307749271393,0.0341685451567173,214.28799438476562,0,0,0.7778886881241982,2305843036673807398,196.0717702684343,-1.577812159954257,main,backup,26190,101.57737,701.45703,911.8637,0.3988072251675854
2M12270898+2448350,186.787446,24.809748,5082.07666015625,3.5366179943084717,-0.3976777493953705,91.46673583984375,0.10689307749271393,0.03512285649776459,207.98599243164062,0,4,2.3950690985327276,2305843038716434653,186.7873242479887,24.80973092329402,main,backup,28138,122.861084,1123.471,483.4626,0.40257579154012235
2M11553625+1826528,178.901044,18.448006,4689.3046875,2.8493266105651855,0.35482466220855713,91.46673583984375,0.10689307749271393,0.02567054145038128,239.50599670410156,8,0,2.9215464086284317,2305843038468973122,178.9009576494552,18.4479294770377,main,backup,27902,110.71264,897.5038,606.3541,0.40354573818109224
2M12250956-0057392,186.289863,-0.9609,4827.03857421875,2.3908283710479736,-1.5909090042114258,91.46673583984375,0.10689307749271393,0.05115288496017456,117.73100280761719,0,0,0.922322005820708,2305843036740912218,186.2897779171465,-0.9609734043191162,main,backup,26253,162.8131,1041.7137,602.914,0.4045036955712963
2M16023712+2857446,240.6547,28.962389,4637.47998046875,2.585404872894287,-0.2543559670448303,91.46673583984375,0.10689307749271393,0.031235527247190475,176.89700317382812,0,0,0.7823007877354126,2305843019049344510,240.6546373675142,28.96229062569861,main,backup,9380,74.70137,757.62445,607.25,0.4053877216790378
2M13075741-0127275,196.98921,-1.457661,4592.63134765625,2.9268836975097656,-0.5929873585700989,91.46673583984375,0.10689307749271393,0.03386537730693817,88.74310302734375,0,0,0.8638753951381968,2305843036673804659,196.9891342442959,-1.457577646295747,main,backup,26188,129.05464,824.47217,911.8637,0.40542862515098466
2M11443736-1336455,176.155705,-13.61266,4904.77587890625,3.010941505432129,-0.6638210415840149,91.46673583984375,0.10689307749271393,0.03709724545478821,153.51600646972656,0,2048,8.45080723263697,2305843035830747851,176.1556350834755,-13.61257012636698,main,backup,25387,96.869064,695.50964,1208.196,0.4056165552967066
2M11074228-1154228,166.9262,-11.906351,4936.568359375,3.3267579078674316,-0.5110493302345276,91.46673583984375,0.10689307749271393,0.03501899912953377,136.29800415039062,0,512,7.067399089588848,2305843035780428747,166.926088274111,-11.90637973488978,main,backup,25338,164.0702,1192.0352,2361.23,0.4069280984637067
2M03151521-0001071,48.81341,-0.018661,4792.45556640625,2.820014715194702,-0.30296242237091064,91.46673583984375,0.10689307749271393,0.032159388065338135,156.10800170898438,0,2048,8.42445436717927,2305843033544856562,48.81352316633263,-0.0186626755654003,main,backup,23206,109.49295,709.55176,604.0785,0.4074434292439474
2M13492456-0028593,207.352353,-0.483143,4895.50732421875,2.52689528465271,-1.1621053218841553,91.46673583984375,0.10689307749271393,0.04446874558925629,151.71499633789062,0,1536,8.201317756356014,2305843036497649584,207.3522394568172,-0.4831497650835106,main,backup,26021,137.54076,878.43005,604.758,0.40946584244909706
2M12171295-0059486,184.303973,-0.996861,4999.3564453125,3.143244504928589,-0.42694857716560364,91.46673583984375,0.10689307749271393,0.033527787774801254,80.87129974365234,0,512,7.111643560544288,2305843036766081599,184.3038687993275,-0.99690692820811,main,backup,26276,113.915764,740.68036,602.914,0.409892748054452
2M11484614-1011023,177.192255,-10.183995,5036.0322265625,3.4865481853485107,-0.1343229115009308,91.46673583984375,0.10689307749271393,0.030590901151299477,99.72879791259766,0,0,0.8359549585397799,2305843035939803024,177.1921407305074,-10.18401356867578,main,backup,25491,172.71397,1166.6971,1621.9397,0.4103701826251996
2M03180911-0019440,49.537959,-0.328897,4788.86767578125,2.9662322998046875,-0.621456503868103,91.46673583984375,0.10689307749271393,0.0349770188331604,80.04029846191406,0,0,0.8796340662786712,2305843033544860295,49.53806097276947,-0.3289483906190966,main,backup,23204,168.38414,1087.7997,604.0785,0.4110799433371965
2M18150105-0005258,273.754407,-0.090524,5020.484375,2.6883959770202637,-0.42826589941978455,91.46673583984375,0.10689307749271393,0.03386755660176277,98.5989990234375,0,2052,8.480523614966152,2305843041061268127,273.7544149404487,-0.0906380290425614,main,backup,30374,26.573574,233.06554,1816.2953,0.4114986313173892
2M12511630+5706350,192.817943,57.109726,4716.51220703125,2.8099780082702637,-0.4442157745361328,91.46673583984375,0.10689307749271393,0.03406316041946411,307.98699951171875,0,0,0.7412295081696767,2305843020957752209,192.8179365780109,57.10961124440138,main,backup,11203,101.78433,861.96045,480.2858,0.41331087212081785
2M12123903+0548400,183.162664,5.811136,4651.3330078125,2.716681480407715,-0.3914204239845276,91.46673583984375,0.10689307749271393,0.033147044479846954,294.22198486328125,0,0,0.741206092352862,2305843038234089429,183.1625625048614,5.811080763266474,main,backup,27677,106.17274,920.9149,259.5307,0.41434041307953373
2M13305250+3620262,202.718757,36.340633,4700.3671875,2.051858901977539,-1.4755029678344727,91.46673583984375,0.10689307749271393,0.049706533551216125,212.13499450683594,0,0,0.8565837199534438,2305843020202771132,202.718778832806,36.34051920562426,main,backup,10480,131.70888,1178.5303,1043.2472,0.4145231651714882
2M12261592-0002001,186.566362,-0.033374,4860.02685546875,3.4321444034576416,0.1927490383386612,91.46673583984375,0.10689307749271393,0.027743320912122726,297.7760009765625,0,0,0.7129908177548611,2305843036753494552,186.5662487548243,-0.0333955310138953,main,backup,26266,119.744865,754.1537,602.914,0.4149856964981007
2M11402626+0008533,175.109426,0.148162,5754.30322265625,3.875293731689453,0.0627657026052475,91.46673583984375,0.10689307749271393,0.03201761841773987,177.67999267578125,0,512,7.026047918106008,2305843037491699906,175.1093113801403,0.1481482125655062,main,backup,26970,106.13607,973.5215,606.2719,0.4156046463042119
2M14242256-0435225,216.094041,-4.589586,5445.54736328125,3.3320045471191406,-1.0317023992538452,91.46673583984375,0.10689307749271393,0.04428106173872948,87.34619903564453,64,2048,12.717017035606807,2305843036350845933,216.0939294507435,-4.589552170059976,main,backup,25881,23.11125,150.34593,603.0247,0.418406583093542
2M03190120-0010156,49.755004,-0.171,4324.23876953125,1.8123447895050049,-0.587049663066864,91.46673583984375,0.10689307749271393,0.03407957777380943,314.1830139160156,0,0,0.7393261685977828,2305843033544860078,49.75512031784649,-0.1709990326102582,main,backup,23205,117.63494,769.506,604.0785,0.418756864277372
2M13040471-0153217,196.019625,-1.889373,4541.30517578125,3.0157318115234375,-0.6493831276893616,91.46673583984375,0.10689307749271393,0.03430953994393349,87.00450134277344,0,4,2.4774904420703856,2305843036669611834,196.0195544360715,-1.889465757850373,main,backup,26187,137.15121,939.1558,911.8637,0.41948688599802186
2M11295211+0254560,172.467128,2.915562,4874.9765625,2.5735435485839844,-0.6165382266044617,91.46673583984375,0.10689307749271393,0.03698918595910072,288.6839904785156,0,2048,8.387417640346888,2305843037525246154,172.4671779747332,2.915456502993031,main,backup,27003,132.32558,873.54944,722.1162,0.420146857100179
2M12052482-0102339,181.353428,-1.042761,4926.70166015625,3.1722145080566406,-0.5972716808319092,91.46673583984375,0.10689307749271393,0.03697970137000084,263.843994140625,0,516,7.0192709126265544,2305843036770280242,181.3533124942011,-1.042781304074867,main,backup,26280,178.34496,1109.4119,609.2456,0.42212861262318313
2M12240655-0010446,186.027306,-0.179061,5187.61962890625,3.621474266052246,-0.8157661557197571,91.46673583984375,0.10689307749271393,0.04020136594772339,123.5999984741211,0,0,0.8627395967237649,2305843036753499349,186.0271885844197,-0.1790536821507886,main,backup,26266,137.49113,897.64197,602.914,0.42351417762947996
2M03203382-0002201,50.140929,-0.03892,4955.40478515625,3.346717357635498,0.059044115245342255,91.46673583984375,0.10689307749271393,0.029183542355895042,179.38600158691406,0,0,0.7706514373660475,2305843033544855498,50.14101613863181,-0.0389997673834844,main,backup,23205,131.60416,844.15326,604.0785,0.42528744576015415
2M15135292+0045538,228.470502,0.764954,4860.525390625,2.850353240966797,-0.8403675556182861,91.46673583984375,0.10689307749271393,0.04004927724599838,232.37600708007812,0,512,7.039500766082676,2305843042143175040,228.4705211697378,0.7648374103090777,main,backup,31405,155.5012,1329.2267,1747.8756,0.42535747232284343
2M11440170+0012596,176.007105,0.216573,5519.99560546875,3.6780452728271484,0.5220322012901306,91.46673583984375,0.10689307749271393,0.025819862261414528,96.2876968383789,8,512,9.253076106655092,2305843037491701860,176.0071922114864,0.2164921361606119,main,backup,26971,114.543686,1010.37024,606.2719,0.42815330256473344
2M11514451+0008192,177.93547,0.138688,4868.0,3.0473248958587646,-0.2645716071128845,91.46673583984375,0.10689307749271393,0.03208751231431961,160.25900268554688,0,0,0.7963800094949139,2305843037487503145,177.93535110901,0.1386833229887398,main,backup,26966,120.36801,861.77203,1362.5328,0.42833736023495617
2M14350574+5030321,218.773945,50.508934,4996.7646484375,3.314326047897339,-0.2990202307701111,91.46673583984375,0.10689307749271393,0.03256227448582649,123.81300354003906,0,0,0.8243733342710172,2305843021159076316,218.7740119471248,50.50882196705848,main,backup,11395,121.79514,1098.7996,864.7951,0.43146059267185854
2M16342447+0031467,248.60199,0.529655,5585.873046875,3.5159740447998047,-1.1205275058746338,91.46673583984375,0.10689307749271393,0.04651039466261864,89.37750244140625,64,65540,16.191214512636087,2305843041870602614,248.6019928204039,0.529534851373755,main,backup,31147,86.24004,816.71,224.2457,0.4326542004598916
2M10532215-0000534,163.3423,-0.014859,5118.353515625,3.4161765575408936,-0.512278139591217,91.46673583984375,0.10689307749271393,0.03542187437415123,104.03600311279297,0,0,0.8559226804492387,2305843037558807487,163.3422350318323,-0.0149607844856456,main,backup,27034,106.31407,895.4455,479.2288,0.4347056875848791
2M13395802+0047312,204.991775,0.792003,4744.01953125,2.7271745204925537,-0.6756062507629395,91.46673583984375,0.10689307749271393,0.037152327597141266,204.65699768066406,0,4,2.4068222046922445,2305843036506038549,204.9916664472844,0.7919499292372845,main,backup,26028,85.99295,717.243,147.3667,0.43495906495950454
2M15123641-0040264,228.151724,-0.674012,4868.0,3.039569139480591,-0.5914544463157654,91.46673583984375,0.10689307749271393,0.0366227887570858,222.27000427246094,0,0,0.7865193881266709,2305843042130600195,228.1516802680023,-0.6738983168247524,main,backup,31395,117.21934,994.1869,1747.8756,0.43849252227528673
2M12202708+2707202,185.112841,27.122293,4854.7451171875,3.3169493675231934,-0.40129876136779785,91.46673583984375,0.10689307749271393,0.03414997458457947,314.156005859375,0,4,2.3491246344605647,2305843039085528792,185.1128567855121,27.12217153336589,main,backup,28489,126.34259,960.9902,775.5134,0.4401953128514126
2M15302274+4215173,232.594769,42.25481,4758.76953125,2.6472225189208984,-0.42033717036247253,91.46673583984375,0.10689307749271393,0.033393848687410355,156.77099609375,0,1024,7.73754630242233,39633118621074667,232.594809964769,42.25469153564522,main,bright,9881,511.30545,4442.9473,976.9286,0.4402189306428125
2M15141769+0033146,228.573738,0.554059,4781.9912109375,2.8730499744415283,-0.3552636206150055,91.46673583984375,0.10689307749271393,0.033280253410339355,263.27801513671875,0,512,6.993220574950567,2305843042134794982,228.5737767203706,0.5539426349786002,main,backup,31399,133.79166,1159.9866,1747.8756,0.4414948346257399
2M14172781+0458084,214.365882,4.969025,4776.70849609375,2.445460319519043,-1.9737682342529297,91.46673583984375,0.10689307749271393,0.06026541441679001,174.17799377441406,0,512,7.169266287220307,2305843036552174743,214.3658575644095,4.968904481084893,main,backup,26074,118.606606,934.29395,1203.8068,0.4426306116129327
2M14415425+1255317,220.476081,12.925494,4844.1806640625,2.9519755840301514,-0.5039238929748535,91.46673583984375,0.10689307749271393,0.03432062640786171,121.77899932861328,0,65536,11.925178307482046,2305843017992385211,220.4759890854378,12.92540956119423,main,backup,8375,120.638054,1066.1814,601.4184,0.4431875766864638
2M12162682+0450159,184.111755,4.837772,4972.34765625,2.5624802112579346,-0.8829050064086914,91.46673583984375,0.10689307749271393,0.040229957550764084,134.0469970703125,0,1028,7.791173865553407,2305843038225699622,184.1116314238142,4.837778621891727,main,backup,27670,100.734375,843.2746,259.5307,0.44392992053371455
2M11511475+0013149,177.811496411,0.220820995616,5505.64404296875,3.9376935958862305,-0.3751089870929718,91.46673583984375,0.10689307749271393,0.03667593374848366,353.0740051269531,0,1536,8.078260444145277,2305843037487507013,177.8113733615073,0.2208119902007065,main,backup,26966,151.55641,1063.9893,1362.5328,0.4441596237991371
2M11581366+5407325,179.55692,54.125702,4938.0634765625,3.2178361415863037,-0.3891018033027649,91.46673583984375,0.10689307749271393,0.0330788679420948,101.35900115966797,0,1540,8.186976176113241,2305843015115084375,179.5568376212707,54.12558813035533,main,backup,5631,139.8104,1262.1477,602.8381,0.4452480554171343
2M03182935+0059338,49.622306,0.992744,4657.41259765625,2.656917095184326,-0.45501619577407837,91.46673583984375,0.10689307749271393,0.033934641629457474,267.2640075683594,0,1536,8.092307418233498,2305843033557436925,49.62237556146636,0.9926417139564874,main,backup,23218,116.29915,729.906,604.0785,0.44529220499639677
2M06393143+3427127,99.880975,34.453552,4994.07373046875,3.345120668411255,-0.38084936141967773,91.46673583984375,0.10689307749271393,0.03451785817742348,341.7349853515625,0,0,0.7331371661761006,2305843016230797681,99.88112412491728,34.45353779048455,main,backup,6692,144.05515,1319.4479,780.0852,0.44562409209313747
2M12135083+0553345,183.461812,5.892944,4921.12060546875,3.2583255767822266,-0.4197807312011719,91.46673583984375,0.10689307749271393,0.03367023915052414,124.44999694824219,0,0,0.8294040972998876,2305843038234090549,183.4616901160497,5.892917072300349,main,backup,27677,110.755745,948.8441,259.5307,0.44709917520565823
2M10095022+0159202,152.459264,1.988965,4827.03857421875,1.6056784391403198,-2.2944037914276123,91.46673583984375,0.10689307749271393,0.0664190724492073,79.10929870605469,0,512,7.278275640207534,2305843037789496018,152.4592120891705,1.988851847499341,main,backup,27254,100.27624,778.07184,370.0134,0.4481237543834242
2M12451382-0301154,191.307604,-3.020946,4910.45654296875,3.325503349304199,-0.12088069319725037,91.46673583984375,0.10689307749271393,0.031146593391895294,200.63900756835938,0,512,7.00960453778582,2305843036644455395,191.3074790029095,-3.020948261574536,main,backup,26163,69.746155,534.2653,1119.414,0.4494379408210054
2M15215465+3445399,230.477715,34.761105,5064.53564453125,2.476254940032959,-1.17299222946167,91.46673583984375,0.10689307749271393,0.04631190374493599,189.1840057373047,0,0,0.8510039396442315,2305843018738966946,230.4775833371671,34.76104027155813,main,backup,9087,111.169464,841.2938,1461.9958,0.45379458808595047
2M15145787-0030294,228.741147,-0.508171,5130.7119140625,2.633307695388794,-2.093935251235962,91.46673583984375,0.10689307749271393,0.0660380870103836,167.6719970703125,0,0,0.9616384631174137,2305843042134789042,228.7411968786739,-0.5082868899278298,main,backup,31396,130.90332,1140.7286,1747.8756,0.454201911120614
2M12583205+5742375,194.633556,57.710434,4961.484375,3.29801607131958,-0.5549848675727844,91.46673583984375,0.10689307749271393,0.0351949967443943,100.21600341796875,0,0,0.8584929220286035,2305843020961942534,194.6333562524131,57.71036659309639,main,backup,11205,123.779366,922.03357,603.2509,0.4543655756288232
2M13471315+4351002,206.804826,43.850075,4999.65478515625,2.16819429397583,-1.9497257471084595,91.46673583984375,0.10689307749271393,0.05948964133858681,89.72699737548828,64,0,5.165293606127535,2305843020404106013,206.8048211255591,43.84994873664549,main,backup,10674,107.64004,1031.6371,424.3509,0.45472420035563127
2M12522822+5731378,193.117598,57.52718,4627.31396484375,2.596468210220337,-0.5010692477226257,91.46673583984375,0.10689307749271393,0.03423397243022919,190.17799377441406,0,0,0.7900929986798848,2305843020961946310,193.1175722082107,57.52705347422043,main,backup,11206,110.78131,797.8148,603.2509,0.45821268276533034
2M11344377+0350593,173.682396,3.849814,5208.24951171875,3.5982072353363037,-0.3071524500846863,91.46673583984375,0.10689307749271393,0.03293783962726593,75.5509033203125,0,0,0.8751372322891858,2305843037529449424,173.6822687436409,3.849826681978452,main,backup,27006,127.94571,879.42773,722.1162,0.4593635333285499
2M16030873+2826556,240.7864,28.448805,5025.36767578125,3.216125249862671,-0.9338440299034119,91.46673583984375,0.10689307749271393,0.04062367603182793,93.16510009765625,0,0,0.8928570439901089,2305843019024173818,240.7863864672498,28.44867788070976,main,backup,9358,57.611046,591.5669,607.25,0.45962978346997296
2M15210426-0150423,230.267779,-1.845086,4191.68701171875,1.5448875427246094,-0.5217788219451904,91.46673583984375,0.10689307749271393,0.03272401541471481,362.73699951171875,0,512,6.9584964408729,2305843042109626659,230.2677467908456,-1.845209550802836,main,backup,31372,72.914795,627.82245,1206.1154,0.4596335153110561
2M14265444+5107314,216.726865,51.125408,4839.99462890625,3.124539852142334,-0.1876344531774521,91.46673583984375,0.10689307749271393,0.031110182404518127,159.88900756835938,0,0,0.7917230650926708,2305843021167468370,216.7267049270235,51.12548691437419,main,backup,11401,93.34527,867.7643,864.7951,0.45990770858123464
2M14060317+5220391,211.513226,52.344219,5056.76171875,3.099219560623169,-1.0382294654846191,91.46673583984375,0.10689307749271393,0.04369647055864334,171.19400024414062,0,2048,8.472970952468094,2305843020483796669,211.5131797561207,52.34409415866507,main,backup,10749,141.5188,1265.344,601.7292,0.46079279762969505
2M13432036+2703435,205.834851,27.062094,5573.11572265625,3.7504935264587402,-0.8844443559646606,91.46673583984375,0.10689307749271393,0.04306953400373459,120.02999877929688,64,2048,12.679481870682617,2305843020026617360,205.8348021089556,27.06197096483824,main,backup,10314,157.19553,1310.2185,574.6556,0.4698410244416444
2M12555833+5745057,193.993064,57.75161,5221.9033203125,3.8033933639526367,0.25388872623443604,91.46673583984375,0.10689307749271393,0.028458211570978165,212.82000732421875,0,4,2.3594591393009035,2305843020961946627,193.9931245252275,57.75148348987226,main,backup,11207,116.81104,876.1046,603.2509,0.4700423983477114
2M03160129+0016054,49.005401,0.268181,5111.47705078125,3.0229172706604004,-0.3310699462890625,91.46673583984375,0.10689307749271393,0.03292836993932724,85.11620330810547,0,3584,9.047829470580256,2305843033544855172,49.00553098430379,0.268193768148666,main,backup,23207,95.38687,613.9568,604.0785,0.470190522859188
2M12254084+2538277,186.420178,25.641043,5056.064453125,2.7685763835906982,-2.066793918609619,91.46673583984375,0.10689307749271393,0.06538277864456177,195.00100708007812,0,69124,12.087017278705206,2305843039077146405,186.420143958311,25.64091577739014,main,backup,28481,139.88162,1252.592,483.4626,0.47113850917936856
2M13480025+2720003,207.001053,27.333431,5560.65771484375,3.8626933097839355,-0.5048009753227234,91.46673583984375,0.10689307749271393,0.037765923887491226,140.35899353027344,0,5632,9.47434041391989,2305843020026616830,207.0010773921506,27.33330175356448,main,backup,10313,152.28214,1291.3522,574.6556,0.47178101698629415
2M12201314-0016145,185.05478,-0.270701,5072.1103515625,3.1576156616210938,-0.28634148836135864,91.46673583984375,0.10689307749271393,0.032305993139743805,89.97450256347656,0,516,7.10275853903844,2305843036766078360,185.0546818443166,-0.2707879248652066,main,backup,26277,10.69579,73.71677,602.914,0.4720018092155276
2M14474719+4607014,221.946664,46.117081,4969.85595703125,3.1725566387176514,-0.6533766388893127,91.46673583984375,0.10689307749271393,0.03794864937663078,201.2449951171875,0,516,7.051081766826336,2305843021058418871,221.9464753043064,46.11707053831626,main,backup,11296,115.218254,1028.745,369.2197,0.4723888138891816
2M11430214+0049042,175.758931,0.817841,5107.88916015625,3.566500186920166,-0.48615899682044983,91.46673583984375,0.10689307749271393,0.035143379122018814,111.34400177001953,0,4,2.457241873597932,2305843037491697095,175.7588141717407,0.8179009626503478,main,backup,26971,106.516495,953.269,606.2719,0.47270591862026384
2M12224040-0252138,185.668356,-2.870512,5454.91552734375,3.049377918243408,-0.974042534828186,91.46673583984375,0.10689307749271393,0.043355245143175125,85.24870300292969,64,516,11.337726494700682,2305843036728339523,185.6682586536601,-2.87060072982988,main,backup,26243,136.01378,1060.5483,1052.3633,0.4738552732832031
2M16331093+0033244,248.295574,0.556802,4623.72607421875,2.479790687561035,-0.4646218419075012,91.46673583984375,0.10689307749271393,0.03313634544610977,141.03700256347656,0,2048,8.439423741356435,2305843041870599910,248.2955647569464,0.5566703807935854,main,backup,31147,121.095566,1110.6122,224.2457,0.47499597625174644
2M12232879+2549234,185.869981,25.823191,4604.29150390625,2.494161605834961,-0.5957322120666504,91.46673583984375,0.10689307749271393,0.03544825688004494,309.98199462890625,0,516,6.995554283762581,2305843039077145495,185.8700391144523,25.82306853220855,main,backup,28481,129.0737,1163.2322,483.4626,0.47941990675107543
2M16090702+2340275,242.279287,23.674318,4982.71240234375,3.4494805335998535,-0.08618628978729248,91.46673583984375,0.10689307749271393,0.03032405860722065,138.4149932861328,0,512,7.042394259763002,2305843018202100623,242.2792996324999,23.6741848453671,main,backup,8573,49.815388,405.96692,605.4429,0.4811626864459026
2M12540238+4207353,193.509927,42.126492,4857.13671875,3.1587560176849365,-0.49574005603790283,91.46673583984375,0.10689307749271393,0.03533405065536499,241.8489990234375,0,512,7.011945740144072,2305843020597043612,193.5097794805638,42.12641470861672,main,backup,10857,72.94774,667.6051,745.2322,0.4822461187881574
2M14351292+4919263,218.803844,49.323982,5025.5673828125,2.6810965538024902,-0.7303875684738159,91.46673583984375,0.10689307749271393,0.03767076134681702,90.46720123291016,0,0,0.8809993879749793,2305843021159072839,218.8037112299588,49.32387938298663,main,backup,11393,93.80651,827.4882,603.6345,0.4832444299393713
2M12225433+2517254,185.726382,25.290413,5057.35986328125,3.6256942749023438,-0.2869293689727783,91.46673583984375,0.10689307749271393,0.03365834429860115,201.58399963378906,0,3076,8.813130261856726,2305843039077144903,185.7262333909518,25.29039340499659,main,backup,28480,127.73447,1182.1497,483.4626,0.4888323750857515
2M14470751+4444351,221.781298,44.743099,5037.7265625,2.0472967624664307,-1.5040171146392822,91.46673583984375,0.10689307749271393,0.05002947524189949,75.1803970336914,1216,198656,20.26455967678825,2305843020316027391,221.7813134236609,44.7429635765254,main,backup,10591,127.265205,1143.5441,369.2197,0.48911705790866256
2M13013837-0137493,195.409893,-1.630369,5077.591796875,3.6123499870300293,-0.16124321520328522,91.46673583984375,0.10689307749271393,0.03228021785616875,256.947998046875,0,0,0.7503689150118817,2305843036669608268,195.409757353167,-1.630379205764757,main,backup,26187,124.829124,876.9565,911.8637,0.48951166297119447
2M12011062-0104156,180.294285,-1.071011,4386.7275390625,3.07777738571167,-0.6304144859313965,91.46673583984375,0.10689307749271393,0.034756675362586975,189.5850067138672,0,512,7.033293015929054,2305843036053054989,180.2941529375903,-1.070974024069661,main,backup,25597,109.89661,666.7525,609.2456,0.4936282196084401
2M11150067-0033174,168.752812,-0.554842,4550.87255859375,2.1318111419677734,-0.291090726852417,91.46673583984375,0.10689307749271393,0.03157424181699753,395.6239929199219,0,512,6.94409180957401,2305843037462341383,168.7526763263205,-0.5548218579387314,main,backup,26943,104.89064,841.48517,363.2027,0.4937557670752543
2M14123065+5254349,213.127711,52.909714,4904.47705078125,3.496356725692749,0.053319357335567474,91.46673583984375,0.10689307749271393,0.029283985495567322,286.0530090332031,0,512,6.964972709127595,2305843021192631393,213.1274906182533,52.90974791210078,main,backup,11426,109.30952,1000.6799,601.7292,0.4937919630450313
2M03172105+0110368,49.337738,1.176911,5086.162109375,3.10526442527771,-0.37199458479881287,91.46673583984375,0.10689307749271393,0.033350519835948944,88.83100128173828,0,4608,9.296969404137517,2305843033557437812,49.33776590342592,1.176774571823176,main,backup,23218,109.183876,666.16455,604.0785,0.5013046234552567
2M10300525+2921062,157.521914,29.351749,4980.12109375,3.8666934967041016,-0.20568524301052094,91.46673583984375,0.10689307749271393,0.03199189528822899,168.91299438476562,0,512,7.030950297177733,2305843014645318472,157.5218165962726,29.3518605658093,main,backup,5183,130.13907,1192.3184,314.1,0.5047051411790745
2M13070083-0121526,196.753469,-1.364632,5061.6455078125,3.4040868282318115,-0.23297367990016937,91.46673583984375,0.10689307749271393,0.03149156644940376,76.3583984375,0,4,2.476294456256011,2305843036673805081,196.7533329991496,-1.364592792727989,main,backup,26188,131.79063,847.3237,911.8637,0.509408923775108
2M10174664+0240310,154.444349,2.67529,5123.5361328125,3.883793354034424,0.41742047667503357,91.46673583984375,0.10689307749271393,0.02594120427966118,138.4980010986328,8,0,2.9773691979187165,2305843037969848393,154.4442152652753,2.675340867707672,main,backup,27424,131.77536,1083.6536,240.0633,0.5146052991189425
2M11465701-0056252,176.737568,-0.940352,5127.82177734375,3.627291202545166,-0.14461363852024078,91.46673583984375,0.10689307749271393,0.030963866040110588,91.125,0,4,2.4561862339795644,2305843037483308556,176.7374267419582,-0.9403800117050346,main,backup,26962,185.03879,1069.7136,602.0572,0.5183639428473436
2M13062403-0201217,196.600133,-2.022708,4765.24755859375,2.6182525157928467,-0.22968704998493195,91.46673583984375,0.10689307749271393,0.03118898719549179,153.02999877929688,0,0,0.7964738243021936,2305843036673802346,196.6000195414722,-2.022796957824675,main,backup,26188,157.19754,1036.1191,911.8637,0.5188285066556091
2M12341884+5631341,188.578505,56.526146,4855.0439453125,3.0915780067443848,-0.0438791960477829,91.46673583984375,0.10689307749271393,0.030101558193564415,320.34698486328125,0,1536,8.055087011996841,2305843020919999113,188.5782584354581,56.52609644799657,main,backup,11167,155.59105,1276.3284,264.8036,0.5210664101338195
2M13442688+5654280,206.112005,56.907799,5012.810546875,3.46943998336792,0.12927867472171783,91.46673583984375,0.10689307749271393,0.027600444853305817,79.48680114746094,0,0,0.843436529654355,39633349257462344,206.1120799323974,56.90793897081566,main,bright,11786,432.4939,3503.303,616.4086,0.5249786301046486
2M03175577+0124083,49.482377,1.402316,4768.63623046875,2.490283489227295,-0.439092755317688,91.46673583984375,0.10689307749271393,0.03423075005412102,349.3760070800781,0,4,2.338934600723279,2305843033557438692,49.48243013187658,1.402179951912367,main,backup,23218,96.109726,551.52936,604.0785,0.5257773552475182
2M11194692-0122413,169.945507,-1.378148,4846.47265625,3.169591188430786,-0.5264838933944702,91.46673583984375,0.10689307749271393,0.03567683696746826,320.239990234375,0,0,0.7454089635411545,2305843037453944789,169.9453793508405,-1.378076142129,main,backup,26935,109.460785,859.2923,363.2027,0.5272302524095392
2M14452972+1120525,221.373873,11.347934,5098.52099609375,2.634904623031616,-0.9540842771530151,91.46673583984375,0.10689307749271393,0.04190128296613693,129.25,0,0,0.8668044731631983,2305843017992373784,221.3737322083333,11.34787852612432,main,backup,8372,126.802376,1162.7207,601.4184,0.5355680622190422
2M12211673+0022029,185.319719864,0.367496010765,6205.49169921875,2.505453109741211,-1.8701101541519165,91.46673583984375,0.10689307749271393,0.06915508955717087,429.7900085449219,640,2048,14.971593604119224,2305843036778660231,185.3196050926613,0.3674006647930314,main,backup,26288,138.25208,891.7965,602.914,0.5371457301668876
2M10511032-0001427,162.793004,-0.028555,4961.58349609375,3.366791009902954,-0.48199230432510376,91.46673583984375,0.10689307749271393,0.03555431589484215,193.9029998779297,0,0,0.7947650060423003,2305843037571388260,162.7929299892489,-0.0286854949963766,main,backup,27045,112.33965,965.4329,479.2288,0.5400784022003328
2M11302205+0408240,172.591915,4.140002,4641.96484375,2.809293508529663,0.16001975536346436,91.46673583984375,0.10689307749271393,0.027282824739813805,350.3009948730469,0,0,0.6944934109705879,2305843037621718336,172.5917644777336,4.14000776060313,main,backup,27092,170.46758,1144.1709,722.1162,0.5408639120354806
2M13273568-0044416,201.89867,-0.744913,5707.8603515625,3.6260364055633545,-2.1743998527526855,91.46673583984375,0.10689307749271393,0.07229401916265488,144.17100524902344,0,65536,12.098292630432638,2305843036321491123,201.8985750248186,-0.745030118080616,main,backup,25854,127.50794,964.54034,831.13,0.5428175100492042
2M12452637-0355347,191.359916,-3.926328,4920.2236328125,2.559058427810669,-0.6100978255271912,91.46673583984375,0.10689307749271393,0.03712013363838196,230.17599487304688,0,2048,8.41063351252628,2305843036644444527,191.3598444482055,-3.926461014266132,main,backup,26160,131.52492,898.9732,601.8253,0.5434503669536432
2M12183156-0036279,184.631536,-0.607755,4835.90869140625,2.7491869926452637,-0.6898841857910156,91.46673583984375,0.10689307749271393,0.03713419660925865,154.73599243164062,0,512,7.065374232873962,2305843036766081861,184.6314014046704,-0.6076824559027557,main,backup,26276,151.4215,987.05316,602.914,0.550417641309782
2M12471087+2646057,191.795298,26.76825,4887.2353515625,2.5544962882995605,-0.5678021311759949,91.46673583984375,0.10689307749271393,0.034623872488737106,70.93460083007812,0,512,7.130063095566579,2305843038729017973,191.7952679927689,26.76809935226165,main,backup,28150,131.30464,1137.0995,601.7018,0.5508415005506261
2M14195161+0433095,214.965081,4.552646,4863.11669921875,2.5753681659698486,-1.5083022117614746,91.46673583984375,0.10689307749271393,0.04881078377366066,66.2020034790039,2176,512,14.893506145593449,2305843036552170152,214.9649271620945,4.552666589068792,main,backup,26072,107.00631,868.3837,1203.8068,0.5570225484514223
2M15041124+2531345,226.046842,25.526255,4926.70166015625,2.7775866985321045,-1.415382742881775,91.46673583984375,0.10689307749271393,0.0500415600836277,308.1000061035156,0,2052,8.448142356944517,2305843018634112041,226.0466776696784,25.52621026783609,main,backup,8987,119.47926,996.6082,1210.3293,0.5576027978337326
2M12230385+0028157,185.766078,0.471033,4920.1240234375,3.3672473430633545,-0.8087866306304932,91.46673583984375,0.10689307749271393,0.0398968867957592,262.3800048828125,0,0,0.7863682728925458,2305843036778663159,185.7659377370082,0.4709648671531911,main,backup,26288,120.03356,769.4017,602.914,0.5613514322977725
2M12010401-0058306,180.26672,-0.975172,4858.43212890625,2.5936167240142822,-1.2062920331954956,91.46673583984375,0.10689307749271393,0.045842383056879044,243.81700134277344,64,512,11.238067556931037,2305843036053055279,180.266655294601,-0.9753159633410804,main,backup,25597,109.22006,651.8519,609.2456,0.5681961023494431
2M11504005-0002099,177.66691,-0.036111,4976.83251953125,2.639352798461914,-0.4802737534046173,91.46673583984375,0.10689307749271393,0.03395107761025429,71.5281982421875,0,4,2.4950393841298197,2305843037487504637,177.6668331553948,-0.0362500443519955,main,backup,26966,117.27165,830.2051,1362.5328,0.5719177910167846
2M03181375+0105399,49.557321,1.094436,4668.17578125,2.5690953731536865,-0.38697946071624756,91.46673583984375,0.10689307749271393,0.03316675126552582,271.7489929199219,0,1536,8.086809933023375,2305843033557439798,49.55730483519881,1.094277277019028,main,backup,23218,114.41204,701.2404,604.0785,0.574357297000251
2M11500810+0122064,177.533776,1.368471,5291.96630859375,2.1383121013641357,-1.5238218307495117,91.46673583984375,0.10689307749271393,0.052269257605075836,82.94239807128906,976,65536,18.937433631458653,39627817905816492,177.5337311848001,1.368315669953904,main,bright,26973,451.26987,3850.1008,537.6577,0.5819840657054585
2M03140582+0106525,48.52428,1.114593,4950.8203125,3.357780694961548,0.22060872614383698,91.46673583984375,0.10689307749271393,0.02723369374871254,146.9219970703125,0,4608,9.21650977905954,2305843033553244388,48.52431916771206,1.114435526893831,main,backup,23213,120.46577,712.02026,604.0785,0.5841692882263947
2M13434767+2617038,205.948645,26.284416,5716.13232421875,3.7345023155212402,-0.5361567139625549,91.46673583984375,0.10689307749271393,0.0387105830013752,131.24600219726562,448,3072,14.986762607160546,2305843019980481451,205.9484745695349,26.28436065195881,main,backup,10269,163.29865,1390.4207,574.6556,0.585086369082067
2M12252652+2523219,186.360502,25.389433,5222.80029296875,2.2508838176727295,-1.9534474611282349,91.46673583984375,0.10689307749271393,0.06403081119060516,288.0889892578125,0,1536,8.235311969685311,2305843039077143200,186.3603632853432,25.38932733291248,main,backup,28481,137.71013,1251.5023,483.4626,0.5901129357466691
2M16434860+3630574,250.952523,36.515972,5043.6064453125,3.374546766281128,-0.3240756392478943,91.46673583984375,0.10689307749271393,0.03372881934046745,175.99099731445312,0,1536,8.132865579771787,39633011284643043,250.9525040417252,36.51613542875263,main,bright,9437,472.07233,2968.0957,645.6358,0.5908949080856883
2M11522013+1834541,178.083913,18.581705,4860.72509765625,3.420966625213623,0.026312869042158127,91.46673583984375,0.10689307749271393,0.02939455397427082,333.5169982910156,0,2560,8.558100712937676,2305843038825483949,178.0839415725357,18.58154192450429,main,backup,28241,111.104164,934.6061,606.3541,0.5951128835698024
2M03154075+0017519,48.919822,0.297775,5019.18896484375,3.282961368560791,-0.19179101288318634,91.46673583984375,0.10689307749271393,0.0323847234249115,275.031005859375,0,3584,8.92862967660637,2305843033544855023,48.91997988246573,0.2978259666623265,main,backup,23207,115.951965,736.0023,604.0785,0.5972507441306143
2M11080750-0523502,167.031271,-5.397296,5022.67724609375,3.4128689765930176,-0.23457181453704834,91.46673583984375,0.10689307749271393,0.03289249539375305,369.46099853515625,0,0,0.7172312861562685,2305843037437166650,167.0311874363379,-5.397149435123818,main,backup,26916,135.44801,951.961,799.5482,0.6067080856058289
2M10394722+3510586,159.946759,35.182949,5409.8681640625,2.839061975479126,-2.333195447921753,91.46673583984375,0.10689307749271393,0.07340923696756363,102.96499633789062,0,0,1.0468843843523183,39632985519031571,159.9469354212813,35.18304220965852,main,bright,5331,447.25415,3160.977,648.9477,0.6181038727381988
2M11480442-1211044,177.018426,-12.184576,4974.24072265625,2.432229995727539,-0.8582212924957275,91.46673583984375,0.10689307749271393,0.04091126471757889,326.1130065917969,0,512,7.010045225444141,2305843035834953331,177.018250955958,-12.18456133433898,main,backup,25391,148.72868,980.3184,1621.9397,0.618221370104687
2M11533640+1853564,178.401681,18.899008,5026.16552734375,3.569579601287842,-0.07847017049789429,91.46673583984375,0.10689307749271393,0.03032156452536583,130.74200439453125,0,2560,8.65591998543498,2305843038829680413,178.4015041535529,18.89896698519124,main,backup,28244,97.07546,775.3714,606.3541,0.6201599867767669
2M14155308+0511480,213.971197,5.196693,4816.27490234375,3.0514309406280518,-0.2321804016828537,91.46673583984375,0.10689307749271393,0.032000813633203506,237.88900756835938,0,512,6.9969236356743325,2305843036577346673,213.9710246072468,5.196672818605559,main,backup,26096,112.16165,858.4956,1203.8068,0.62231848199685
2M14153239+0449170,213.884975,4.821399,4852.65234375,3.2445249557495117,-0.5413374900817871,91.46673583984375,0.10689307749271393,0.035896480083465576,245.4199981689453,0,2560,8.621175374036124,2305843036552175956,213.8848358170802,4.821294809944627,main,backup,26074,114.453636,885.70776,1203.8068,0.6244791749071842
2M12455533-0201291,191.480543,-2.024767,4749.5009765625,2.7665233612060547,-0.59333336353302,91.46673583984375,0.10689307749271393,0.0360896997153759,233.35000610351562,0,0,0.7790105499314249,2305843036657025029,191.4804254173538,-2.024897026953961,main,backup,26172,88.84729,701.6412,1119.414,0.6309294262447747
2M11453211-0140392,176.383823,-1.677576,5430.697265625,3.9353933334350586,-0.08474428206682205,91.46673583984375,0.10689307749271393,0.03282548859715462,264.6780090332031,0,3072,8.780552123193353,2305843037483309166,176.38387195337,-1.677744996214657,main,backup,26962,199.50021,1213.7366,602.0572,0.6333759727582432
2M16051430+2801104,241.309589,28.019566,4977.130859375,3.2412171363830566,-0.06295366585254669,91.46673583984375,0.10689307749271393,0.03078366629779339,265.4549865722656,64,1536,12.251616438977113,2305843019024186436,241.309388097523,28.01954721468293,main,backup,9356,82.290184,849.53656,607.25,0.6420464947252811
2M13004814-0148375,195.200605,-1.810423,4957.39794921875,3.32584547996521,-0.24162442982196808,91.46673583984375,0.10689307749271393,0.03269043192267418,199.40699768066406,0,0,0.7776607572925063,2305843036669616510,195.2007382210277,-1.810542798955152,main,backup,26187,4.2201066,27.750004,911.8637,0.6448113219503386
2M13072973-0140108,196.873916,-1.669673,4965.96923828125,3.090665578842163,-0.7135231494903564,91.46673583984375,0.10689307749271393,0.038765933364629745,209.2209930419922,0,4,2.4126952731324423,2305843036673803819,196.8737366182992,-1.669686749615535,main,backup,26188,134.37045,868.3319,911.8637,0.6473949991564171
2M09224797+2752143,140.699915,27.870646,5031.54736328125,3.506621837615967,-0.3271821141242981,91.46673583984375,0.10689307749271393,0.03348499909043312,158.46800231933594,0,0,0.804484292879869,2305843014393669678,140.6998039318873,27.87049319275904,main,backup,4940,111.32282,738.5398,348.6832,0.6538765565841256
2M03140375+0108472,48.515646,1.146448,5012.810546875,3.5314853191375732,0.16935992240905762,91.46673583984375,0.10689307749271393,0.027731318026781082,127.43099975585938,0,4,2.406798949640221,2305843033553245918,48.51570521781872,1.146275789960114,main,backup,23213,114.76812,667.71405,604.0785,0.6555722004230048
2M12203784-0024062,185.157671,-0.401732,5500.16259765625,3.8313937187194824,0.014454793184995651,91.46673583984375,0.10689307749271393,0.031580500304698944,170.31500244140625,0,512,7.028071574947959,2305843036740920699,185.1575319513076,-0.4016142216873508,main,backup,26255,140.05435,938.3027,602.914,0.6560037663957332
2M10330027+3542032,158.251166,35.70089,5463.58642578125,2.843738079071045,-0.9564293026924133,91.46673583984375,0.10689307749271393,0.04364192485809326,116.5469970703125,0,0,0.8857694278181277,39632995358868341,158.2511026166185,35.70106932848562,main,bright,5338,298.9381,2236.5364,648.9477,0.6716491471250333
2M14043157+5256432,211.131546,52.945358,4995.8681640625,3.630256414413452,0.39276939630508423,91.46673583984375,0.10689307749271393,0.026357000693678856,211.49600219726562,8,512,9.177636734871427,2305843020483797141,211.1317566160691,52.94521983571548,main,backup,10749,131.61676,1177.513,601.7292,0.6753828893790988
2M13460946+2726224,206.539443,27.439569,4879.85986328125,3.3067986965179443,-0.5750263333320618,91.46673583984375,0.10689307749271393,0.03646252304315567,343.1050109863281,0,512,6.982737399253927,2305843020026611377,206.5392768694759,27.43945227674742,main,backup,10314,153.279,1285.5217,574.6556,0.676982009744059
2M12270180-0022307,186.757505,-0.375206,5332.4296875,3.932093620300293,-0.4197915196418762,91.46673583984375,0.10689307749271393,0.03554607555270195,127.12200164794922,0,1024,7.7691236009472044,2305843036753504681,186.7573262250692,-0.3751472643098385,main,backup,26264,134.75797,841.85925,602.914,0.6774219285903936
2M13444565+2625315,206.190223,26.425421,5500.26220703125,3.731308698654175,-0.810477614402771,91.46673583984375,0.10689307749271393,0.04180324450135231,133.4929962158203,0,2048,8.4882157846474,2305843019980478097,206.1900109198972,26.42541567145589,main,backup,10269,143.81029,1239.8318,574.6556,0.6839838918884275
2M15133712+3117506,228.404689,31.2974,4836.6064453125,2.560997247695923,-0.27158069610595703,91.46673583984375,0.10689307749271393,0.03158026561141014,123.25299835205078,0,512,7.0601888199945195,2305843018722185724,228.4044991604478,31.29729715227678,main,backup,9069,91.26827,648.6178,861.0181,0.6914553782562666
2M11174913-0025081,169.454726,-0.418928,4914.14453125,3.341470956802368,0.16717559099197388,91.46673583984375,0.10689307749271393,0.02805531583726406,188.11099243164062,0,512,7.000562640329737,2305843037508478877,169.4545429078557,-0.4188674278437193,main,backup,26986,120.9849,945.89905,363.2027,0.6942488467664228
2M11530271+0043036,178.261328,0.717691,5175.85888671875,3.7215001583099365,-0.4565294682979584,91.46673583984375,0.10689307749271393,0.0360693633556366,183.06300354003906,0,1536,8.140650375758282,2305843037487497295,178.2613212284638,0.7174968331974775,main,backup,26967,146.24536,1037.6125,1362.5328,0.6994253745074706
2M14510048+3645237,222.752041,36.756611,4791.7578125,1.899368166923523,-2.0172572135925293,91.46673583984375,0.10689307749271393,0.06021584942936897,122.84200286865234,0,512,7.203698060438914,39633015759963186,222.7521834606755,36.75676837930053,main,bright,9197,1149.4414,9028.872,1349.7327,0.6998787595500202
2M11181227-0029159,169.551146,-0.487758,5044.90185546875,3.051088809967041,-1.127517819404602,91.46673583984375,0.10689307749271393,0.04559919983148575,199.5189971923828,0,512,7.082424571589319,2305843037508474204,169.5509864713458,-0.4878694342278219,main,backup,26986,99.76731,795.6921,363.2027,0.7005227587960987
2M16024035+2832161,240.668161,28.537807,4921.91796875,3.5568056106567383,-0.06846508383750916,91.46673583984375,0.10689307749271393,0.030624447390437126,266.2099914550781,0,0,0.7385623799346883,2305843019024180209,240.6681393772425,28.53761228533412,main,backup,9358,82.33802,844.201,607.25,0.7043005627084197
2M13575604+4228213,209.483516,42.472588,4800.2294921875,2.490854024887085,-1.4147459268569946,91.46673583984375,0.10689307749271393,0.049210503697395325,262.135009765625,0,0,0.8330294203250699,2305843020378931850,209.4833396294249,42.47244091610196,main,backup,10651,139.49632,1129.9323,1814.5289,0.706897253142873
2M12212498+0024507,185.354101,0.414096,5287.68115234375,3.8536934852600098,-0.748920738697052,91.46673583984375,0.10689307749271393,0.03959299251437187,113.74600219726562,0,2048,8.493043636297196,2305843036778660151,185.3539032114171,0.4141249521679097,main,backup,26288,131.61581,847.9733,602.914,0.7196084657919607
2M12180297-0020286,184.512411,-0.341283,5500.16259765625,3.871293544769287,0.04642089456319809,91.46673583984375,0.10689307749271393,0.031592246145009995,216.33599853515625,0,512,7.004336248653488,2305843036766079428,184.5122237358161,-0.3413562606890476,main,backup,26276,144.69481,935.9057,602.914,0.7238933017671975
2M13442178+2615427,206.090752,26.261885,4779.49951171875,3.61850905418396,-0.66619873046875,91.46673583984375,0.10689307749271393,0.03710046410560608,193.3350067138672,0,2048,8.427894744310507,2305843019980477483,206.0907429598251,26.26168185335323,main,backup,10269,162.4392,1388.5886,574.6556,0.731910054679681
2M10170389+0203015,154.26621,2.050418,5082.57470703125,3.6884243488311768,0.019656222313642502,91.46673583984375,0.10689307749271393,0.02972177416086197,148.9340057373047,0,0,0.7918329736468326,2305843037789493951,154.2660462695776,2.050547142515776,main,backup,27253,107.80402,861.72394,240.0633,0.7504175705515884
2M13454809+2650005,206.450388,26.833485,5401.49658203125,3.89349365234375,-0.6101952791213989,91.46673583984375,0.10689307749271393,0.0394555926322937,223.3520050048828,0,0,0.800199962624057,2305843020026616354,206.4501608710855,26.83343316022614,main,backup,10312,141.70792,1225.4282,574.6556,0.753109219616896
2M17334956+3419435,263.456538,34.32877,4702.06103515625,2.518683433532715,-0.6606086492538452,91.46673583984375,0.10689307749271393,0.03675086051225662,213.8509979248047,0,2560,8.639156539660524,39632967055708228,263.4564478336642,34.32896782455715,main,bright,32702,405.0094,3429.4658,1365.4326,0.760946189044721
2M17361788+3426483,264.074525,34.446751,4916.4365234375,2.7068729400634766,-0.5697635412216187,91.46673583984375,0.10689307749271393,0.035794004797935486,145.00999450683594,0,1024,7.757294034468883,39632972059513434,264.0744711688579,34.44695905933667,main,bright,32702,458.79102,3992.4792,1365.4326,0.7658726489065187
2M06311703+3330390,97.820993,33.510834,4959.29150390625,2.6936426162719727,-0.31391510367393494,91.46673583984375,0.10689307749271393,0.03355454280972481,233.0070037841797,0,0,0.7664812358833444,2305843016226640882,97.82083849929428,33.51066202168494,main,backup,6688,44.930946,260.30637,780.0852,0.7735487814886431
2M12265276+2525097,186.719838,25.419384,5583.68017578125,3.9226937294006348,-0.40976446866989136,91.46673583984375,0.10689307749271393,0.03638530522584915,125.68199920654297,0,1024,7.77445004378819,2305843038716433112,186.7195975753897,25.4193710719097,main,backup,28139,128.09181,1152.5116,483.4626,0.7831211245426674
2M12171215+0018103,184.300664,0.302887,4943.34521484375,3.39245343208313,-0.5533599257469177,91.46673583984375,0.10689307749271393,0.03647768869996071,267.1549987792969,0,0,0.7674755531973717,2305843036766086748,184.3004406941742,0.3028951358097864,main,backup,26279,138.24628,859.6093,602.914,0.8044231190166532
2M12264128-0320574,186.672043122,-3.34928499674,5484.9140625,3.838193416595459,-0.3694358468055725,91.46673583984375,0.10689307749271393,0.03645032271742821,195.14300537109375,0,1028,7.734953574574244,2305843036728337767,186.6722079927772,-3.349445897304485,main,backup,26241,117.36263,980.84143,1052.3633,0.8286147533181919
2M12085099+0510103,182.212489,5.169544,5022.3779296875,3.765493392944336,-0.41427409648895264,91.46673583984375,0.10689307749271393,0.03344891965389252,78.80169677734375,0,4612,9.310167431512776,2305843038229895385,182.2122550910824,5.169544861252731,main,backup,27673,85.22951,758.5775,259.5307,0.838652650554136
2M14150830+0439229,213.784618,4.656379,5041.912109375,3.2604925632476807,-0.7682548761367798,91.46673583984375,0.10689307749271393,0.03868524730205536,117.9489974975586,0,512,7.100076227198703,2305843036539585684,213.7844320770323,4.656228671970364,main,backup,26063,108.014206,840.0215,1203.8068,0.8590211786868149
2M17464136+4844026,266.672339,48.73407,4715.31689453125,2.716567277908325,-0.3930269479751587,91.46673583984375,0.10689307749271393,0.032616954296827316,135.68699645996094,0,4,2.424996948858852,39633229291979870,266.6719514221372,48.73400339633292,main,bright,9689,450.76862,3311.4084,544.3036,0.9509878426770363
2M11413253+0021148,175.385557,0.354136,5523.78271484375,3.8611936569213867,-0.13453273475170135,91.46673583984375,0.10689307749271393,0.032599881291389465,110.9749984741211,0,512,7.075691316176937,2305843037491699768,175.3853659492675,0.3539473374856255,main,backup,26971,110.61832,1006.84,606.2719,0.9666018976572589
2M13125400+1810362,198.225035,18.176735,4716.51220703125,1.6161715984344482,-2.2153940200805664,91.46673583984375,0.10689307749271393,0.06531719863414764,155.1540069580078,1216,133120,19.868903206164767,39628221951515155,198.2247541768472,18.17681073982352,sv1,other,27981,10991.034,71783.72,7200.408,0.9984658711627298
2M15275294+3720024,231.970589,37.334011,4515.29296875,2.1716160774230957,-0.7547928094863892,91.46673583984375,0.10689307749271393,0.03711875155568123,226.92599487304688,0,0,0.7869352849367132,39633025549467714,231.9704437534834,37.33426440523364,main,bright,9860,433.55533,2971.4614,576.039,1.0025306891088444
2M14570204+3622545,224.25852,36.381813,4899.79248046875,2.516630172729492,-0.5306985974311829,91.46673583984375,0.10689307749271393,0.0349443256855011,124.8740005493164,0,2560,8.683590199924701,39633010923931969,224.2588501342939,36.38169024691537,main,bright,9189,444.4046,3654.6162,610.3725,1.0539470403900175
2M12193495-0103423,184.895637,-1.061768,5496.57470703125,3.7872934341430664,-0.9112722873687744,91.46673583984375,0.10689307749271393,0.0433134026825428,130.67999267578125,0,0,0.872773171677834,2305843036740919872,184.8953410912868,-1.061765996568097,main,backup,26254,117.80659,789.77844,602.914,1.0651128795279015
2M12223257-0128454,185.63573,-1.479283,5195.9912109375,3.2577552795410156,-1.5567502975463867,91.46673583984375,0.10689307749271393,0.05470184609293938,207.50399780273438,0,0,0.8837570353436713,2305843036740914457,185.6358438170754,-1.479563346420372,main,backup,26252,166.32053,1079.3191,602.914,1.0891996606478938
2M14565070+4131249,224.21129,41.52359,4739.3349609375,2.804161310195923,-0.24028590321540833,91.46673583984375,0.10689307749271393,0.03177550062537193,201.22300720214844,0,512,7.012459866243894,39633104981200154,224.2112502015017,41.52389787692736,main,bright,10581,361.361,3215.2087,705.0872,1.1135354987538824
2M16465357+3707402,251.723213,37.127861,4639.671875,2.6450552940368652,-0.17946618795394897,91.46673583984375,0.10689307749271393,0.030693238601088524,199.11500549316406,0,0,0.7678205965264124,39633025813709394,251.7234267596259,37.12812980743024,main,bright,9431,374.92932,3233.362,404.8542,1.1458139617403769
2M15060623+3725450,226.525997,37.429169,4502.63525390625,2.328782796859741,-0.32417547702789307,91.46673583984375,0.10689307749271393,0.031033523380756378,141.32899475097656,0,0,0.8035971190743754,39633030289031562,226.5256971784286,37.4293818515534,main,bright,9204,444.8084,4434.171,1178.7981,1.1497050955385621
2M07440977+7804166,116.040737,78.071297,4776.908203125,2.424018144607544,-0.4462505280971527,91.46673583984375,0.10689307749271393,0.03346175327897072,132.11300659179688,0,512,7.062708393853884,39633543176916373,116.0392139031544,78.07123797450565,main,bright,8090,464.9509,4219.4756,785.627,1.1530868231712454
2M11024124-0601551,165.671865,-6.031992,4821.65673828125,3.705076217651367,-0.8638617992401123,91.46673583984375,0.10689307749271393,0.039045870304107666,125.46099853515625,0,512,7.095755428221707,2305843037432978293,165.6718095661565,-6.032315634398896,main,backup,26914,97.91198,739.8301,1810.4094,1.18186525354179
2M16401604+3542091,250.066853,35.702541,4746.21240234375,2.9418246746063232,0.02017172984778881,91.46673583984375,0.10689307749271393,0.02901855856180191,199.31199645996094,0,2052,8.386406222889864,39632996612964926,250.0671561022288,35.70232082977006,main,bright,9433,396.04697,3651.0715,1076.4142,1.1888629531079875
2M06521124+4428050,103.046859,44.468075,5017.29541015625,3.5292043685913086,0.34182971715927124,91.46673583984375,0.10689307749271393,0.02580242231488228,93.19609832763672,0,0,0.8187178618005413,39633156667609560,103.0465930990792,44.46834781414772,main,bright,6778,602.0362,5370.6055,1256.8699,1.1963456027338146
2M13271080+3619586,201.795014,36.332951,4457.48828125,2.496898651123047,-2.4967379570007324,91.46673583984375,0.10689307749271393,0.0693044438958168,103.25,640,516,13.737158991236154,2305843020190188777,201.7949684459521,36.33261917625458,main,backup,10469,123.83695,1124.4058,1043.2472,1.2018487222209713
2M07440303+5200556,116.01265,52.01545,4994.771484375,2.7074432373046875,-0.3968236446380615,91.46673583984375,0.10689307749271393,0.03383224830031395,133.40199279785156,0,4,2.432759254797122,39633277916548666,116.0123772953413,52.01575009716962,main,bright,6983,284.8454,2259.7402,1893.4445,1.2378294038236937
2M10542783-0020461,163.615994,-0.34615,5051.87841796875,3.8666934967041016,-0.3741963505744934,91.46673583984375,0.10689307749271393,0.032934870570898056,65.91200256347656,2176,516,14.822326078837591,2305843037558806245,163.615702307565,-0.3463394552186237,main,backup,27034,112.71683,942.2254,479.2288,1.252130766107898
2M15064933+3636070,226.705583,36.601971,4915.43994140625,2.664672613143921,-0.43265295028686523,91.46673583984375,0.10689307749271393,0.03376225009560585,121.5250015258789,0,512,7.072499211719737,39633010957485671,226.7057077718331,36.60163588762931,main,bright,9179,451.71436,3380.5474,707.7866,1.2591442571199616
2M11032552+4849283,165.856338,48.824547,4793.2529296875,2.9887008666992188,-0.32600387930870056,91.46673583984375,0.10689307749271393,0.032983921468257904,239.67599487304688,0,0,0.760818072803763,39633228172101537,165.8557863142581,48.82455939369295,main,bright,5911,331.7113,3076.5823,463.2643,1.3083230069593292
2M16454864+3659300,251.452678,36.991692,4641.46630859375,2.498495578765869,-0.6078035831451416,91.46673583984375,0.10689307749271393,0.03577461838722229,202.46200561523438,0,0,0.7915687900461993,39633020981873475,251.4530933865841,36.99153869409812,main,bright,9437,463.58963,2801.5298,645.6358,1.3157497243211607
2M11523970+1903001,178.165435269,19.050054949,5280.904296875,3.597066879272461,-1.4630147218704224,91.46673583984375,0.10689307749271393,0.053367190062999725,251.33999633789062,0,516,7.10604471422059,2305843038829679875,178.1652295297877,19.04973612301304,main,backup,28244,122.18316,991.3577,606.3541,1.3444412313036758
2M14441441+4535317,221.060042,45.59214,4688.70654296875,1.5501339435577393,-2.07712721824646,91.46673583984375,0.10689307749271393,0.06258867681026459,196.35899353027344,0,516,7.176727447701224,39633175219013589,221.0604418935822,45.59188534215993,main,bright,10613,928.87854,8047.835,1371.7323,1.3620938608161464
2M13400083+5600407,205.003462,56.011307,4225.67236328125,1.4137251377105713,-1.115401029586792,91.46673583984375,0.10689307749271393,0.040544044226408005,182.99200439453125,0,4,2.4349125297332748,39633335856660945,205.0027461436714,56.01127714551775,main,bright,11102,391.90637,3320.6492,616.4086,1.4446686974801046
2M14011872+3346155,210.328017,33.770985,4784.88134765625,3.2033512592315674,0.4800063371658325,91.46673583984375,0.10689307749271393,0.02431372180581093,138.5050048828125,8,0,2.969226764969736,39632956284731716,210.3278327468354,33.77136047116586,main,bright,10530,398.14105,3094.1125,561.5851,1.4598322806336748
2M17471828+7320314,266.82617,73.342064,4964.2744140625,3.1612651348114014,0.020129213109612465,91.46673583984375,0.10689307749271393,0.028796084225177765,107.09300231933594,0,516,7.0679677231153075,39633515058300147,266.8272523846276,73.34179649847852,main,bright,11741,387.23004,3042.1875,759.6116,1.474806032468635
