object_id,source_file,sn_r,teff,logg,feh,split,evaluation,method,target,seed,noise_factor,y_true,y_pred,residual,abs_error,ood_score,ood_percentile,target_access
39627803590661381,rvspecfit-main-bright-0.fits,28.50589,4480.691,4.253539,0.17412166,target_evaluation,target_evaluation_shifted,source_only,teff,2026,2.0,4480.69091796875,4241.264637044269,-239.42628092448103,239.42628092448103,5.1943341980227515,0.5370370370370371,source_only
39627797550864891,rvspecfit-main-bright-0.fits,14.311126,3968.126,4.493116,-0.6129776,target_evaluation,target_evaluation_shifted,source_only,teff,2026,2.0,3968.1259765625,4132.219912821452,164.09393625895245,164.09393625895245,8.161753597288424,0.7759259259259259,source_only
39627785479657922,rvspecfit-main-bright-0.fits,23.107883,5525.6953,4.8475904,-0.8433948,target_evaluation,target_evaluation_shifted,source_only,teff,2026,2.0,5525.6953125,5768.343873596194,242.6485610961936,242.6485610961936,3.84405477361581,0.31296296296296294,source_only
39627797550862010,rvspecfit-main-bright-0.fits,17.196161,5155.6426,4.86746,-0.74379873,target_evaluation,target_evaluation_shifted,source_only,teff,2026,2.0,5155.642578125,5373.434413146971,217.79183502197066,217.79183502197066,5.339871321607359,0.5574074074074075,source_only
39627803599047112,rvspecfit-main-bright-0.fits,26.322287,5086.4585,4.766821,-0.46503806,target_evaluation,target_evaluation_shifted,source_only,teff,2026,2.0,5086.45849609375,4988.120796610515,-98.33769948323516,98.33769948323516,3.9063007232232834,0.32037037037037036,source_only
39627809643043009,rvspecfit-main-bright-0.fits,10.406952,4673.5483,4.4082108,-0.41964775,target_evaluation,target_evaluation_shifted,source_only,teff,2026,2.0,4673.54833984375,5098.928823343911,425.38048350016106,425.38048350016106,7.6828860150503,0.7425925925925926,source_only
39627797571831121,rvspecfit-main-bright-0.fits,38.04706,5674.233,5.089847,-0.64886004,target_evaluation,target_evaluation_shifted,source_only,teff,2026,2.0,5674.23291015625,5592.006985066732,-82.22592508951766,82.22592508951766,2.3692548934174282,0.022222222222222223,source_only
39627821731021743,rvspecfit-main-bright-1.fits,32.808224,6012.902,4.0533924,-0.97668797,target_evaluation,target_evaluation_shifted,source_only,teff,2026,2.0,6012.90185546875,5935.017933756511,-77.88392171223859,77.88392171223859,3.3253088029447704,0.17962962962962964,source_only
39627821731024542,rvspecfit-main-bright-1.fits,10.150132,3514.3335,4.795404,-9.54014e-09,target_evaluation,target_evaluation_shifted,source_only,teff,2026,2.0,3514.33349609375,3589.5164579264297,75.18296183267967,75.18296183267967,7.494266295034199,0.7351851851851852,source_only
39627815691227637,rvspecfit-main-bright-1.fits,12.06874,5242.399,5.082218,-0.3883964,target_evaluation,target_evaluation_shifted,source_only,teff,2026,2.0,5242.39892578125,5324.254173787436,81.85524800618623,81.85524800618623,7.255425754393522,0.7185185185185186,source_only
39627815691227894,rvspecfit-main-bright-1.fits,16.81999,5900.0044,4.712105,-0.6586523,target_evaluation,target_evaluation_shifted,source_only,teff,2026,2.0,5900.00439453125,5502.156751810708,-397.84764272054235,397.84764272054235,5.850088886370738,0.6074074074074074,source_only
39627815691224502,rvspecfit-main-bright-1.fits,15.9603815,5896.2236,4.731507,-1.1173238,target_evaluation,target_evaluation_shifted,source_only,teff,2026,2.0,5896.2236328125,5754.135442504879,-142.0881903076206,142.0881903076206,4.842351716347116,0.4962962962962963,source_only
39627815703807705,rvspecfit-main-bright-1.fits,13.988191,3606.7092,4.674957,-0.09309976,target_evaluation,target_evaluation_shifted,source_only,teff,2026,2.0,3606.709228515625,3590.44121500651,-16.268013509115008,16.268013509115008,9.034792059723257,0.8037037037037037,source_only
39627809651425857,rvspecfit-main-bright-1.fits,29.866762,5622.943,4.8139563,-0.37131092,target_evaluation,target_evaluation_shifted,source_only,teff,2026,2.0,5622.94287109375,5503.29043955485,-119.65243153889969,119.65243153889969,4.6110786614379355,0.45925925925925926,source_only
39627803615825148,rvspecfit-main-bright-1.fits,12.816327,5113.739,2.2663527,-0.98540086,target_evaluation,target_evaluation_shifted,source_only,teff,2026,2.0,5113.73876953125,5598.580952555338,484.8421830240877,484.8421830240877,8.328044390067744,0.7796296296296297,source_only
39627815699615891,rvspecfit-main-bright-1.fits,18.43502,4220.126,4.723737,-1.3810121,target_evaluation,target_evaluation_shifted,source_only,teff,2026,2.0,4220.1259765625,5108.530053914387,888.4040773518873,888.4040773518873,6.2543602445787,0.6481481481481481,source_only
39627803590658022,rvspecfit-main-bright-2.fits,16.427069,3402.1553,4.6148133,-0.25,target_evaluation,target_evaluation_shifted,source_only,teff,2026,2.0,3402.1552734375,3560.057982177733,157.9027087402328,157.9027087402328,7.364349389020687,0.7277777777777777,source_only
39627821714244104,rvspecfit-main-bright-2.fits,23.581211,3939.141,4.8228536,0.04200729,target_evaluation,target_evaluation_shifted,source_only,teff,2026,2.0,3939.14111328125,3938.0287351481106,-1.112378133139373,1.112378133139373,5.009015806455158,0.5222222222222223,source_only
39627815674447825,rvspecfit-main-bright-2.fits,12.42645,3848.9524,4.6892333,-0.37573263,target_evaluation,target_evaluation_shifted,source_only,teff,2026,2.0,3848.952392578125,3950.588769429525,101.6363768514002,101.6363768514002,7.7171068065047255,0.7481481481481481,source_only
39627821705861343,rvspecfit-main-bright-2.fits,23.189272,5815.6016,4.2078815,-0.86157435,target_evaluation,target_evaluation_shifted,source_only,teff,2026,2.0,5815.6015625,5792.422372639974,-23.179189860025872,23.179189860025872,5.217841833514664,0.5407407407407407,source_only
39627821710049965,rvspecfit-main-bright-2.fits,24.613297,5314.402,3.0451887,-1.3697333,target_evaluation,target_evaluation_shifted,source_only,teff,2026,2.0,5314.40185546875,5916.184061075846,601.7822056070963,601.7822056070963,5.121327414669467,0.5296296296296297,source_only
39627809622067402,rvspecfit-main-bright-2.fits,31.265646,6137.838,4.0774336,-1.2985094,target_evaluation,target_evaluation_shifted,source_only,teff,2026,2.0,6137.837890625,6093.151630249019,-44.686260375980964,44.686260375980964,3.9637186555640356,0.3333333333333333,source_only
39627809622066836,rvspecfit-main-bright-2.fits,15.522804,3970.5703,4.5469885,-0.63032347,target_evaluation,target_evaluation_shifted,source_only,teff,2026,2.0,3970.5703125,4124.169725036621,153.59941253662055,153.59941253662055,6.520873212940696,0.6777777777777778,source_only
39627809617878013,rvspecfit-main-bright-2.fits,31.116262,5462.681,5.1084437,-0.5318166,target_evaluation,target_evaluation_shifted,source_only,teff,2026,2.0,5462.68115234375,5510.903172403972,48.22202006022235,48.22202006022235,4.211181193418648,0.3888888888888889,source_only
39627815661869306,rvspecfit-main-bright-2.fits,12.123284,3522.1082,4.599729,-0.106358714,target_evaluation,target_evaluation_shifted,source_only,teff,2026,2.0,3522.108154296875,3607.3506157430006,85.24246144612562,85.24246144612562,8.063070419758768,0.7703703703703704,source_only
39627803590657135,rvspecfit-main-bright-2.fits,16.43598,5378.66,4.766294,-0.32350528,target_evaluation,target_evaluation_shifted,source_only,teff,2026,2.0,5378.66015625,5246.443887023925,-132.21626922607538,132.21626922607538,6.186667076173586,0.6444444444444445,source_only
39627803590659709,rvspecfit-main-bright-2.fits,12.965964,3757.0525,4.6078687,-0.25,target_evaluation,target_evaluation_shifted,source_only,teff,2026,2.0,3757.052490234375,3863.9771467081696,106.92465647379458,106.92465647379458,6.76507430907838,0.6925925925925925,source_only
39627803586463484,rvspecfit-main-bright-2.fits,31.973804,5079.818,2.5580812,-1.1764431,target_evaluation,target_evaluation_shifted,source_only,teff,2026,2.0,5079.81787109375,5880.7358441162105,800.9179730224605,800.9179730224605,4.980978809178598,0.5111111111111111,source_only
39627815661867184,rvspecfit-main-bright-2.fits,11.212901,5877.344,4.5,-0.87294865,target_evaluation,target_evaluation_shifted,source_only,teff,2026,2.0,5877.34423828125,5752.91012390137,-124.43411437988016,124.43411437988016,5.9709862168811245,0.6203703703703703,source_only
39627821705858400,rvspecfit-main-bright-2.fits,28.417381,5869.313,4.42161,-0.59817594,target_evaluation,target_evaluation_shifted,source_only,teff,2026,2.0,5869.31298828125,5870.216313476565,0.9033251953151193,0.9033251953151193,4.484852163328445,0.4425925925925926,source_only
39627815666062822,rvspecfit-main-bright-2.fits,21.326593,4725.2007,4.828737,-0.48243913,target_evaluation,target_evaluation_shifted,source_only,teff,2026,2.0,4725.20068359375,4600.636435139974,-124.56424845377569,124.56424845377569,4.8303872147060645,0.4888888888888889,source_only
39627809634650742,rvspecfit-main-bright-2.fits,29.139715,5899.9976,4.5475526,-0.6766757,target_evaluation,target_evaluation_shifted,source_only,teff,2026,2.0,5899.99755859375,5858.131242472333,-41.866316121417185,41.866316121417185,4.084819699988011,0.3537037037037037,source_only
39627809630461078,rvspecfit-main-bright-2.fits,15.055974,5211.608,5.1218247,-0.6671269,target_evaluation,target_evaluation_shifted,source_only,teff,2026,2.0,5211.60791015625,4935.345314737956,-276.26259541829404,276.26259541829404,5.925696898393559,0.6185185185185185,source_only
39627821714245907,rvspecfit-main-bright-2.fits,10.977933,4366.539,4.231374,-0.31133905,target_evaluation,target_evaluation_shifted,source_only,teff,2026,2.0,4366.5390625,4421.002472330729,54.46340983072878,54.46340983072878,6.733942685336873,0.6925925925925925,source_only
39627815670253220,rvspecfit-main-bright-2.fits,22.477627,5879.129,4.39243,-0.723626,target_evaluation,target_evaluation_shifted,source_only,teff,2026,2.0,5879.12890625,5592.705708618164,-286.42319763183605,286.42319763183605,4.877926217951469,0.4981481481481482,source_only
39627815670255646,rvspecfit-main-bright-2.fits,39.936398,4625.0684,4.7049537,-0.38005188,target_evaluation,target_evaluation_shifted,source_only,teff,2026,2.0,4625.068359375,4612.485932617189,-12.582426757810936,12.582426757810936,4.390816151470333,0.4222222222222222,source_only
39627809622072149,rvspecfit-main-bright-2.fits,24.390818,4927.6396,4.850641,-0.33607587,target_evaluation,target_evaluation_shifted,source_only,teff,2026,2.0,4927.6396484375,4827.037521769208,-100.60212666829193,100.60212666829193,4.7123015033176845,0.4740740740740741,source_only
39627839842027358,rvspecfit-main-bright-3.fits,24.140806,3398.4958,4.8100953,-3.0253883e-08,target_evaluation,target_evaluation_shifted,source_only,teff,2026,2.0,3398.495849609375,3463.1617066446925,64.66585703531746,64.66585703531746,5.8827752041900165,0.6092592592592593,source_only
39627833793842886,rvspecfit-main-bright-3.fits,39.385548,5554.7554,4.770294,-0.47174188,target_evaluation,target_evaluation_shifted,source_only,teff,2026,2.0,5554.75537109375,5376.591355997716,-178.16401509603384,178.16401509603384,3.870550881294365,0.3148148148148148,source_only
39627833798038562,rvspecfit-main-bright-3.fits,28.237612,5951.2617,4.267125,-0.8982497,target_evaluation,target_evaluation_shifted,source_only,teff,2026,2.0,5951.26171875,5956.055028889972,4.793310139972164,4.793310139972164,3.7647645663842284,0.29259259259259257,source_only
39627827766625875,rvspecfit-main-bright-3.fits,25.357946,4335.492,4.686248,-0.4138596,target_evaluation,target_evaluation_shifted,source_only,teff,2026,2.0,4335.4921875,4298.941656595865,-36.550530904134575,36.550530904134575,4.5446399803598245,0.45185185185185184,source_only
39627827770823696,rvspecfit-main-bright-3.fits,31.719215,4336.5527,4.3862042,0.22128439,target_evaluation,target_evaluation_shifted,source_only,teff,2026,2.0,4336.552734375,4163.3094680786135,-173.24326629638654,173.24326629638654,4.977110474230803,0.5111111111111111,source_only
39627833798034999,rvspecfit-main-bright-3.fits,17.041107,4075.3704,4.620044,-0.052925248,target_evaluation,target_evaluation_shifted,source_only,teff,2026,2.0,4075.370361328125,4082.807300415037,7.436939086911934,7.436939086911934,6.668919825443767,0.6851851851851852,source_only
39627833802234446,rvspecfit-main-bright-3.fits,21.432701,6195.4375,4.5,-2.0472734,target_evaluation,target_evaluation_shifted,source_only,teff,2026,2.0,6195.4375,5989.407713012696,-206.02978698730385,206.02978698730385,3.5422415352100005,0.22592592592592592,source_only
39627833793843974,rvspecfit-main-bright-3.fits,40.123512,3609.6584,4.536659,-0.20593798,target_evaluation,target_evaluation_shifted,source_only,teff,2026,2.0,3609.658447265625,3737.2970588175453,127.63861155192035,127.63861155192035,3.7499165361416926,0.28888888888888886,source_only
39627821743607305,rvspecfit-main-bright-4.fits,38.73113,4629.5903,4.7259316,-0.11974044,target_evaluation,target_evaluation_shifted,source_only,teff,2026,2.0,4629.59033203125,4527.746524963379,-101.84380706787124,101.84380706787124,3.4720908649376088,0.2037037037037037,source_only
39627821743608617,rvspecfit-main-bright-4.fits,14.83805,6469.1216,4.834329,-1.9999986,target_evaluation,target_evaluation_shifted,source_only,teff,2026,2.0,6469.12158203125,6088.078986612955,-381.0425954182947,381.0425954182947,5.772783040640335,0.6055555555555555,source_only
39627827783406885,rvspecfit-main-bright-4.fits,25.759974,3451.2712,4.5000005,6.0765877e-09,target_evaluation,target_evaluation_shifted,source_only,teff,2026,2.0,3451.271240234375,3426.5690773518872,-24.702162882487755,24.702162882487755,4.718723078032958,0.4759259259259259,source_only
39627833819009327,rvspecfit-main-bright-4.fits,14.72425,5800.006,4.4179063,-0.41439247,target_evaluation,target_evaluation_shifted,source_only,teff,2026,2.0,5800.005859375,5617.2902887980135,-182.71557057698647,182.71557057698647,6.002933068914145,0.6222222222222222,source_only
39627821747799263,rvspecfit-main-bright-4.fits,12.165322,6256.565,4.644997,-1.5297871,target_evaluation,target_evaluation_shifted,source_only,teff,2026,2.0,6256.56494140625,5603.266237589519,-653.2987038167312,653.2987038167312,5.281818771208172,0.5481481481481482,source_only
39627833823204203,rvspecfit-main-bright-4.fits,34.961163,4537.2896,4.6756153,-0.036325403,target_evaluation,target_evaluation_shifted,source_only,teff,2026,2.0,4537.28955078125,4300.386356608072,-236.90319417317824,236.90319417317824,3.7933432766581,0.3,source_only
39627821735220946,rvspecfit-main-bright-4.fits,16.858812,3473.7603,4.656427,-0.7322211,target_evaluation,target_evaluation_shifted,source_only,teff,2026,2.0,3473.76025390625,3502.7699909464504,29.009737040200434,29.009737040200434,6.736281147823193,0.6925925925925925,source_only
39627833839977270,rvspecfit-main-bright-5.fits,22.707117,3847.4602,4.847961,-0.07507452,target_evaluation,target_evaluation_shifted,source_only,teff,2026,2.0,3847.460205078125,3736.422328898113,-111.03787618001206,111.03787618001206,5.358719138327584,0.5592592592592592,source_only
39627845923766625,rvspecfit-main-bright-5.fits,25.341322,3959.5576,4.3476377,-0.7805401,target_evaluation,target_evaluation_shifted,source_only,teff,2026,2.0,3959.5576171875,4204.914072570801,245.35645538330118,245.35645538330118,4.72081226712939,0.4759259259259259,source_only
39627839879775616,rvspecfit-main-bright-5.fits,43.97754,5813.363,4.760278,-1.1522388,target_evaluation,target_evaluation_shifted,source_only,teff,2026,2.0,5813.36279296875,5949.920966186527,136.55817321777704,136.55817321777704,2.5160657113632485,0.040740740740740744,source_only
39627845919573600,rvspecfit-main-bright-5.fits,41.5082,6244.3022,4.3234587,-1.7500005,target_evaluation,target_evaluation_shifted,source_only,teff,2026,2.0,6244.30224609375,6026.480197550455,-217.82204854329484,217.82204854329484,2.486436447097572,0.040740740740740744,source_only
39627845915380471,rvspecfit-main-bright-5.fits,44.527607,3708.848,4.5635805,-0.6112659,target_evaluation,target_evaluation_shifted,source_only,teff,2026,2.0,3708.847900390625,3748.2803698730463,39.43246948242131,39.43246948242131,3.3414863742944916,0.18333333333333332,source_only
39627839875583467,rvspecfit-main-bright-5.fits,30.495152,3700.0,4.774045,2.0906618e-05,target_evaluation,target_evaluation_shifted,source_only,teff,2026,2.0,3700.0,3633.4597815958637,-66.54021840413634,66.54021840413634,4.545635738959566,0.45185185185185184,source_only
39627833831591187,rvspecfit-main-bright-5.fits,14.973386,4433.752,4.873937,-0.6670582,target_evaluation,target_evaluation_shifted,source_only,teff,2026,2.0,4433.751953125,4538.0939016723605,104.34194854736052,104.34194854736052,5.1294046103785895,0.5333333333333333,source_only
39627833835783596,rvspecfit-main-bright-5.fits,19.291912,4050.7817,4.467584,-0.6911538,target_evaluation,target_evaluation_shifted,source_only,teff,2026,2.0,4050.78173828125,4149.936860148112,99.15512186686192,99.15512186686192,4.352452559936074,0.4166666666666667,source_only
39627845915383495,rvspecfit-main-bright-5.fits,10.922119,5638.3613,4.8552957,-0.6561243,target_evaluation,target_evaluation_shifted,source_only,teff,2026,2.0,5638.361328125,5323.1640023803675,-315.1973257446325,315.1973257446325,7.824966238177959,0.762962962962963,source_only
39627833810618447,rvspecfit-main-bright-6.fits,40.771164,6517.8154,4.6731167,-2.3132465,target_evaluation,target_evaluation_shifted,source_only,teff,2026,2.0,6517.8154296875,5892.998914184575,-624.8165155029246,624.8165155029246,3.2275795325921335,0.15185185185185185,source_only
39627839850415811,rvspecfit-main-bright-6.fits,14.076207,5159.8643,4.866095,-0.5808288,target_evaluation,target_evaluation_shifted,source_only,teff,2026,2.0,5159.8642578125,5295.479778442384,135.61552062988358,135.61552062988358,6.831175659055599,0.6962962962962963,source_only
39627845886020401,rvspecfit-main-bright-6.fits,13.033478,6121.208,4.152123,-0.96648407,target_evaluation,target_evaluation_shifted,source_only,teff,2026,2.0,6121.2080078125,5872.553864847819,-248.65414296468134,248.65414296468134,6.791784803425178,0.6925925925925925,source_only
39627845886019547,rvspecfit-main-bright-6.fits,26.366577,5199.997,4.8886833,-0.30279285,target_evaluation,target_evaluation_shifted,source_only,teff,2026,2.0,5199.9970703125,5173.0141852823845,-26.98288503011554,26.98288503011554,4.886056457529565,0.4981481481481482,source_only
39627845886024355,rvspecfit-main-bright-6.fits,32.78284,5942.658,4.291933,-0.6273537,target_evaluation,target_evaluation_shifted,source_only,teff,2026,2.0,5942.658203125,5853.648457641601,-89.00974548339855,89.00974548339855,4.553705553442405,0.45555555555555555,source_only
39627827728880168,rvspecfit-main-bright-8.fits,11.884048,3643.9668,4.5368013,-0.5000001,target_evaluation,target_evaluation_shifted,source_only,teff,2026,2.0,3643.966796875,3723.5094156901046,79.54261881510456,79.54261881510456,8.620913878191667,0.7833333333333333,source_only
39627827728881595,rvspecfit-main-bright-8.fits,11.067028,3715.3442,4.560988,-0.41314766,target_evaluation,target_evaluation_shifted,source_only,teff,2026,2.0,3715.34423828125,3866.4439644368485,151.09972615559855,151.09972615559855,6.070880234433099,0.6370370370370371,source_only
39627821693274753,rvspecfit-main-bright-8.fits,14.563165,4903.6562,4.7105637,-0.6856381,target_evaluation,target_evaluation_shifted,source_only,teff,2026,2.0,4903.65625,5130.291348978677,226.63509897867698,226.63509897867698,6.308351091697879,0.65,source_only
39627833777063378,rvspecfit-main-bright-8.fits,36.156208,4865.3774,4.8829994,-0.2660883,target_evaluation,target_evaluation_shifted,source_only,teff,2026,2.0,4865.37744140625,4760.918453063968,-104.45898834228228,104.45898834228228,4.586519428027104,0.45740740740740743,source_only
39627839816861389,rvspecfit-main-bright-8.fits,23.303087,5715.106,4.715221,-0.5199357,target_evaluation,target_evaluation_shifted,source_only,teff,2026,2.0,5715.10595703125,5618.994629923501,-96.11132710774928,96.11132710774928,4.083286276124263,0.3537037037037037,source_only
39627833781259407,rvspecfit-main-bright-8.fits,22.830645,4481.9824,4.584956,-0.5631001,target_evaluation,target_evaluation_shifted,source_only,teff,2026,2.0,4481.982421875,4664.277101745605,182.29467987060525,182.29467987060525,6.159532721327398,0.6425925925925926,source_only
39627839812672682,rvspecfit-main-bright-8.fits,11.783399,5055.8506,5.161906,-1.1391282,target_evaluation,target_evaluation_shifted,source_only,teff,2026,2.0,5055.8505859375,5375.418225708006,319.5676397705056,319.5676397705056,6.244312323493406,0.6481481481481481,source_only
39627827737264610,rvspecfit-main-bright-8.fits,51.15046,3715.6196,4.598353,-0.2972362,target_evaluation,target_evaluation_shifted,source_only,teff,2026,2.0,3715.61962890625,3719.802190653483,4.182561747233194,4.182561747233194,3.551711900492752,0.22777777777777777,source_only
39627827728877440,rvspecfit-main-bright-8.fits,36.33877,5575.7563,4.6957045,-0.07203574,target_evaluation,target_evaluation_shifted,source_only,teff,2026,2.0,5575.75634765625,5404.056690470375,-171.69965718587537,171.69965718587537,3.327800700512523,0.17962962962962964,source_only
39627821693275169,rvspecfit-main-bright-8.fits,15.122388,5025.6157,4.4391804,-0.651436,target_evaluation,target_evaluation_shifted,source_only,teff,2026,2.0,5025.61572265625,5159.729797668453,134.1140750122031,134.1140750122031,5.444216487091461,0.5666666666666667,source_only
39627839816865588,rvspecfit-main-bright-9.fits,10.728113,3960.8994,4.4292912,-0.4187252,target_evaluation,target_evaluation_shifted,source_only,teff,2026,2.0,3960.8994140625,4267.517295735677,306.6178816731772,306.6178816731772,7.824694368454455,0.762962962962963,source_only
39627839821055583,rvspecfit-main-bright-9.fits,13.759142,4015.057,4.523047,-0.5563418,target_evaluation,target_evaluation_shifted,source_only,teff,2026,2.0,4015.056884765625,4202.263609720868,187.20672495524286,187.20672495524286,6.167752351882318,0.6425925925925926,source_only
39627845865046248,rvspecfit-main-bright-9.fits,12.871122,3645.7952,4.8327327,0.2286792,target_evaluation,target_evaluation_shifted,source_only,teff,2026,2.0,3645.795166015625,3574.5987163289387,-71.19644968668626,71.19644968668626,7.7650654256949725,0.7537037037037037,source_only
39627845860853503,rvspecfit-main-bright-9.fits,26.803902,5411.7363,4.7129574,-0.54156125,target_evaluation,target_evaluation_shifted,source_only,teff,2026,2.0,5411.736328125,5500.983830159506,89.2475020345064,89.2475020345064,3.303022769778974,0.17592592592592593,source_only
39627833785455822,rvspecfit-main-bright-9.fits,19.493109,3852.0898,4.842148,-0.25,target_evaluation,target_evaluation_shifted,source_only,teff,2026,2.0,3852.08984375,3829.4065132649757,-22.68333048502427,22.68333048502427,5.20415315140709,0.5407407407407407,source_only
39627851909045330,rvspecfit-main-bright-9.fits,22.31135,5862.414,4.257343,-0.67050207,target_evaluation,target_evaluation_shifted,source_only,teff,2026,2.0,5862.4140625,5519.43460123698,-342.9794612630203,342.9794612630203,5.0761784951124005,0.5259259259259259,source_only
39627851913232720,rvspecfit-main-bright-9.fits,38.27888,4340.273,4.7055964,-0.32321364,target_evaluation,target_evaluation_shifted,source_only,teff,2026,2.0,4340.27294921875,4264.926684265136,-75.34626495361408,75.34626495361408,3.5247253524534137,0.21851851851851853,source_only
39627845869245534,rvspecfit-main-bright-9.fits,44.033375,6095.794,4.289099,-0.5429145,target_evaluation,target_evaluation_shifted,source_only,teff,2026,2.0,6095.7939453125,5887.711042277017,-208.08290303548256,208.08290303548256,2.5712796905749724,0.046296296296296294,source_only
39627839837834061,rvspecfit-main-bright-9.fits,18.223211,4585.609,4.679545,-0.26840124,target_evaluation,target_evaluation_shifted,source_only,teff,2026,2.0,4585.60888671875,4474.619203389484,-110.98968332926597,110.98968332926597,4.488592644584745,0.4444444444444444,source_only
39627839829446786,rvspecfit-main-bright-9.fits,13.116069,3434.77,4.522116,0.022658512,target_evaluation,target_evaluation_shifted,source_only,teff,2026,2.0,3434.77001953125,3533.417085469564,98.64706593831397,98.64706593831397,7.213938491316041,0.7166666666666667,source_only
39627845873438049,rvspecfit-main-bright-9.fits,21.684975,5177.2314,4.8784614,-0.70214164,target_evaluation,target_evaluation_shifted,source_only,teff,2026,2.0,5177.2314453125,5285.499114786782,108.26766947428223,108.26766947428223,4.452810381088625,0.42962962962962964,source_only
39627845869247436,rvspecfit-main-bright-9.fits,65.567,6116.4717,3.9716609,-0.62627816,target_evaluation,target_evaluation_shifted,source_only,teff,2026,2.0,6116.4716796875,5982.905205078124,-133.5664746093762,133.5664746093762,2.089133052011743,0.007407407407407408,source_only
39627839833638184,rvspecfit-main-bright-9.fits,23.375196,3722.8513,4.692401,-0.5,target_evaluation,target_evaluation_shifted,source_only,teff,2026,2.0,3722.851318359375,3810.505889892578,87.65457153320312,87.65457153320312,4.565605685109625,0.45740740740740743,source_only
39627839837834062,rvspecfit-main-bright-9.fits,29.298006,3464.2122,4.331614,-0.21758264,target_evaluation,target_evaluation_shifted,source_only,teff,2026,2.0,3464.212158203125,3555.8561100260417,91.64395182291673,91.64395182291673,5.117662360139141,0.5296296296296297,source_only
39627845873435234,rvspecfit-main-bright-9.fits,44.133266,5946.902,4.733702,-0.44999155,target_evaluation,target_evaluation_shifted,source_only,teff,2026,2.0,5946.90185546875,5686.151596781418,-260.75025868733155,260.75025868733155,2.7508935703078228,0.06111111111111111,source_only
39627803590661381,rvspecfit-main-bright-0.fits,28.50589,4480.691,4.253539,0.17412166,target_evaluation,target_evaluation_shifted,source_only,logg,2026,2.0,4.253539085388184,4.6277842605114,0.37424517512321653,0.37424517512321653,5.1943341980227515,0.5370370370370371,source_only
39627797550864891,rvspecfit-main-bright-0.fits,14.311126,3968.126,4.493116,-0.6129776,target_evaluation,target_evaluation_shifted,source_only,logg,2026,2.0,4.4931159019470215,4.562698696951071,0.06958279500404974,0.06958279500404974,8.161753597288424,0.7759259259259259,source_only
39627785479657922,rvspecfit-main-bright-0.fits,23.107883,5525.6953,4.8475904,-0.8433948,target_evaluation,target_evaluation_shifted,source_only,logg,2026,2.0,4.847590446472168,4.37496288428704,-0.4726275621851279,0.4726275621851279,3.84405477361581,0.31296296296296294,source_only
39627797550862010,rvspecfit-main-bright-0.fits,17.196161,5155.6426,4.86746,-0.74379873,target_evaluation,target_evaluation_shifted,source_only,logg,2026,2.0,4.867459774017334,4.588968634108702,-0.27849113990863206,0.27849113990863206,5.339871321607359,0.5574074074074075,source_only
39627803599047112,rvspecfit-main-bright-0.fits,26.322287,5086.4585,4.766821,-0.46503806,target_evaluation,target_evaluation_shifted,source_only,logg,2026,2.0,4.766820907592773,4.806162033081054,0.039341125488280504,0.039341125488280504,3.9063007232232834,0.32037037037037036,source_only
39627809643043009,rvspecfit-main-bright-0.fits,10.406952,4673.5483,4.4082108,-0.41964775,target_evaluation,target_evaluation_shifted,source_only,logg,2026,2.0,4.408210754394531,4.702275517384211,0.29406476298968,0.29406476298968,7.6828860150503,0.7425925925925926,source_only
39627797571831121,rvspecfit-main-bright-0.fits,38.04706,5674.233,5.089847,-0.64886004,target_evaluation,target_evaluation_shifted,source_only,logg,2026,2.0,5.089847087860107,4.764679111142953,-0.3251679767171547,0.3251679767171547,2.3692548934174282,0.022222222222222223,source_only
39627821731021743,rvspecfit-main-bright-1.fits,32.808224,6012.902,4.0533924,-0.97668797,target_evaluation,target_evaluation_shifted,source_only,logg,2026,2.0,4.05339241027832,4.313228779037792,0.2598363687594718,0.2598363687594718,3.3253088029447704,0.17962962962962964,source_only
39627821731024542,rvspecfit-main-bright-1.fits,10.150132,3514.3335,4.795404,-9.54014e-09,target_evaluation,target_evaluation_shifted,source_only,logg,2026,2.0,4.795403957366943,4.648960648775099,-0.14644330859184418,0.14644330859184418,7.494266295034199,0.7351851851851852,source_only
39627815691227637,rvspecfit-main-bright-1.fits,12.06874,5242.399,5.082218,-0.3883964,target_evaluation,target_evaluation_shifted,source_only,logg,2026,2.0,5.082218170166016,4.74098157286644,-0.34123659729957545,0.34123659729957545,7.255425754393522,0.7185185185185186,source_only
39627815691227894,rvspecfit-main-bright-1.fits,16.81999,5900.0044,4.712105,-0.6586523,target_evaluation,target_evaluation_shifted,source_only,logg,2026,2.0,4.712104797363281,4.251542992492516,-0.4605618048707649,0.4605618048707649,5.850088886370738,0.6074074074074074,source_only
39627815691224502,rvspecfit-main-bright-1.fits,15.9603815,5896.2236,4.731507,-1.1173238,target_evaluation,target_evaluation_shifted,source_only,logg,2026,2.0,4.731506824493408,3.80744805018107,-0.9240587743123383,0.9240587743123383,4.842351716347116,0.4962962962962963,source_only
39627815703807705,rvspecfit-main-bright-1.fits,13.988191,3606.7092,4.674957,-0.09309976,target_evaluation,target_evaluation_shifted,source_only,logg,2026,2.0,4.674956798553467,4.567499037484327,-0.1074577610691394,0.1074577610691394,9.034792059723257,0.8037037037037037,source_only
39627809651425857,rvspecfit-main-bright-1.fits,29.866762,5622.943,4.8139563,-0.37131092,target_evaluation,target_evaluation_shifted,source_only,logg,2026,2.0,4.813956260681152,4.761050326327483,-0.05290593435366908,0.05290593435366908,4.6110786614379355,0.45925925925925926,source_only
39627803615825148,rvspecfit-main-bright-1.fits,12.816327,5113.739,2.2663527,-0.98540086,target_evaluation,target_evaluation_shifted,source_only,logg,2026,2.0,2.266352653503418,3.9921130880713473,1.7257604345679294,1.7257604345679294,8.328044390067744,0.7796296296296297,source_only
39627815699615891,rvspecfit-main-bright-1.fits,18.43502,4220.126,4.723737,-1.3810121,target_evaluation,target_evaluation_shifted,source_only,logg,2026,2.0,4.723736763000488,4.744139559169609,0.020402796169120663,0.020402796169120663,6.2543602445787,0.6481481481481481,source_only
39627803590658022,rvspecfit-main-bright-2.fits,16.427069,3402.1553,4.6148133,-0.25,target_evaluation,target_evaluation_shifted,source_only,logg,2026,2.0,4.614813327789307,4.623450285295646,0.008636957506339193,0.008636957506339193,7.364349389020687,0.7277777777777777,source_only
39627821714244104,rvspecfit-main-bright-2.fits,23.581211,3939.141,4.8228536,0.04200729,target_evaluation,target_evaluation_shifted,source_only,logg,2026,2.0,4.8228535652160645,4.629038868149121,-0.19381469706694343,0.19381469706694343,5.009015806455158,0.5222222222222223,source_only
39627815674447825,rvspecfit-main-bright-2.fits,12.42645,3848.9524,4.6892333,-0.37573263,target_evaluation,target_evaluation_shifted,source_only,logg,2026,2.0,4.689233303070068,4.575240249633791,-0.11399305343627741,0.11399305343627741,7.7171068065047255,0.7481481481481481,source_only
39627821705861343,rvspecfit-main-bright-2.fits,23.189272,5815.6016,4.2078815,-0.86157435,target_evaluation,target_evaluation_shifted,source_only,logg,2026,2.0,4.207881450653076,3.8224236528078728,-0.3854577978452034,0.3854577978452034,5.217841833514664,0.5407407407407407,source_only
39627821710049965,rvspecfit-main-bright-2.fits,24.613297,5314.402,3.0451887,-1.3697333,target_evaluation,target_evaluation_shifted,source_only,logg,2026,2.0,3.0451886653900146,4.009402469495933,0.9642138041059187,0.9642138041059187,5.121327414669467,0.5296296296296297,source_only
39627809622067402,rvspecfit-main-bright-2.fits,31.265646,6137.838,4.0774336,-1.2985094,target_evaluation,target_evaluation_shifted,source_only,logg,2026,2.0,4.0774335861206055,4.2709923625985775,0.19355877647797204,0.19355877647797204,3.9637186555640356,0.3333333333333333,source_only
39627809622066836,rvspecfit-main-bright-2.fits,15.522804,3970.5703,4.5469885,-0.63032347,target_evaluation,target_evaluation_shifted,source_only,logg,2026,2.0,4.546988487243652,4.574682582318783,0.02769409507513032,0.02769409507513032,6.520873212940696,0.6777777777777778,source_only
39627809617878013,rvspecfit-main-bright-2.fits,31.116262,5462.681,5.1084437,-0.5318166,target_evaluation,target_evaluation_shifted,source_only,logg,2026,2.0,5.108443737030029,4.70287841051817,-0.4055653265118595,0.4055653265118595,4.211181193418648,0.3888888888888889,source_only
39627815661869306,rvspecfit-main-bright-2.fits,12.123284,3522.1082,4.599729,-0.106358714,target_evaluation,target_evaluation_shifted,source_only,logg,2026,2.0,4.599729061126709,4.593560010790823,-0.006169050335885551,0.006169050335885551,8.063070419758768,0.7703703703703704,source_only
39627803590657135,rvspecfit-main-bright-2.fits,16.43598,5378.66,4.766294,-0.32350528,target_evaluation,target_evaluation_shifted,source_only,logg,2026,2.0,4.766294002532959,4.864548341731234,0.09825433919827464,0.09825433919827464,6.186667076173586,0.6444444444444445,source_only
39627803590659709,rvspecfit-main-bright-2.fits,12.965964,3757.0525,4.6078687,-0.25,target_evaluation,target_evaluation_shifted,source_only,logg,2026,2.0,4.607868671417236,4.65356930077076,0.045700629353524036,0.045700629353524036,6.76507430907838,0.6925925925925925,source_only
39627803586463484,rvspecfit-main-bright-2.fits,31.973804,5079.818,2.5580812,-1.1764431,target_evaluation,target_evaluation_shifted,source_only,logg,2026,2.0,2.5580811500549316,3.700926111638545,1.1428449615836134,1.1428449615836134,4.980978809178598,0.5111111111111111,source_only
39627815661867184,rvspecfit-main-bright-2.fits,11.212901,5877.344,4.5,-0.87294865,target_evaluation,target_evaluation_shifted,source_only,logg,2026,2.0,4.5,4.47037337919076,-0.029626620809239945,0.029626620809239945,5.9709862168811245,0.6203703703703703,source_only
39627821705858400,rvspecfit-main-bright-2.fits,28.417381,5869.313,4.42161,-0.59817594,target_evaluation,target_evaluation_shifted,source_only,logg,2026,2.0,4.421609878540039,4.398368413547676,-0.023241464992363348,0.023241464992363348,4.484852163328445,0.4425925925925926,source_only
39627815666062822,rvspecfit-main-bright-2.fits,21.326593,4725.2007,4.828737,-0.48243913,target_evaluation,target_evaluation_shifted,source_only,logg,2026,2.0,4.828736782073975,4.671824599206444,-0.15691218286753017,0.15691218286753017,4.8303872147060645,0.4888888888888889,source_only
39627809634650742,rvspecfit-main-bright-2.fits,29.139715,5899.9976,4.5475526,-0.6766757,target_evaluation,target_evaluation_shifted,source_only,logg,2026,2.0,4.547552585601807,4.5482347162564585,0.0006821306546518358,0.0006821306546518358,4.084819699988011,0.3537037037037037,source_only
39627809630461078,rvspecfit-main-bright-2.fits,15.055974,5211.608,5.1218247,-0.6671269,target_evaluation,target_evaluation_shifted,source_only,logg,2026,2.0,5.121824741363525,4.784987494746845,-0.33683724661668,0.33683724661668,5.925696898393559,0.6185185185185185,source_only
39627821714245907,rvspecfit-main-bright-2.fits,10.977933,4366.539,4.231374,-0.31133905,target_evaluation,target_evaluation_shifted,source_only,logg,2026,2.0,4.2313737869262695,4.625027867456276,0.3936540805300064,0.3936540805300064,6.733942685336873,0.6925925925925925,source_only
39627815670253220,rvspecfit-main-bright-2.fits,22.477627,5879.129,4.39243,-0.723626,target_evaluation,target_evaluation_shifted,source_only,logg,2026,2.0,4.392429828643799,4.610708678861459,0.21827885021766047,0.21827885021766047,4.877926217951469,0.4981481481481482,source_only
39627815670255646,rvspecfit-main-bright-2.fits,39.936398,4625.0684,4.7049537,-0.38005188,target_evaluation,target_evaluation_shifted,source_only,logg,2026,2.0,4.704953670501709,4.675913737714292,-0.029039932787417122,0.029039932787417122,4.390816151470333,0.4222222222222222,source_only
39627809622072149,rvspecfit-main-bright-2.fits,24.390818,4927.6396,4.850641,-0.33607587,target_evaluation,target_evaluation_shifted,source_only,logg,2026,2.0,4.850640773773193,4.771537368694943,-0.07910340507824998,0.07910340507824998,4.7123015033176845,0.4740740740740741,source_only
39627839842027358,rvspecfit-main-bright-3.fits,24.140806,3398.4958,4.8100953,-3.0253883e-08,target_evaluation,target_evaluation_shifted,source_only,logg,2026,2.0,4.810095310211182,4.686069694459436,-0.1240256157517452,0.1240256157517452,5.8827752041900165,0.6092592592592593,source_only
39627833793842886,rvspecfit-main-bright-3.fits,39.385548,5554.7554,4.770294,-0.47174188,target_evaluation,target_evaluation_shifted,source_only,logg,2026,2.0,4.770294189453125,4.499287581841151,-0.2710066076119739,0.2710066076119739,3.870550881294365,0.3148148148148148,source_only
39627833798038562,rvspecfit-main-bright-3.fits,28.237612,5951.2617,4.267125,-0.8982497,target_evaluation,target_evaluation_shifted,source_only,logg,2026,2.0,4.267125129699707,4.333386154174804,0.06626102447509741,0.06626102447509741,3.7647645663842284,0.29259259259259257,source_only
39627827766625875,rvspecfit-main-bright-3.fits,25.357946,4335.492,4.686248,-0.4138596,target_evaluation,target_evaluation_shifted,source_only,logg,2026,2.0,4.686247825622559,4.632213854392367,-0.054033971230191824,0.054033971230191824,4.5446399803598245,0.45185185185185184,source_only
39627827770823696,rvspecfit-main-bright-3.fits,31.719215,4336.5527,4.3862042,0.22128439,target_evaluation,target_evaluation_shifted,source_only,logg,2026,2.0,4.386204242706299,4.653610874017077,0.26740663131077813,0.26740663131077813,4.977110474230803,0.5111111111111111,source_only
39627833798034999,rvspecfit-main-bright-3.fits,17.041107,4075.3704,4.620044,-0.052925248,target_evaluation,target_evaluation_shifted,source_only,logg,2026,2.0,4.620044231414795,4.636433116098246,0.01638888468345101,0.01638888468345101,6.668919825443767,0.6851851851851852,source_only
39627833802234446,rvspecfit-main-bright-3.fits,21.432701,6195.4375,4.5,-2.0472734,target_evaluation,target_evaluation_shifted,source_only,logg,2026,2.0,4.5,4.31601993272702,-0.1839800672729801,0.1839800672729801,3.5422415352100005,0.22592592592592592,source_only
39627833793843974,rvspecfit-main-bright-3.fits,40.123512,3609.6584,4.536659,-0.20593798,target_evaluation,target_evaluation_shifted,source_only,logg,2026,2.0,4.536658763885498,4.674589371979237,0.1379306080937388,0.1379306080937388,3.7499165361416926,0.28888888888888886,source_only
39627821743607305,rvspecfit-main-bright-4.fits,38.73113,4629.5903,4.7259316,-0.11974044,target_evaluation,target_evaluation_shifted,source_only,logg,2026,2.0,4.725931644439697,4.6438466010491055,-0.08208504339059175,0.08208504339059175,3.4720908649376088,0.2037037037037037,source_only
39627821743608617,rvspecfit-main-bright-4.fits,14.83805,6469.1216,4.834329,-1.9999986,target_evaluation,target_evaluation_shifted,source_only,logg,2026,2.0,4.834329128265381,4.130891809960205,-0.7034373183051761,0.7034373183051761,5.772783040640335,0.6055555555555555,source_only
39627827783406885,rvspecfit-main-bright-4.fits,25.759974,3451.2712,4.5000005,6.0765877e-09,target_evaluation,target_evaluation_shifted,source_only,logg,2026,2.0,4.500000476837158,4.700766397913299,0.20076592107614122,0.20076592107614122,4.718723078032958,0.4759259259259259,source_only
39627833819009327,rvspecfit-main-bright-4.fits,14.72425,5800.006,4.4179063,-0.41439247,target_evaluation,target_evaluation_shifted,source_only,logg,2026,2.0,4.417906284332275,4.718355692426363,0.3004494080940878,0.3004494080940878,6.002933068914145,0.6222222222222222,source_only
39627821747799263,rvspecfit-main-bright-4.fits,12.165322,6256.565,4.644997,-1.5297871,target_evaluation,target_evaluation_shifted,source_only,logg,2026,2.0,4.6449971199035645,4.476959166526794,-0.1680379533767704,0.1680379533767704,5.281818771208172,0.5481481481481482,source_only
39627833823204203,rvspecfit-main-bright-4.fits,34.961163,4537.2896,4.6756153,-0.036325403,target_evaluation,target_evaluation_shifted,source_only,logg,2026,2.0,4.675615310668945,4.651068269610405,-0.024547041058540664,0.024547041058540664,3.7933432766581,0.3,source_only
39627821735220946,rvspecfit-main-bright-4.fits,16.858812,3473.7603,4.656427,-0.7322211,target_evaluation,target_evaluation_shifted,source_only,logg,2026,2.0,4.656426906585693,4.671778923273087,0.015352016687393721,0.015352016687393721,6.736281147823193,0.6925925925925925,source_only
39627833839977270,rvspecfit-main-bright-5.fits,22.707117,3847.4602,4.847961,-0.07507452,target_evaluation,target_evaluation_shifted,source_only,logg,2026,2.0,4.847960948944092,4.606534670988719,-0.24142627795537308,0.24142627795537308,5.358719138327584,0.5592592592592592,source_only
39627845923766625,rvspecfit-main-bright-5.fits,25.341322,3959.5576,4.3476377,-0.7805401,target_evaluation,target_evaluation_shifted,source_only,logg,2026,2.0,4.34763765335083,4.610090892414255,0.2624532390634249,0.2624532390634249,4.72081226712939,0.4759259259259259,source_only
39627839879775616,rvspecfit-main-bright-5.fits,43.97754,5813.363,4.760278,-1.1522388,target_evaluation,target_evaluation_shifted,source_only,logg,2026,2.0,4.760278224945068,4.555888448357579,-0.20438977658748936,0.20438977658748936,2.5160657113632485,0.040740740740740744,source_only
39627845919573600,rvspecfit-main-bright-5.fits,41.5082,6244.3022,4.3234587,-1.7500005,target_evaluation,target_evaluation_shifted,source_only,logg,2026,2.0,4.323458671569824,4.24295645982027,-0.08050221174955396,0.08050221174955396,2.486436447097572,0.040740740740740744,source_only
39627845915380471,rvspecfit-main-bright-5.fits,44.527607,3708.848,4.5635805,-0.6112659,target_evaluation,target_evaluation_shifted,source_only,logg,2026,2.0,4.563580513000488,4.663942073881625,0.10036156088113657,0.10036156088113657,3.3414863742944916,0.18333333333333332,source_only
39627839875583467,rvspecfit-main-bright-5.fits,30.495152,3700.0,4.774045,2.0906618e-05,target_evaluation,target_evaluation_shifted,source_only,logg,2026,2.0,4.774044990539551,4.606044265528521,-0.16800072501103003,0.16800072501103003,4.545635738959566,0.45185185185185184,source_only
39627833831591187,rvspecfit-main-bright-5.fits,14.973386,4433.752,4.873937,-0.6670582,target_evaluation,target_evaluation_shifted,source_only,logg,2026,2.0,4.873937129974365,4.650491609176002,-0.22344552079836344,0.22344552079836344,5.1294046103785895,0.5333333333333333,source_only
39627833835783596,rvspecfit-main-bright-5.fits,19.291912,4050.7817,4.467584,-0.6911538,target_evaluation,target_evaluation_shifted,source_only,logg,2026,2.0,4.467584133148193,4.64673546642065,0.1791513332724568,0.1791513332724568,4.352452559936074,0.4166666666666667,source_only
39627845915383495,rvspecfit-main-bright-5.fits,10.922119,5638.3613,4.8552957,-0.6561243,target_evaluation,target_evaluation_shifted,source_only,logg,2026,2.0,4.855295658111572,4.810346394876642,-0.04494926323493065,0.04494926323493065,7.824966238177959,0.762962962962963,source_only
39627833810618447,rvspecfit-main-bright-6.fits,40.771164,6517.8154,4.6731167,-2.3132465,target_evaluation,target_evaluation_shifted,source_only,logg,2026,2.0,4.673116683959961,4.314288152754307,-0.3588285312056536,0.3588285312056536,3.2275795325921335,0.15185185185185185,source_only
39627839850415811,rvspecfit-main-bright-6.fits,14.076207,5159.8643,4.866095,-0.5808288,target_evaluation,target_evaluation_shifted,source_only,logg,2026,2.0,4.866095066070557,4.785226577123007,-0.08086848894754972,0.08086848894754972,6.831175659055599,0.6962962962962963,source_only
39627845886020401,rvspecfit-main-bright-6.fits,13.033478,6121.208,4.152123,-0.96648407,target_evaluation,target_evaluation_shifted,source_only,logg,2026,2.0,4.152122974395752,3.9498459233840286,-0.20227705101172333,0.20227705101172333,6.791784803425178,0.6925925925925925,source_only
39627845886019547,rvspecfit-main-bright-6.fits,26.366577,5199.997,4.8886833,-0.30279285,target_evaluation,target_evaluation_shifted,source_only,logg,2026,2.0,4.888683319091797,4.822072980801265,-0.06661033829053231,0.06661033829053231,4.886056457529565,0.4981481481481482,source_only
39627845886024355,rvspecfit-main-bright-6.fits,32.78284,5942.658,4.291933,-0.6273537,target_evaluation,target_evaluation_shifted,source_only,logg,2026,2.0,4.291933059692383,4.458701131542525,0.16676807185014209,0.16676807185014209,4.553705553442405,0.45555555555555555,source_only
39627827728880168,rvspecfit-main-bright-8.fits,11.884048,3643.9668,4.5368013,-0.5000001,target_evaluation,target_evaluation_shifted,source_only,logg,2026,2.0,4.536801338195801,4.570235406160355,0.033434067964554615,0.033434067964554615,8.620913878191667,0.7833333333333333,source_only
39627827728881595,rvspecfit-main-bright-8.fits,11.067028,3715.3442,4.560988,-0.41314766,target_evaluation,target_evaluation_shifted,source_only,logg,2026,2.0,4.560987949371338,4.6646274000406285,0.10363945066929059,0.10363945066929059,6.070880234433099,0.6370370370370371,source_only
39627821693274753,rvspecfit-main-bright-8.fits,14.563165,4903.6562,4.7105637,-0.6856381,target_evaluation,target_evaluation_shifted,source_only,logg,2026,2.0,4.710563659667969,4.7946238374710095,0.08406017780304076,0.08406017780304076,6.308351091697879,0.65,source_only
39627833777063378,rvspecfit-main-bright-8.fits,36.156208,4865.3774,4.8829994,-0.2660883,target_evaluation,target_evaluation_shifted,source_only,logg,2026,2.0,4.882999420166016,4.735141866505145,-0.14785755366087106,0.14785755366087106,4.586519428027104,0.45740740740740743,source_only
39627839816861389,rvspecfit-main-bright-8.fits,23.303087,5715.106,4.715221,-0.5199357,target_evaluation,target_evaluation_shifted,source_only,logg,2026,2.0,4.715220928192139,4.5378398012121535,-0.1773811269799852,0.1773811269799852,4.083286276124263,0.3537037037037037,source_only
39627833781259407,rvspecfit-main-bright-8.fits,22.830645,4481.9824,4.584956,-0.5631001,target_evaluation,target_evaluation_shifted,source_only,logg,2026,2.0,4.584956169128418,4.638093855977059,0.05313768684864062,0.05313768684864062,6.159532721327398,0.6425925925925926,source_only
39627839812672682,rvspecfit-main-bright-8.fits,11.783399,5055.8506,5.161906,-1.1391282,target_evaluation,target_evaluation_shifted,source_only,logg,2026,2.0,5.161905765533447,4.7832678046822545,-0.3786379608511927,0.3786379608511927,6.244312323493406,0.6481481481481481,source_only
39627827737264610,rvspecfit-main-bright-8.fits,51.15046,3715.6196,4.598353,-0.2972362,target_evaluation,target_evaluation_shifted,source_only,logg,2026,2.0,4.598352909088135,4.648825239638487,0.050472330550352495,0.050472330550352495,3.551711900492752,0.22777777777777777,source_only
39627827728877440,rvspecfit-main-bright-8.fits,36.33877,5575.7563,4.6957045,-0.07203574,target_evaluation,target_evaluation_shifted,source_only,logg,2026,2.0,4.695704460144043,4.841550796826679,0.14584633668263614,0.14584633668263614,3.327800700512523,0.17962962962962964,source_only
39627821693275169,rvspecfit-main-bright-8.fits,15.122388,5025.6157,4.4391804,-0.651436,target_evaluation,target_evaluation_shifted,source_only,logg,2026,2.0,4.439180374145508,4.847105672657489,0.407925298511981,0.407925298511981,5.444216487091461,0.5666666666666667,source_only
39627839816865588,rvspecfit-main-bright-9.fits,10.728113,3960.8994,4.4292912,-0.4187252,target_evaluation,target_evaluation_shifted,source_only,logg,2026,2.0,4.429291248321533,4.655297004083792,0.2260057557622588,0.2260057557622588,7.824694368454455,0.762962962962963,source_only
39627839821055583,rvspecfit-main-bright-9.fits,13.759142,4015.057,4.523047,-0.5563418,target_evaluation,target_evaluation_shifted,source_only,logg,2026,2.0,4.523046970367432,4.591254129608472,0.06820715924104004,0.06820715924104004,6.167752351882318,0.6425925925925926,source_only
39627845865046248,rvspecfit-main-bright-9.fits,12.871122,3645.7952,4.8327327,0.2286792,target_evaluation,target_evaluation_shifted,source_only,logg,2026,2.0,4.832732677459717,4.660109197596708,-0.17262347986300863,0.17262347986300863,7.7650654256949725,0.7537037037037037,source_only
39627845860853503,rvspecfit-main-bright-9.fits,26.803902,5411.7363,4.7129574,-0.54156125,target_evaluation,target_evaluation_shifted,source_only,logg,2026,2.0,4.712957382202148,4.797615501781303,0.0846581195791547,0.0846581195791547,3.303022769778974,0.17592592592592593,source_only
39627833785455822,rvspecfit-main-bright-9.fits,19.493109,3852.0898,4.842148,-0.25,target_evaluation,target_evaluation_shifted,source_only,logg,2026,2.0,4.8421478271484375,4.716853746374447,-0.1252940807739904,0.1252940807739904,5.20415315140709,0.5407407407407407,source_only
39627851909045330,rvspecfit-main-bright-9.fits,22.31135,5862.414,4.257343,-0.67050207,target_evaluation,target_evaluation_shifted,source_only,logg,2026,2.0,4.25734281539917,3.8445494615038225,-0.41279335389534744,0.41279335389534744,5.0761784951124005,0.5259259259259259,source_only
39627851913232720,rvspecfit-main-bright-9.fits,38.27888,4340.273,4.7055964,-0.32321364,target_evaluation,target_evaluation_shifted,source_only,logg,2026,2.0,4.705596446990967,4.620386550029117,-0.08520989696184955,0.08520989696184955,3.5247253524534137,0.21851851851851853,source_only
39627845869245534,rvspecfit-main-bright-9.fits,44.033375,6095.794,4.289099,-0.5429145,target_evaluation,target_evaluation_shifted,source_only,logg,2026,2.0,4.289099216461182,4.593506584167479,0.3044073677062977,0.3044073677062977,2.5712796905749724,0.046296296296296294,source_only
39627839837834061,rvspecfit-main-bright-9.fits,18.223211,4585.609,4.679545,-0.26840124,target_evaluation,target_evaluation_shifted,source_only,logg,2026,2.0,4.679544925689697,4.623365387022494,-0.05617953866720349,0.05617953866720349,4.488592644584745,0.4444444444444444,source_only
39627839829446786,rvspecfit-main-bright-9.fits,13.116069,3434.77,4.522116,0.022658512,target_evaluation,target_evaluation_shifted,source_only,logg,2026,2.0,4.522116184234619,4.729192048807938,0.20707586457331928,0.20707586457331928,7.213938491316041,0.7166666666666667,source_only
39627845873438049,rvspecfit-main-bright-9.fits,21.684975,5177.2314,4.8784614,-0.70214164,target_evaluation,target_evaluation_shifted,source_only,logg,2026,2.0,4.8784613609313965,4.742607595324518,-0.13585376560687834,0.13585376560687834,4.452810381088625,0.42962962962962964,source_only
39627845869247436,rvspecfit-main-bright-9.fits,65.567,6116.4717,3.9716609,-0.62627816,target_evaluation,target_evaluation_shifted,source_only,logg,2026,2.0,3.971660852432251,4.4132745757699015,0.4416137233376505,0.4416137233376505,2.089133052011743,0.007407407407407408,source_only
39627839833638184,rvspecfit-main-bright-9.fits,23.375196,3722.8513,4.692401,-0.5,target_evaluation,target_evaluation_shifted,source_only,logg,2026,2.0,4.692400932312012,4.623759035964807,-0.06864189634720486,0.06864189634720486,4.565605685109625,0.45740740740740743,source_only
39627839837834062,rvspecfit-main-bright-9.fits,29.298006,3464.2122,4.331614,-0.21758264,target_evaluation,target_evaluation_shifted,source_only,logg,2026,2.0,4.331614017486572,4.641742824415365,0.31012880692879286,0.31012880692879286,5.117662360139141,0.5296296296296297,source_only
39627845873435234,rvspecfit-main-bright-9.fits,44.133266,5946.902,4.733702,-0.44999155,target_evaluation,target_evaluation_shifted,source_only,logg,2026,2.0,4.733702182769775,4.741542719304561,0.007840536534785336,0.007840536534785336,2.7508935703078228,0.06111111111111111,source_only
39627803590661381,rvspecfit-main-bright-0.fits,28.50589,4480.691,4.253539,0.17412166,target_evaluation,target_evaluation_shifted,source_only,feh,2026,2.0,0.1741216629743576,-0.30806278400534587,-0.4821844469797035,0.4821844469797035,5.1943341980227515,0.5370370370370371,source_only
39627797550864891,rvspecfit-main-bright-0.fits,14.311126,3968.126,4.493116,-0.6129776,target_evaluation,target_evaluation_shifted,source_only,feh,2026,2.0,-0.6129776239395142,-0.3977478781353499,0.21522974580416426,0.21522974580416426,8.161753597288424,0.7759259259259259,source_only
39627785479657922,rvspecfit-main-bright-0.fits,23.107883,5525.6953,4.8475904,-0.8433948,target_evaluation,target_evaluation_shifted,source_only,feh,2026,2.0,-0.8433948159217834,-0.936490401019862,-0.09309558509807858,0.09309558509807858,3.84405477361581,0.31296296296296294,source_only
39627797550862010,rvspecfit-main-bright-0.fits,17.196161,5155.6426,4.86746,-0.74379873,target_evaluation,target_evaluation_shifted,source_only,feh,2026,2.0,-0.7437987327575684,-0.7454347332098682,-0.001636000452299835,0.001636000452299835,5.339871321607359,0.5574074074074075,source_only
39627803599047112,rvspecfit-main-bright-0.fits,26.322287,5086.4585,4.766821,-0.46503806,target_evaluation,target_evaluation_shifted,source_only,feh,2026,2.0,-0.4650380611419678,-0.4320225993186855,0.0330154618232823,0.0330154618232823,3.9063007232232834,0.32037037037037036,source_only
39627809643043009,rvspecfit-main-bright-0.fits,10.406952,4673.5483,4.4082108,-0.41964775,target_evaluation,target_evaluation_shifted,source_only,feh,2026,2.0,-0.419647753238678,-0.6263386430361074,-0.20669088979742944,0.20669088979742944,7.6828860150503,0.7425925925925926,source_only
39627797571831121,rvspecfit-main-bright-0.fits,38.04706,5674.233,5.089847,-0.64886004,target_evaluation,target_evaluation_shifted,source_only,feh,2026,2.0,-0.6488600373268127,-0.5879605016158894,0.060899535710923325,0.060899535710923325,2.3692548934174282,0.022222222222222223,source_only
39627821731021743,rvspecfit-main-bright-1.fits,32.808224,6012.902,4.0533924,-0.97668797,target_evaluation,target_evaluation_shifted,source_only,feh,2026,2.0,-0.9766879677772522,-0.9413923590381937,0.03529560873905846,0.03529560873905846,3.3253088029447704,0.17962962962962964,source_only
39627821731024542,rvspecfit-main-bright-1.fits,10.150132,3514.3335,4.795404,-9.54014e-09,target_evaluation,target_evaluation_shifted,source_only,feh,2026,2.0,-9.540140233355032e-09,-0.0839959698602565,-0.08399596032011626,0.08399596032011626,7.494266295034199,0.7351851851851852,source_only
39627815691227637,rvspecfit-main-bright-1.fits,12.06874,5242.399,5.082218,-0.3883964,target_evaluation,target_evaluation_shifted,source_only,feh,2026,2.0,-0.38839641213417053,-0.5892130756193192,-0.2008166634851487,0.2008166634851487,7.255425754393522,0.7185185185185186,source_only
39627815691227894,rvspecfit-main-bright-1.fits,16.81999,5900.0044,4.712105,-0.6586523,target_evaluation,target_evaluation_shifted,source_only,feh,2026,2.0,-0.6586523056030273,-0.8769057038354482,-0.21825339823242085,0.21825339823242085,5.850088886370738,0.6074074074074074,source_only
39627815691224502,rvspecfit-main-bright-1.fits,15.9603815,5896.2236,4.731507,-1.1173238,target_evaluation,target_evaluation_shifted,source_only,feh,2026,2.0,-1.1173237562179565,-1.3072636983528267,-0.1899399421348702,0.1899399421348702,4.842351716347116,0.4962962962962963,source_only
39627815703807705,rvspecfit-main-bright-1.fits,13.988191,3606.7092,4.674957,-0.09309976,target_evaluation,target_evaluation_shifted,source_only,feh,2026,2.0,-0.09309975802898407,-0.2552390404666724,-0.16213928243768833,0.16213928243768833,9.034792059723257,0.8037037037037037,source_only
39627809651425857,rvspecfit-main-bright-1.fits,29.866762,5622.943,4.8139563,-0.37131092,target_evaluation,target_evaluation_shifted,source_only,feh,2026,2.0,-0.37131091952323914,-0.5465229109115899,-0.17521199138835075,0.17521199138835075,4.6110786614379355,0.45925925925925926,source_only
39627803615825148,rvspecfit-main-bright-1.fits,12.816327,5113.739,2.2663527,-0.98540086,target_evaluation,target_evaluation_shifted,source_only,feh,2026,2.0,-0.9854008555412292,-1.3386476064132007,-0.35324675087197144,0.35324675087197144,8.328044390067744,0.7796296296296297,source_only
39627815699615891,rvspecfit-main-bright-1.fits,18.43502,4220.126,4.723737,-1.3810121,target_evaluation,target_evaluation_shifted,source_only,feh,2026,2.0,-1.3810120820999146,-0.6513150403911161,0.7296970417087985,0.7296970417087985,6.2543602445787,0.6481481481481481,source_only
39627803590658022,rvspecfit-main-bright-2.fits,16.427069,3402.1553,4.6148133,-0.25,target_evaluation,target_evaluation_shifted,source_only,feh,2026,2.0,-0.25,-0.08496611386927437,0.16503388613072562,0.16503388613072562,7.364349389020687,0.7277777777777777,source_only
39627821714244104,rvspecfit-main-bright-2.fits,23.581211,3939.141,4.8228536,0.04200729,target_evaluation,target_evaluation_shifted,source_only,feh,2026,2.0,0.042007289826869965,-0.23869830913433926,-0.2807055989612092,0.2807055989612092,5.009015806455158,0.5222222222222223,source_only
39627815674447825,rvspecfit-main-bright-2.fits,12.42645,3848.9524,4.6892333,-0.37573263,target_evaluation,target_evaluation_shifted,source_only,feh,2026,2.0,-0.3757326304912567,-0.26966694891509024,0.10606568157616647,0.10606568157616647,7.7171068065047255,0.7481481481481481,source_only
39627821705861343,rvspecfit-main-bright-2.fits,23.189272,5815.6016,4.2078815,-0.86157435,target_evaluation,target_evaluation_shifted,source_only,feh,2026,2.0,-0.8615743517875671,-1.2796448300654688,-0.41807047827790167,0.41807047827790167,5.217841833514664,0.5407407407407407,source_only
39627821710049965,rvspecfit-main-bright-2.fits,24.613297,5314.402,3.0451887,-1.3697333,target_evaluation,target_evaluation_shifted,source_only,feh,2026,2.0,-1.3697333335876465,-1.1725121150786677,0.19722121850897878,0.19722121850897878,5.121327414669467,0.5296296296296297,source_only
39627809622067402,rvspecfit-main-bright-2.fits,31.265646,6137.838,4.0774336,-1.2985094,target_evaluation,target_evaluation_shifted,source_only,feh,2026,2.0,-1.2985093593597412,-1.4559865420187512,-0.15747718265901,0.15747718265901,3.9637186555640356,0.3333333333333333,source_only
39627809622066836,rvspecfit-main-bright-2.fits,15.522804,3970.5703,4.5469885,-0.63032347,target_evaluation,target_evaluation_shifted,source_only,feh,2026,2.0,-0.6303234696388245,-0.45231660180710453,0.17800686783171993,0.17800686783171993,6.520873212940696,0.6777777777777778,source_only
39627809617878013,rvspecfit-main-bright-2.fits,31.116262,5462.681,5.1084437,-0.5318166,target_evaluation,target_evaluation_shifted,source_only,feh,2026,2.0,-0.5318166017532349,-0.5852419760621465,-0.05342537430891159,0.05342537430891159,4.211181193418648,0.3888888888888889,source_only
39627815661869306,rvspecfit-main-bright-2.fits,12.123284,3522.1082,4.599729,-0.106358714,target_evaluation,target_evaluation_shifted,source_only,feh,2026,2.0,-0.10635871440172195,-0.18759344206091094,-0.08123472765918899,0.08123472765918899,8.063070419758768,0.7703703703703704,source_only
39627803590657135,rvspecfit-main-bright-2.fits,16.43598,5378.66,4.766294,-0.32350528,target_evaluation,target_evaluation_shifted,source_only,feh,2026,2.0,-0.3235052824020386,-0.5876171162864192,-0.26411183388438064,0.26411183388438064,6.186667076173586,0.6444444444444445,source_only
39627803590659709,rvspecfit-main-bright-2.fits,12.965964,3757.0525,4.6078687,-0.25,target_evaluation,target_evaluation_shifted,source_only,feh,2026,2.0,-0.25,-0.1645941757539688,0.08540582424603119,0.08540582424603119,6.76507430907838,0.6925925925925925,source_only
39627803586463484,rvspecfit-main-bright-2.fits,31.973804,5079.818,2.5580812,-1.1764431,target_evaluation,target_evaluation_shifted,source_only,feh,2026,2.0,-1.176443099975586,-1.2109145415574316,-0.034471441581845674,0.034471441581845674,4.980978809178598,0.5111111111111111,source_only
39627815661867184,rvspecfit-main-bright-2.fits,11.212901,5877.344,4.5,-0.87294865,target_evaluation,target_evaluation_shifted,source_only,feh,2026,2.0,-0.8729486465454102,-0.8278962745703754,0.045052371975034755,0.045052371975034755,5.9709862168811245,0.6203703703703703,source_only
39627821705858400,rvspecfit-main-bright-2.fits,28.417381,5869.313,4.42161,-0.59817594,target_evaluation,target_evaluation_shifted,source_only,feh,2026,2.0,-0.5981759428977966,-0.7095529274303486,-0.11137698453255196,0.11137698453255196,4.484852163328445,0.4425925925925926,source_only
39627815666062822,rvspecfit-main-bright-2.fits,21.326593,4725.2007,4.828737,-0.48243913,target_evaluation,target_evaluation_shifted,source_only,feh,2026,2.0,-0.4824391305446625,-0.4806466610440191,0.0017924695006433788,0.0017924695006433788,4.8303872147060645,0.4888888888888889,source_only
39627809634650742,rvspecfit-main-bright-2.fits,29.139715,5899.9976,4.5475526,-0.6766757,target_evaluation,target_evaluation_shifted,source_only,feh,2026,2.0,-0.6766756772994995,-0.6898689818338244,-0.013193304534324879,0.013193304534324879,4.084819699988011,0.3537037037037037,source_only
39627809630461078,rvspecfit-main-bright-2.fits,15.055974,5211.608,5.1218247,-0.6671269,target_evaluation,target_evaluation_shifted,source_only,feh,2026,2.0,-0.6671268939971924,-0.5273957564743977,0.13973113752279465,0.13973113752279465,5.925696898393559,0.6185185185185185,source_only
39627821714245907,rvspecfit-main-bright-2.fits,10.977933,4366.539,4.231374,-0.31133905,target_evaluation,target_evaluation_shifted,source_only,feh,2026,2.0,-0.31133905053138733,-0.5202096345147948,-0.20887058398340752,0.20887058398340752,6.733942685336873,0.6925925925925925,source_only
39627815670253220,rvspecfit-main-bright-2.fits,22.477627,5879.129,4.39243,-0.723626,target_evaluation,target_evaluation_shifted,source_only,feh,2026,2.0,-0.7236260175704956,-0.7425214093092225,-0.018895391738726897,0.018895391738726897,4.877926217951469,0.4981481481481482,source_only
39627815670255646,rvspecfit-main-bright-2.fits,39.936398,4625.0684,4.7049537,-0.38005188,target_evaluation,target_evaluation_shifted,source_only,feh,2026,2.0,-0.3800518810749054,-0.2648259647977859,0.11522591627711948,0.11522591627711948,4.390816151470333,0.4222222222222222,source_only
39627809622072149,rvspecfit-main-bright-2.fits,24.390818,4927.6396,4.850641,-0.33607587,target_evaluation,target_evaluation_shifted,source_only,feh,2026,2.0,-0.33607587218284607,-0.4921063640341163,-0.15603049185127021,0.15603049185127021,4.7123015033176845,0.4740740740740741,source_only
39627839842027358,rvspecfit-main-bright-3.fits,24.140806,3398.4958,4.8100953,-3.0253883e-08,target_evaluation,target_evaluation_shifted,source_only,feh,2026,2.0,-3.025388295441189e-08,-0.04510196142387007,-0.04510193116998711,0.04510193116998711,5.8827752041900165,0.6092592592592593,source_only
39627833793842886,rvspecfit-main-bright-3.fits,39.385548,5554.7554,4.770294,-0.47174188,target_evaluation,target_evaluation_shifted,source_only,feh,2026,2.0,-0.4717418849468231,-0.7168996239236246,-0.2451577389768015,0.2451577389768015,3.870550881294365,0.3148148148148148,source_only
39627833798038562,rvspecfit-main-bright-3.fits,28.237612,5951.2617,4.267125,-0.8982497,target_evaluation,target_evaluation_shifted,source_only,feh,2026,2.0,-0.8982496857643127,-0.9731227576480188,-0.07487307188370607,0.07487307188370607,3.7647645663842284,0.29259259259259257,source_only
39627827766625875,rvspecfit-main-bright-3.fits,25.357946,4335.492,4.686248,-0.4138596,target_evaluation,target_evaluation_shifted,source_only,feh,2026,2.0,-0.41385960578918457,-0.3247136896678974,0.0891459161212872,0.0891459161212872,4.5446399803598245,0.45185185185185184,source_only
39627827770823696,rvspecfit-main-bright-3.fits,31.719215,4336.5527,4.3862042,0.22128439,target_evaluation,target_evaluation_shifted,source_only,feh,2026,2.0,0.2212843894958496,-0.19304298440937168,-0.4143273739052213,0.4143273739052213,4.977110474230803,0.5111111111111111,source_only
39627833798034999,rvspecfit-main-bright-3.fits,17.041107,4075.3704,4.620044,-0.052925248,target_evaluation,target_evaluation_shifted,source_only,feh,2026,2.0,-0.05292524769902229,-0.14994408026061995,-0.09701883256159766,0.09701883256159766,6.668919825443767,0.6851851851851852,source_only
39627833802234446,rvspecfit-main-bright-3.fits,21.432701,6195.4375,4.5,-2.0472734,target_evaluation,target_evaluation_shifted,source_only,feh,2026,2.0,-2.0472733974456787,-1.5211676411082342,0.5261057563374445,0.5261057563374445,3.5422415352100005,0.22592592592592592,source_only
39627833793843974,rvspecfit-main-bright-3.fits,40.123512,3609.6584,4.536659,-0.20593798,target_evaluation,target_evaluation_shifted,source_only,feh,2026,2.0,-0.20593798160552979,-0.1740120052888444,0.031925976316685395,0.031925976316685395,3.7499165361416926,0.28888888888888886,source_only
39627821743607305,rvspecfit-main-bright-4.fits,38.73113,4629.5903,4.7259316,-0.11974044,target_evaluation,target_evaluation_shifted,source_only,feh,2026,2.0,-0.11974044144153595,-0.2777260207334744,-0.15798557929193846,0.15798557929193846,3.4720908649376088,0.2037037037037037,source_only
39627821743608617,rvspecfit-main-bright-4.fits,14.83805,6469.1216,4.834329,-1.9999986,target_evaluation,target_evaluation_shifted,source_only,feh,2026,2.0,-1.9999985694885254,-1.4395534026343375,0.5604451668541879,0.5604451668541879,5.772783040640335,0.6055555555555555,source_only
39627827783406885,rvspecfit-main-bright-4.fits,25.759974,3451.2712,4.5000005,6.0765877e-09,target_evaluation,target_evaluation_shifted,source_only,feh,2026,2.0,6.076587677483758e-09,-0.020535221569927698,-0.020535227646515376,0.020535227646515376,4.718723078032958,0.4759259259259259,source_only
39627833819009327,rvspecfit-main-bright-4.fits,14.72425,5800.006,4.4179063,-0.41439247,target_evaluation,target_evaluation_shifted,source_only,feh,2026,2.0,-0.41439247131347656,-0.6877424531073001,-0.2733499817938235,0.2733499817938235,6.002933068914145,0.6222222222222222,source_only
39627821747799263,rvspecfit-main-bright-4.fits,12.165322,6256.565,4.644997,-1.5297871,target_evaluation,target_evaluation_shifted,source_only,feh,2026,2.0,-1.5297870635986328,-1.180752159943804,0.3490349036548288,0.3490349036548288,5.281818771208172,0.5481481481481482,source_only
39627833823204203,rvspecfit-main-bright-4.fits,34.961163,4537.2896,4.6756153,-0.036325403,target_evaluation,target_evaluation_shifted,source_only,feh,2026,2.0,-0.036325402557849884,-0.302846401765176,-0.26652099920732614,0.26652099920732614,3.7933432766581,0.3,source_only
39627821735220946,rvspecfit-main-bright-4.fits,16.858812,3473.7603,4.656427,-0.7322211,target_evaluation,target_evaluation_shifted,source_only,feh,2026,2.0,-0.7322211265563965,-0.2049942903149955,0.527226836241401,0.527226836241401,6.736281147823193,0.6925925925925925,source_only
39627833839977270,rvspecfit-main-bright-5.fits,22.707117,3847.4602,4.847961,-0.07507452,target_evaluation,target_evaluation_shifted,source_only,feh,2026,2.0,-0.07507452368736267,-0.3441048890409371,-0.26903036535357444,0.26903036535357444,5.358719138327584,0.5592592592592592,source_only
39627845923766625,rvspecfit-main-bright-5.fits,25.341322,3959.5576,4.3476377,-0.7805401,target_evaluation,target_evaluation_shifted,source_only,feh,2026,2.0,-0.7805401086807251,-0.505921880127862,0.2746182285528631,0.2746182285528631,4.72081226712939,0.4759259259259259,source_only
39627839879775616,rvspecfit-main-bright-5.fits,43.97754,5813.363,4.760278,-1.1522388,target_evaluation,target_evaluation_shifted,source_only,feh,2026,2.0,-1.1522388458251953,-0.6481912141976255,0.5040476316275698,0.5040476316275698,2.5160657113632485,0.040740740740740744,source_only
39627845919573600,rvspecfit-main-bright-5.fits,41.5082,6244.3022,4.3234587,-1.7500005,target_evaluation,target_evaluation_shifted,source_only,feh,2026,2.0,-1.7500004768371582,-1.2492072558278835,0.5007932210092747,0.5007932210092747,2.486436447097572,0.040740740740740744,source_only
39627845915380471,rvspecfit-main-bright-5.fits,44.527607,3708.848,4.5635805,-0.6112659,target_evaluation,target_evaluation_shifted,source_only,feh,2026,2.0,-0.6112658977508545,-0.29221675787139034,0.31904913987946415,0.31904913987946415,3.3414863742944916,0.18333333333333332,source_only
39627839875583467,rvspecfit-main-bright-5.fits,30.495152,3700.0,4.774045,2.0906618e-05,target_evaluation,target_evaluation_shifted,source_only,feh,2026,2.0,2.0906618374283426e-05,-0.11491181226237054,-0.11493271888074483,0.11493271888074483,4.545635738959566,0.45185185185185184,source_only
39627833831591187,rvspecfit-main-bright-5.fits,14.973386,4433.752,4.873937,-0.6670582,target_evaluation,target_evaluation_shifted,source_only,feh,2026,2.0,-0.6670582294464111,-0.3742189719892728,0.29283925745713835,0.29283925745713835,5.1294046103785895,0.5333333333333333,source_only
39627833835783596,rvspecfit-main-bright-5.fits,19.291912,4050.7817,4.467584,-0.6911538,target_evaluation,target_evaluation_shifted,source_only,feh,2026,2.0,-0.6911538243293762,-0.427797240454867,0.2633565838745092,0.2633565838745092,4.352452559936074,0.4166666666666667,source_only
39627845915383495,rvspecfit-main-bright-5.fits,10.922119,5638.3613,4.8552957,-0.6561243,target_evaluation,target_evaluation_shifted,source_only,feh,2026,2.0,-0.6561242938041687,-0.5553272386534104,0.10079705515075832,0.10079705515075832,7.824966238177959,0.762962962962963,source_only
39627833810618447,rvspecfit-main-bright-6.fits,40.771164,6517.8154,4.6731167,-2.3132465,target_evaluation,target_evaluation_shifted,source_only,feh,2026,2.0,-2.313246488571167,-1.2409275604976524,1.0723189280735146,1.0723189280735146,3.2275795325921335,0.15185185185185185,source_only
39627839850415811,rvspecfit-main-bright-6.fits,14.076207,5159.8643,4.866095,-0.5808288,target_evaluation,target_evaluation_shifted,source_only,feh,2026,2.0,-0.5808287858963013,-0.4993468068304636,0.08148197906583765,0.08148197906583765,6.831175659055599,0.6962962962962963,source_only
39627845886020401,rvspecfit-main-bright-6.fits,13.033478,6121.208,4.152123,-0.96648407,target_evaluation,target_evaluation_shifted,source_only,feh,2026,2.0,-0.9664840698242188,-1.3252163831178334,-0.35873231329361466,0.35873231329361466,6.791784803425178,0.6925925925925925,source_only
39627845886019547,rvspecfit-main-bright-6.fits,26.366577,5199.997,4.8886833,-0.30279285,target_evaluation,target_evaluation_shifted,source_only,feh,2026,2.0,-0.30279284715652466,-0.4842313523466389,-0.18143850519011423,0.18143850519011423,4.886056457529565,0.4981481481481482,source_only
39627845886024355,rvspecfit-main-bright-6.fits,32.78284,5942.658,4.291933,-0.6273537,target_evaluation,target_evaluation_shifted,source_only,feh,2026,2.0,-0.6273537278175354,-1.092563748288279,-0.46521002047074367,0.46521002047074367,4.553705553442405,0.45555555555555555,source_only
39627827728880168,rvspecfit-main-bright-8.fits,11.884048,3643.9668,4.5368013,-0.5000001,target_evaluation,target_evaluation_shifted,source_only,feh,2026,2.0,-0.5000001192092896,-0.3321160037353954,0.16788411547389415,0.16788411547389415,8.620913878191667,0.7833333333333333,source_only
39627827728881595,rvspecfit-main-bright-8.fits,11.067028,3715.3442,4.560988,-0.41314766,target_evaluation,target_evaluation_shifted,source_only,feh,2026,2.0,-0.4131476581096649,-0.2739960671714804,0.13915159093818452,0.13915159093818452,6.070880234433099,0.6370370370370371,source_only
39627821693274753,rvspecfit-main-bright-8.fits,14.563165,4903.6562,4.7105637,-0.6856381,target_evaluation,target_evaluation_shifted,source_only,feh,2026,2.0,-0.6856381297111511,-0.5822864537218105,0.10335167598934059,0.10335167598934059,6.308351091697879,0.65,source_only
39627833777063378,rvspecfit-main-bright-8.fits,36.156208,4865.3774,4.8829994,-0.2660883,target_evaluation,target_evaluation_shifted,source_only,feh,2026,2.0,-0.2660883069038391,-0.5118189848571394,-0.24573067795330028,0.24573067795330028,4.586519428027104,0.45740740740740743,source_only
39627839816861389,rvspecfit-main-bright-8.fits,23.303087,5715.106,4.715221,-0.5199357,target_evaluation,target_evaluation_shifted,source_only,feh,2026,2.0,-0.5199357271194458,-0.738021010230296,-0.21808528311085018,0.21808528311085018,4.083286276124263,0.3537037037037037,source_only
39627833781259407,rvspecfit-main-bright-8.fits,22.830645,4481.9824,4.584956,-0.5631001,target_evaluation,target_evaluation_shifted,source_only,feh,2026,2.0,-0.5631000995635986,-0.438163874286207,0.12493622527739162,0.12493622527739162,6.159532721327398,0.6425925925925926,source_only
39627839812672682,rvspecfit-main-bright-8.fits,11.783399,5055.8506,5.161906,-1.1391282,target_evaluation,target_evaluation_shifted,source_only,feh,2026,2.0,-1.1391282081604004,-0.5982543004117907,0.5408739077486097,0.5408739077486097,6.244312323493406,0.6481481481481481,source_only
39627827737264610,rvspecfit-main-bright-8.fits,51.15046,3715.6196,4.598353,-0.2972362,target_evaluation,target_evaluation_shifted,source_only,feh,2026,2.0,-0.29723620414733887,-0.37313872951805344,-0.07590252537071457,0.07590252537071457,3.551711900492752,0.22777777777777777,source_only
39627827728877440,rvspecfit-main-bright-8.fits,36.33877,5575.7563,4.6957045,-0.07203574,target_evaluation,target_evaluation_shifted,source_only,feh,2026,2.0,-0.07203573733568192,-0.5545092342685285,-0.4824734969328466,0.4824734969328466,3.327800700512523,0.17962962962962964,source_only
39627821693275169,rvspecfit-main-bright-8.fits,15.122388,5025.6157,4.4391804,-0.651436,target_evaluation,target_evaluation_shifted,source_only,feh,2026,2.0,-0.6514359712600708,-0.5308760470348388,0.12055992422523198,0.12055992422523198,5.444216487091461,0.5666666666666667,source_only
39627839816865588,rvspecfit-main-bright-9.fits,10.728113,3960.8994,4.4292912,-0.4187252,target_evaluation,target_evaluation_shifted,source_only,feh,2026,2.0,-0.4187251925468445,-0.5704193722715144,-0.15169417972466992,0.15169417972466992,7.824694368454455,0.762962962962963,source_only
39627839821055583,rvspecfit-main-bright-9.fits,13.759142,4015.057,4.523047,-0.5563418,target_evaluation,target_evaluation_shifted,source_only,feh,2026,2.0,-0.556341826915741,-0.44541075803166746,0.1109310688840735,0.1109310688840735,6.167752351882318,0.6425925925925926,source_only
39627845865046248,rvspecfit-main-bright-9.fits,12.871122,3645.7952,4.8327327,0.2286792,target_evaluation,target_evaluation_shifted,source_only,feh,2026,2.0,0.22867919504642487,-0.09262851088573189,-0.32130770593215674,0.32130770593215674,7.7650654256949725,0.7537037037037037,source_only
39627845860853503,rvspecfit-main-bright-9.fits,26.803902,5411.7363,4.7129574,-0.54156125,target_evaluation,target_evaluation_shifted,source_only,feh,2026,2.0,-0.5415612459182739,-0.5354500696808102,0.006111176237463711,0.006111176237463711,3.303022769778974,0.17592592592592593,source_only
39627833785455822,rvspecfit-main-bright-9.fits,19.493109,3852.0898,4.842148,-0.25,target_evaluation,target_evaluation_shifted,source_only,feh,2026,2.0,-0.25,-0.1065467393459572,0.1434532606540428,0.1434532606540428,5.20415315140709,0.5407407407407407,source_only
39627851909045330,rvspecfit-main-bright-9.fits,22.31135,5862.414,4.257343,-0.67050207,target_evaluation,target_evaluation_shifted,source_only,feh,2026,2.0,-0.6705020666122437,-1.2534868572838598,-0.5829847906716161,0.5829847906716161,5.0761784951124005,0.5259259259259259,source_only
39627851913232720,rvspecfit-main-bright-9.fits,38.27888,4340.273,4.7055964,-0.32321364,target_evaluation,target_evaluation_shifted,source_only,feh,2026,2.0,-0.3232136368751526,-0.28593733083033046,0.03727630604482213,0.03727630604482213,3.5247253524534137,0.21851851851851853,source_only
39627845869245534,rvspecfit-main-bright-9.fits,44.033375,6095.794,4.289099,-0.5429145,target_evaluation,target_evaluation_shifted,source_only,feh,2026,2.0,-0.5429145097732544,-0.5895536716561766,-0.046639161882922164,0.046639161882922164,2.5712796905749724,0.046296296296296294,source_only
39627839837834061,rvspecfit-main-bright-9.fits,18.223211,4585.609,4.679545,-0.26840124,target_evaluation,target_evaluation_shifted,source_only,feh,2026,2.0,-0.26840123534202576,-0.3319082387784515,-0.06350700343642574,0.06350700343642574,4.488592644584745,0.4444444444444444,source_only
39627839829446786,rvspecfit-main-bright-9.fits,13.116069,3434.77,4.522116,0.022658512,target_evaluation,target_evaluation_shifted,source_only,feh,2026,2.0,0.022658511996269226,0.0612618864855291,0.03860337448925987,0.03860337448925987,7.213938491316041,0.7166666666666667,source_only
39627845873438049,rvspecfit-main-bright-9.fits,21.684975,5177.2314,4.8784614,-0.70214164,target_evaluation,target_evaluation_shifted,source_only,feh,2026,2.0,-0.7021416425704956,-0.5989612435561232,0.10318039901437237,0.10318039901437237,4.452810381088625,0.42962962962962964,source_only
39627845869247436,rvspecfit-main-bright-9.fits,65.567,6116.4717,3.9716609,-0.62627816,target_evaluation,target_evaluation_shifted,source_only,feh,2026,2.0,-0.6262781620025635,-0.791729437783361,-0.16545127578079755,0.16545127578079755,2.089133052011743,0.007407407407407408,source_only
39627839833638184,rvspecfit-main-bright-9.fits,23.375196,3722.8513,4.692401,-0.5,target_evaluation,target_evaluation_shifted,source_only,feh,2026,2.0,-0.5,-0.24919096870394525,0.25080903129605475,0.25080903129605475,4.565605685109625,0.45740740740740743,source_only
39627839837834062,rvspecfit-main-bright-9.fits,29.298006,3464.2122,4.331614,-0.21758264,target_evaluation,target_evaluation_shifted,source_only,feh,2026,2.0,-0.21758264303207397,-0.11737696888911195,0.10020567414296203,0.10020567414296203,5.117662360139141,0.5296296296296297,source_only
39627845873435234,rvspecfit-main-bright-9.fits,44.133266,5946.902,4.733702,-0.44999155,target_evaluation,target_evaluation_shifted,source_only,feh,2026,2.0,-0.4499915540218353,-0.6720326486695559,-0.2220410946477206,0.2220410946477206,2.7508935703078228,0.06111111111111111,source_only
39627803590661381,rvspecfit-main-bright-0.fits,28.50589,4480.691,4.253539,0.17412166,target_evaluation,target_evaluation_shifted,noise_augmented,teff,2026,2.0,4480.69091796875,4225.949133209229,-254.74178475952067,254.74178475952067,5.1943341980227515,0.5370370370370371,source_only_synthetic_augmentation
39627797550864891,rvspecfit-main-bright-0.fits,14.311126,3968.126,4.493116,-0.6129776,target_evaluation,target_evaluation_shifted,noise_augmented,teff,2026,2.0,3968.1259765625,4114.131789662681,146.0058131001806,146.0058131001806,8.161753597288424,0.7759259259259259,source_only_synthetic_augmentation
39627785479657922,rvspecfit-main-bright-0.fits,23.107883,5525.6953,4.8475904,-0.8433948,target_evaluation,target_evaluation_shifted,noise_augmented,teff,2026,2.0,5525.6953125,5713.769030802406,188.07371830240572,188.07371830240572,3.84405477361581,0.31296296296296294,source_only_synthetic_augmentation
39627797550862010,rvspecfit-main-bright-0.fits,17.196161,5155.6426,4.86746,-0.74379873,target_evaluation,target_evaluation_shifted,noise_augmented,teff,2026,2.0,5155.642578125,5441.459830037432,285.81725191243186,285.81725191243186,5.339871321607359,0.5574074074074075,source_only_synthetic_augmentation
39627803599047112,rvspecfit-main-bright-0.fits,26.322287,5086.4585,4.766821,-0.46503806,target_evaluation,target_evaluation_shifted,noise_augmented,teff,2026,2.0,5086.45849609375,5027.461894938151,-58.99660115559891,58.99660115559891,3.9063007232232834,0.32037037037037036,source_only_synthetic_augmentation
39627809643043009,rvspecfit-main-bright-0.fits,10.406952,4673.5483,4.4082108,-0.41964775,target_evaluation,target_evaluation_shifted,noise_augmented,teff,2026,2.0,4673.54833984375,5175.270118306476,501.72177846272643,501.72177846272643,7.6828860150503,0.7425925925925926,source_only_synthetic_augmentation
39627797571831121,rvspecfit-main-bright-0.fits,38.04706,5674.233,5.089847,-0.64886004,target_evaluation,target_evaluation_shifted,noise_augmented,teff,2026,2.0,5674.23291015625,5617.693904134113,-56.53900602213707,56.53900602213707,2.3692548934174282,0.022222222222222223,source_only_synthetic_augmentation
39627821731021743,rvspecfit-main-bright-1.fits,32.808224,6012.902,4.0533924,-0.97668797,target_evaluation,target_evaluation_shifted,noise_augmented,teff,2026,2.0,6012.90185546875,5936.923156901041,-75.97869856770922,75.97869856770922,3.3253088029447704,0.17962962962962964,source_only_synthetic_augmentation
39627821731024542,rvspecfit-main-bright-1.fits,10.150132,3514.3335,4.795404,-9.54014e-09,target_evaluation,target_evaluation_shifted,noise_augmented,teff,2026,2.0,3514.33349609375,3558.714865692139,44.38136959838903,44.38136959838903,7.494266295034199,0.7351851851851852,source_only_synthetic_augmentation
39627815691227637,rvspecfit-main-bright-1.fits,12.06874,5242.399,5.082218,-0.3883964,target_evaluation,target_evaluation_shifted,noise_augmented,teff,2026,2.0,5242.39892578125,5326.028491180424,83.62956539917377,83.62956539917377,7.255425754393522,0.7185185185185186,source_only_synthetic_augmentation
39627815691227894,rvspecfit-main-bright-1.fits,16.81999,5900.0044,4.712105,-0.6586523,target_evaluation,target_evaluation_shifted,noise_augmented,teff,2026,2.0,5900.00439453125,5544.160172993975,-355.8442215372752,355.8442215372752,5.850088886370738,0.6074074074074074,source_only_synthetic_augmentation
39627815691224502,rvspecfit-main-bright-1.fits,15.9603815,5896.2236,4.731507,-1.1173238,target_evaluation,target_evaluation_shifted,noise_augmented,teff,2026,2.0,5896.2236328125,5688.352955830891,-207.870676981609,207.870676981609,4.842351716347116,0.4962962962962963,source_only_synthetic_augmentation
39627815703807705,rvspecfit-main-bright-1.fits,13.988191,3606.7092,4.674957,-0.09309976,target_evaluation,target_evaluation_shifted,noise_augmented,teff,2026,2.0,3606.709228515625,3547.3210679931635,-59.388160522461476,59.388160522461476,9.034792059723257,0.8037037037037037,source_only_synthetic_augmentation
39627809651425857,rvspecfit-main-bright-1.fits,29.866762,5622.943,4.8139563,-0.37131092,target_evaluation,target_evaluation_shifted,noise_augmented,teff,2026,2.0,5622.94287109375,5526.349959493,-96.59291160075009,96.59291160075009,4.6110786614379355,0.45925925925925926,source_only_synthetic_augmentation
39627803615825148,rvspecfit-main-bright-1.fits,12.816327,5113.739,2.2663527,-0.98540086,target_evaluation,target_evaluation_shifted,noise_augmented,teff,2026,2.0,5113.73876953125,5680.369235514323,566.630465983073,566.630465983073,8.328044390067744,0.7796296296296297,source_only_synthetic_augmentation
39627815699615891,rvspecfit-main-bright-1.fits,18.43502,4220.126,4.723737,-1.3810121,target_evaluation,target_evaluation_shifted,noise_augmented,teff,2026,2.0,4220.1259765625,5124.883526753743,904.7575501912434,904.7575501912434,6.2543602445787,0.6481481481481481,source_only_synthetic_augmentation
39627803590658022,rvspecfit-main-bright-2.fits,16.427069,3402.1553,4.6148133,-0.25,target_evaluation,target_evaluation_shifted,noise_augmented,teff,2026,2.0,3402.1552734375,3535.192706075034,133.03743263753404,133.03743263753404,7.364349389020687,0.7277777777777777,source_only_synthetic_augmentation
39627821714244104,rvspecfit-main-bright-2.fits,23.581211,3939.141,4.8228536,0.04200729,target_evaluation,target_evaluation_shifted,noise_augmented,teff,2026,2.0,3939.14111328125,3939.339337036134,0.19822375488411126,0.19822375488411126,5.009015806455158,0.5222222222222223,source_only_synthetic_augmentation
39627815674447825,rvspecfit-main-bright-2.fits,12.42645,3848.9524,4.6892333,-0.37573263,target_evaluation,target_evaluation_shifted,noise_augmented,teff,2026,2.0,3848.952392578125,3928.3884351399756,79.43604256185063,79.43604256185063,7.7171068065047255,0.7481481481481481,source_only_synthetic_augmentation
39627821705861343,rvspecfit-main-bright-2.fits,23.189272,5815.6016,4.2078815,-0.86157435,target_evaluation,target_evaluation_shifted,noise_augmented,teff,2026,2.0,5815.6015625,5782.12715307617,-33.474409423830366,33.474409423830366,5.217841833514664,0.5407407407407407,source_only_synthetic_augmentation
39627821710049965,rvspecfit-main-bright-2.fits,24.613297,5314.402,3.0451887,-1.3697333,target_evaluation,target_evaluation_shifted,noise_augmented,teff,2026,2.0,5314.40185546875,5888.288044331868,573.8861888631182,573.8861888631182,5.121327414669467,0.5296296296296297,source_only_synthetic_augmentation
39627809622067402,rvspecfit-main-bright-2.fits,31.265646,6137.838,4.0774336,-1.2985094,target_evaluation,target_evaluation_shifted,noise_augmented,teff,2026,2.0,6137.837890625,6124.826453715006,-13.01143690999379,13.01143690999379,3.9637186555640356,0.3333333333333333,source_only_synthetic_augmentation
39627809622066836,rvspecfit-main-bright-2.fits,15.522804,3970.5703,4.5469885,-0.63032347,target_evaluation,target_evaluation_shifted,noise_augmented,teff,2026,2.0,3970.5703125,4100.881501688641,130.31118918864104,130.31118918864104,6.520873212940696,0.6777777777777778,source_only_synthetic_augmentation
39627809617878013,rvspecfit-main-bright-2.fits,31.116262,5462.681,5.1084437,-0.5318166,target_evaluation,target_evaluation_shifted,noise_augmented,teff,2026,2.0,5462.68115234375,5522.957693542482,60.27654119873205,60.27654119873205,4.211181193418648,0.3888888888888889,source_only_synthetic_augmentation
39627815661869306,rvspecfit-main-bright-2.fits,12.123284,3522.1082,4.599729,-0.106358714,target_evaluation,target_evaluation_shifted,noise_augmented,teff,2026,2.0,3522.108154296875,3562.496700327556,40.38854603068103,40.38854603068103,8.063070419758768,0.7703703703703704,source_only_synthetic_augmentation
39627803590657135,rvspecfit-main-bright-2.fits,16.43598,5378.66,4.766294,-0.32350528,target_evaluation,target_evaluation_shifted,noise_augmented,teff,2026,2.0,5378.66015625,5250.196917348224,-128.4632389017761,128.4632389017761,6.186667076173586,0.6444444444444445,source_only_synthetic_augmentation
39627803590659709,rvspecfit-main-bright-2.fits,12.965964,3757.0525,4.6078687,-0.25,target_evaluation,target_evaluation_shifted,noise_augmented,teff,2026,2.0,3757.052490234375,3872.1140887451184,115.06159851074335,115.06159851074335,6.76507430907838,0.6925925925925925,source_only_synthetic_augmentation
39627803586463484,rvspecfit-main-bright-2.fits,31.973804,5079.818,2.5580812,-1.1764431,target_evaluation,target_evaluation_shifted,noise_augmented,teff,2026,2.0,5079.81787109375,5782.056604329426,702.2387332356757,702.2387332356757,4.980978809178598,0.5111111111111111,source_only_synthetic_augmentation
39627815661867184,rvspecfit-main-bright-2.fits,11.212901,5877.344,4.5,-0.87294865,target_evaluation,target_evaluation_shifted,noise_augmented,teff,2026,2.0,5877.34423828125,5803.496139587405,-73.8480986938448,73.8480986938448,5.9709862168811245,0.6203703703703703,source_only_synthetic_augmentation
39627821705858400,rvspecfit-main-bright-2.fits,28.417381,5869.313,4.42161,-0.59817594,target_evaluation,target_evaluation_shifted,noise_augmented,teff,2026,2.0,5869.31298828125,5905.434304545083,36.12131626383325,36.12131626383325,4.484852163328445,0.4425925925925926,source_only_synthetic_augmentation
39627815666062822,rvspecfit-main-bright-2.fits,21.326593,4725.2007,4.828737,-0.48243913,target_evaluation,target_evaluation_shifted,noise_augmented,teff,2026,2.0,4725.20068359375,4554.338815185548,-170.8618684082021,170.8618684082021,4.8303872147060645,0.4888888888888889,source_only_synthetic_augmentation
39627809634650742,rvspecfit-main-bright-2.fits,29.139715,5899.9976,4.5475526,-0.6766757,target_evaluation,target_evaluation_shifted,noise_augmented,teff,2026,2.0,5899.99755859375,5899.507006347658,-0.49055224609219295,0.49055224609219295,4.084819699988011,0.3537037037037037,source_only_synthetic_augmentation
39627809630461078,rvspecfit-main-bright-2.fits,15.055974,5211.608,5.1218247,-0.6671269,target_evaluation,target_evaluation_shifted,noise_augmented,teff,2026,2.0,5211.60791015625,4946.985354278566,-264.62255587768414,264.62255587768414,5.925696898393559,0.6185185185185185,source_only_synthetic_augmentation
39627821714245907,rvspecfit-main-bright-2.fits,10.977933,4366.539,4.231374,-0.31133905,target_evaluation,target_evaluation_shifted,noise_augmented,teff,2026,2.0,4366.5390625,4418.391300455731,51.85223795573074,51.85223795573074,6.733942685336873,0.6925925925925925,source_only_synthetic_augmentation
39627815670253220,rvspecfit-main-bright-2.fits,22.477627,5879.129,4.39243,-0.723626,target_evaluation,target_evaluation_shifted,noise_augmented,teff,2026,2.0,5879.12890625,5680.807025634764,-198.3218806152363,198.3218806152363,4.877926217951469,0.4981481481481482,source_only_synthetic_augmentation
39627815670255646,rvspecfit-main-bright-2.fits,39.936398,4625.0684,4.7049537,-0.38005188,target_evaluation,target_evaluation_shifted,noise_augmented,teff,2026,2.0,4625.068359375,4623.601001617431,-1.4673577575686068,1.4673577575686068,4.390816151470333,0.4222222222222222,source_only_synthetic_augmentation
39627809622072149,rvspecfit-main-bright-2.fits,24.390818,4927.6396,4.850641,-0.33607587,target_evaluation,target_evaluation_shifted,noise_augmented,teff,2026,2.0,4927.6396484375,4839.453595886232,-88.1860525512684,88.1860525512684,4.7123015033176845,0.4740740740740741,source_only_synthetic_augmentation
39627839842027358,rvspecfit-main-bright-3.fits,24.140806,3398.4958,4.8100953,-3.0253883e-08,target_evaluation,target_evaluation_shifted,noise_augmented,teff,2026,2.0,3398.495849609375,3457.833256093344,59.33740648396906,59.33740648396906,5.8827752041900165,0.6092592592592593,source_only_synthetic_augmentation
39627833793842886,rvspecfit-main-bright-3.fits,39.385548,5554.7554,4.770294,-0.47174188,target_evaluation,target_evaluation_shifted,noise_augmented,teff,2026,2.0,5554.75537109375,5389.225181111654,-165.5301899820961,165.5301899820961,3.870550881294365,0.3148148148148148,source_only_synthetic_augmentation
39627833798038562,rvspecfit-main-bright-3.fits,28.237612,5951.2617,4.267125,-0.8982497,target_evaluation,target_evaluation_shifted,noise_augmented,teff,2026,2.0,5951.26171875,6048.749825317381,97.48810656738078,97.48810656738078,3.7647645663842284,0.29259259259259257,source_only_synthetic_augmentation
39627827766625875,rvspecfit-main-bright-3.fits,25.357946,4335.492,4.686248,-0.4138596,target_evaluation,target_evaluation_shifted,noise_augmented,teff,2026,2.0,4335.4921875,4279.80239476522,-55.689792734779985,55.689792734779985,4.5446399803598245,0.45185185185185184,source_only_synthetic_augmentation
39627827770823696,rvspecfit-main-bright-3.fits,31.719215,4336.5527,4.3862042,0.22128439,target_evaluation,target_evaluation_shifted,noise_augmented,teff,2026,2.0,4336.552734375,4169.962749643961,-166.5899847310393,166.5899847310393,4.977110474230803,0.5111111111111111,source_only_synthetic_augmentation
39627833798034999,rvspecfit-main-bright-3.fits,17.041107,4075.3704,4.620044,-0.052925248,target_evaluation,target_evaluation_shifted,noise_augmented,teff,2026,2.0,4075.370361328125,4072.01701304118,-3.35334828694522,3.35334828694522,6.668919825443767,0.6851851851851852,source_only_synthetic_augmentation
39627833802234446,rvspecfit-main-bright-3.fits,21.432701,6195.4375,4.5,-2.0472734,target_evaluation,target_evaluation_shifted,noise_augmented,teff,2026,2.0,6195.4375,6134.103196289065,-61.334303710935274,61.334303710935274,3.5422415352100005,0.22592592592592592,source_only_synthetic_augmentation
39627833793843974,rvspecfit-main-bright-3.fits,40.123512,3609.6584,4.536659,-0.20593798,target_evaluation,target_evaluation_shifted,noise_augmented,teff,2026,2.0,3609.658447265625,3723.976754618327,114.31830735270205,114.31830735270205,3.7499165361416926,0.28888888888888886,source_only_synthetic_augmentation
39627821743607305,rvspecfit-main-bright-4.fits,38.73113,4629.5903,4.7259316,-0.11974044,target_evaluation,target_evaluation_shifted,noise_augmented,teff,2026,2.0,4629.59033203125,4554.369223368328,-75.22110866292223,75.22110866292223,3.4720908649376088,0.2037037037037037,source_only_synthetic_augmentation
39627821743608617,rvspecfit-main-bright-4.fits,14.83805,6469.1216,4.834329,-1.9999986,target_evaluation,target_evaluation_shifted,noise_augmented,teff,2026,2.0,6469.12158203125,6164.692628804525,-304.42895322672484,304.42895322672484,5.772783040640335,0.6055555555555555,source_only_synthetic_augmentation
39627827783406885,rvspecfit-main-bright-4.fits,25.759974,3451.2712,4.5000005,6.0765877e-09,target_evaluation,target_evaluation_shifted,noise_augmented,teff,2026,2.0,3451.271240234375,3428.2576924641935,-23.013547770181503,23.013547770181503,4.718723078032958,0.4759259259259259,source_only_synthetic_augmentation
39627833819009327,rvspecfit-main-bright-4.fits,14.72425,5800.006,4.4179063,-0.41439247,target_evaluation,target_evaluation_shifted,noise_augmented,teff,2026,2.0,5800.005859375,5633.95821777344,-166.04764160155992,166.04764160155992,6.002933068914145,0.6222222222222222,source_only_synthetic_augmentation
39627821747799263,rvspecfit-main-bright-4.fits,12.165322,6256.565,4.644997,-1.5297871,target_evaluation,target_evaluation_shifted,noise_augmented,teff,2026,2.0,6256.56494140625,5808.383261779782,-448.1816796264684,448.1816796264684,5.281818771208172,0.5481481481481482,source_only_synthetic_augmentation
39627833823204203,rvspecfit-main-bright-4.fits,34.961163,4537.2896,4.6756153,-0.036325403,target_evaluation,target_evaluation_shifted,noise_augmented,teff,2026,2.0,4537.28955078125,4296.964914398194,-240.3246363830558,240.3246363830558,3.7933432766581,0.3,source_only_synthetic_augmentation
39627821735220946,rvspecfit-main-bright-4.fits,16.858812,3473.7603,4.656427,-0.7322211,target_evaluation,target_evaluation_shifted,noise_augmented,teff,2026,2.0,3473.76025390625,3521.609593373618,47.84933946736783,47.84933946736783,6.736281147823193,0.6925925925925925,source_only_synthetic_augmentation
39627833839977270,rvspecfit-main-bright-5.fits,22.707117,3847.4602,4.847961,-0.07507452,target_evaluation,target_evaluation_shifted,noise_augmented,teff,2026,2.0,3847.460205078125,3729.2497775878915,-118.21042749023354,118.21042749023354,5.358719138327584,0.5592592592592592,source_only_synthetic_augmentation
39627845923766625,rvspecfit-main-bright-5.fits,25.341322,3959.5576,4.3476377,-0.7805401,target_evaluation,target_evaluation_shifted,noise_augmented,teff,2026,2.0,3959.5576171875,4177.852830139162,218.2952129516616,218.2952129516616,4.72081226712939,0.4759259259259259,source_only_synthetic_augmentation
39627839879775616,rvspecfit-main-bright-5.fits,43.97754,5813.363,4.760278,-1.1522388,target_evaluation,target_evaluation_shifted,noise_augmented,teff,2026,2.0,5813.36279296875,5968.362072306316,154.9992793375659,154.9992793375659,2.5160657113632485,0.040740740740740744,source_only_synthetic_augmentation
39627845919573600,rvspecfit-main-bright-5.fits,41.5082,6244.3022,4.3234587,-1.7500005,target_evaluation,target_evaluation_shifted,noise_augmented,teff,2026,2.0,6244.30224609375,6062.441681640626,-181.86056445312443,181.86056445312443,2.486436447097572,0.040740740740740744,source_only_synthetic_augmentation
39627845915380471,rvspecfit-main-bright-5.fits,44.527607,3708.848,4.5635805,-0.6112659,target_evaluation,target_evaluation_shifted,noise_augmented,teff,2026,2.0,3708.847900390625,3732.362826792398,23.51492640177321,23.51492640177321,3.3414863742944916,0.18333333333333332,source_only_synthetic_augmentation
39627839875583467,rvspecfit-main-bright-5.fits,30.495152,3700.0,4.774045,2.0906618e-05,target_evaluation,target_evaluation_shifted,noise_augmented,teff,2026,2.0,3700.0,3603.3336475118017,-96.6663524881983,96.6663524881983,4.545635738959566,0.45185185185185184,source_only_synthetic_augmentation
39627833831591187,rvspecfit-main-bright-5.fits,14.973386,4433.752,4.873937,-0.6670582,target_evaluation,target_evaluation_shifted,noise_augmented,teff,2026,2.0,4433.751953125,4534.617037567139,100.86508444213905,100.86508444213905,5.1294046103785895,0.5333333333333333,source_only_synthetic_augmentation
39627833835783596,rvspecfit-main-bright-5.fits,19.291912,4050.7817,4.467584,-0.6911538,target_evaluation,target_evaluation_shifted,noise_augmented,teff,2026,2.0,4050.78173828125,4162.680011871338,111.89827359008814,111.89827359008814,4.352452559936074,0.4166666666666667,source_only_synthetic_augmentation
39627845915383495,rvspecfit-main-bright-5.fits,10.922119,5638.3613,4.8552957,-0.6561243,target_evaluation,target_evaluation_shifted,noise_augmented,teff,2026,2.0,5638.361328125,5357.535669148762,-280.8256589762377,280.8256589762377,7.824966238177959,0.762962962962963,source_only_synthetic_augmentation
39627833810618447,rvspecfit-main-bright-6.fits,40.771164,6517.8154,4.6731167,-2.3132465,target_evaluation,target_evaluation_shifted,noise_augmented,teff,2026,2.0,6517.8154296875,5999.38157159424,-518.4338580932599,518.4338580932599,3.2275795325921335,0.15185185185185185,source_only_synthetic_augmentation
39627839850415811,rvspecfit-main-bright-6.fits,14.076207,5159.8643,4.866095,-0.5808288,target_evaluation,target_evaluation_shifted,noise_augmented,teff,2026,2.0,5159.8642578125,5267.730751129153,107.86649331665285,107.86649331665285,6.831175659055599,0.6962962962962963,source_only_synthetic_augmentation
39627845886020401,rvspecfit-main-bright-6.fits,13.033478,6121.208,4.152123,-0.96648407,target_evaluation,target_evaluation_shifted,noise_augmented,teff,2026,2.0,6121.2080078125,5917.044504597983,-204.16350321451682,204.16350321451682,6.791784803425178,0.6925925925925925,source_only_synthetic_augmentation
39627845886019547,rvspecfit-main-bright-6.fits,26.366577,5199.997,4.8886833,-0.30279285,target_evaluation,target_evaluation_shifted,noise_augmented,teff,2026,2.0,5199.9970703125,5242.864745544433,42.86767523193339,42.86767523193339,4.886056457529565,0.4981481481481482,source_only_synthetic_augmentation
39627845886024355,rvspecfit-main-bright-6.fits,32.78284,5942.658,4.291933,-0.6273537,target_evaluation,target_evaluation_shifted,noise_augmented,teff,2026,2.0,5942.658203125,5978.7325945841485,36.0743914591485,36.0743914591485,4.553705553442405,0.45555555555555555,source_only_synthetic_augmentation
39627827728880168,rvspecfit-main-bright-8.fits,11.884048,3643.9668,4.5368013,-0.5000001,target_evaluation,target_evaluation_shifted,noise_augmented,teff,2026,2.0,3643.966796875,3650.900776173909,6.93397929890898,6.93397929890898,8.620913878191667,0.7833333333333333,source_only_synthetic_augmentation
39627827728881595,rvspecfit-main-bright-8.fits,11.067028,3715.3442,4.560988,-0.41314766,target_evaluation,target_evaluation_shifted,noise_augmented,teff,2026,2.0,3715.34423828125,3823.368589253741,108.02435097249099,108.02435097249099,6.070880234433099,0.6370370370370371,source_only_synthetic_augmentation
39627821693274753,rvspecfit-main-bright-8.fits,14.563165,4903.6562,4.7105637,-0.6856381,target_evaluation,target_evaluation_shifted,noise_augmented,teff,2026,2.0,4903.65625,5154.289836863198,250.6335868631977,250.6335868631977,6.308351091697879,0.65,source_only_synthetic_augmentation
39627833777063378,rvspecfit-main-bright-8.fits,36.156208,4865.3774,4.8829994,-0.2660883,target_evaluation,target_evaluation_shifted,noise_augmented,teff,2026,2.0,4865.37744140625,4750.476674794515,-114.90076661173498,114.90076661173498,4.586519428027104,0.45740740740740743,source_only_synthetic_augmentation
39627839816861389,rvspecfit-main-bright-8.fits,23.303087,5715.106,4.715221,-0.5199357,target_evaluation,target_evaluation_shifted,noise_augmented,teff,2026,2.0,5715.10595703125,5733.260337259929,18.154380228678747,18.154380228678747,4.083286276124263,0.3537037037037037,source_only_synthetic_augmentation
39627833781259407,rvspecfit-main-bright-8.fits,22.830645,4481.9824,4.584956,-0.5631001,target_evaluation,target_evaluation_shifted,noise_augmented,teff,2026,2.0,4481.982421875,4600.443664560954,118.46124268595395,118.46124268595395,6.159532721327398,0.6425925925925926,source_only_synthetic_augmentation
39627839812672682,rvspecfit-main-bright-8.fits,11.783399,5055.8506,5.161906,-1.1391282,target_evaluation,target_evaluation_shifted,noise_augmented,teff,2026,2.0,5055.8505859375,5357.998969055176,302.1483831176756,302.1483831176756,6.244312323493406,0.6481481481481481,source_only_synthetic_augmentation
39627827737264610,rvspecfit-main-bright-8.fits,51.15046,3715.6196,4.598353,-0.2972362,target_evaluation,target_evaluation_shifted,noise_augmented,teff,2026,2.0,3715.61962890625,3726.480820149738,10.861191243488065,10.861191243488065,3.551711900492752,0.22777777777777777,source_only_synthetic_augmentation
39627827728877440,rvspecfit-main-bright-8.fits,36.33877,5575.7563,4.6957045,-0.07203574,target_evaluation,target_evaluation_shifted,noise_augmented,teff,2026,2.0,5575.75634765625,5397.078335103353,-178.6780125528967,178.6780125528967,3.327800700512523,0.17962962962962964,source_only_synthetic_augmentation
39627821693275169,rvspecfit-main-bright-8.fits,15.122388,5025.6157,4.4391804,-0.651436,target_evaluation,target_evaluation_shifted,noise_augmented,teff,2026,2.0,5025.61572265625,5159.369415812174,133.75369315592434,133.75369315592434,5.444216487091461,0.5666666666666667,source_only_synthetic_augmentation
39627839816865588,rvspecfit-main-bright-9.fits,10.728113,3960.8994,4.4292912,-0.4187252,target_evaluation,target_evaluation_shifted,noise_augmented,teff,2026,2.0,3960.8994140625,4200.179901082356,239.28048701985608,239.28048701985608,7.824694368454455,0.762962962962963,source_only_synthetic_augmentation
39627839821055583,rvspecfit-main-bright-9.fits,13.759142,4015.057,4.523047,-0.5563418,target_evaluation,target_evaluation_shifted,noise_augmented,teff,2026,2.0,4015.056884765625,4154.845138722737,139.78825395711192,139.78825395711192,6.167752351882318,0.6425925925925926,source_only_synthetic_augmentation
39627845865046248,rvspecfit-main-bright-9.fits,12.871122,3645.7952,4.8327327,0.2286792,target_evaluation,target_evaluation_shifted,noise_augmented,teff,2026,2.0,3645.795166015625,3538.878456878663,-106.9167091369618,106.9167091369618,7.7650654256949725,0.7537037037037037,source_only_synthetic_augmentation
39627845860853503,rvspecfit-main-bright-9.fits,26.803902,5411.7363,4.7129574,-0.54156125,target_evaluation,target_evaluation_shifted,noise_augmented,teff,2026,2.0,5411.736328125,5522.034154337565,110.29782621256527,110.29782621256527,3.303022769778974,0.17592592592592593,source_only_synthetic_augmentation
39627833785455822,rvspecfit-main-bright-9.fits,19.493109,3852.0898,4.842148,-0.25,target_evaluation,target_evaluation_shifted,noise_augmented,teff,2026,2.0,3852.08984375,3832.285698791503,-19.80414495849709,19.80414495849709,5.20415315140709,0.5407407407407407,source_only_synthetic_augmentation
39627851909045330,rvspecfit-main-bright-9.fits,22.31135,5862.414,4.257343,-0.67050207,target_evaluation,target_evaluation_shifted,noise_augmented,teff,2026,2.0,5862.4140625,5529.06000817871,-333.3540543212903,333.3540543212903,5.0761784951124005,0.5259259259259259,source_only_synthetic_augmentation
39627851913232720,rvspecfit-main-bright-9.fits,38.27888,4340.273,4.7055964,-0.32321364,target_evaluation,target_evaluation_shifted,noise_augmented,teff,2026,2.0,4340.27294921875,4261.519603729247,-78.75334548950286,78.75334548950286,3.5247253524534137,0.21851851851851853,source_only_synthetic_augmentation
39627845869245534,rvspecfit-main-bright-9.fits,44.033375,6095.794,4.289099,-0.5429145,target_evaluation,target_evaluation_shifted,noise_augmented,teff,2026,2.0,6095.7939453125,5922.1977463175435,-173.59619899495647,173.59619899495647,2.5712796905749724,0.046296296296296294,source_only_synthetic_augmentation
39627839837834061,rvspecfit-main-bright-9.fits,18.223211,4585.609,4.679545,-0.26840124,target_evaluation,target_evaluation_shifted,noise_augmented,teff,2026,2.0,4585.60888671875,4528.993903015139,-56.61498370361096,56.61498370361096,4.488592644584745,0.4444444444444444,source_only_synthetic_augmentation
39627839829446786,rvspecfit-main-bright-9.fits,13.116069,3434.77,4.522116,0.022658512,target_evaluation,target_evaluation_shifted,noise_augmented,teff,2026,2.0,3434.77001953125,3467.9267013854983,33.15668185424829,33.15668185424829,7.213938491316041,0.7166666666666667,source_only_synthetic_augmentation
39627845873438049,rvspecfit-main-bright-9.fits,21.684975,5177.2314,4.8784614,-0.70214164,target_evaluation,target_evaluation_shifted,noise_augmented,teff,2026,2.0,5177.2314453125,5312.740209370933,135.50876405843337,135.50876405843337,4.452810381088625,0.42962962962962964,source_only_synthetic_augmentation
39627845869247436,rvspecfit-main-bright-9.fits,65.567,6116.4717,3.9716609,-0.62627816,target_evaluation,target_evaluation_shifted,noise_augmented,teff,2026,2.0,6116.4716796875,5984.610318623859,-131.8613610636412,131.8613610636412,2.089133052011743,0.007407407407407408,source_only_synthetic_augmentation
39627839833638184,rvspecfit-main-bright-9.fits,23.375196,3722.8513,4.692401,-0.5,target_evaluation,target_evaluation_shifted,noise_augmented,teff,2026,2.0,3722.851318359375,3838.285257670085,115.43393931070977,115.43393931070977,4.565605685109625,0.45740740740740743,source_only_synthetic_augmentation
39627839837834062,rvspecfit-main-bright-9.fits,29.298006,3464.2122,4.331614,-0.21758264,target_evaluation,target_evaluation_shifted,noise_augmented,teff,2026,2.0,3464.212158203125,3551.431564005534,87.2194058024088,87.2194058024088,5.117662360139141,0.5296296296296297,source_only_synthetic_augmentation
39627845873435234,rvspecfit-main-bright-9.fits,44.133266,5946.902,4.733702,-0.44999155,target_evaluation,target_evaluation_shifted,noise_augmented,teff,2026,2.0,5946.90185546875,5701.33823748779,-245.56361798095986,245.56361798095986,2.7508935703078228,0.06111111111111111,source_only_synthetic_augmentation
39627803590661381,rvspecfit-main-bright-0.fits,28.50589,4480.691,4.253539,0.17412166,target_evaluation,target_evaluation_shifted,noise_augmented,logg,2026,2.0,4.253539085388184,4.586201734483243,0.3326626490950595,0.3326626490950595,5.1943341980227515,0.5370370370370371,source_only_synthetic_augmentation
39627797550864891,rvspecfit-main-bright-0.fits,14.311126,3968.126,4.493116,-0.6129776,target_evaluation,target_evaluation_shifted,noise_augmented,logg,2026,2.0,4.4931159019470215,4.569341647992531,0.0762257460455098,0.0762257460455098,8.161753597288424,0.7759259259259259,source_only_synthetic_augmentation
39627785479657922,rvspecfit-main-bright-0.fits,23.107883,5525.6953,4.8475904,-0.8433948,target_evaluation,target_evaluation_shifted,noise_augmented,logg,2026,2.0,4.847590446472168,4.429653753330311,-0.4179366931418569,0.4179366931418569,3.84405477361581,0.31296296296296294,source_only_synthetic_augmentation
39627797550862010,rvspecfit-main-bright-0.fits,17.196161,5155.6426,4.86746,-0.74379873,target_evaluation,target_evaluation_shifted,noise_augmented,logg,2026,2.0,4.867459774017334,4.561599998901285,-0.30585977511604856,0.30585977511604856,5.339871321607359,0.5574074074074075,source_only_synthetic_augmentation
39627803599047112,rvspecfit-main-bright-0.fits,26.322287,5086.4585,4.766821,-0.46503806,target_evaluation,target_evaluation_shifted,noise_augmented,logg,2026,2.0,4.766820907592773,4.838045588036378,0.07122468044360453,0.07122468044360453,3.9063007232232834,0.32037037037037036,source_only_synthetic_augmentation
39627809643043009,rvspecfit-main-bright-0.fits,10.406952,4673.5483,4.4082108,-0.41964775,target_evaluation,target_evaluation_shifted,noise_augmented,logg,2026,2.0,4.408210754394531,4.7172218422393,0.3090110878447687,0.3090110878447687,7.6828860150503,0.7425925925925926,source_only_synthetic_augmentation
39627797571831121,rvspecfit-main-bright-0.fits,38.04706,5674.233,5.089847,-0.64886004,target_evaluation,target_evaluation_shifted,noise_augmented,logg,2026,2.0,5.089847087860107,4.753382675766946,-0.3364644120931617,0.3364644120931617,2.3692548934174282,0.022222222222222223,source_only_synthetic_augmentation
39627821731021743,rvspecfit-main-bright-1.fits,32.808224,6012.902,4.0533924,-0.97668797,target_evaluation,target_evaluation_shifted,noise_augmented,logg,2026,2.0,4.05339241027832,4.304472062985099,0.2510796527067791,0.2510796527067791,3.3253088029447704,0.17962962962962964,source_only_synthetic_augmentation
39627821731024542,rvspecfit-main-bright-1.fits,10.150132,3514.3335,4.795404,-9.54014e-09,target_evaluation,target_evaluation_shifted,noise_augmented,logg,2026,2.0,4.795403957366943,4.677124705344437,-0.11827925202250622,0.11827925202250622,7.494266295034199,0.7351851851851852,source_only_synthetic_augmentation
39627815691227637,rvspecfit-main-bright-1.fits,12.06874,5242.399,5.082218,-0.3883964,target_evaluation,target_evaluation_shifted,noise_augmented,logg,2026,2.0,5.082218170166016,4.711366063733898,-0.3708521064321175,0.3708521064321175,7.255425754393522,0.7185185185185186,source_only_synthetic_augmentation
39627815691227894,rvspecfit-main-bright-1.fits,16.81999,5900.0044,4.712105,-0.6586523,target_evaluation,target_evaluation_shifted,noise_augmented,logg,2026,2.0,4.712104797363281,4.04923246388634,-0.6628723334769413,0.6628723334769413,5.850088886370738,0.6074074074074074,source_only_synthetic_augmentation
39627815691224502,rvspecfit-main-bright-1.fits,15.9603815,5896.2236,4.731507,-1.1173238,target_evaluation,target_evaluation_shifted,noise_augmented,logg,2026,2.0,4.731506824493408,3.634942577024302,-1.0965642474691064,1.0965642474691064,4.842351716347116,0.4962962962962963,source_only_synthetic_augmentation
39627815703807705,rvspecfit-main-bright-1.fits,13.988191,3606.7092,4.674957,-0.09309976,target_evaluation,target_evaluation_shifted,noise_augmented,logg,2026,2.0,4.674956798553467,4.574410188406707,-0.10054661014675936,0.10054661014675936,9.034792059723257,0.8037037037037037,source_only_synthetic_augmentation
39627809651425857,rvspecfit-main-bright-1.fits,29.866762,5622.943,4.8139563,-0.37131092,target_evaluation,target_evaluation_shifted,noise_augmented,logg,2026,2.0,4.813956260681152,4.7837541028062525,-0.030202157874899882,0.030202157874899882,4.6110786614379355,0.45925925925925926,source_only_synthetic_augmentation
39627803615825148,rvspecfit-main-bright-1.fits,12.816327,5113.739,2.2663527,-0.98540086,target_evaluation,target_evaluation_shifted,noise_augmented,logg,2026,2.0,2.266352653503418,3.9596981180707598,1.6933454645673418,1.6933454645673418,8.328044390067744,0.7796296296296297,source_only_synthetic_augmentation
39627815699615891,rvspecfit-main-bright-1.fits,18.43502,4220.126,4.723737,-1.3810121,target_evaluation,target_evaluation_shifted,noise_augmented,logg,2026,2.0,4.723736763000488,4.758146838972966,0.03441007597247747,0.03441007597247747,6.2543602445787,0.6481481481481481,source_only_synthetic_augmentation
39627803590658022,rvspecfit-main-bright-2.fits,16.427069,3402.1553,4.6148133,-0.25,target_evaluation,target_evaluation_shifted,noise_augmented,logg,2026,2.0,4.614813327789307,4.643357945919034,0.028544618129727084,0.028544618129727084,7.364349389020687,0.7277777777777777,source_only_synthetic_augmentation
39627821714244104,rvspecfit-main-bright-2.fits,23.581211,3939.141,4.8228536,0.04200729,target_evaluation,target_evaluation_shifted,noise_augmented,logg,2026,2.0,4.8228535652160645,4.630572353909409,-0.1922812113066552,0.1922812113066552,5.009015806455158,0.5222222222222223,source_only_synthetic_augmentation
39627815674447825,rvspecfit-main-bright-2.fits,12.42645,3848.9524,4.6892333,-0.37573263,target_evaluation,target_evaluation_shifted,noise_augmented,logg,2026,2.0,4.689233303070068,4.5678503065307945,-0.12138299653927387,0.12138299653927387,7.7171068065047255,0.7481481481481481,source_only_synthetic_augmentation
39627821705861343,rvspecfit-main-bright-2.fits,23.189272,5815.6016,4.2078815,-0.86157435,target_evaluation,target_evaluation_shifted,noise_augmented,logg,2026,2.0,4.207881450653076,3.9874582715233178,-0.2204231791297584,0.2204231791297584,5.217841833514664,0.5407407407407407,source_only_synthetic_augmentation
39627821710049965,rvspecfit-main-bright-2.fits,24.613297,5314.402,3.0451887,-1.3697333,target_evaluation,target_evaluation_shifted,noise_augmented,logg,2026,2.0,3.0451886653900146,4.0904304541349426,1.045241788744928,1.045241788744928,5.121327414669467,0.5296296296296297,source_only_synthetic_augmentation
39627809622067402,rvspecfit-main-bright-2.fits,31.265646,6137.838,4.0774336,-1.2985094,target_evaluation,target_evaluation_shifted,noise_augmented,logg,2026,2.0,4.0774335861206055,4.291712039321662,0.21427845320105643,0.21427845320105643,3.9637186555640356,0.3333333333333333,source_only_synthetic_augmentation
39627809622066836,rvspecfit-main-bright-2.fits,15.522804,3970.5703,4.5469885,-0.63032347,target_evaluation,target_evaluation_shifted,noise_augmented,logg,2026,2.0,4.546988487243652,4.563803051590921,0.01681456434726858,0.01681456434726858,6.520873212940696,0.6777777777777778,source_only_synthetic_augmentation
39627809617878013,rvspecfit-main-bright-2.fits,31.116262,5462.681,5.1084437,-0.5318166,target_evaluation,target_evaluation_shifted,noise_augmented,logg,2026,2.0,5.108443737030029,4.678024828036626,-0.4304189089934036,0.4304189089934036,4.211181193418648,0.3888888888888889,source_only_synthetic_augmentation
39627815661869306,rvspecfit-main-bright-2.fits,12.123284,3522.1082,4.599729,-0.106358714,target_evaluation,target_evaluation_shifted,noise_augmented,logg,2026,2.0,4.599729061126709,4.5667036540309605,-0.03302540709574853,0.03302540709574853,8.063070419758768,0.7703703703703704,source_only_synthetic_augmentation
39627803590657135,rvspecfit-main-bright-2.fits,16.43598,5378.66,4.766294,-0.32350528,target_evaluation,target_evaluation_shifted,noise_augmented,logg,2026,2.0,4.766294002532959,4.918786581238112,0.15249257870515276,0.15249257870515276,6.186667076173586,0.6444444444444445,source_only_synthetic_augmentation
39627803590659709,rvspecfit-main-bright-2.fits,12.965964,3757.0525,4.6078687,-0.25,target_evaluation,target_evaluation_shifted,noise_augmented,logg,2026,2.0,4.607868671417236,4.67774280099074,0.06987412957350347,0.06987412957350347,6.76507430907838,0.6925925925925925,source_only_synthetic_augmentation
39627803586463484,rvspecfit-main-bright-2.fits,31.973804,5079.818,2.5580812,-1.1764431,target_evaluation,target_evaluation_shifted,noise_augmented,logg,2026,2.0,2.5580811500549316,3.8309791000088054,1.2728979499538737,1.2728979499538737,4.980978809178598,0.5111111111111111,source_only_synthetic_augmentation
39627815661867184,rvspecfit-main-bright-2.fits,11.212901,5877.344,4.5,-0.87294865,target_evaluation,target_evaluation_shifted,noise_augmented,logg,2026,2.0,4.5,4.398919299513102,-0.10108070048689832,0.10108070048689832,5.9709862168811245,0.6203703703703703,source_only_synthetic_augmentation
39627821705858400,rvspecfit-main-bright-2.fits,28.417381,5869.313,4.42161,-0.59817594,target_evaluation,target_evaluation_shifted,noise_augmented,logg,2026,2.0,4.421609878540039,4.414874657481909,-0.006735221058129959,0.006735221058129959,4.484852163328445,0.4425925925925926,source_only_synthetic_augmentation
39627815666062822,rvspecfit-main-bright-2.fits,21.326593,4725.2007,4.828737,-0.48243913,target_evaluation,target_evaluation_shifted,noise_augmented,logg,2026,2.0,4.828736782073975,4.679889361699421,-0.14884742037455378,0.14884742037455378,4.8303872147060645,0.4888888888888889,source_only_synthetic_augmentation
39627809634650742,rvspecfit-main-bright-2.fits,29.139715,5899.9976,4.5475526,-0.6766757,target_evaluation,target_evaluation_shifted,noise_augmented,logg,2026,2.0,4.547552585601807,4.590466311315695,0.04291372571388852,0.04291372571388852,4.084819699988011,0.3537037037037037,source_only_synthetic_augmentation
39627809630461078,rvspecfit-main-bright-2.fits,15.055974,5211.608,5.1218247,-0.6671269,target_evaluation,target_evaluation_shifted,noise_augmented,logg,2026,2.0,5.121824741363525,4.775803012490274,-0.346021728873251,0.346021728873251,5.925696898393559,0.6185185185185185,source_only_synthetic_augmentation
39627821714245907,rvspecfit-main-bright-2.fits,10.977933,4366.539,4.231374,-0.31133905,target_evaluation,target_evaluation_shifted,noise_augmented,logg,2026,2.0,4.2313737869262695,4.61644080942869,0.38506702250242064,0.38506702250242064,6.733942685336873,0.6925925925925925,source_only_synthetic_augmentation
39627815670253220,rvspecfit-main-bright-2.fits,22.477627,5879.129,4.39243,-0.723626,target_evaluation,target_evaluation_shifted,noise_augmented,logg,2026,2.0,4.392429828643799,4.580506117026014,0.18807628838221557,0.18807628838221557,4.877926217951469,0.4981481481481482,source_only_synthetic_augmentation
39627815670255646,rvspecfit-main-bright-2.fits,39.936398,4625.0684,4.7049537,-0.38005188,target_evaluation,target_evaluation_shifted,noise_augmented,logg,2026,2.0,4.704953670501709,4.697848250309627,-0.007105420192082157,0.007105420192082157,4.390816151470333,0.4222222222222222,source_only_synthetic_augmentation
39627809622072149,rvspecfit-main-bright-2.fits,24.390818,4927.6396,4.850641,-0.33607587,target_evaluation,target_evaluation_shifted,noise_augmented,logg,2026,2.0,4.850640773773193,4.7815351297855395,-0.06910564398765384,0.06910564398765384,4.7123015033176845,0.4740740740740741,source_only_synthetic_augmentation
39627839842027358,rvspecfit-main-bright-3.fits,24.140806,3398.4958,4.8100953,-3.0253883e-08,target_evaluation,target_evaluation_shifted,noise_augmented,logg,2026,2.0,4.810095310211182,4.696213389635088,-0.1138819205760937,0.1138819205760937,5.8827752041900165,0.6092592592592593,source_only_synthetic_augmentation
39627833793842886,rvspecfit-main-bright-3.fits,39.385548,5554.7554,4.770294,-0.47174188,target_evaluation,target_evaluation_shifted,noise_augmented,logg,2026,2.0,4.770294189453125,4.4625786839723585,-0.30771550548076654,0.30771550548076654,3.870550881294365,0.3148148148148148,source_only_synthetic_augmentation
39627833798038562,rvspecfit-main-bright-3.fits,28.237612,5951.2617,4.267125,-0.8982497,target_evaluation,target_evaluation_shifted,noise_augmented,logg,2026,2.0,4.267125129699707,4.29384213580688,0.02671700610717309,0.02671700610717309,3.7647645663842284,0.29259259259259257,source_only_synthetic_augmentation
39627827766625875,rvspecfit-main-bright-3.fits,25.357946,4335.492,4.686248,-0.4138596,target_evaluation,target_evaluation_shifted,noise_augmented,logg,2026,2.0,4.686247825622559,4.629019388973713,-0.05722843664884536,0.05722843664884536,4.5446399803598245,0.45185185185185184,source_only_synthetic_augmentation
39627827770823696,rvspecfit-main-bright-3.fits,31.719215,4336.5527,4.3862042,0.22128439,target_evaluation,target_evaluation_shifted,noise_augmented,logg,2026,2.0,4.386204242706299,4.673999677916368,0.2877954352100689,0.2877954352100689,4.977110474230803,0.5111111111111111,source_only_synthetic_augmentation
39627833798034999,rvspecfit-main-bright-3.fits,17.041107,4075.3704,4.620044,-0.052925248,target_evaluation,target_evaluation_shifted,noise_augmented,logg,2026,2.0,4.620044231414795,4.652017496456701,0.03197326504190645,0.03197326504190645,6.668919825443767,0.6851851851851852,source_only_synthetic_augmentation
39627833802234446,rvspecfit-main-bright-3.fits,21.432701,6195.4375,4.5,-2.0472734,target_evaluation,target_evaluation_shifted,noise_augmented,logg,2026,2.0,4.5,4.253545697013537,-0.24645430298646342,0.24645430298646342,3.5422415352100005,0.22592592592592592,source_only_synthetic_augmentation
39627833793843974,rvspecfit-main-bright-3.fits,40.123512,3609.6584,4.536659,-0.20593798,target_evaluation,target_evaluation_shifted,noise_augmented,logg,2026,2.0,4.536658763885498,4.6686030569672585,0.13194429308176048,0.13194429308176048,3.7499165361416926,0.28888888888888886,source_only_synthetic_augmentation
39627821743607305,rvspecfit-main-bright-4.fits,38.73113,4629.5903,4.7259316,-0.11974044,target_evaluation,target_evaluation_shifted,noise_augmented,logg,2026,2.0,4.725931644439697,4.640365805804731,-0.0855658386349667,0.0855658386349667,3.4720908649376088,0.2037037037037037,source_only_synthetic_augmentation
39627821743608617,rvspecfit-main-bright-4.fits,14.83805,6469.1216,4.834329,-1.9999986,target_evaluation,target_evaluation_shifted,noise_augmented,logg,2026,2.0,4.834329128265381,4.153829287439586,-0.680499840825795,0.680499840825795,5.772783040640335,0.6055555555555555,source_only_synthetic_augmentation
39627827783406885,rvspecfit-main-bright-4.fits,25.759974,3451.2712,4.5000005,6.0765877e-09,target_evaluation,target_evaluation_shifted,noise_augmented,logg,2026,2.0,4.500000476837158,4.685269943892957,0.1852694670557984,0.1852694670557984,4.718723078032958,0.4759259259259259,source_only_synthetic_augmentation
39627833819009327,rvspecfit-main-bright-4.fits,14.72425,5800.006,4.4179063,-0.41439247,target_evaluation,target_evaluation_shifted,noise_augmented,logg,2026,2.0,4.417906284332275,4.711284127304953,0.2933778429726779,0.2933778429726779,6.002933068914145,0.6222222222222222,source_only_synthetic_augmentation
39627821747799263,rvspecfit-main-bright-4.fits,12.165322,6256.565,4.644997,-1.5297871,target_evaluation,target_evaluation_shifted,noise_augmented,logg,2026,2.0,4.6449971199035645,4.439801699578763,-0.20519542032480143,0.20519542032480143,5.281818771208172,0.5481481481481482,source_only_synthetic_augmentation
39627833823204203,rvspecfit-main-bright-4.fits,34.961163,4537.2896,4.6756153,-0.036325403,target_evaluation,target_evaluation_shifted,noise_augmented,logg,2026,2.0,4.675615310668945,4.653816300014651,-0.021799010654294015,0.021799010654294015,3.7933432766581,0.3,source_only_synthetic_augmentation
39627821735220946,rvspecfit-main-bright-4.fits,16.858812,3473.7603,4.656427,-0.7322211,target_evaluation,target_evaluation_shifted,noise_augmented,logg,2026,2.0,4.656426906585693,4.668976129551729,0.012549222966035778,0.012549222966035778,6.736281147823193,0.6925925925925925,source_only_synthetic_augmentation
39627833839977270,rvspecfit-main-bright-5.fits,22.707117,3847.4602,4.847961,-0.07507452,target_evaluation,target_evaluation_shifted,noise_augmented,logg,2026,2.0,4.847960948944092,4.612515586922565,-0.23544536202152688,0.23544536202152688,5.358719138327584,0.5592592592592592,source_only_synthetic_augmentation
39627845923766625,rvspecfit-main-bright-5.fits,25.341322,3959.5576,4.3476377,-0.7805401,target_evaluation,target_evaluation_shifted,noise_augmented,logg,2026,2.0,4.34763765335083,4.603339701314767,0.25570204796393714,0.25570204796393714,4.72081226712939,0.4759259259259259,source_only_synthetic_augmentation
39627839879775616,rvspecfit-main-bright-5.fits,43.97754,5813.363,4.760278,-1.1522388,target_evaluation,target_evaluation_shifted,noise_augmented,logg,2026,2.0,4.760278224945068,4.559508933822312,-0.20076929112275632,0.20076929112275632,2.5160657113632485,0.040740740740740744,source_only_synthetic_augmentation
39627845919573600,rvspecfit-main-bright-5.fits,41.5082,6244.3022,4.3234587,-1.7500005,target_evaluation,target_evaluation_shifted,noise_augmented,logg,2026,2.0,4.323458671569824,4.237725757896902,-0.08573291367292235,0.08573291367292235,2.486436447097572,0.040740740740740744,source_only_synthetic_augmentation
39627845915380471,rvspecfit-main-bright-5.fits,44.527607,3708.848,4.5635805,-0.6112659,target_evaluation,target_evaluation_shifted,noise_augmented,logg,2026,2.0,4.563580513000488,4.687508058011528,0.12392754501103997,0.12392754501103997,3.3414863742944916,0.18333333333333332,source_only_synthetic_augmentation
39627839875583467,rvspecfit-main-bright-5.fits,30.495152,3700.0,4.774045,2.0906618e-05,target_evaluation,target_evaluation_shifted,noise_augmented,logg,2026,2.0,4.774044990539551,4.608077168405056,-0.1659678221344949,0.1659678221344949,4.545635738959566,0.45185185185185184,source_only_synthetic_augmentation
39627833831591187,rvspecfit-main-bright-5.fits,14.973386,4433.752,4.873937,-0.6670582,target_evaluation,target_evaluation_shifted,noise_augmented,logg,2026,2.0,4.873937129974365,4.652381916900476,-0.2215552130738896,0.2215552130738896,5.1294046103785895,0.5333333333333333,source_only_synthetic_augmentation
39627833835783596,rvspecfit-main-bright-5.fits,19.291912,4050.7817,4.467584,-0.6911538,target_evaluation,target_evaluation_shifted,noise_augmented,logg,2026,2.0,4.467584133148193,4.643325913429262,0.17574178028106857,0.17574178028106857,4.352452559936074,0.4166666666666667,source_only_synthetic_augmentation
39627845915383495,rvspecfit-main-bright-5.fits,10.922119,5638.3613,4.8552957,-0.6561243,target_evaluation,target_evaluation_shifted,noise_augmented,logg,2026,2.0,4.855295658111572,4.825331402570008,-0.029964255541564455,0.029964255541564455,7.824966238177959,0.762962962962963,source_only_synthetic_augmentation
39627833810618447,rvspecfit-main-bright-6.fits,40.771164,6517.8154,4.6731167,-2.3132465,target_evaluation,target_evaluation_shifted,noise_augmented,logg,2026,2.0,4.673116683959961,4.306267409821352,-0.3668492741386089,0.3668492741386089,3.2275795325921335,0.15185185185185185,source_only_synthetic_augmentation
39627839850415811,rvspecfit-main-bright-6.fits,14.076207,5159.8643,4.866095,-0.5808288,target_evaluation,target_evaluation_shifted,noise_augmented,logg,2026,2.0,4.866095066070557,4.792862859467666,-0.07323220660289032,0.07323220660289032,6.831175659055599,0.6962962962962963,source_only_synthetic_augmentation
39627845886020401,rvspecfit-main-bright-6.fits,13.033478,6121.208,4.152123,-0.96648407,target_evaluation,target_evaluation_shifted,noise_augmented,logg,2026,2.0,4.152122974395752,4.03795516560475,-0.1141678087910023,0.1141678087910023,6.791784803425178,0.6925925925925925,source_only_synthetic_augmentation
39627845886019547,rvspecfit-main-bright-6.fits,26.366577,5199.997,4.8886833,-0.30279285,target_evaluation,target_evaluation_shifted,noise_augmented,logg,2026,2.0,4.888683319091797,4.849927114784718,-0.038756204307079045,0.038756204307079045,4.886056457529565,0.4981481481481482,source_only_synthetic_augmentation
39627845886024355,rvspecfit-main-bright-6.fits,32.78284,5942.658,4.291933,-0.6273537,target_evaluation,target_evaluation_shifted,noise_augmented,logg,2026,2.0,4.291933059692383,4.4121894511878486,0.12025639149546574,0.12025639149546574,4.553705553442405,0.45555555555555555,source_only_synthetic_augmentation
39627827728880168,rvspecfit-main-bright-8.fits,11.884048,3643.9668,4.5368013,-0.5000001,target_evaluation,target_evaluation_shifted,noise_augmented,logg,2026,2.0,4.536801338195801,4.598215861340363,0.061414523144562416,0.061414523144562416,8.620913878191667,0.7833333333333333,source_only_synthetic_augmentation
39627827728881595,rvspecfit-main-bright-8.fits,11.067028,3715.3442,4.560988,-0.41314766,target_evaluation,target_evaluation_shifted,noise_augmented,logg,2026,2.0,4.560987949371338,4.683375472267469,0.12238752289613153,0.12238752289613153,6.070880234433099,0.6370370370370371,source_only_synthetic_augmentation
39627821693274753,rvspecfit-main-bright-8.fits,14.563165,4903.6562,4.7105637,-0.6856381,target_evaluation,target_evaluation_shifted,noise_augmented,logg,2026,2.0,4.710563659667969,4.826121107836563,0.11555744816859459,0.11555744816859459,6.308351091697879,0.65,source_only_synthetic_augmentation
39627833777063378,rvspecfit-main-bright-8.fits,36.156208,4865.3774,4.8829994,-0.2660883,target_evaluation,target_evaluation_shifted,noise_augmented,logg,2026,2.0,4.882999420166016,4.7162691356937065,-0.1667302844723091,0.1667302844723091,4.586519428027104,0.45740740740740743,source_only_synthetic_augmentation
39627839816861389,rvspecfit-main-bright-8.fits,23.303087,5715.106,4.715221,-0.5199357,target_evaluation,target_evaluation_shifted,noise_augmented,logg,2026,2.0,4.715220928192139,4.50918483214577,-0.2060360960463683,0.2060360960463683,4.083286276124263,0.3537037037037037,source_only_synthetic_augmentation
39627833781259407,rvspecfit-main-bright-8.fits,22.830645,4481.9824,4.584956,-0.5631001,target_evaluation,target_evaluation_shifted,noise_augmented,logg,2026,2.0,4.584956169128418,4.583565937807161,-0.0013902313212570405,0.0013902313212570405,6.159532721327398,0.6425925925925926,source_only_synthetic_augmentation
39627839812672682,rvspecfit-main-bright-8.fits,11.783399,5055.8506,5.161906,-1.1391282,target_evaluation,target_evaluation_shifted,noise_augmented,logg,2026,2.0,5.161905765533447,4.766105421284837,-0.39580034424861044,0.39580034424861044,6.244312323493406,0.6481481481481481,source_only_synthetic_augmentation
39627827737264610,rvspecfit-main-bright-8.fits,51.15046,3715.6196,4.598353,-0.2972362,target_evaluation,target_evaluation_shifted,noise_augmented,logg,2026,2.0,4.598352909088135,4.6467555048267055,0.04840259573857075,0.04840259573857075,3.551711900492752,0.22777777777777777,source_only_synthetic_augmentation
39627827728877440,rvspecfit-main-bright-8.fits,36.33877,5575.7563,4.6957045,-0.07203574,target_evaluation,target_evaluation_shifted,noise_augmented,logg,2026,2.0,4.695704460144043,4.859651051600774,0.16394659145673085,0.16394659145673085,3.327800700512523,0.17962962962962964,source_only_synthetic_augmentation
39627821693275169,rvspecfit-main-bright-8.fits,15.122388,5025.6157,4.4391804,-0.651436,target_evaluation,target_evaluation_shifted,noise_augmented,logg,2026,2.0,4.439180374145508,4.873471639464299,0.4342912653187909,0.4342912653187909,5.444216487091461,0.5666666666666667,source_only_synthetic_augmentation
39627839816865588,rvspecfit-main-bright-9.fits,10.728113,3960.8994,4.4292912,-0.4187252,target_evaluation,target_evaluation_shifted,noise_augmented,logg,2026,2.0,4.429291248321533,4.654446306784948,0.22515505846341455,0.22515505846341455,7.824694368454455,0.762962962962963,source_only_synthetic_augmentation
39627839821055583,rvspecfit-main-bright-9.fits,13.759142,4015.057,4.523047,-0.5563418,target_evaluation,target_evaluation_shifted,noise_augmented,logg,2026,2.0,4.523046970367432,4.583730120678742,0.06068315031131011,0.06068315031131011,6.167752351882318,0.6425925925925926,source_only_synthetic_augmentation
39627845865046248,rvspecfit-main-bright-9.fits,12.871122,3645.7952,4.8327327,0.2286792,target_evaluation,target_evaluation_shifted,noise_augmented,logg,2026,2.0,4.832732677459717,4.721195611735183,-0.11153706572453359,0.11153706572453359,7.7650654256949725,0.7537037037037037,source_only_synthetic_augmentation
39627845860853503,rvspecfit-main-bright-9.fits,26.803902,5411.7363,4.7129574,-0.54156125,target_evaluation,target_evaluation_shifted,noise_augmented,logg,2026,2.0,4.712957382202148,4.827989903668561,0.11503252146641252,0.11503252146641252,3.303022769778974,0.17592592592592593,source_only_synthetic_augmentation
39627833785455822,rvspecfit-main-bright-9.fits,19.493109,3852.0898,4.842148,-0.25,target_evaluation,target_evaluation_shifted,noise_augmented,logg,2026,2.0,4.8421478271484375,4.744342478970687,-0.09780534817775077,0.09780534817775077,5.20415315140709,0.5407407407407407,source_only_synthetic_augmentation
39627851909045330,rvspecfit-main-bright-9.fits,22.31135,5862.414,4.257343,-0.67050207,target_evaluation,target_evaluation_shifted,noise_augmented,logg,2026,2.0,4.25734281539917,3.9048100869059557,-0.35253272849321426,0.35253272849321426,5.0761784951124005,0.5259259259259259,source_only_synthetic_augmentation
39627851913232720,rvspecfit-main-bright-9.fits,38.27888,4340.273,4.7055964,-0.32321364,target_evaluation,target_evaluation_shifted,noise_augmented,logg,2026,2.0,4.705596446990967,4.614705608665942,-0.09089083832502443,0.09089083832502443,3.5247253524534137,0.21851851851851853,source_only_synthetic_augmentation
39627845869245534,rvspecfit-main-bright-9.fits,44.033375,6095.794,4.289099,-0.5429145,target_evaluation,target_evaluation_shifted,noise_augmented,logg,2026,2.0,4.289099216461182,4.6038591617743165,0.3147599453131349,0.3147599453131349,2.5712796905749724,0.046296296296296294,source_only_synthetic_augmentation
39627839837834061,rvspecfit-main-bright-9.fits,18.223211,4585.609,4.679545,-0.26840124,target_evaluation,target_evaluation_shifted,noise_augmented,logg,2026,2.0,4.679544925689697,4.653212474664052,-0.026332451025645298,0.026332451025645298,4.488592644584745,0.4444444444444444,source_only_synthetic_augmentation
39627839829446786,rvspecfit-main-bright-9.fits,13.116069,3434.77,4.522116,0.022658512,target_evaluation,target_evaluation_shifted,noise_augmented,logg,2026,2.0,4.522116184234619,4.766269112487632,0.24415292825301282,0.24415292825301282,7.213938491316041,0.7166666666666667,source_only_synthetic_augmentation
39627845873438049,rvspecfit-main-bright-9.fits,21.684975,5177.2314,4.8784614,-0.70214164,target_evaluation,target_evaluation_shifted,noise_augmented,logg,2026,2.0,4.8784613609313965,4.731602894286312,-0.14685846664508428,0.14685846664508428,4.452810381088625,0.42962962962962964,source_only_synthetic_augmentation
39627845869247436,rvspecfit-main-bright-9.fits,65.567,6116.4717,3.9716609,-0.62627816,target_evaluation,target_evaluation_shifted,noise_augmented,logg,2026,2.0,3.971660852432251,4.399733368525901,0.4280725160936498,0.4280725160936498,2.089133052011743,0.007407407407407408,source_only_synthetic_augmentation
39627839833638184,rvspecfit-main-bright-9.fits,23.375196,3722.8513,4.692401,-0.5,target_evaluation,target_evaluation_shifted,noise_augmented,logg,2026,2.0,4.692400932312012,4.679711623549462,-0.0126893087625497,0.0126893087625497,4.565605685109625,0.45740740740740743,source_only_synthetic_augmentation
39627839837834062,rvspecfit-main-bright-9.fits,29.298006,3464.2122,4.331614,-0.21758264,target_evaluation,target_evaluation_shifted,noise_augmented,logg,2026,2.0,4.331614017486572,4.659259328405063,0.3276453109184905,0.3276453109184905,5.117662360139141,0.5296296296296297,source_only_synthetic_augmentation
39627845873435234,rvspecfit-main-bright-9.fits,44.133266,5946.902,4.733702,-0.44999155,target_evaluation,target_evaluation_shifted,noise_augmented,logg,2026,2.0,4.733702182769775,4.734599435249965,0.0008972524801897919,0.0008972524801897919,2.7508935703078228,0.06111111111111111,source_only_synthetic_augmentation
39627803590661381,rvspecfit-main-bright-0.fits,28.50589,4480.691,4.253539,0.17412166,target_evaluation,target_evaluation_shifted,noise_augmented,feh,2026,2.0,0.1741216629743576,-0.3124559910001625,-0.48657765397452013,0.48657765397452013,5.1943341980227515,0.5370370370370371,source_only_synthetic_augmentation
39627797550864891,rvspecfit-main-bright-0.fits,14.311126,3968.126,4.493116,-0.6129776,target_evaluation,target_evaluation_shifted,noise_augmented,feh,2026,2.0,-0.6129776239395142,-0.3528080366326518,0.26016958730686235,0.26016958730686235,8.161753597288424,0.7759259259259259,source_only_synthetic_augmentation
39627785479657922,rvspecfit-main-bright-0.fits,23.107883,5525.6953,4.8475904,-0.8433948,target_evaluation,target_evaluation_shifted,noise_augmented,feh,2026,2.0,-0.8433948159217834,-0.8631087431178708,-0.019713927196087333,0.019713927196087333,3.84405477361581,0.31296296296296294,source_only_synthetic_augmentation
39627797550862010,rvspecfit-main-bright-0.fits,17.196161,5155.6426,4.86746,-0.74379873,target_evaluation,target_evaluation_shifted,noise_augmented,feh,2026,2.0,-0.7437987327575684,-0.697629622273768,0.046169110483800346,0.046169110483800346,5.339871321607359,0.5574074074074075,source_only_synthetic_augmentation
39627803599047112,rvspecfit-main-bright-0.fits,26.322287,5086.4585,4.766821,-0.46503806,target_evaluation,target_evaluation_shifted,noise_augmented,feh,2026,2.0,-0.4650380611419678,-0.47854507112332295,-0.013507009981355178,0.013507009981355178,3.9063007232232834,0.32037037037037036,source_only_synthetic_augmentation
39627809643043009,rvspecfit-main-bright-0.fits,10.406952,4673.5483,4.4082108,-0.41964775,target_evaluation,target_evaluation_shifted,noise_augmented,feh,2026,2.0,-0.419647753238678,-0.5924066310980468,-0.17275887785936883,0.17275887785936883,7.6828860150503,0.7425925925925926,source_only_synthetic_augmentation
39627797571831121,rvspecfit-main-bright-0.fits,38.04706,5674.233,5.089847,-0.64886004,target_evaluation,target_evaluation_shifted,noise_augmented,feh,2026,2.0,-0.6488600373268127,-0.5583247164009759,0.09053532092583683,0.09053532092583683,2.3692548934174282,0.022222222222222223,source_only_synthetic_augmentation
39627821731021743,rvspecfit-main-bright-1.fits,32.808224,6012.902,4.0533924,-0.97668797,target_evaluation,target_evaluation_shifted,noise_augmented,feh,2026,2.0,-0.9766879677772522,-0.9720938912021616,0.004594076575090589,0.004594076575090589,3.3253088029447704,0.17962962962962964,source_only_synthetic_augmentation
39627821731024542,rvspecfit-main-bright-1.fits,10.150132,3514.3335,4.795404,-9.54014e-09,target_evaluation,target_evaluation_shifted,noise_augmented,feh,2026,2.0,-9.540140233355032e-09,-0.040275023470747594,-0.04027501393060736,0.04027501393060736,7.494266295034199,0.7351851851851852,source_only_synthetic_augmentation
39627815691227637,rvspecfit-main-bright-1.fits,12.06874,5242.399,5.082218,-0.3883964,target_evaluation,target_evaluation_shifted,noise_augmented,feh,2026,2.0,-0.38839641213417053,-0.6205836221603677,-0.23218721002619713,0.23218721002619713,7.255425754393522,0.7185185185185186,source_only_synthetic_augmentation
39627815691227894,rvspecfit-main-bright-1.fits,16.81999,5900.0044,4.712105,-0.6586523,target_evaluation,target_evaluation_shifted,noise_augmented,feh,2026,2.0,-0.6586523056030273,-0.9139444392900918,-0.2552921336870645,0.2552921336870645,5.850088886370738,0.6074074074074074,source_only_synthetic_augmentation
39627815691224502,rvspecfit-main-bright-1.fits,15.9603815,5896.2236,4.731507,-1.1173238,target_evaluation,target_evaluation_shifted,noise_augmented,feh,2026,2.0,-1.1173237562179565,-1.264589965758225,-0.14726620954026837,0.14726620954026837,4.842351716347116,0.4962962962962963,source_only_synthetic_augmentation
39627815703807705,rvspecfit-main-bright-1.fits,13.988191,3606.7092,4.674957,-0.09309976,target_evaluation,target_evaluation_shifted,noise_augmented,feh,2026,2.0,-0.09309975802898407,-0.280108478449964,-0.18700872042097993,0.18700872042097993,9.034792059723257,0.8037037037037037,source_only_synthetic_augmentation
39627809651425857,rvspecfit-main-bright-1.fits,29.866762,5622.943,4.8139563,-0.37131092,target_evaluation,target_evaluation_shifted,noise_augmented,feh,2026,2.0,-0.37131091952323914,-0.5341987646796431,-0.16288784515640398,0.16288784515640398,4.6110786614379355,0.45925925925925926,source_only_synthetic_augmentation
39627803615825148,rvspecfit-main-bright-1.fits,12.816327,5113.739,2.2663527,-0.98540086,target_evaluation,target_evaluation_shifted,noise_augmented,feh,2026,2.0,-0.9854008555412292,-1.2976240238915049,-0.31222316835027564,0.31222316835027564,8.328044390067744,0.7796296296296297,source_only_synthetic_augmentation
39627815699615891,rvspecfit-main-bright-1.fits,18.43502,4220.126,4.723737,-1.3810121,target_evaluation,target_evaluation_shifted,noise_augmented,feh,2026,2.0,-1.3810120820999146,-0.6682798650419961,0.7127322170579184,0.7127322170579184,6.2543602445787,0.6481481481481481,source_only_synthetic_augmentation
39627803590658022,rvspecfit-main-bright-2.fits,16.427069,3402.1553,4.6148133,-0.25,target_evaluation,target_evaluation_shifted,noise_augmented,feh,2026,2.0,-0.25,-0.05157412379199232,0.19842587620800767,0.19842587620800767,7.364349389020687,0.7277777777777777,source_only_synthetic_augmentation
39627821714244104,rvspecfit-main-bright-2.fits,23.581211,3939.141,4.8228536,0.04200729,target_evaluation,target_evaluation_shifted,noise_augmented,feh,2026,2.0,0.042007289826869965,-0.21725317885450054,-0.25926046868137054,0.25926046868137054,5.009015806455158,0.5222222222222223,source_only_synthetic_augmentation
39627815674447825,rvspecfit-main-bright-2.fits,12.42645,3848.9524,4.6892333,-0.37573263,target_evaluation,target_evaluation_shifted,noise_augmented,feh,2026,2.0,-0.3757326304912567,-0.25882025127964514,0.11691237921161157,0.11691237921161157,7.7171068065047255,0.7481481481481481,source_only_synthetic_augmentation
39627821705861343,rvspecfit-main-bright-2.fits,23.189272,5815.6016,4.2078815,-0.86157435,target_evaluation,target_evaluation_shifted,noise_augmented,feh,2026,2.0,-0.8615743517875671,-1.2432560184144728,-0.3816816666269056,0.3816816666269056,5.217841833514664,0.5407407407407407,source_only_synthetic_augmentation
39627821710049965,rvspecfit-main-bright-2.fits,24.613297,5314.402,3.0451887,-1.3697333,target_evaluation,target_evaluation_shifted,noise_augmented,feh,2026,2.0,-1.3697333335876465,-1.1218843480832874,0.24784898550435908,0.24784898550435908,5.121327414669467,0.5296296296296297,source_only_synthetic_augmentation
39627809622067402,rvspecfit-main-bright-2.fits,31.265646,6137.838,4.0774336,-1.2985094,target_evaluation,target_evaluation_shifted,noise_augmented,feh,2026,2.0,-1.2985093593597412,-1.4272347898011402,-0.12872543044139895,0.12872543044139895,3.9637186555640356,0.3333333333333333,source_only_synthetic_augmentation
39627809622066836,rvspecfit-main-bright-2.fits,15.522804,3970.5703,4.5469885,-0.63032347,target_evaluation,target_evaluation_shifted,noise_augmented,feh,2026,2.0,-0.6303234696388245,-0.402928698566595,0.22739477107222944,0.22739477107222944,6.520873212940696,0.6777777777777778,source_only_synthetic_augmentation
39627809617878013,rvspecfit-main-bright-2.fits,31.116262,5462.681,5.1084437,-0.5318166,target_evaluation,target_evaluation_shifted,noise_augmented,feh,2026,2.0,-0.5318166017532349,-0.6000931954939388,-0.06827659374070394,0.06827659374070394,4.211181193418648,0.3888888888888889,source_only_synthetic_augmentation
39627815661869306,rvspecfit-main-bright-2.fits,12.123284,3522.1082,4.599729,-0.106358714,target_evaluation,target_evaluation_shifted,noise_augmented,feh,2026,2.0,-0.10635871440172195,-0.22349248862856647,-0.11713377422684451,0.11713377422684451,8.063070419758768,0.7703703703703704,source_only_synthetic_augmentation
39627803590657135,rvspecfit-main-bright-2.fits,16.43598,5378.66,4.766294,-0.32350528,target_evaluation,target_evaluation_shifted,noise_augmented,feh,2026,2.0,-0.3235052824020386,-0.5827894483519099,-0.25928416594987136,0.25928416594987136,6.186667076173586,0.6444444444444445,source_only_synthetic_augmentation
39627803590659709,rvspecfit-main-bright-2.fits,12.965964,3757.0525,4.6078687,-0.25,target_evaluation,target_evaluation_shifted,noise_augmented,feh,2026,2.0,-0.25,-0.16434301707713075,0.08565698292286925,0.08565698292286925,6.76507430907838,0.6925925925925925,source_only_synthetic_augmentation
39627803586463484,rvspecfit-main-bright-2.fits,31.973804,5079.818,2.5580812,-1.1764431,target_evaluation,target_evaluation_shifted,noise_augmented,feh,2026,2.0,-1.176443099975586,-1.2311964287534354,-0.05475332877784944,0.05475332877784944,4.980978809178598,0.5111111111111111,source_only_synthetic_augmentation
39627815661867184,rvspecfit-main-bright-2.fits,11.212901,5877.344,4.5,-0.87294865,target_evaluation,target_evaluation_shifted,noise_augmented,feh,2026,2.0,-0.8729486465454102,-0.8442262738402934,0.028722372705116794,0.028722372705116794,5.9709862168811245,0.6203703703703703,source_only_synthetic_augmentation
39627821705858400,rvspecfit-main-bright-2.fits,28.417381,5869.313,4.42161,-0.59817594,target_evaluation,target_evaluation_shifted,noise_augmented,feh,2026,2.0,-0.5981759428977966,-0.6986209035981445,-0.10044496070034792,0.10044496070034792,4.484852163328445,0.4425925925925926,source_only_synthetic_augmentation
39627815666062822,rvspecfit-main-bright-2.fits,21.326593,4725.2007,4.828737,-0.48243913,target_evaluation,target_evaluation_shifted,noise_augmented,feh,2026,2.0,-0.4824391305446625,-0.463124459853446,0.01931467069121645,0.01931467069121645,4.8303872147060645,0.4888888888888889,source_only_synthetic_augmentation
39627809634650742,rvspecfit-main-bright-2.fits,29.139715,5899.9976,4.5475526,-0.6766757,target_evaluation,target_evaluation_shifted,noise_augmented,feh,2026,2.0,-0.6766756772994995,-0.7030971486059329,-0.026421471306433353,0.026421471306433353,4.084819699988011,0.3537037037037037,source_only_synthetic_augmentation
39627809630461078,rvspecfit-main-bright-2.fits,15.055974,5211.608,5.1218247,-0.6671269,target_evaluation,target_evaluation_shifted,noise_augmented,feh,2026,2.0,-0.6671268939971924,-0.4953990917353269,0.17172780226186546,0.17172780226186546,5.925696898393559,0.6185185185185185,source_only_synthetic_augmentation
39627821714245907,rvspecfit-main-bright-2.fits,10.977933,4366.539,4.231374,-0.31133905,target_evaluation,target_evaluation_shifted,noise_augmented,feh,2026,2.0,-0.31133905053138733,-0.5137126096665715,-0.20237355913518418,0.20237355913518418,6.733942685336873,0.6925925925925925,source_only_synthetic_augmentation
39627815670253220,rvspecfit-main-bright-2.fits,22.477627,5879.129,4.39243,-0.723626,target_evaluation,target_evaluation_shifted,noise_augmented,feh,2026,2.0,-0.7236260175704956,-0.7118281761898347,0.011797841380660867,0.011797841380660867,4.877926217951469,0.4981481481481482,source_only_synthetic_augmentation
39627815670255646,rvspecfit-main-bright-2.fits,39.936398,4625.0684,4.7049537,-0.38005188,target_evaluation,target_evaluation_shifted,noise_augmented,feh,2026,2.0,-0.3800518810749054,-0.27787688182418546,0.10217499925071993,0.10217499925071993,4.390816151470333,0.4222222222222222,source_only_synthetic_augmentation
39627809622072149,rvspecfit-main-bright-2.fits,24.390818,4927.6396,4.850641,-0.33607587,target_evaluation,target_evaluation_shifted,noise_augmented,feh,2026,2.0,-0.33607587218284607,-0.4720349009768103,-0.1359590287939642,0.1359590287939642,4.7123015033176845,0.4740740740740741,source_only_synthetic_augmentation
39627839842027358,rvspecfit-main-bright-3.fits,24.140806,3398.4958,4.8100953,-3.0253883e-08,target_evaluation,target_evaluation_shifted,noise_augmented,feh,2026,2.0,-3.025388295441189e-08,-0.03094608874173669,-0.030946058487853735,0.030946058487853735,5.8827752041900165,0.6092592592592593,source_only_synthetic_augmentation
39627833793842886,rvspecfit-main-bright-3.fits,39.385548,5554.7554,4.770294,-0.47174188,target_evaluation,target_evaluation_shifted,noise_augmented,feh,2026,2.0,-0.4717418849468231,-0.7091537812377013,-0.23741189629087822,0.23741189629087822,3.870550881294365,0.3148148148148148,source_only_synthetic_augmentation
39627833798038562,rvspecfit-main-bright-3.fits,28.237612,5951.2617,4.267125,-0.8982497,target_evaluation,target_evaluation_shifted,noise_augmented,feh,2026,2.0,-0.8982496857643127,-0.9821101150773468,-0.08386042931303406,0.08386042931303406,3.7647645663842284,0.29259259259259257,source_only_synthetic_augmentation
39627827766625875,rvspecfit-main-bright-3.fits,25.357946,4335.492,4.686248,-0.4138596,target_evaluation,target_evaluation_shifted,noise_augmented,feh,2026,2.0,-0.41385960578918457,-0.31124042150914966,0.10261918428003491,0.10261918428003491,4.5446399803598245,0.45185185185185184,source_only_synthetic_augmentation
39627827770823696,rvspecfit-main-bright-3.fits,31.719215,4336.5527,4.3862042,0.22128439,target_evaluation,target_evaluation_shifted,noise_augmented,feh,2026,2.0,0.2212843894958496,-0.18565200151732278,-0.40693639101317236,0.40693639101317236,4.977110474230803,0.5111111111111111,source_only_synthetic_augmentation
39627833798034999,rvspecfit-main-bright-3.fits,17.041107,4075.3704,4.620044,-0.052925248,target_evaluation,target_evaluation_shifted,noise_augmented,feh,2026,2.0,-0.05292524769902229,-0.1291566232040203,-0.076231375504998,0.076231375504998,6.668919825443767,0.6851851851851852,source_only_synthetic_augmentation
39627833802234446,rvspecfit-main-bright-3.fits,21.432701,6195.4375,4.5,-2.0472734,target_evaluation,target_evaluation_shifted,noise_augmented,feh,2026,2.0,-2.0472733974456787,-1.4924936033226552,0.5547797941230235,0.5547797941230235,3.5422415352100005,0.22592592592592592,source_only_synthetic_augmentation
39627833793843974,rvspecfit-main-bright-3.fits,40.123512,3609.6584,4.536659,-0.20593798,target_evaluation,target_evaluation_shifted,noise_augmented,feh,2026,2.0,-0.20593798160552979,-0.14672791379409453,0.05921006781143526,0.05921006781143526,3.7499165361416926,0.28888888888888886,source_only_synthetic_augmentation
39627821743607305,rvspecfit-main-bright-4.fits,38.73113,4629.5903,4.7259316,-0.11974044,target_evaluation,target_evaluation_shifted,noise_augmented,feh,2026,2.0,-0.11974044144153595,-0.27513560087414524,-0.1553951594326093,0.1553951594326093,3.4720908649376088,0.2037037037037037,source_only_synthetic_augmentation
39627821743608617,rvspecfit-main-bright-4.fits,14.83805,6469.1216,4.834329,-1.9999986,target_evaluation,target_evaluation_shifted,noise_augmented,feh,2026,2.0,-1.9999985694885254,-1.4881292704269296,0.5118692990615958,0.5118692990615958,5.772783040640335,0.6055555555555555,source_only_synthetic_augmentation
39627827783406885,rvspecfit-main-bright-4.fits,25.759974,3451.2712,4.5000005,6.0765877e-09,target_evaluation,target_evaluation_shifted,noise_augmented,feh,2026,2.0,6.076587677483758e-09,-0.00791499824116422,-0.007915004317751898,0.007915004317751898,4.718723078032958,0.4759259259259259,source_only_synthetic_augmentation
39627833819009327,rvspecfit-main-bright-4.fits,14.72425,5800.006,4.4179063,-0.41439247,target_evaluation,target_evaluation_shifted,noise_augmented,feh,2026,2.0,-0.41439247131347656,-0.6514290047038039,-0.23703653339032738,0.23703653339032738,6.002933068914145,0.6222222222222222,source_only_synthetic_augmentation
39627821747799263,rvspecfit-main-bright-4.fits,12.165322,6256.565,4.644997,-1.5297871,target_evaluation,target_evaluation_shifted,noise_augmented,feh,2026,2.0,-1.5297870635986328,-1.195280689703301,0.3345063738953318,0.3345063738953318,5.281818771208172,0.5481481481481482,source_only_synthetic_augmentation
39627833823204203,rvspecfit-main-bright-4.fits,34.961163,4537.2896,4.6756153,-0.036325403,target_evaluation,target_evaluation_shifted,noise_augmented,feh,2026,2.0,-0.036325402557849884,-0.3124972919900902,-0.2761718894322403,0.2761718894322403,3.7933432766581,0.3,source_only_synthetic_augmentation
39627821735220946,rvspecfit-main-bright-4.fits,16.858812,3473.7603,4.656427,-0.7322211,target_evaluation,target_evaluation_shifted,noise_augmented,feh,2026,2.0,-0.7322211265563965,-0.20796234012218184,0.5242587864342146,0.5242587864342146,6.736281147823193,0.6925925925925925,source_only_synthetic_augmentation
39627833839977270,rvspecfit-main-bright-5.fits,22.707117,3847.4602,4.847961,-0.07507452,target_evaluation,target_evaluation_shifted,noise_augmented,feh,2026,2.0,-0.07507452368736267,-0.3356765087027312,-0.2606019850153685,0.2606019850153685,5.358719138327584,0.5592592592592592,source_only_synthetic_augmentation
39627845923766625,rvspecfit-main-bright-5.fits,25.341322,3959.5576,4.3476377,-0.7805401,target_evaluation,target_evaluation_shifted,noise_augmented,feh,2026,2.0,-0.7805401086807251,-0.5346032370919886,0.24593687158873645,0.24593687158873645,4.72081226712939,0.4759259259259259,source_only_synthetic_augmentation
39627839879775616,rvspecfit-main-bright-5.fits,43.97754,5813.363,4.760278,-1.1522388,target_evaluation,target_evaluation_shifted,noise_augmented,feh,2026,2.0,-1.1522388458251953,-0.64055900417082,0.5116798416543753,0.5116798416543753,2.5160657113632485,0.040740740740740744,source_only_synthetic_augmentation
39627845919573600,rvspecfit-main-bright-5.fits,41.5082,6244.3022,4.3234587,-1.7500005,target_evaluation,target_evaluation_shifted,noise_augmented,feh,2026,2.0,-1.7500004768371582,-1.2836322730978327,0.4663682037393255,0.4663682037393255,2.486436447097572,0.040740740740740744,source_only_synthetic_augmentation
39627845915380471,rvspecfit-main-bright-5.fits,44.527607,3708.848,4.5635805,-0.6112659,target_evaluation,target_evaluation_shifted,noise_augmented,feh,2026,2.0,-0.6112658977508545,-0.3289695480005084,0.28229634975034607,0.28229634975034607,3.3414863742944916,0.18333333333333332,source_only_synthetic_augmentation
39627839875583467,rvspecfit-main-bright-5.fits,30.495152,3700.0,4.774045,2.0906618e-05,target_evaluation,target_evaluation_shifted,noise_augmented,feh,2026,2.0,2.0906618374283426e-05,-0.12788254260813367,-0.12790344922650795,0.12790344922650795,4.545635738959566,0.45185185185185184,source_only_synthetic_augmentation
39627833831591187,rvspecfit-main-bright-5.fits,14.973386,4433.752,4.873937,-0.6670582,target_evaluation,target_evaluation_shifted,noise_augmented,feh,2026,2.0,-0.6670582294464111,-0.37978676342063905,0.2872714660257721,0.2872714660257721,5.1294046103785895,0.5333333333333333,source_only_synthetic_augmentation
39627833835783596,rvspecfit-main-bright-5.fits,19.291912,4050.7817,4.467584,-0.6911538,target_evaluation,target_evaluation_shifted,noise_augmented,feh,2026,2.0,-0.6911538243293762,-0.44422986604894177,0.24692395828043445,0.24692395828043445,4.352452559936074,0.4166666666666667,source_only_synthetic_augmentation
39627845915383495,rvspecfit-main-bright-5.fits,10.922119,5638.3613,4.8552957,-0.6561243,target_evaluation,target_evaluation_shifted,noise_augmented,feh,2026,2.0,-0.6561242938041687,-0.5883646653033631,0.06775962850080564,0.06775962850080564,7.824966238177959,0.762962962962963,source_only_synthetic_augmentation
39627833810618447,rvspecfit-main-bright-6.fits,40.771164,6517.8154,4.6731167,-2.3132465,target_evaluation,target_evaluation_shifted,noise_augmented,feh,2026,2.0,-2.313246488571167,-1.3816324795863282,0.9316140089848388,0.9316140089848388,3.2275795325921335,0.15185185185185185,source_only_synthetic_augmentation
39627839850415811,rvspecfit-main-bright-6.fits,14.076207,5159.8643,4.866095,-0.5808288,target_evaluation,target_evaluation_shifted,noise_augmented,feh,2026,2.0,-0.5808287858963013,-0.4557601567747259,0.12506862912157535,0.12506862912157535,6.831175659055599,0.6962962962962963,source_only_synthetic_augmentation
39627845886020401,rvspecfit-main-bright-6.fits,13.033478,6121.208,4.152123,-0.96648407,target_evaluation,target_evaluation_shifted,noise_augmented,feh,2026,2.0,-0.9664840698242188,-1.359913341422876,-0.39342927159865715,0.39342927159865715,6.791784803425178,0.6925925925925925,source_only_synthetic_augmentation
39627845886019547,rvspecfit-main-bright-6.fits,26.366577,5199.997,4.8886833,-0.30279285,target_evaluation,target_evaluation_shifted,noise_augmented,feh,2026,2.0,-0.30279284715652466,-0.4820394214900174,-0.17924657433349273,0.17924657433349273,4.886056457529565,0.4981481481481482,source_only_synthetic_augmentation
39627845886024355,rvspecfit-main-bright-6.fits,32.78284,5942.658,4.291933,-0.6273537,target_evaluation,target_evaluation_shifted,noise_augmented,feh,2026,2.0,-0.6273537278175354,-1.1593423274743064,-0.531988599656771,0.531988599656771,4.553705553442405,0.45555555555555555,source_only_synthetic_augmentation
39627827728880168,rvspecfit-main-bright-8.fits,11.884048,3643.9668,4.5368013,-0.5000001,target_evaluation,target_evaluation_shifted,noise_augmented,feh,2026,2.0,-0.5000001192092896,-0.27723175081197926,0.2227683683973103,0.2227683683973103,8.620913878191667,0.7833333333333333,source_only_synthetic_augmentation
39627827728881595,rvspecfit-main-bright-8.fits,11.067028,3715.3442,4.560988,-0.41314766,target_evaluation,target_evaluation_shifted,noise_augmented,feh,2026,2.0,-0.4131476581096649,-0.2873275856501156,0.1258200724595493,0.1258200724595493,6.070880234433099,0.6370370370370371,source_only_synthetic_augmentation
39627821693274753,rvspecfit-main-bright-8.fits,14.563165,4903.6562,4.7105637,-0.6856381,target_evaluation,target_evaluation_shifted,noise_augmented,feh,2026,2.0,-0.6856381297111511,-0.5831093688105184,0.10252876090063268,0.10252876090063268,6.308351091697879,0.65,source_only_synthetic_augmentation
39627833777063378,rvspecfit-main-bright-8.fits,36.156208,4865.3774,4.8829994,-0.2660883,target_evaluation,target_evaluation_shifted,noise_augmented,feh,2026,2.0,-0.2660883069038391,-0.4920620549032466,-0.2259737479994075,0.2259737479994075,4.586519428027104,0.45740740740740743,source_only_synthetic_augmentation
39627839816861389,rvspecfit-main-bright-8.fits,23.303087,5715.106,4.715221,-0.5199357,target_evaluation,target_evaluation_shifted,noise_augmented,feh,2026,2.0,-0.5199357271194458,-0.7298420806371919,-0.2099063535177461,0.2099063535177461,4.083286276124263,0.3537037037037037,source_only_synthetic_augmentation
39627833781259407,rvspecfit-main-bright-8.fits,22.830645,4481.9824,4.584956,-0.5631001,target_evaluation,target_evaluation_shifted,noise_augmented,feh,2026,2.0,-0.5631000995635986,-0.4092212521169105,0.15387884744668812,0.15387884744668812,6.159532721327398,0.6425925925925926,source_only_synthetic_augmentation
39627839812672682,rvspecfit-main-bright-8.fits,11.783399,5055.8506,5.161906,-1.1391282,target_evaluation,target_evaluation_shifted,noise_augmented,feh,2026,2.0,-1.1391282081604004,-0.5895185700307137,0.5496096381296867,0.5496096381296867,6.244312323493406,0.6481481481481481,source_only_synthetic_augmentation
39627827737264610,rvspecfit-main-bright-8.fits,51.15046,3715.6196,4.598353,-0.2972362,target_evaluation,target_evaluation_shifted,noise_augmented,feh,2026,2.0,-0.29723620414733887,-0.3814728296620429,-0.08423662551470401,0.08423662551470401,3.551711900492752,0.22777777777777777,source_only_synthetic_augmentation
39627827728877440,rvspecfit-main-bright-8.fits,36.33877,5575.7563,4.6957045,-0.07203574,target_evaluation,target_evaluation_shifted,noise_augmented,feh,2026,2.0,-0.07203573733568192,-0.539285575022921,-0.46724983768723904,0.46724983768723904,3.327800700512523,0.17962962962962964,source_only_synthetic_augmentation
39627821693275169,rvspecfit-main-bright-8.fits,15.122388,5025.6157,4.4391804,-0.651436,target_evaluation,target_evaluation_shifted,noise_augmented,feh,2026,2.0,-0.6514359712600708,-0.5467150808541726,0.10472089040589816,0.10472089040589816,5.444216487091461,0.5666666666666667,source_only_synthetic_augmentation
39627839816865588,rvspecfit-main-bright-9.fits,10.728113,3960.8994,4.4292912,-0.4187252,target_evaluation,target_evaluation_shifted,noise_augmented,feh,2026,2.0,-0.4187251925468445,-0.5526277232818302,-0.1339025307349857,0.1339025307349857,7.824694368454455,0.762962962962963,source_only_synthetic_augmentation
39627839821055583,rvspecfit-main-bright-9.fits,13.759142,4015.057,4.523047,-0.5563418,target_evaluation,target_evaluation_shifted,noise_augmented,feh,2026,2.0,-0.556341826915741,-0.41405665928495483,0.14228516763078614,0.14228516763078614,6.167752351882318,0.6425925925925926,source_only_synthetic_augmentation
39627845865046248,rvspecfit-main-bright-9.fits,12.871122,3645.7952,4.8327327,0.2286792,target_evaluation,target_evaluation_shifted,noise_augmented,feh,2026,2.0,0.22867919504642487,-0.04918764523034113,-0.277866840276766,0.277866840276766,7.7650654256949725,0.7537037037037037,source_only_synthetic_augmentation
39627845860853503,rvspecfit-main-bright-9.fits,26.803902,5411.7363,4.7129574,-0.54156125,target_evaluation,target_evaluation_shifted,noise_augmented,feh,2026,2.0,-0.5415612459182739,-0.5067125426353885,0.034848703282885474,0.034848703282885474,3.303022769778974,0.17592592592592593,source_only_synthetic_augmentation
39627833785455822,rvspecfit-main-bright-9.fits,19.493109,3852.0898,4.842148,-0.25,target_evaluation,target_evaluation_shifted,noise_augmented,feh,2026,2.0,-0.25,-0.08131761478096305,0.16868238521903695,0.16868238521903695,5.20415315140709,0.5407407407407407,source_only_synthetic_augmentation
39627851909045330,rvspecfit-main-bright-9.fits,22.31135,5862.414,4.257343,-0.67050207,target_evaluation,target_evaluation_shifted,noise_augmented,feh,2026,2.0,-0.6705020666122437,-1.1442434793400267,-0.47374141272778303,0.47374141272778303,5.0761784951124005,0.5259259259259259,source_only_synthetic_augmentation
39627851913232720,rvspecfit-main-bright-9.fits,38.27888,4340.273,4.7055964,-0.32321364,target_evaluation,target_evaluation_shifted,noise_augmented,feh,2026,2.0,-0.3232136368751526,-0.2893617303107721,0.033851906564380474,0.033851906564380474,3.5247253524534137,0.21851851851851853,source_only_synthetic_augmentation
39627845869245534,rvspecfit-main-bright-9.fits,44.033375,6095.794,4.289099,-0.5429145,target_evaluation,target_evaluation_shifted,noise_augmented,feh,2026,2.0,-0.5429145097732544,-0.5975527732359862,-0.05463826346273182,0.05463826346273182,2.5712796905749724,0.046296296296296294,source_only_synthetic_augmentation
39627839837834061,rvspecfit-main-bright-9.fits,18.223211,4585.609,4.679545,-0.26840124,target_evaluation,target_evaluation_shifted,noise_augmented,feh,2026,2.0,-0.26840123534202576,-0.3101166683253833,-0.04171543298335756,0.04171543298335756,4.488592644584745,0.4444444444444444,source_only_synthetic_augmentation
39627839829446786,rvspecfit-main-bright-9.fits,13.116069,3434.77,4.522116,0.022658512,target_evaluation,target_evaluation_shifted,noise_augmented,feh,2026,2.0,0.022658511996269226,0.06941107546211192,0.046752563465842695,0.046752563465842695,7.213938491316041,0.7166666666666667,source_only_synthetic_augmentation
39627845873438049,rvspecfit-main-bright-9.fits,21.684975,5177.2314,4.8784614,-0.70214164,target_evaluation,target_evaluation_shifted,noise_augmented,feh,2026,2.0,-0.7021416425704956,-0.5994690643094585,0.10267257826103715,0.10267257826103715,4.452810381088625,0.42962962962962964,source_only_synthetic_augmentation
39627845869247436,rvspecfit-main-bright-9.fits,65.567,6116.4717,3.9716609,-0.62627816,target_evaluation,target_evaluation_shifted,noise_augmented,feh,2026,2.0,-0.6262781620025635,-0.7831825697335103,-0.15690440773094683,0.15690440773094683,2.089133052011743,0.007407407407407408,source_only_synthetic_augmentation
39627839833638184,rvspecfit-main-bright-9.fits,23.375196,3722.8513,4.692401,-0.5,target_evaluation,target_evaluation_shifted,noise_augmented,feh,2026,2.0,-0.5,-0.2743103466110237,0.22568965338897629,0.22568965338897629,4.565605685109625,0.45740740740740743,source_only_synthetic_augmentation
39627839837834062,rvspecfit-main-bright-9.fits,29.298006,3464.2122,4.331614,-0.21758264,target_evaluation,target_evaluation_shifted,noise_augmented,feh,2026,2.0,-0.21758264303207397,-0.0927157355967822,0.12486690743529177,0.12486690743529177,5.117662360139141,0.5296296296296297,source_only_synthetic_augmentation
39627845873435234,rvspecfit-main-bright-9.fits,44.133266,5946.902,4.733702,-0.44999155,target_evaluation,target_evaluation_shifted,noise_augmented,feh,2026,2.0,-0.4499915540218353,-0.6817225447545452,-0.23173099073270986,0.23173099073270986,2.7508935703078228,0.06111111111111111,source_only_synthetic_augmentation
39627803590661381,rvspecfit-main-bright-0.fits,28.50589,4480.691,4.253539,0.17412166,target_evaluation,target_evaluation_shifted,coral_unlabeled,teff,2026,2.0,4480.69091796875,4277.260074869792,-203.43084309895767,203.43084309895767,5.1943341980227515,0.5370370370370371,unlabeled_target_features
39627797550864891,rvspecfit-main-bright-0.fits,14.311126,3968.126,4.493116,-0.6129776,target_evaluation,target_evaluation_shifted,coral_unlabeled,teff,2026,2.0,3968.1259765625,4123.497572021483,155.3715954589834,155.3715954589834,8.161753597288424,0.7759259259259259,unlabeled_target_features
39627785479657922,rvspecfit-main-bright-0.fits,23.107883,5525.6953,4.8475904,-0.8433948,target_evaluation,target_evaluation_shifted,coral_unlabeled,teff,2026,2.0,5525.6953125,5688.288818359374,162.5935058593741,162.5935058593741,3.84405477361581,0.31296296296296294,unlabeled_target_features
39627797550862010,rvspecfit-main-bright-0.fits,17.196161,5155.6426,4.86746,-0.74379873,target_evaluation,target_evaluation_shifted,coral_unlabeled,teff,2026,2.0,5155.642578125,5395.099620157876,239.45704203287642,239.45704203287642,5.339871321607359,0.5574074074074075,unlabeled_target_features
39627803599047112,rvspecfit-main-bright-0.fits,26.322287,5086.4585,4.766821,-0.46503806,target_evaluation,target_evaluation_shifted,coral_unlabeled,teff,2026,2.0,5086.45849609375,4930.792971394854,-155.66552469889575,155.66552469889575,3.9063007232232834,0.32037037037037036,unlabeled_target_features
39627809643043009,rvspecfit-main-bright-0.fits,10.406952,4673.5483,4.4082108,-0.41964775,target_evaluation,target_evaluation_shifted,coral_unlabeled,teff,2026,2.0,4673.54833984375,5129.233424072265,455.6850842285148,455.6850842285148,7.6828860150503,0.7425925925925926,unlabeled_target_features
39627797571831121,rvspecfit-main-bright-0.fits,38.04706,5674.233,5.089847,-0.64886004,target_evaluation,target_evaluation_shifted,coral_unlabeled,teff,2026,2.0,5674.23291015625,5552.540023905434,-121.69288625081572,121.69288625081572,2.3692548934174282,0.022222222222222223,unlabeled_target_features
39627821731021743,rvspecfit-main-bright-1.fits,32.808224,6012.902,4.0533924,-0.97668797,target_evaluation,target_evaluation_shifted,coral_unlabeled,teff,2026,2.0,6012.90185546875,5902.042618408203,-110.85923706054655,110.85923706054655,3.3253088029447704,0.17962962962962964,unlabeled_target_features
39627821731024542,rvspecfit-main-bright-1.fits,10.150132,3514.3335,4.795404,-9.54014e-09,target_evaluation,target_evaluation_shifted,coral_unlabeled,teff,2026,2.0,3514.33349609375,3558.6428815714507,44.309385477700744,44.309385477700744,7.494266295034199,0.7351851851851852,unlabeled_target_features
39627815691227637,rvspecfit-main-bright-1.fits,12.06874,5242.399,5.082218,-0.3883964,target_evaluation,target_evaluation_shifted,coral_unlabeled,teff,2026,2.0,5242.39892578125,5311.897371724446,69.4984459431962,69.4984459431962,7.255425754393522,0.7185185185185186,unlabeled_target_features
39627815691227894,rvspecfit-main-bright-1.fits,16.81999,5900.0044,4.712105,-0.6586523,target_evaluation,target_evaluation_shifted,coral_unlabeled,teff,2026,2.0,5900.00439453125,5531.317865804036,-368.68652872721395,368.68652872721395,5.850088886370738,0.6074074074074074,unlabeled_target_features
39627815691224502,rvspecfit-main-bright-1.fits,15.9603815,5896.2236,4.731507,-1.1173238,target_evaluation,target_evaluation_shifted,coral_unlabeled,teff,2026,2.0,5896.2236328125,5641.884717712403,-254.33891510009744,254.33891510009744,4.842351716347116,0.4962962962962963,unlabeled_target_features
39627815703807705,rvspecfit-main-bright-1.fits,13.988191,3606.7092,4.674957,-0.09309976,target_evaluation,target_evaluation_shifted,coral_unlabeled,teff,2026,2.0,3606.709228515625,3618.3725293986,11.663300882974909,11.663300882974909,9.034792059723257,0.8037037037037037,unlabeled_target_features
39627809651425857,rvspecfit-main-bright-1.fits,29.866762,5622.943,4.8139563,-0.37131092,target_evaluation,target_evaluation_shifted,coral_unlabeled,teff,2026,2.0,5622.94287109375,5559.549118245443,-63.393752848306576,63.393752848306576,4.6110786614379355,0.45925925925925926,unlabeled_target_features
39627803615825148,rvspecfit-main-bright-1.fits,12.816327,5113.739,2.2663527,-0.98540086,target_evaluation,target_evaluation_shifted,coral_unlabeled,teff,2026,2.0,5113.73876953125,5591.347660319012,477.608890787762,477.608890787762,8.328044390067744,0.7796296296296297,unlabeled_target_features
39627815699615891,rvspecfit-main-bright-1.fits,18.43502,4220.126,4.723737,-1.3810121,target_evaluation,target_evaluation_shifted,coral_unlabeled,teff,2026,2.0,4220.1259765625,5047.324751180014,827.1987746175137,827.1987746175137,6.2543602445787,0.6481481481481481,unlabeled_target_features
39627803590658022,rvspecfit-main-bright-2.fits,16.427069,3402.1553,4.6148133,-0.25,target_evaluation,target_evaluation_shifted,coral_unlabeled,teff,2026,2.0,3402.1552734375,3548.5297930908214,146.37451965332139,146.37451965332139,7.364349389020687,0.7277777777777777,unlabeled_target_features
39627821714244104,rvspecfit-main-bright-2.fits,23.581211,3939.141,4.8228536,0.04200729,target_evaluation,target_evaluation_shifted,coral_unlabeled,teff,2026,2.0,3939.14111328125,3973.0765610758453,33.93544779459535,33.93544779459535,5.009015806455158,0.5222222222222223,unlabeled_target_features
39627815674447825,rvspecfit-main-bright-2.fits,12.42645,3848.9524,4.6892333,-0.37573263,target_evaluation,target_evaluation_shifted,coral_unlabeled,teff,2026,2.0,3848.952392578125,3990.4575384521504,141.5051458740254,141.5051458740254,7.7171068065047255,0.7481481481481481,unlabeled_target_features
39627821705861343,rvspecfit-main-bright-2.fits,23.189272,5815.6016,4.2078815,-0.86157435,target_evaluation,target_evaluation_shifted,coral_unlabeled,teff,2026,2.0,5815.6015625,5753.010127563478,-62.59143493652209,62.59143493652209,5.217841833514664,0.5407407407407407,unlabeled_target_features
39627821710049965,rvspecfit-main-bright-2.fits,24.613297,5314.402,3.0451887,-1.3697333,target_evaluation,target_evaluation_shifted,coral_unlabeled,teff,2026,2.0,5314.40185546875,5811.856250406901,497.4543949381514,497.4543949381514,5.121327414669467,0.5296296296296297,unlabeled_target_features
39627809622067402,rvspecfit-main-bright-2.fits,31.265646,6137.838,4.0774336,-1.2985094,target_evaluation,target_evaluation_shifted,coral_unlabeled,teff,2026,2.0,6137.837890625,6061.172871093748,-76.66501953125226,76.66501953125226,3.9637186555640356,0.3333333333333333,unlabeled_target_features
39627809622066836,rvspecfit-main-bright-2.fits,15.522804,3970.5703,4.5469885,-0.63032347,target_evaluation,target_evaluation_shifted,coral_unlabeled,teff,2026,2.0,3970.5703125,4158.770931498209,188.2006189982094,188.2006189982094,6.520873212940696,0.6777777777777778,unlabeled_target_features
39627809617878013,rvspecfit-main-bright-2.fits,31.116262,5462.681,5.1084437,-0.5318166,target_evaluation,target_evaluation_shifted,coral_unlabeled,teff,2026,2.0,5462.68115234375,5507.316123860677,44.63497151692718,44.63497151692718,4.211181193418648,0.3888888888888889,unlabeled_target_features
39627815661869306,rvspecfit-main-bright-2.fits,12.123284,3522.1082,4.599729,-0.106358714,target_evaluation,target_evaluation_shifted,coral_unlabeled,teff,2026,2.0,3522.108154296875,3600.9394612630213,78.83130696614626,78.83130696614626,8.063070419758768,0.7703703703703704,unlabeled_target_features
39627803590657135,rvspecfit-main-bright-2.fits,16.43598,5378.66,4.766294,-0.32350528,target_evaluation,target_evaluation_shifted,coral_unlabeled,teff,2026,2.0,5378.66015625,5213.285259704589,-165.3748965454106,165.3748965454106,6.186667076173586,0.6444444444444445,unlabeled_target_features
39627803590659709,rvspecfit-main-bright-2.fits,12.965964,3757.0525,4.6078687,-0.25,target_evaluation,target_evaluation_shifted,coral_unlabeled,teff,2026,2.0,3757.052490234375,3864.8200015258767,107.7675112915017,107.7675112915017,6.76507430907838,0.6925925925925925,unlabeled_target_features
39627803586463484,rvspecfit-main-bright-2.fits,31.973804,5079.818,2.5580812,-1.1764431,target_evaluation,target_evaluation_shifted,coral_unlabeled,teff,2026,2.0,5079.81787109375,5628.904212036133,549.0863409423828,549.0863409423828,4.980978809178598,0.5111111111111111,unlabeled_target_features
39627815661867184,rvspecfit-main-bright-2.fits,11.212901,5877.344,4.5,-0.87294865,target_evaluation,target_evaluation_shifted,coral_unlabeled,teff,2026,2.0,5877.34423828125,5691.515786743164,-185.82845153808557,185.82845153808557,5.9709862168811245,0.6203703703703703,unlabeled_target_features
39627821705858400,rvspecfit-main-bright-2.fits,28.417381,5869.313,4.42161,-0.59817594,target_evaluation,target_evaluation_shifted,coral_unlabeled,teff,2026,2.0,5869.31298828125,5742.810280151367,-126.5027081298831,126.5027081298831,4.484852163328445,0.4425925925925926,unlabeled_target_features
39627815666062822,rvspecfit-main-bright-2.fits,21.326593,4725.2007,4.828737,-0.48243913,target_evaluation,target_evaluation_shifted,coral_unlabeled,teff,2026,2.0,4725.20068359375,4534.211719767253,-190.98896382649673,190.98896382649673,4.8303872147060645,0.4888888888888889,unlabeled_target_features
39627809634650742,rvspecfit-main-bright-2.fits,29.139715,5899.9976,4.5475526,-0.6766757,target_evaluation,target_evaluation_shifted,coral_unlabeled,teff,2026,2.0,5899.99755859375,5869.487182617184,-30.510375976566138,30.510375976566138,4.084819699988011,0.3537037037037037,unlabeled_target_features
39627809630461078,rvspecfit-main-bright-2.fits,15.055974,5211.608,5.1218247,-0.6671269,target_evaluation,target_evaluation_shifted,coral_unlabeled,teff,2026,2.0,5211.60791015625,4852.501982727051,-359.10592742919926,359.10592742919926,5.925696898393559,0.6185185185185185,unlabeled_target_features
39627821714245907,rvspecfit-main-bright-2.fits,10.977933,4366.539,4.231374,-0.31133905,target_evaluation,target_evaluation_shifted,coral_unlabeled,teff,2026,2.0,4366.5390625,4360.558917032878,-5.980145467122384,5.980145467122384,6.733942685336873,0.6925925925925925,unlabeled_target_features
39627815670253220,rvspecfit-main-bright-2.fits,22.477627,5879.129,4.39243,-0.723626,target_evaluation,target_evaluation_shifted,coral_unlabeled,teff,2026,2.0,5879.12890625,5651.896380208333,-227.23252604166737,227.23252604166737,4.877926217951469,0.4981481481481482,unlabeled_target_features
39627815670255646,rvspecfit-main-bright-2.fits,39.936398,4625.0684,4.7049537,-0.38005188,target_evaluation,target_evaluation_shifted,coral_unlabeled,teff,2026,2.0,4625.068359375,4586.888827107748,-38.1795322672524,38.1795322672524,4.390816151470333,0.4222222222222222,unlabeled_target_features
39627809622072149,rvspecfit-main-bright-2.fits,24.390818,4927.6396,4.850641,-0.33607587,target_evaluation,target_evaluation_shifted,coral_unlabeled,teff,2026,2.0,4927.6396484375,4750.201705627438,-177.43794281006194,177.43794281006194,4.7123015033176845,0.4740740740740741,unlabeled_target_features
39627839842027358,rvspecfit-main-bright-3.fits,24.140806,3398.4958,4.8100953,-3.0253883e-08,target_evaluation,target_evaluation_shifted,coral_unlabeled,teff,2026,2.0,3398.495849609375,3472.993140055338,74.49729044596279,74.49729044596279,5.8827752041900165,0.6092592592592593,unlabeled_target_features
39627833793842886,rvspecfit-main-bright-3.fits,39.385548,5554.7554,4.770294,-0.47174188,target_evaluation,target_evaluation_shifted,coral_unlabeled,teff,2026,2.0,5554.75537109375,5407.421489054363,-147.3338820393874,147.3338820393874,3.870550881294365,0.3148148148148148,unlabeled_target_features
39627833798038562,rvspecfit-main-bright-3.fits,28.237612,5951.2617,4.267125,-0.8982497,target_evaluation,target_evaluation_shifted,coral_unlabeled,teff,2026,2.0,5951.26171875,5976.783393249515,25.52167449951503,25.52167449951503,3.7647645663842284,0.29259259259259257,unlabeled_target_features
39627827766625875,rvspecfit-main-bright-3.fits,25.357946,4335.492,4.686248,-0.4138596,target_evaluation,target_evaluation_shifted,coral_unlabeled,teff,2026,2.0,4335.4921875,4289.521995849609,-45.970191650390916,45.970191650390916,4.5446399803598245,0.45185185185185184,unlabeled_target_features
39627827770823696,rvspecfit-main-bright-3.fits,31.719215,4336.5527,4.3862042,0.22128439,target_evaluation,target_evaluation_shifted,coral_unlabeled,teff,2026,2.0,4336.552734375,4125.531258239743,-211.02147613525722,211.02147613525722,4.977110474230803,0.5111111111111111,unlabeled_target_features
39627833798034999,rvspecfit-main-bright-3.fits,17.041107,4075.3704,4.620044,-0.052925248,target_evaluation,target_evaluation_shifted,coral_unlabeled,teff,2026,2.0,4075.370361328125,4048.7575256347654,-26.612835693359557,26.612835693359557,6.668919825443767,0.6851851851851852,unlabeled_target_features
39627833802234446,rvspecfit-main-bright-3.fits,21.432701,6195.4375,4.5,-2.0472734,target_evaluation,target_evaluation_shifted,coral_unlabeled,teff,2026,2.0,6195.4375,5991.467767537437,-203.96973246256312,203.96973246256312,3.5422415352100005,0.22592592592592592,unlabeled_target_features
39627833793843974,rvspecfit-main-bright-3.fits,40.123512,3609.6584,4.536659,-0.20593798,target_evaluation,target_evaluation_shifted,coral_unlabeled,teff,2026,2.0,3609.658447265625,3734.272562154135,124.6141148885099,124.6141148885099,3.7499165361416926,0.28888888888888886,unlabeled_target_features
39627821743607305,rvspecfit-main-bright-4.fits,38.73113,4629.5903,4.7259316,-0.11974044,target_evaluation,target_evaluation_shifted,coral_unlabeled,teff,2026,2.0,4629.59033203125,4453.995650533039,-175.59468149821078,175.59468149821078,3.4720908649376088,0.2037037037037037,unlabeled_target_features
39627821743608617,rvspecfit-main-bright-4.fits,14.83805,6469.1216,4.834329,-1.9999986,target_evaluation,target_evaluation_shifted,coral_unlabeled,teff,2026,2.0,6469.12158203125,5955.53584604899,-513.5857359822603,513.5857359822603,5.772783040640335,0.6055555555555555,unlabeled_target_features
39627827783406885,rvspecfit-main-bright-4.fits,25.759974,3451.2712,4.5000005,6.0765877e-09,target_evaluation,target_evaluation_shifted,coral_unlabeled,teff,2026,2.0,3451.271240234375,3440.002013651531,-11.269226582844112,11.269226582844112,4.718723078032958,0.4759259259259259,unlabeled_target_features
39627833819009327,rvspecfit-main-bright-4.fits,14.72425,5800.006,4.4179063,-0.41439247,target_evaluation,target_evaluation_shifted,coral_unlabeled,teff,2026,2.0,5800.005859375,5576.731196594236,-223.27466278076372,223.27466278076372,6.002933068914145,0.6222222222222222,unlabeled_target_features
39627821747799263,rvspecfit-main-bright-4.fits,12.165322,6256.565,4.644997,-1.5297871,target_evaluation,target_evaluation_shifted,coral_unlabeled,teff,2026,2.0,6256.56494140625,5718.398347778321,-538.1665936279287,538.1665936279287,5.281818771208172,0.5481481481481482,unlabeled_target_features
39627833823204203,rvspecfit-main-bright-4.fits,34.961163,4537.2896,4.6756153,-0.036325403,target_evaluation,target_evaluation_shifted,coral_unlabeled,teff,2026,2.0,4537.28955078125,4286.1576207478865,-251.13193003336346,251.13193003336346,3.7933432766581,0.3,unlabeled_target_features
39627821735220946,rvspecfit-main-bright-4.fits,16.858812,3473.7603,4.656427,-0.7322211,target_evaluation,target_evaluation_shifted,coral_unlabeled,teff,2026,2.0,3473.76025390625,3559.744011128742,85.98375722249193,85.98375722249193,6.736281147823193,0.6925925925925925,unlabeled_target_features
39627833839977270,rvspecfit-main-bright-5.fits,22.707117,3847.4602,4.847961,-0.07507452,target_evaluation,target_evaluation_shifted,coral_unlabeled,teff,2026,2.0,3847.460205078125,3710.704425760904,-136.7557793172209,136.7557793172209,5.358719138327584,0.5592592592592592,unlabeled_target_features
39627845923766625,rvspecfit-main-bright-5.fits,25.341322,3959.5576,4.3476377,-0.7805401,target_evaluation,target_evaluation_shifted,coral_unlabeled,teff,2026,2.0,3959.5576171875,4198.908992207845,239.35137502034468,239.35137502034468,4.72081226712939,0.4759259259259259,unlabeled_target_features
39627839879775616,rvspecfit-main-bright-5.fits,43.97754,5813.363,4.760278,-1.1522388,target_evaluation,target_evaluation_shifted,coral_unlabeled,teff,2026,2.0,5813.36279296875,5913.291557617189,99.92876464843903,99.92876464843903,2.5160657113632485,0.040740740740740744,unlabeled_target_features
39627845919573600,rvspecfit-main-bright-5.fits,41.5082,6244.3022,4.3234587,-1.7500005,target_evaluation,target_evaluation_shifted,coral_unlabeled,teff,2026,2.0,6244.30224609375,6041.4666420491585,-202.8356040445915,202.8356040445915,2.486436447097572,0.040740740740740744,unlabeled_target_features
39627845915380471,rvspecfit-main-bright-5.fits,44.527607,3708.848,4.5635805,-0.6112659,target_evaluation,target_evaluation_shifted,coral_unlabeled,teff,2026,2.0,3708.847900390625,3745.8146743774428,36.96677398681777,36.96677398681777,3.3414863742944916,0.18333333333333332,unlabeled_target_features
39627839875583467,rvspecfit-main-bright-5.fits,30.495152,3700.0,4.774045,2.0906618e-05,target_evaluation,target_evaluation_shifted,coral_unlabeled,teff,2026,2.0,3700.0,3611.3021291096993,-88.69787089030069,88.69787089030069,4.545635738959566,0.45185185185185184,unlabeled_target_features
39627833831591187,rvspecfit-main-bright-5.fits,14.973386,4433.752,4.873937,-0.6670582,target_evaluation,target_evaluation_shifted,coral_unlabeled,teff,2026,2.0,4433.751953125,4535.814271443685,102.06231831868536,102.06231831868536,5.1294046103785895,0.5333333333333333,unlabeled_target_features
39627833835783596,rvspecfit-main-bright-5.fits,19.291912,4050.7817,4.467584,-0.6911538,target_evaluation,target_evaluation_shifted,coral_unlabeled,teff,2026,2.0,4050.78173828125,4207.059563395184,156.27782511393434,156.27782511393434,4.352452559936074,0.4166666666666667,unlabeled_target_features
39627845915383495,rvspecfit-main-bright-5.fits,10.922119,5638.3613,4.8552957,-0.6561243,target_evaluation,target_evaluation_shifted,coral_unlabeled,teff,2026,2.0,5638.361328125,5344.657346191406,-293.70398193359415,293.70398193359415,7.824966238177959,0.762962962962963,unlabeled_target_features
39627833810618447,rvspecfit-main-bright-6.fits,40.771164,6517.8154,4.6731167,-2.3132465,target_evaluation,target_evaluation_shifted,coral_unlabeled,teff,2026,2.0,6517.8154296875,5957.38964477539,-560.4257849121104,560.4257849121104,3.2275795325921335,0.15185185185185185,unlabeled_target_features
39627839850415811,rvspecfit-main-bright-6.fits,14.076207,5159.8643,4.866095,-0.5808288,target_evaluation,target_evaluation_shifted,coral_unlabeled,teff,2026,2.0,5159.8642578125,5230.476399536135,70.61214172363543,70.61214172363543,6.831175659055599,0.6962962962962963,unlabeled_target_features
39627845886020401,rvspecfit-main-bright-6.fits,13.033478,6121.208,4.152123,-0.96648407,target_evaluation,target_evaluation_shifted,coral_unlabeled,teff,2026,2.0,6121.2080078125,5744.645775655113,-376.56223215738737,376.56223215738737,6.791784803425178,0.6925925925925925,unlabeled_target_features
39627845886019547,rvspecfit-main-bright-6.fits,26.366577,5199.997,4.8886833,-0.30279285,target_evaluation,target_evaluation_shifted,coral_unlabeled,teff,2026,2.0,5199.9970703125,5170.010030212402,-29.987040100098056,29.987040100098056,4.886056457529565,0.4981481481481482,unlabeled_target_features
39627845886024355,rvspecfit-main-bright-6.fits,32.78284,5942.658,4.291933,-0.6273537,target_evaluation,target_evaluation_shifted,coral_unlabeled,teff,2026,2.0,5942.658203125,5833.722301635741,-108.93590148925887,108.93590148925887,4.553705553442405,0.45555555555555555,unlabeled_target_features
39627827728880168,rvspecfit-main-bright-8.fits,11.884048,3643.9668,4.5368013,-0.5000001,target_evaluation,target_evaluation_shifted,coral_unlabeled,teff,2026,2.0,3643.966796875,3667.727453613281,23.760656738280886,23.760656738280886,8.620913878191667,0.7833333333333333,unlabeled_target_features
39627827728881595,rvspecfit-main-bright-8.fits,11.067028,3715.3442,4.560988,-0.41314766,target_evaluation,target_evaluation_shifted,coral_unlabeled,teff,2026,2.0,3715.34423828125,3863.8694401041666,148.52520182291664,148.52520182291664,6.070880234433099,0.6370370370370371,unlabeled_target_features
39627821693274753,rvspecfit-main-bright-8.fits,14.563165,4903.6562,4.7105637,-0.6856381,target_evaluation,target_evaluation_shifted,coral_unlabeled,teff,2026,2.0,4903.65625,5084.512682698568,180.85643269856791,180.85643269856791,6.308351091697879,0.65,unlabeled_target_features
39627833777063378,rvspecfit-main-bright-8.fits,36.156208,4865.3774,4.8829994,-0.2660883,target_evaluation,target_evaluation_shifted,coral_unlabeled,teff,2026,2.0,4865.37744140625,4721.681261901855,-143.69617950439533,143.69617950439533,4.586519428027104,0.45740740740740743,unlabeled_target_features
39627839816861389,rvspecfit-main-bright-8.fits,23.303087,5715.106,4.715221,-0.5199357,target_evaluation,target_evaluation_shifted,coral_unlabeled,teff,2026,2.0,5715.10595703125,5699.084064737955,-16.021892293295423,16.021892293295423,4.083286276124263,0.3537037037037037,unlabeled_target_features
39627833781259407,rvspecfit-main-bright-8.fits,22.830645,4481.9824,4.584956,-0.5631001,target_evaluation,target_evaluation_shifted,coral_unlabeled,teff,2026,2.0,4481.982421875,4535.76845876058,53.78603688557996,53.78603688557996,6.159532721327398,0.6425925925925926,unlabeled_target_features
39627839812672682,rvspecfit-main-bright-8.fits,11.783399,5055.8506,5.161906,-1.1391282,target_evaluation,target_evaluation_shifted,coral_unlabeled,teff,2026,2.0,5055.8505859375,5375.430791117351,319.58020517985096,319.58020517985096,6.244312323493406,0.6481481481481481,unlabeled_target_features
39627827737264610,rvspecfit-main-bright-8.fits,51.15046,3715.6196,4.598353,-0.2972362,target_evaluation,target_evaluation_shifted,coral_unlabeled,teff,2026,2.0,3715.61962890625,3716.441395772301,0.8217668660508934,0.8217668660508934,3.551711900492752,0.22777777777777777,unlabeled_target_features
39627827728877440,rvspecfit-main-bright-8.fits,36.33877,5575.7563,4.6957045,-0.07203574,target_evaluation,target_evaluation_shifted,coral_unlabeled,teff,2026,2.0,5575.75634765625,5426.038140055338,-149.71820760091214,149.71820760091214,3.327800700512523,0.17962962962962964,unlabeled_target_features
39627821693275169,rvspecfit-main-bright-8.fits,15.122388,5025.6157,4.4391804,-0.651436,target_evaluation,target_evaluation_shifted,coral_unlabeled,teff,2026,2.0,5025.61572265625,5094.795954081218,69.18023142496804,69.18023142496804,5.444216487091461,0.5666666666666667,unlabeled_target_features
39627839816865588,rvspecfit-main-bright-9.fits,10.728113,3960.8994,4.4292912,-0.4187252,target_evaluation,target_evaluation_shifted,coral_unlabeled,teff,2026,2.0,3960.8994140625,4198.060315348309,237.1609012858089,237.1609012858089,7.824694368454455,0.762962962962963,unlabeled_target_features
39627839821055583,rvspecfit-main-bright-9.fits,13.759142,4015.057,4.523047,-0.5563418,target_evaluation,target_evaluation_shifted,coral_unlabeled,teff,2026,2.0,4015.056884765625,4254.765465087892,239.70858032226715,239.70858032226715,6.167752351882318,0.6425925925925926,unlabeled_target_features
39627845865046248,rvspecfit-main-bright-9.fits,12.871122,3645.7952,4.8327327,0.2286792,target_evaluation,target_evaluation_shifted,coral_unlabeled,teff,2026,2.0,3645.795166015625,3569.244972534182,-76.55019348144288,76.55019348144288,7.7650654256949725,0.7537037037037037,unlabeled_target_features
39627845860853503,rvspecfit-main-bright-9.fits,26.803902,5411.7363,4.7129574,-0.54156125,target_evaluation,target_evaluation_shifted,coral_unlabeled,teff,2026,2.0,5411.736328125,5476.32878651937,64.59245839436971,64.59245839436971,3.303022769778974,0.17592592592592593,unlabeled_target_features
39627833785455822,rvspecfit-main-bright-9.fits,19.493109,3852.0898,4.842148,-0.25,target_evaluation,target_evaluation_shifted,coral_unlabeled,teff,2026,2.0,3852.08984375,3844.6735552978503,-7.416288452149729,7.416288452149729,5.20415315140709,0.5407407407407407,unlabeled_target_features
39627851909045330,rvspecfit-main-bright-9.fits,22.31135,5862.414,4.257343,-0.67050207,target_evaluation,target_evaluation_shifted,coral_unlabeled,teff,2026,2.0,5862.4140625,5519.660682881674,-342.7533796183261,342.7533796183261,5.0761784951124005,0.5259259259259259,unlabeled_target_features
39627851913232720,rvspecfit-main-bright-9.fits,38.27888,4340.273,4.7055964,-0.32321364,target_evaluation,target_evaluation_shifted,coral_unlabeled,teff,2026,2.0,4340.27294921875,4290.469496765136,-49.80345245361423,49.80345245361423,3.5247253524534137,0.21851851851851853,unlabeled_target_features
39627845869245534,rvspecfit-main-bright-9.fits,44.033375,6095.794,4.289099,-0.5429145,target_evaluation,target_evaluation_shifted,coral_unlabeled,teff,2026,2.0,6095.7939453125,5896.490333048505,-199.3036122639951,199.3036122639951,2.5712796905749724,0.046296296296296294,unlabeled_target_features
39627839837834061,rvspecfit-main-bright-9.fits,18.223211,4585.609,4.679545,-0.26840124,target_evaluation,target_evaluation_shifted,coral_unlabeled,teff,2026,2.0,4585.60888671875,4407.889063517252,-177.719823201498,177.719823201498,4.488592644584745,0.4444444444444444,unlabeled_target_features
39627839829446786,rvspecfit-main-bright-9.fits,13.116069,3434.77,4.522116,0.022658512,target_evaluation,target_evaluation_shifted,coral_unlabeled,teff,2026,2.0,3434.77001953125,3527.4483396402998,92.67832010904976,92.67832010904976,7.213938491316041,0.7166666666666667,unlabeled_target_features
39627845873438049,rvspecfit-main-bright-9.fits,21.684975,5177.2314,4.8784614,-0.70214164,target_evaluation,target_evaluation_shifted,coral_unlabeled,teff,2026,2.0,5177.2314453125,5284.146245930985,106.91480061848506,106.91480061848506,4.452810381088625,0.42962962962962964,unlabeled_target_features
39627845869247436,rvspecfit-main-bright-9.fits,65.567,6116.4717,3.9716609,-0.62627816,target_evaluation,target_evaluation_shifted,coral_unlabeled,teff,2026,2.0,6116.4716796875,5974.796130777998,-141.67554890950214,141.67554890950214,2.089133052011743,0.007407407407407408,unlabeled_target_features
39627839833638184,rvspecfit-main-bright-9.fits,23.375196,3722.8513,4.692401,-0.5,target_evaluation,target_evaluation_shifted,coral_unlabeled,teff,2026,2.0,3722.851318359375,3832.1229227701824,109.27160441080741,109.27160441080741,4.565605685109625,0.45740740740740743,unlabeled_target_features
39627839837834062,rvspecfit-main-bright-9.fits,29.298006,3464.2122,4.331614,-0.21758264,target_evaluation,target_evaluation_shifted,coral_unlabeled,teff,2026,2.0,3464.212158203125,3533.8148763020836,69.60271809895858,69.60271809895858,5.117662360139141,0.5296296296296297,unlabeled_target_features
39627845873435234,rvspecfit-main-bright-9.fits,44.133266,5946.902,4.733702,-0.44999155,target_evaluation,target_evaluation_shifted,coral_unlabeled,teff,2026,2.0,5946.90185546875,5675.992722066243,-270.909133402507,270.909133402507,2.7508935703078228,0.06111111111111111,unlabeled_target_features
39627803590661381,rvspecfit-main-bright-0.fits,28.50589,4480.691,4.253539,0.17412166,target_evaluation,target_evaluation_shifted,coral_unlabeled,logg,2026,2.0,4.253539085388184,4.621583083570003,0.3680439981818191,0.3680439981818191,5.1943341980227515,0.5370370370370371,unlabeled_target_features
39627797550864891,rvspecfit-main-bright-0.fits,14.311126,3968.126,4.493116,-0.6129776,target_evaluation,target_evaluation_shifted,coral_unlabeled,logg,2026,2.0,4.4931159019470215,4.551276746292906,0.058160844345884755,0.058160844345884755,8.161753597288424,0.7759259259259259,unlabeled_target_features
39627785479657922,rvspecfit-main-bright-0.fits,23.107883,5525.6953,4.8475904,-0.8433948,target_evaluation,target_evaluation_shifted,coral_unlabeled,logg,2026,2.0,4.847590446472168,4.467047644257544,-0.3805428022146238,0.3805428022146238,3.84405477361581,0.31296296296296294,unlabeled_target_features
39627797550862010,rvspecfit-main-bright-0.fits,17.196161,5155.6426,4.86746,-0.74379873,target_evaluation,target_evaluation_shifted,coral_unlabeled,logg,2026,2.0,4.867459774017334,4.499873530566695,-0.3675862434506394,0.3675862434506394,5.339871321607359,0.5574074074074075,unlabeled_target_features
39627803599047112,rvspecfit-main-bright-0.fits,26.322287,5086.4585,4.766821,-0.46503806,target_evaluation,target_evaluation_shifted,coral_unlabeled,logg,2026,2.0,4.766820907592773,4.798201633791129,0.03138072619835519,0.03138072619835519,3.9063007232232834,0.32037037037037036,unlabeled_target_features
39627809643043009,rvspecfit-main-bright-0.fits,10.406952,4673.5483,4.4082108,-0.41964775,target_evaluation,target_evaluation_shifted,coral_unlabeled,logg,2026,2.0,4.408210754394531,4.666806845962999,0.2585960915684682,0.2585960915684682,7.6828860150503,0.7425925925925926,unlabeled_target_features
39627797571831121,rvspecfit-main-bright-0.fits,38.04706,5674.233,5.089847,-0.64886004,target_evaluation,target_evaluation_shifted,coral_unlabeled,logg,2026,2.0,5.089847087860107,4.758710818390048,-0.3311362694700595,0.3311362694700595,2.3692548934174282,0.022222222222222223,unlabeled_target_features
39627821731021743,rvspecfit-main-bright-1.fits,32.808224,6012.902,4.0533924,-0.97668797,target_evaluation,target_evaluation_shifted,coral_unlabeled,logg,2026,2.0,4.05339241027832,4.293347955445449,0.23995554516712847,0.23995554516712847,3.3253088029447704,0.17962962962962964,unlabeled_target_features
39627821731024542,rvspecfit-main-bright-1.fits,10.150132,3514.3335,4.795404,-9.54014e-09,target_evaluation,target_evaluation_shifted,coral_unlabeled,logg,2026,2.0,4.795403957366943,4.601863038837909,-0.19354091852903466,0.19354091852903466,7.494266295034199,0.7351851851851852,unlabeled_target_features
39627815691227637,rvspecfit-main-bright-1.fits,12.06874,5242.399,5.082218,-0.3883964,target_evaluation,target_evaluation_shifted,coral_unlabeled,logg,2026,2.0,5.082218170166016,4.718575454453626,-0.3636427157123894,0.3636427157123894,7.255425754393522,0.7185185185185186,unlabeled_target_features
39627815691227894,rvspecfit-main-bright-1.fits,16.81999,5900.0044,4.712105,-0.6586523,target_evaluation,target_evaluation_shifted,coral_unlabeled,logg,2026,2.0,4.712104797363281,4.246887173056601,-0.4652176243066801,0.4652176243066801,5.850088886370738,0.6074074074074074,unlabeled_target_features
39627815691224502,rvspecfit-main-bright-1.fits,15.9603815,5896.2236,4.731507,-1.1173238,target_evaluation,target_evaluation_shifted,coral_unlabeled,logg,2026,2.0,4.731506824493408,3.957912508447965,-0.7735943160454433,0.7735943160454433,4.842351716347116,0.4962962962962963,unlabeled_target_features
39627815703807705,rvspecfit-main-bright-1.fits,13.988191,3606.7092,4.674957,-0.09309976,target_evaluation,target_evaluation_shifted,coral_unlabeled,logg,2026,2.0,4.674956798553467,4.551437583963076,-0.12351921459039072,0.12351921459039072,9.034792059723257,0.8037037037037037,unlabeled_target_features
39627809651425857,rvspecfit-main-bright-1.fits,29.866762,5622.943,4.8139563,-0.37131092,target_evaluation,target_evaluation_shifted,coral_unlabeled,logg,2026,2.0,4.813956260681152,4.767126341164111,-0.04682991951704096,0.04682991951704096,4.6110786614379355,0.45925925925925926,unlabeled_target_features
39627803615825148,rvspecfit-main-bright-1.fits,12.816327,5113.739,2.2663527,-0.98540086,target_evaluation,target_evaluation_shifted,coral_unlabeled,logg,2026,2.0,2.266352653503418,3.962440932691097,1.6960882791876792,1.6960882791876792,8.328044390067744,0.7796296296296297,unlabeled_target_features
39627815699615891,rvspecfit-main-bright-1.fits,18.43502,4220.126,4.723737,-1.3810121,target_evaluation,target_evaluation_shifted,coral_unlabeled,logg,2026,2.0,4.723736763000488,4.73114944368601,0.0074126806855217,0.0074126806855217,6.2543602445787,0.6481481481481481,unlabeled_target_features
39627803590658022,rvspecfit-main-bright-2.fits,16.427069,3402.1553,4.6148133,-0.25,target_evaluation,target_evaluation_shifted,coral_unlabeled,logg,2026,2.0,4.614813327789307,4.568687931100526,-0.04612539668878046,0.04612539668878046,7.364349389020687,0.7277777777777777,unlabeled_target_features
39627821714244104,rvspecfit-main-bright-2.fits,23.581211,3939.141,4.8228536,0.04200729,target_evaluation,target_evaluation_shifted,coral_unlabeled,logg,2026,2.0,4.8228535652160645,4.574829035600025,-0.24802452961603905,0.24802452961603905,5.009015806455158,0.5222222222222223,unlabeled_target_features
39627815674447825,rvspecfit-main-bright-2.fits,12.42645,3848.9524,4.6892333,-0.37573263,target_evaluation,target_evaluation_shifted,coral_unlabeled,logg,2026,2.0,4.689233303070068,4.506512602567672,-0.1827207005023963,0.1827207005023963,7.7171068065047255,0.7481481481481481,unlabeled_target_features
39627821705861343,rvspecfit-main-bright-2.fits,23.189272,5815.6016,4.2078815,-0.86157435,target_evaluation,target_evaluation_shifted,coral_unlabeled,logg,2026,2.0,4.207881450653076,4.013008169233799,-0.1948732814192775,0.1948732814192775,5.217841833514664,0.5407407407407407,unlabeled_target_features
39627821710049965,rvspecfit-main-bright-2.fits,24.613297,5314.402,3.0451887,-1.3697333,target_evaluation,target_evaluation_shifted,coral_unlabeled,logg,2026,2.0,3.0451886653900146,4.1116686933239315,1.0664800279339168,1.0664800279339168,5.121327414669467,0.5296296296296297,unlabeled_target_features
39627809622067402,rvspecfit-main-bright-2.fits,31.265646,6137.838,4.0774336,-1.2985094,target_evaluation,target_evaluation_shifted,coral_unlabeled,logg,2026,2.0,4.0774335861206055,4.197127190629642,0.11969360450903643,0.11969360450903643,3.9637186555640356,0.3333333333333333,unlabeled_target_features
39627809622066836,rvspecfit-main-bright-2.fits,15.522804,3970.5703,4.5469885,-0.63032347,target_evaluation,target_evaluation_shifted,coral_unlabeled,logg,2026,2.0,4.546988487243652,4.578333199421561,0.03134471217790846,0.03134471217790846,6.520873212940696,0.6777777777777778,unlabeled_target_features
39627809617878013,rvspecfit-main-bright-2.fits,31.116262,5462.681,5.1084437,-0.5318166,target_evaluation,target_evaluation_shifted,coral_unlabeled,logg,2026,2.0,5.108443737030029,4.7325668679674475,-0.3758768690625818,0.3758768690625818,4.211181193418648,0.3888888888888889,unlabeled_target_features
39627815661869306,rvspecfit-main-bright-2.fits,12.123284,3522.1082,4.599729,-0.106358714,target_evaluation,target_evaluation_shifted,coral_unlabeled,logg,2026,2.0,4.599729061126709,4.605722591181596,0.0059935300548872306,0.0059935300548872306,8.063070419758768,0.7703703703703704,unlabeled_target_features
39627803590657135,rvspecfit-main-bright-2.fits,16.43598,5378.66,4.766294,-0.32350528,target_evaluation,target_evaluation_shifted,coral_unlabeled,logg,2026,2.0,4.766294002532959,4.747233931918939,-0.01906007061402004,0.01906007061402004,6.186667076173586,0.6444444444444445,unlabeled_target_features
39627803590659709,rvspecfit-main-bright-2.fits,12.965964,3757.0525,4.6078687,-0.25,target_evaluation,target_evaluation_shifted,coral_unlabeled,logg,2026,2.0,4.607868671417236,4.649391490419708,0.04152281900247168,0.04152281900247168,6.76507430907838,0.6925925925925925,unlabeled_target_features
39627803586463484,rvspecfit-main-bright-2.fits,31.973804,5079.818,2.5580812,-1.1764431,target_evaluation,target_evaluation_shifted,coral_unlabeled,logg,2026,2.0,2.5580811500549316,3.687732473214466,1.1296513231595342,1.1296513231595342,4.980978809178598,0.5111111111111111,unlabeled_target_features
39627815661867184,rvspecfit-main-bright-2.fits,11.212901,5877.344,4.5,-0.87294865,target_evaluation,target_evaluation_shifted,coral_unlabeled,logg,2026,2.0,4.5,4.4244058986504875,-0.0755941013495125,0.0755941013495125,5.9709862168811245,0.6203703703703703,unlabeled_target_features
39627821705858400,rvspecfit-main-bright-2.fits,28.417381,5869.313,4.42161,-0.59817594,target_evaluation,target_evaluation_shifted,coral_unlabeled,logg,2026,2.0,4.421609878540039,4.403102205197016,-0.018507673343022724,0.018507673343022724,4.484852163328445,0.4425925925925926,unlabeled_target_features
39627815666062822,rvspecfit-main-bright-2.fits,21.326593,4725.2007,4.828737,-0.48243913,target_evaluation,target_evaluation_shifted,coral_unlabeled,logg,2026,2.0,4.828736782073975,4.663643051584561,-0.16509373048941356,0.16509373048941356,4.8303872147060645,0.4888888888888889,unlabeled_target_features
39627809634650742,rvspecfit-main-bright-2.fits,29.139715,5899.9976,4.5475526,-0.6766757,target_evaluation,target_evaluation_shifted,coral_unlabeled,logg,2026,2.0,4.547552585601807,4.576882392267387,0.02932980666558027,0.02932980666558027,4.084819699988011,0.3537037037037037,unlabeled_target_features
39627809630461078,rvspecfit-main-bright-2.fits,15.055974,5211.608,5.1218247,-0.6671269,target_evaluation,target_evaluation_shifted,coral_unlabeled,logg,2026,2.0,5.121824741363525,4.695222134490805,-0.42660260687272,0.42660260687272,5.925696898393559,0.6185185185185185,unlabeled_target_features
39627821714245907,rvspecfit-main-bright-2.fits,10.977933,4366.539,4.231374,-0.31133905,target_evaluation,target_evaluation_shifted,coral_unlabeled,logg,2026,2.0,4.2313737869262695,4.639666700363158,0.4082929134368882,0.4082929134368882,6.733942685336873,0.6925925925925925,unlabeled_target_features
39627815670253220,rvspecfit-main-bright-2.fits,22.477627,5879.129,4.39243,-0.723626,target_evaluation,target_evaluation_shifted,coral_unlabeled,logg,2026,2.0,4.392429828643799,4.583481573263803,0.19105174462000374,0.19105174462000374,4.877926217951469,0.4981481481481482,unlabeled_target_features
39627815670255646,rvspecfit-main-bright-2.fits,39.936398,4625.0684,4.7049537,-0.38005188,target_evaluation,target_evaluation_shifted,coral_unlabeled,logg,2026,2.0,4.704953670501709,4.695633347531161,-0.009320322970547856,0.009320322970547856,4.390816151470333,0.4222222222222222,unlabeled_target_features
39627809622072149,rvspecfit-main-bright-2.fits,24.390818,4927.6396,4.850641,-0.33607587,target_evaluation,target_evaluation_shifted,coral_unlabeled,logg,2026,2.0,4.850640773773193,4.746226654152077,-0.1044141196211168,0.1044141196211168,4.7123015033176845,0.4740740740740741,unlabeled_target_features
39627839842027358,rvspecfit-main-bright-3.fits,24.140806,3398.4958,4.8100953,-3.0253883e-08,target_evaluation,target_evaluation_shifted,coral_unlabeled,logg,2026,2.0,4.810095310211182,4.679295340677102,-0.13079996953407935,0.13079996953407935,5.8827752041900165,0.6092592592592593,unlabeled_target_features
39627833793842886,rvspecfit-main-bright-3.fits,39.385548,5554.7554,4.770294,-0.47174188,target_evaluation,target_evaluation_shifted,coral_unlabeled,logg,2026,2.0,4.770294189453125,4.453566332658132,-0.3167278567949934,0.3167278567949934,3.870550881294365,0.3148148148148148,unlabeled_target_features
39627833798038562,rvspecfit-main-bright-3.fits,28.237612,5951.2617,4.267125,-0.8982497,target_evaluation,target_evaluation_shifted,coral_unlabeled,logg,2026,2.0,4.267125129699707,4.434033593932789,0.1669084642330816,0.1669084642330816,3.7647645663842284,0.29259259259259257,unlabeled_target_features
39627827766625875,rvspecfit-main-bright-3.fits,25.357946,4335.492,4.686248,-0.4138596,target_evaluation,target_evaluation_shifted,coral_unlabeled,logg,2026,2.0,4.686247825622559,4.613371374011042,-0.07287645161151701,0.07287645161151701,4.5446399803598245,0.45185185185185184,unlabeled_target_features
39627827770823696,rvspecfit-main-bright-3.fits,31.719215,4336.5527,4.3862042,0.22128439,target_evaluation,target_evaluation_shifted,coral_unlabeled,logg,2026,2.0,4.386204242706299,4.595356571376325,0.20915232867002587,0.20915232867002587,4.977110474230803,0.5111111111111111,unlabeled_target_features
39627833798034999,rvspecfit-main-bright-3.fits,17.041107,4075.3704,4.620044,-0.052925248,target_evaluation,target_evaluation_shifted,coral_unlabeled,logg,2026,2.0,4.620044231414795,4.587937765816849,-0.03210646559794572,0.03210646559794572,6.668919825443767,0.6851851851851852,unlabeled_target_features
39627833802234446,rvspecfit-main-bright-3.fits,21.432701,6195.4375,4.5,-2.0472734,target_evaluation,target_evaluation_shifted,coral_unlabeled,logg,2026,2.0,4.5,4.2858067971467975,-0.21419320285320254,0.21419320285320254,3.5422415352100005,0.22592592592592592,unlabeled_target_features
39627833793843974,rvspecfit-main-bright-3.fits,40.123512,3609.6584,4.536659,-0.20593798,target_evaluation,target_evaluation_shifted,coral_unlabeled,logg,2026,2.0,4.536658763885498,4.663550856908164,0.1268920930226658,0.1268920930226658,3.7499165361416926,0.28888888888888886,unlabeled_target_features
39627821743607305,rvspecfit-main-bright-4.fits,38.73113,4629.5903,4.7259316,-0.11974044,target_evaluation,target_evaluation_shifted,coral_unlabeled,logg,2026,2.0,4.725931644439697,4.6330270224809675,-0.09290462195872973,0.09290462195872973,3.4720908649376088,0.2037037037037037,unlabeled_target_features
39627821743608617,rvspecfit-main-bright-4.fits,14.83805,6469.1216,4.834329,-1.9999986,target_evaluation,target_evaluation_shifted,coral_unlabeled,logg,2026,2.0,4.834329128265381,4.149009629289312,-0.6853194989760691,0.6853194989760691,5.772783040640335,0.6055555555555555,unlabeled_target_features
39627827783406885,rvspecfit-main-bright-4.fits,25.759974,3451.2712,4.5000005,6.0765877e-09,target_evaluation,target_evaluation_shifted,coral_unlabeled,logg,2026,2.0,4.500000476837158,4.684628404676914,0.184627927839756,0.184627927839756,4.718723078032958,0.4759259259259259,unlabeled_target_features
39627833819009327,rvspecfit-main-bright-4.fits,14.72425,5800.006,4.4179063,-0.41439247,target_evaluation,target_evaluation_shifted,coral_unlabeled,logg,2026,2.0,4.417906284332275,4.676342995365461,0.2584367110331858,0.2584367110331858,6.002933068914145,0.6222222222222222,unlabeled_target_features
39627821747799263,rvspecfit-main-bright-4.fits,12.165322,6256.565,4.644997,-1.5297871,target_evaluation,target_evaluation_shifted,coral_unlabeled,logg,2026,2.0,4.6449971199035645,4.429162364900109,-0.2158347550034554,0.2158347550034554,5.281818771208172,0.5481481481481482,unlabeled_target_features
39627833823204203,rvspecfit-main-bright-4.fits,34.961163,4537.2896,4.6756153,-0.036325403,target_evaluation,target_evaluation_shifted,coral_unlabeled,logg,2026,2.0,4.675615310668945,4.635084525545439,-0.04053078512350616,0.04053078512350616,3.7933432766581,0.3,unlabeled_target_features
39627821735220946,rvspecfit-main-bright-4.fits,16.858812,3473.7603,4.656427,-0.7322211,target_evaluation,target_evaluation_shifted,coral_unlabeled,logg,2026,2.0,4.656426906585693,4.626898266176382,-0.029528640409311357,0.029528640409311357,6.736281147823193,0.6925925925925925,unlabeled_target_features
39627833839977270,rvspecfit-main-bright-5.fits,22.707117,3847.4602,4.847961,-0.07507452,target_evaluation,target_evaluation_shifted,coral_unlabeled,logg,2026,2.0,4.847960948944092,4.611503938833871,-0.2364570101102208,0.2364570101102208,5.358719138327584,0.5592592592592592,unlabeled_target_features
39627845923766625,rvspecfit-main-bright-5.fits,25.341322,3959.5576,4.3476377,-0.7805401,target_evaluation,target_evaluation_shifted,coral_unlabeled,logg,2026,2.0,4.34763765335083,4.600998829603195,0.25336117625236465,0.25336117625236465,4.72081226712939,0.4759259259259259,unlabeled_target_features
39627839879775616,rvspecfit-main-bright-5.fits,43.97754,5813.363,4.760278,-1.1522388,target_evaluation,target_evaluation_shifted,coral_unlabeled,logg,2026,2.0,4.760278224945068,4.5412666002909345,-0.21901162465413382,0.21901162465413382,2.5160657113632485,0.040740740740740744,unlabeled_target_features
39627845919573600,rvspecfit-main-bright-5.fits,41.5082,6244.3022,4.3234587,-1.7500005,target_evaluation,target_evaluation_shifted,coral_unlabeled,logg,2026,2.0,4.323458671569824,4.357936656177046,0.0344779846072214,0.0344779846072214,2.486436447097572,0.040740740740740744,unlabeled_target_features
39627845915380471,rvspecfit-main-bright-5.fits,44.527607,3708.848,4.5635805,-0.6112659,target_evaluation,target_evaluation_shifted,coral_unlabeled,logg,2026,2.0,4.563580513000488,4.6390656995773325,0.07548518657684422,0.07548518657684422,3.3414863742944916,0.18333333333333332,unlabeled_target_features
39627839875583467,rvspecfit-main-bright-5.fits,30.495152,3700.0,4.774045,2.0906618e-05,target_evaluation,target_evaluation_shifted,coral_unlabeled,logg,2026,2.0,4.774044990539551,4.576527632971603,-0.19751735756794808,0.19751735756794808,4.545635738959566,0.45185185185185184,unlabeled_target_features
39627833831591187,rvspecfit-main-bright-5.fits,14.973386,4433.752,4.873937,-0.6670582,target_evaluation,target_evaluation_shifted,coral_unlabeled,logg,2026,2.0,4.873937129974365,4.643872819642226,-0.23006431033213914,0.23006431033213914,5.1294046103785895,0.5333333333333333,unlabeled_target_features
39627833835783596,rvspecfit-main-bright-5.fits,19.291912,4050.7817,4.467584,-0.6911538,target_evaluation,target_evaluation_shifted,coral_unlabeled,logg,2026,2.0,4.467584133148193,4.624383897980055,0.1567997648318613,0.1567997648318613,4.352452559936074,0.4166666666666667,unlabeled_target_features
39627845915383495,rvspecfit-main-bright-5.fits,10.922119,5638.3613,4.8552957,-0.6561243,target_evaluation,target_evaluation_shifted,coral_unlabeled,logg,2026,2.0,4.855295658111572,4.687757856448491,-0.16753780166308108,0.16753780166308108,7.824966238177959,0.762962962962963,unlabeled_target_features
39627833810618447,rvspecfit-main-bright-6.fits,40.771164,6517.8154,4.6731167,-2.3132465,target_evaluation,target_evaluation_shifted,coral_unlabeled,logg,2026,2.0,4.673116683959961,4.311724118689699,-0.3613925652702621,0.3613925652702621,3.2275795325921335,0.15185185185185185,unlabeled_target_features
39627839850415811,rvspecfit-main-bright-6.fits,14.076207,5159.8643,4.866095,-0.5808288,target_evaluation,target_evaluation_shifted,coral_unlabeled,logg,2026,2.0,4.866095066070557,4.757172158857186,-0.10892290721337083,0.10892290721337083,6.831175659055599,0.6962962962962963,unlabeled_target_features
39627845886020401,rvspecfit-main-bright-6.fits,13.033478,6121.208,4.152123,-0.96648407,target_evaluation,target_evaluation_shifted,coral_unlabeled,logg,2026,2.0,4.152122974395752,4.161455858647824,0.009332884252072127,0.009332884252072127,6.791784803425178,0.6925925925925925,unlabeled_target_features
39627845886019547,rvspecfit-main-bright-6.fits,26.366577,5199.997,4.8886833,-0.30279285,target_evaluation,target_evaluation_shifted,coral_unlabeled,logg,2026,2.0,4.888683319091797,4.790414253075918,-0.09826906601587915,0.09826906601587915,4.886056457529565,0.4981481481481482,unlabeled_target_features
39627845886024355,rvspecfit-main-bright-6.fits,32.78284,5942.658,4.291933,-0.6273537,target_evaluation,target_evaluation_shifted,coral_unlabeled,logg,2026,2.0,4.291933059692383,4.41209170470635,0.12015864501396756,0.12015864501396756,4.553705553442405,0.45555555555555555,unlabeled_target_features
39627827728880168,rvspecfit-main-bright-8.fits,11.884048,3643.9668,4.5368013,-0.5000001,target_evaluation,target_evaluation_shifted,coral_unlabeled,logg,2026,2.0,4.536801338195801,4.561404031912486,0.024602693716684776,0.024602693716684776,8.620913878191667,0.7833333333333333,unlabeled_target_features
39627827728881595,rvspecfit-main-bright-8.fits,11.067028,3715.3442,4.560988,-0.41314766,target_evaluation,target_evaluation_shifted,coral_unlabeled,logg,2026,2.0,4.560987949371338,4.6453669051329305,0.0843789557615926,0.0843789557615926,6.070880234433099,0.6370370370370371,unlabeled_target_features
39627821693274753,rvspecfit-main-bright-8.fits,14.563165,4903.6562,4.7105637,-0.6856381,target_evaluation,target_evaluation_shifted,coral_unlabeled,logg,2026,2.0,4.710563659667969,4.738692230681581,0.028128571013612103,0.028128571013612103,6.308351091697879,0.65,unlabeled_target_features
39627833777063378,rvspecfit-main-bright-8.fits,36.156208,4865.3774,4.8829994,-0.2660883,target_evaluation,target_evaluation_shifted,coral_unlabeled,logg,2026,2.0,4.882999420166016,4.704993049105008,-0.17800637106100758,0.17800637106100758,4.586519428027104,0.45740740740740743,unlabeled_target_features
39627839816861389,rvspecfit-main-bright-8.fits,23.303087,5715.106,4.715221,-0.5199357,target_evaluation,target_evaluation_shifted,coral_unlabeled,logg,2026,2.0,4.715220928192139,4.397598121762276,-0.3176228064298625,0.3176228064298625,4.083286276124263,0.3537037037037037,unlabeled_target_features
39627833781259407,rvspecfit-main-bright-8.fits,22.830645,4481.9824,4.584956,-0.5631001,target_evaluation,target_evaluation_shifted,coral_unlabeled,logg,2026,2.0,4.584956169128418,4.53631576577822,-0.04864040335019837,0.04864040335019837,6.159532721327398,0.6425925925925926,unlabeled_target_features
39627839812672682,rvspecfit-main-bright-8.fits,11.783399,5055.8506,5.161906,-1.1391282,target_evaluation,target_evaluation_shifted,coral_unlabeled,logg,2026,2.0,5.161905765533447,4.7331788480281825,-0.4287269175052648,0.4287269175052648,6.244312323493406,0.6481481481481481,unlabeled_target_features
39627827737264610,rvspecfit-main-bright-8.fits,51.15046,3715.6196,4.598353,-0.2972362,target_evaluation,target_evaluation_shifted,coral_unlabeled,logg,2026,2.0,4.598352909088135,4.657878229220709,0.0595253201325745,0.0595253201325745,3.551711900492752,0.22777777777777777,unlabeled_target_features
39627827728877440,rvspecfit-main-bright-8.fits,36.33877,5575.7563,4.6957045,-0.07203574,target_evaluation,target_evaluation_shifted,coral_unlabeled,logg,2026,2.0,4.695704460144043,4.788658456007642,0.0929539958635992,0.0929539958635992,3.327800700512523,0.17962962962962964,unlabeled_target_features
39627821693275169,rvspecfit-main-bright-8.fits,15.122388,5025.6157,4.4391804,-0.651436,target_evaluation,target_evaluation_shifted,coral_unlabeled,logg,2026,2.0,4.439180374145508,4.833547179599603,0.3943668054540952,0.3943668054540952,5.444216487091461,0.5666666666666667,unlabeled_target_features
39627839816865588,rvspecfit-main-bright-9.fits,10.728113,3960.8994,4.4292912,-0.4187252,target_evaluation,target_evaluation_shifted,coral_unlabeled,logg,2026,2.0,4.429291248321533,4.681869326134523,0.2525780778129896,0.2525780778129896,7.824694368454455,0.762962962962963,unlabeled_target_features
39627839821055583,rvspecfit-main-bright-9.fits,13.759142,4015.057,4.523047,-0.5563418,target_evaluation,target_evaluation_shifted,coral_unlabeled,logg,2026,2.0,4.523046970367432,4.638397922118505,0.1153509517510738,0.1153509517510738,6.167752351882318,0.6425925925925926,unlabeled_target_features
39627845865046248,rvspecfit-main-bright-9.fits,12.871122,3645.7952,4.8327327,0.2286792,target_evaluation,target_evaluation_shifted,coral_unlabeled,logg,2026,2.0,4.832732677459717,4.611066979765892,-0.22166569769382516,0.22166569769382516,7.7650654256949725,0.7537037037037037,unlabeled_target_features
39627845860853503,rvspecfit-main-bright-9.fits,26.803902,5411.7363,4.7129574,-0.54156125,target_evaluation,target_evaluation_shifted,coral_unlabeled,logg,2026,2.0,4.712957382202148,4.7988024999698,0.08584511776765158,0.08584511776765158,3.303022769778974,0.17592592592592593,unlabeled_target_features
39627833785455822,rvspecfit-main-bright-9.fits,19.493109,3852.0898,4.842148,-0.25,target_evaluation,target_evaluation_shifted,coral_unlabeled,logg,2026,2.0,4.8421478271484375,4.679238646825155,-0.1629091803232825,0.1629091803232825,5.20415315140709,0.5407407407407407,unlabeled_target_features
39627851909045330,rvspecfit-main-bright-9.fits,22.31135,5862.414,4.257343,-0.67050207,target_evaluation,target_evaluation_shifted,coral_unlabeled,logg,2026,2.0,4.25734281539917,4.065223975380264,-0.19211884001890578,0.19211884001890578,5.0761784951124005,0.5259259259259259,unlabeled_target_features
39627851913232720,rvspecfit-main-bright-9.fits,38.27888,4340.273,4.7055964,-0.32321364,target_evaluation,target_evaluation_shifted,coral_unlabeled,logg,2026,2.0,4.705596446990967,4.651596466700235,-0.053999980290731386,0.053999980290731386,3.5247253524534137,0.21851851851851853,unlabeled_target_features
39627845869245534,rvspecfit-main-bright-9.fits,44.033375,6095.794,4.289099,-0.5429145,target_evaluation,target_evaluation_shifted,coral_unlabeled,logg,2026,2.0,4.289099216461182,4.586925710539022,0.29782649407784056,0.29782649407784056,2.5712796905749724,0.046296296296296294,unlabeled_target_features
39627839837834061,rvspecfit-main-bright-9.fits,18.223211,4585.609,4.679545,-0.26840124,target_evaluation,target_evaluation_shifted,coral_unlabeled,logg,2026,2.0,4.679544925689697,4.621184716025988,-0.05836020966370903,0.05836020966370903,4.488592644584745,0.4444444444444444,unlabeled_target_features
39627839829446786,rvspecfit-main-bright-9.fits,13.116069,3434.77,4.522116,0.022658512,target_evaluation,target_evaluation_shifted,coral_unlabeled,logg,2026,2.0,4.522116184234619,4.695629699925583,0.17351351569096352,0.17351351569096352,7.213938491316041,0.7166666666666667,unlabeled_target_features
39627845873438049,rvspecfit-main-bright-9.fits,21.684975,5177.2314,4.8784614,-0.70214164,target_evaluation,target_evaluation_shifted,coral_unlabeled,logg,2026,2.0,4.8784613609313965,4.73928293744723,-0.1391784234841662,0.1391784234841662,4.452810381088625,0.42962962962962964,unlabeled_target_features
39627845869247436,rvspecfit-main-bright-9.fits,65.567,6116.4717,3.9716609,-0.62627816,target_evaluation,target_evaluation_shifted,coral_unlabeled,logg,2026,2.0,3.971660852432251,4.496875407298407,0.5252145548661558,0.5252145548661558,2.089133052011743,0.007407407407407408,unlabeled_target_features
39627839833638184,rvspecfit-main-bright-9.fits,23.375196,3722.8513,4.692401,-0.5,target_evaluation,target_evaluation_shifted,coral_unlabeled,logg,2026,2.0,4.692400932312012,4.649056187371412,-0.043344744940600144,0.043344744940600144,4.565605685109625,0.45740740740740743,unlabeled_target_features
39627839837834062,rvspecfit-main-bright-9.fits,29.298006,3464.2122,4.331614,-0.21758264,target_evaluation,target_evaluation_shifted,coral_unlabeled,logg,2026,2.0,4.331614017486572,4.584463047881921,0.2528490303953488,0.2528490303953488,5.117662360139141,0.5296296296296297,unlabeled_target_features
39627845873435234,rvspecfit-main-bright-9.fits,44.133266,5946.902,4.733702,-0.44999155,target_evaluation,target_evaluation_shifted,coral_unlabeled,logg,2026,2.0,4.733702182769775,4.679736531873543,-0.05396565089623273,0.05396565089623273,2.7508935703078228,0.06111111111111111,unlabeled_target_features
39627803590661381,rvspecfit-main-bright-0.fits,28.50589,4480.691,4.253539,0.17412166,target_evaluation,target_evaluation_shifted,coral_unlabeled,feh,2026,2.0,0.1741216629743576,-0.2570428993270485,-0.4311645623014061,0.4311645623014061,5.1943341980227515,0.5370370370370371,unlabeled_target_features
39627797550864891,rvspecfit-main-bright-0.fits,14.311126,3968.126,4.493116,-0.6129776,target_evaluation,target_evaluation_shifted,coral_unlabeled,feh,2026,2.0,-0.6129776239395142,-0.35876446729615613,0.25421315664335803,0.25421315664335803,8.161753597288424,0.7759259259259259,unlabeled_target_features
39627785479657922,rvspecfit-main-bright-0.fits,23.107883,5525.6953,4.8475904,-0.8433948,target_evaluation,target_evaluation_shifted,coral_unlabeled,feh,2026,2.0,-0.8433948159217834,-0.9098011971987896,-0.06640638127700615,0.06640638127700615,3.84405477361581,0.31296296296296294,unlabeled_target_features
39627797550862010,rvspecfit-main-bright-0.fits,17.196161,5155.6426,4.86746,-0.74379873,target_evaluation,target_evaluation_shifted,coral_unlabeled,feh,2026,2.0,-0.7437987327575684,-0.762061552882208,-0.018262820124639645,0.018262820124639645,5.339871321607359,0.5574074074074075,unlabeled_target_features
39627803599047112,rvspecfit-main-bright-0.fits,26.322287,5086.4585,4.766821,-0.46503806,target_evaluation,target_evaluation_shifted,coral_unlabeled,feh,2026,2.0,-0.4650380611419678,-0.49764125593782693,-0.03260319479585916,0.03260319479585916,3.9063007232232834,0.32037037037037036,unlabeled_target_features
39627809643043009,rvspecfit-main-bright-0.fits,10.406952,4673.5483,4.4082108,-0.41964775,target_evaluation,target_evaluation_shifted,coral_unlabeled,feh,2026,2.0,-0.419647753238678,-0.6568128058397675,-0.23716505260108955,0.23716505260108955,7.6828860150503,0.7425925925925926,unlabeled_target_features
39627797571831121,rvspecfit-main-bright-0.fits,38.04706,5674.233,5.089847,-0.64886004,target_evaluation,target_evaluation_shifted,coral_unlabeled,feh,2026,2.0,-0.6488600373268127,-0.6133639431112011,0.03549609421561162,0.03549609421561162,2.3692548934174282,0.022222222222222223,unlabeled_target_features
39627821731021743,rvspecfit-main-bright-1.fits,32.808224,6012.902,4.0533924,-0.97668797,target_evaluation,target_evaluation_shifted,coral_unlabeled,feh,2026,2.0,-0.9766879677772522,-0.9886736610036415,-0.011985693226389316,0.011985693226389316,3.3253088029447704,0.17962962962962964,unlabeled_target_features
39627821731024542,rvspecfit-main-bright-1.fits,10.150132,3514.3335,4.795404,-9.54014e-09,target_evaluation,target_evaluation_shifted,coral_unlabeled,feh,2026,2.0,-9.540140233355032e-09,-0.10875226079255285,-0.10875225125241261,0.10875225125241261,7.494266295034199,0.7351851851851852,unlabeled_target_features
39627815691227637,rvspecfit-main-bright-1.fits,12.06874,5242.399,5.082218,-0.3883964,target_evaluation,target_evaluation_shifted,coral_unlabeled,feh,2026,2.0,-0.38839641213417053,-0.6123797394521282,-0.22398332731795767,0.22398332731795767,7.255425754393522,0.7185185185185186,unlabeled_target_features
39627815691227894,rvspecfit-main-bright-1.fits,16.81999,5900.0044,4.712105,-0.6586523,target_evaluation,target_evaluation_shifted,coral_unlabeled,feh,2026,2.0,-0.6586523056030273,-0.9538882986425018,-0.29523599303947445,0.29523599303947445,5.850088886370738,0.6074074074074074,unlabeled_target_features
39627815691224502,rvspecfit-main-bright-1.fits,15.9603815,5896.2236,4.731507,-1.1173238,target_evaluation,target_evaluation_shifted,coral_unlabeled,feh,2026,2.0,-1.1173237562179565,-1.2703898028291853,-0.1530660466112288,0.1530660466112288,4.842351716347116,0.4962962962962963,unlabeled_target_features
39627815703807705,rvspecfit-main-bright-1.fits,13.988191,3606.7092,4.674957,-0.09309976,target_evaluation,target_evaluation_shifted,coral_unlabeled,feh,2026,2.0,-0.09309975802898407,-0.22578100338036894,-0.13268124535138487,0.13268124535138487,9.034792059723257,0.8037037037037037,unlabeled_target_features
39627809651425857,rvspecfit-main-bright-1.fits,29.866762,5622.943,4.8139563,-0.37131092,target_evaluation,target_evaluation_shifted,coral_unlabeled,feh,2026,2.0,-0.37131091952323914,-0.6234158378898802,-0.25210491836664106,0.25210491836664106,4.6110786614379355,0.45925925925925926,unlabeled_target_features
39627803615825148,rvspecfit-main-bright-1.fits,12.816327,5113.739,2.2663527,-0.98540086,target_evaluation,target_evaluation_shifted,coral_unlabeled,feh,2026,2.0,-0.9854008555412292,-1.3679198659968796,-0.3825190104556504,0.3825190104556504,8.328044390067744,0.7796296296296297,unlabeled_target_features
39627815699615891,rvspecfit-main-bright-1.fits,18.43502,4220.126,4.723737,-1.3810121,target_evaluation,target_evaluation_shifted,coral_unlabeled,feh,2026,2.0,-1.3810120820999146,-0.680348887370589,0.7006631947293256,0.7006631947293256,6.2543602445787,0.6481481481481481,unlabeled_target_features
39627803590658022,rvspecfit-main-bright-2.fits,16.427069,3402.1553,4.6148133,-0.25,target_evaluation,target_evaluation_shifted,coral_unlabeled,feh,2026,2.0,-0.25,-0.06805240490081442,0.18194759509918557,0.18194759509918557,7.364349389020687,0.7277777777777777,unlabeled_target_features
39627821714244104,rvspecfit-main-bright-2.fits,23.581211,3939.141,4.8228536,0.04200729,target_evaluation,target_evaluation_shifted,coral_unlabeled,feh,2026,2.0,0.042007289826869965,-0.2715007758861848,-0.3135080657130548,0.3135080657130548,5.009015806455158,0.5222222222222223,unlabeled_target_features
39627815674447825,rvspecfit-main-bright-2.fits,12.42645,3848.9524,4.6892333,-0.37573263,target_evaluation,target_evaluation_shifted,coral_unlabeled,feh,2026,2.0,-0.3757326304912567,-0.29552417623803234,0.08020845425322437,0.08020845425322437,7.7171068065047255,0.7481481481481481,unlabeled_target_features
39627821705861343,rvspecfit-main-bright-2.fits,23.189272,5815.6016,4.2078815,-0.86157435,target_evaluation,target_evaluation_shifted,coral_unlabeled,feh,2026,2.0,-0.8615743517875671,-1.2279820358619828,-0.3664076840744157,0.3664076840744157,5.217841833514664,0.5407407407407407,unlabeled_target_features
39627821710049965,rvspecfit-main-bright-2.fits,24.613297,5314.402,3.0451887,-1.3697333,target_evaluation,target_evaluation_shifted,coral_unlabeled,feh,2026,2.0,-1.3697333335876465,-1.1607363190802373,0.20899701450740915,0.20899701450740915,5.121327414669467,0.5296296296296297,unlabeled_target_features
39627809622067402,rvspecfit-main-bright-2.fits,31.265646,6137.838,4.0774336,-1.2985094,target_evaluation,target_evaluation_shifted,coral_unlabeled,feh,2026,2.0,-1.2985093593597412,-1.5395196055248377,-0.24101024616509648,0.24101024616509648,3.9637186555640356,0.3333333333333333,unlabeled_target_features
39627809622066836,rvspecfit-main-bright-2.fits,15.522804,3970.5703,4.5469885,-0.63032347,target_evaluation,target_evaluation_shifted,coral_unlabeled,feh,2026,2.0,-0.6303234696388245,-0.43750476080010897,0.1928187088387155,0.1928187088387155,6.520873212940696,0.6777777777777778,unlabeled_target_features
39627809617878013,rvspecfit-main-bright-2.fits,31.116262,5462.681,5.1084437,-0.5318166,target_evaluation,target_evaluation_shifted,coral_unlabeled,feh,2026,2.0,-0.5318166017532349,-0.6518861282834162,-0.12006952653018133,0.12006952653018133,4.211181193418648,0.3888888888888889,unlabeled_target_features
39627815661869306,rvspecfit-main-bright-2.fits,12.123284,3522.1082,4.599729,-0.106358714,target_evaluation,target_evaluation_shifted,coral_unlabeled,feh,2026,2.0,-0.10635871440172195,-0.24137002376136515,-0.1350113093596432,0.1350113093596432,8.063070419758768,0.7703703703703704,unlabeled_target_features
39627803590657135,rvspecfit-main-bright-2.fits,16.43598,5378.66,4.766294,-0.32350528,target_evaluation,target_evaluation_shifted,coral_unlabeled,feh,2026,2.0,-0.3235052824020386,-0.6193807297355438,-0.29587544733350524,0.29587544733350524,6.186667076173586,0.6444444444444445,unlabeled_target_features
39627803590659709,rvspecfit-main-bright-2.fits,12.965964,3757.0525,4.6078687,-0.25,target_evaluation,target_evaluation_shifted,coral_unlabeled,feh,2026,2.0,-0.25,-0.18211380780150738,0.06788619219849262,0.06788619219849262,6.76507430907838,0.6925925925925925,unlabeled_target_features
39627803586463484,rvspecfit-main-bright-2.fits,31.973804,5079.818,2.5580812,-1.1764431,target_evaluation,target_evaluation_shifted,coral_unlabeled,feh,2026,2.0,-1.176443099975586,-1.2330860416125509,-0.05664294163696493,0.05664294163696493,4.980978809178598,0.5111111111111111,unlabeled_target_features
39627815661867184,rvspecfit-main-bright-2.fits,11.212901,5877.344,4.5,-0.87294865,target_evaluation,target_evaluation_shifted,coral_unlabeled,feh,2026,2.0,-0.8729486465454102,-0.9679564342592643,-0.0950077877138541,0.0950077877138541,5.9709862168811245,0.6203703703703703,unlabeled_target_features
39627821705858400,rvspecfit-main-bright-2.fits,28.417381,5869.313,4.42161,-0.59817594,target_evaluation,target_evaluation_shifted,coral_unlabeled,feh,2026,2.0,-0.5981759428977966,-0.7458798925119362,-0.14770394961413957,0.14770394961413957,4.484852163328445,0.4425925925925926,unlabeled_target_features
39627815666062822,rvspecfit-main-bright-2.fits,21.326593,4725.2007,4.828737,-0.48243913,target_evaluation,target_evaluation_shifted,coral_unlabeled,feh,2026,2.0,-0.4824391305446625,-0.4781450678522549,0.004294062692407563,0.004294062692407563,4.8303872147060645,0.4888888888888889,unlabeled_target_features
39627809634650742,rvspecfit-main-bright-2.fits,29.139715,5899.9976,4.5475526,-0.6766757,target_evaluation,target_evaluation_shifted,coral_unlabeled,feh,2026,2.0,-0.6766756772994995,-0.6511254356056452,0.025550241693854336,0.025550241693854336,4.084819699988011,0.3537037037037037,unlabeled_target_features
39627809630461078,rvspecfit-main-bright-2.fits,15.055974,5211.608,5.1218247,-0.6671269,target_evaluation,target_evaluation_shifted,coral_unlabeled,feh,2026,2.0,-0.6671268939971924,-0.5540401839208708,0.11308671007632154,0.11308671007632154,5.925696898393559,0.6185185185185185,unlabeled_target_features
39627821714245907,rvspecfit-main-bright-2.fits,10.977933,4366.539,4.231374,-0.31133905,target_evaluation,target_evaluation_shifted,coral_unlabeled,feh,2026,2.0,-0.31133905053138733,-0.5070434945120019,-0.1957044439806146,0.1957044439806146,6.733942685336873,0.6925925925925925,unlabeled_target_features
39627815670253220,rvspecfit-main-bright-2.fits,22.477627,5879.129,4.39243,-0.723626,target_evaluation,target_evaluation_shifted,coral_unlabeled,feh,2026,2.0,-0.7236260175704956,-0.7587141863810768,-0.03508816881058119,0.03508816881058119,4.877926217951469,0.4981481481481482,unlabeled_target_features
39627815670255646,rvspecfit-main-bright-2.fits,39.936398,4625.0684,4.7049537,-0.38005188,target_evaluation,target_evaluation_shifted,coral_unlabeled,feh,2026,2.0,-0.3800518810749054,-0.27898925568899174,0.10106262538591365,0.10106262538591365,4.390816151470333,0.4222222222222222,unlabeled_target_features
39627809622072149,rvspecfit-main-bright-2.fits,24.390818,4927.6396,4.850641,-0.33607587,target_evaluation,target_evaluation_shifted,coral_unlabeled,feh,2026,2.0,-0.33607587218284607,-0.5107140973296158,-0.17463822514676974,0.17463822514676974,4.7123015033176845,0.4740740740740741,unlabeled_target_features
39627839842027358,rvspecfit-main-bright-3.fits,24.140806,3398.4958,4.8100953,-3.0253883e-08,target_evaluation,target_evaluation_shifted,coral_unlabeled,feh,2026,2.0,-3.025388295441189e-08,-0.03644583944208772,-0.03644580918820477,0.03644580918820477,5.8827752041900165,0.6092592592592593,unlabeled_target_features
39627833793842886,rvspecfit-main-bright-3.fits,39.385548,5554.7554,4.770294,-0.47174188,target_evaluation,target_evaluation_shifted,coral_unlabeled,feh,2026,2.0,-0.4717418849468231,-0.7700556191289798,-0.2983137341821567,0.2983137341821567,3.870550881294365,0.3148148148148148,unlabeled_target_features
39627833798038562,rvspecfit-main-bright-3.fits,28.237612,5951.2617,4.267125,-0.8982497,target_evaluation,target_evaluation_shifted,coral_unlabeled,feh,2026,2.0,-0.8982496857643127,-1.0726993441161383,-0.17444965835182558,0.17444965835182558,3.7647645663842284,0.29259259259259257,unlabeled_target_features
39627827766625875,rvspecfit-main-bright-3.fits,25.357946,4335.492,4.686248,-0.4138596,target_evaluation,target_evaluation_shifted,coral_unlabeled,feh,2026,2.0,-0.41385960578918457,-0.29542949748873004,0.11843010830045453,0.11843010830045453,4.5446399803598245,0.45185185185185184,unlabeled_target_features
39627827770823696,rvspecfit-main-bright-3.fits,31.719215,4336.5527,4.3862042,0.22128439,target_evaluation,target_evaluation_shifted,coral_unlabeled,feh,2026,2.0,0.2212843894958496,-0.19292748429300297,-0.4142118737888526,0.4142118737888526,4.977110474230803,0.5111111111111111,unlabeled_target_features
39627833798034999,rvspecfit-main-bright-3.fits,17.041107,4075.3704,4.620044,-0.052925248,target_evaluation,target_evaluation_shifted,coral_unlabeled,feh,2026,2.0,-0.05292524769902229,-0.20007890273530898,-0.1471536550362867,0.1471536550362867,6.668919825443767,0.6851851851851852,unlabeled_target_features
39627833802234446,rvspecfit-main-bright-3.fits,21.432701,6195.4375,4.5,-2.0472734,target_evaluation,target_evaluation_shifted,coral_unlabeled,feh,2026,2.0,-2.0472733974456787,-1.525134996232026,0.5221384012136527,0.5221384012136527,3.5422415352100005,0.22592592592592592,unlabeled_target_features
39627833793843974,rvspecfit-main-bright-3.fits,40.123512,3609.6584,4.536659,-0.20593798,target_evaluation,target_evaluation_shifted,coral_unlabeled,feh,2026,2.0,-0.20593798160552979,-0.17360830574758815,0.03232967585794164,0.03232967585794164,3.7499165361416926,0.28888888888888886,unlabeled_target_features
39627821743607305,rvspecfit-main-bright-4.fits,38.73113,4629.5903,4.7259316,-0.11974044,target_evaluation,target_evaluation_shifted,coral_unlabeled,feh,2026,2.0,-0.11974044144153595,-0.27839832847091517,-0.15865788702937922,0.15865788702937922,3.4720908649376088,0.2037037037037037,unlabeled_target_features
39627821743608617,rvspecfit-main-bright-4.fits,14.83805,6469.1216,4.834329,-1.9999986,target_evaluation,target_evaluation_shifted,coral_unlabeled,feh,2026,2.0,-1.9999985694885254,-1.3852298212977283,0.6147687481907971,0.6147687481907971,5.772783040640335,0.6055555555555555,unlabeled_target_features
39627827783406885,rvspecfit-main-bright-4.fits,25.759974,3451.2712,4.5000005,6.0765877e-09,target_evaluation,target_evaluation_shifted,coral_unlabeled,feh,2026,2.0,6.076587677483758e-09,-0.012630074252865709,-0.012630080329453387,0.012630080329453387,4.718723078032958,0.4759259259259259,unlabeled_target_features
39627833819009327,rvspecfit-main-bright-4.fits,14.72425,5800.006,4.4179063,-0.41439247,target_evaluation,target_evaluation_shifted,coral_unlabeled,feh,2026,2.0,-0.41439247131347656,-0.7240365502006337,-0.30964407888715717,0.30964407888715717,6.002933068914145,0.6222222222222222,unlabeled_target_features
39627821747799263,rvspecfit-main-bright-4.fits,12.165322,6256.565,4.644997,-1.5297871,target_evaluation,target_evaluation_shifted,coral_unlabeled,feh,2026,2.0,-1.5297870635986328,-1.2053025227086624,0.32448454088997036,0.32448454088997036,5.281818771208172,0.5481481481481482,unlabeled_target_features
39627833823204203,rvspecfit-main-bright-4.fits,34.961163,4537.2896,4.6756153,-0.036325403,target_evaluation,target_evaluation_shifted,coral_unlabeled,feh,2026,2.0,-0.036325402557849884,-0.33132298091045775,-0.29499757835260787,0.29499757835260787,3.7933432766581,0.3,unlabeled_target_features
39627821735220946,rvspecfit-main-bright-4.fits,16.858812,3473.7603,4.656427,-0.7322211,target_evaluation,target_evaluation_shifted,coral_unlabeled,feh,2026,2.0,-0.7322211265563965,-0.1761982281057614,0.556022898450635,0.556022898450635,6.736281147823193,0.6925925925925925,unlabeled_target_features
39627833839977270,rvspecfit-main-bright-5.fits,22.707117,3847.4602,4.847961,-0.07507452,target_evaluation,target_evaluation_shifted,coral_unlabeled,feh,2026,2.0,-0.07507452368736267,-0.29270091362307893,-0.21762638993571626,0.21762638993571626,5.358719138327584,0.5592592592592592,unlabeled_target_features
39627845923766625,rvspecfit-main-bright-5.fits,25.341322,3959.5576,4.3476377,-0.7805401,target_evaluation,target_evaluation_shifted,coral_unlabeled,feh,2026,2.0,-0.7805401086807251,-0.48122219155375817,0.2993179171269669,0.2993179171269669,4.72081226712939,0.4759259259259259,unlabeled_target_features
39627839879775616,rvspecfit-main-bright-5.fits,43.97754,5813.363,4.760278,-1.1522388,target_evaluation,target_evaluation_shifted,coral_unlabeled,feh,2026,2.0,-1.1522388458251953,-0.7085502911902344,0.44368855463496093,0.44368855463496093,2.5160657113632485,0.040740740740740744,unlabeled_target_features
39627845919573600,rvspecfit-main-bright-5.fits,41.5082,6244.3022,4.3234587,-1.7500005,target_evaluation,target_evaluation_shifted,coral_unlabeled,feh,2026,2.0,-1.7500004768371582,-1.1874291570670905,0.5625713197700677,0.5625713197700677,2.486436447097572,0.040740740740740744,unlabeled_target_features
39627845915380471,rvspecfit-main-bright-5.fits,44.527607,3708.848,4.5635805,-0.6112659,target_evaluation,target_evaluation_shifted,coral_unlabeled,feh,2026,2.0,-0.6112658977508545,-0.2654266346516207,0.3458392630992338,0.3458392630992338,3.3414863742944916,0.18333333333333332,unlabeled_target_features
39627839875583467,rvspecfit-main-bright-5.fits,30.495152,3700.0,4.774045,2.0906618e-05,target_evaluation,target_evaluation_shifted,coral_unlabeled,feh,2026,2.0,2.0906618374283426e-05,-0.14607579853224284,-0.14609670515061712,0.14609670515061712,4.545635738959566,0.45185185185185184,unlabeled_target_features
39627833831591187,rvspecfit-main-bright-5.fits,14.973386,4433.752,4.873937,-0.6670582,target_evaluation,target_evaluation_shifted,coral_unlabeled,feh,2026,2.0,-0.6670582294464111,-0.3773209529969252,0.28973727644948594,0.28973727644948594,5.1294046103785895,0.5333333333333333,unlabeled_target_features
39627833835783596,rvspecfit-main-bright-5.fits,19.291912,4050.7817,4.467584,-0.6911538,target_evaluation,target_evaluation_shifted,coral_unlabeled,feh,2026,2.0,-0.6911538243293762,-0.3814026638469348,0.30975116048244145,0.30975116048244145,4.352452559936074,0.4166666666666667,unlabeled_target_features
39627845915383495,rvspecfit-main-bright-5.fits,10.922119,5638.3613,4.8552957,-0.6561243,target_evaluation,target_evaluation_shifted,coral_unlabeled,feh,2026,2.0,-0.6561242938041687,-0.6126547484205216,0.04346954538364711,0.04346954538364711,7.824966238177959,0.762962962962963,unlabeled_target_features
39627833810618447,rvspecfit-main-bright-6.fits,40.771164,6517.8154,4.6731167,-2.3132465,target_evaluation,target_evaluation_shifted,coral_unlabeled,feh,2026,2.0,-2.313246488571167,-1.2085215785354382,1.1047249100357288,1.1047249100357288,3.2275795325921335,0.15185185185185185,unlabeled_target_features
39627839850415811,rvspecfit-main-bright-6.fits,14.076207,5159.8643,4.866095,-0.5808288,target_evaluation,target_evaluation_shifted,coral_unlabeled,feh,2026,2.0,-0.5808287858963013,-0.5721603139883719,0.00866847190792941,0.00866847190792941,6.831175659055599,0.6962962962962963,unlabeled_target_features
39627845886020401,rvspecfit-main-bright-6.fits,13.033478,6121.208,4.152123,-0.96648407,target_evaluation,target_evaluation_shifted,coral_unlabeled,feh,2026,2.0,-0.9664840698242188,-1.2650508424142999,-0.29856677259008113,0.29856677259008113,6.791784803425178,0.6925925925925925,unlabeled_target_features
39627845886019547,rvspecfit-main-bright-6.fits,26.366577,5199.997,4.8886833,-0.30279285,target_evaluation,target_evaluation_shifted,coral_unlabeled,feh,2026,2.0,-0.30279284715652466,-0.5186377252940548,-0.21584487813753017,0.21584487813753017,4.886056457529565,0.4981481481481482,unlabeled_target_features
39627845886024355,rvspecfit-main-bright-6.fits,32.78284,5942.658,4.291933,-0.6273537,target_evaluation,target_evaluation_shifted,coral_unlabeled,feh,2026,2.0,-0.6273537278175354,-1.2624853847826194,-0.635131656965084,0.635131656965084,4.553705553442405,0.45555555555555555,unlabeled_target_features
39627827728880168,rvspecfit-main-bright-8.fits,11.884048,3643.9668,4.5368013,-0.5000001,target_evaluation,target_evaluation_shifted,coral_unlabeled,feh,2026,2.0,-0.5000001192092896,-0.20824366640305786,0.2917564528062317,0.2917564528062317,8.620913878191667,0.7833333333333333,unlabeled_target_features
39627827728881595,rvspecfit-main-bright-8.fits,11.067028,3715.3442,4.560988,-0.41314766,target_evaluation,target_evaluation_shifted,coral_unlabeled,feh,2026,2.0,-0.4131476581096649,-0.27264538391732984,0.14050227419233507,0.14050227419233507,6.070880234433099,0.6370370370370371,unlabeled_target_features
39627821693274753,rvspecfit-main-bright-8.fits,14.563165,4903.6562,4.7105637,-0.6856381,target_evaluation,target_evaluation_shifted,coral_unlabeled,feh,2026,2.0,-0.6856381297111511,-0.6268951233957581,0.058743006315392976,0.058743006315392976,6.308351091697879,0.65,unlabeled_target_features
39627833777063378,rvspecfit-main-bright-8.fits,36.156208,4865.3774,4.8829994,-0.2660883,target_evaluation,target_evaluation_shifted,coral_unlabeled,feh,2026,2.0,-0.2660883069038391,-0.5077800936950368,-0.24169178679119774,0.24169178679119774,4.586519428027104,0.45740740740740743,unlabeled_target_features
39627839816861389,rvspecfit-main-bright-8.fits,23.303087,5715.106,4.715221,-0.5199357,target_evaluation,target_evaluation_shifted,coral_unlabeled,feh,2026,2.0,-0.5199357271194458,-0.8851155380310697,-0.3651798109116239,0.3651798109116239,4.083286276124263,0.3537037037037037,unlabeled_target_features
39627833781259407,rvspecfit-main-bright-8.fits,22.830645,4481.9824,4.584956,-0.5631001,target_evaluation,target_evaluation_shifted,coral_unlabeled,feh,2026,2.0,-0.5631000995635986,-0.4506634375387247,0.11243666202487396,0.11243666202487396,6.159532721327398,0.6425925925925926,unlabeled_target_features
39627839812672682,rvspecfit-main-bright-8.fits,11.783399,5055.8506,5.161906,-1.1391282,target_evaluation,target_evaluation_shifted,coral_unlabeled,feh,2026,2.0,-1.1391282081604004,-0.6794000832858863,0.4597281248745141,0.4597281248745141,6.244312323493406,0.6481481481481481,unlabeled_target_features
39627827737264610,rvspecfit-main-bright-8.fits,51.15046,3715.6196,4.598353,-0.2972362,target_evaluation,target_evaluation_shifted,coral_unlabeled,feh,2026,2.0,-0.29723620414733887,-0.3301338758832559,-0.03289767173591701,0.03289767173591701,3.551711900492752,0.22777777777777777,unlabeled_target_features
39627827728877440,rvspecfit-main-bright-8.fits,36.33877,5575.7563,4.6957045,-0.07203574,target_evaluation,target_evaluation_shifted,coral_unlabeled,feh,2026,2.0,-0.07203573733568192,-0.5435361993429252,-0.47150046200724327,0.47150046200724327,3.327800700512523,0.17962962962962964,unlabeled_target_features
39627821693275169,rvspecfit-main-bright-8.fits,15.122388,5025.6157,4.4391804,-0.651436,target_evaluation,target_evaluation_shifted,coral_unlabeled,feh,2026,2.0,-0.6514359712600708,-0.6119586236997037,0.03947734756036714,0.03947734756036714,5.444216487091461,0.5666666666666667,unlabeled_target_features
39627839816865588,rvspecfit-main-bright-9.fits,10.728113,3960.8994,4.4292912,-0.4187252,target_evaluation,target_evaluation_shifted,coral_unlabeled,feh,2026,2.0,-0.4187251925468445,-0.5952616251200284,-0.17653643257318397,0.17653643257318397,7.824694368454455,0.762962962962963,unlabeled_target_features
39627839821055583,rvspecfit-main-bright-9.fits,13.759142,4015.057,4.523047,-0.5563418,target_evaluation,target_evaluation_shifted,coral_unlabeled,feh,2026,2.0,-0.556341826915741,-0.46700514025023343,0.08933668666550754,0.08933668666550754,6.167752351882318,0.6425925925925926,unlabeled_target_features
39627845865046248,rvspecfit-main-bright-9.fits,12.871122,3645.7952,4.8327327,0.2286792,target_evaluation,target_evaluation_shifted,coral_unlabeled,feh,2026,2.0,0.22867919504642487,-0.050178086474837305,-0.27885728152126216,0.27885728152126216,7.7650654256949725,0.7537037037037037,unlabeled_target_features
39627845860853503,rvspecfit-main-bright-9.fits,26.803902,5411.7363,4.7129574,-0.54156125,target_evaluation,target_evaluation_shifted,coral_unlabeled,feh,2026,2.0,-0.5415612459182739,-0.5771593058078238,-0.03559805988954989,0.03559805988954989,3.303022769778974,0.17592592592592593,unlabeled_target_features
39627833785455822,rvspecfit-main-bright-9.fits,19.493109,3852.0898,4.842148,-0.25,target_evaluation,target_evaluation_shifted,coral_unlabeled,feh,2026,2.0,-0.25,-0.12063901937190048,0.12936098062809953,0.12936098062809953,5.20415315140709,0.5407407407407407,unlabeled_target_features
39627851909045330,rvspecfit-main-bright-9.fits,22.31135,5862.414,4.257343,-0.67050207,target_evaluation,target_evaluation_shifted,coral_unlabeled,feh,2026,2.0,-0.6705020666122437,-1.1817311132904451,-0.5112290466782015,0.5112290466782015,5.0761784951124005,0.5259259259259259,unlabeled_target_features
39627851913232720,rvspecfit-main-bright-9.fits,38.27888,4340.273,4.7055964,-0.32321364,target_evaluation,target_evaluation_shifted,coral_unlabeled,feh,2026,2.0,-0.3232136368751526,-0.24556435451714492,0.07764928235800767,0.07764928235800767,3.5247253524534137,0.21851851851851853,unlabeled_target_features
39627845869245534,rvspecfit-main-bright-9.fits,44.033375,6095.794,4.289099,-0.5429145,target_evaluation,target_evaluation_shifted,coral_unlabeled,feh,2026,2.0,-0.5429145097732544,-0.6305697960142667,-0.08765528624101226,0.08765528624101226,2.5712796905749724,0.046296296296296294,unlabeled_target_features
39627839837834061,rvspecfit-main-bright-9.fits,18.223211,4585.609,4.679545,-0.26840124,target_evaluation,target_evaluation_shifted,coral_unlabeled,feh,2026,2.0,-0.26840123534202576,-0.35883788741593825,-0.0904366520739125,0.0904366520739125,4.488592644584745,0.4444444444444444,unlabeled_target_features
39627839829446786,rvspecfit-main-bright-9.fits,13.116069,3434.77,4.522116,0.022658512,target_evaluation,target_evaluation_shifted,coral_unlabeled,feh,2026,2.0,0.022658511996269226,0.02956722796171847,0.006908715965449244,0.006908715965449244,7.213938491316041,0.7166666666666667,unlabeled_target_features
39627845873438049,rvspecfit-main-bright-9.fits,21.684975,5177.2314,4.8784614,-0.70214164,target_evaluation,target_evaluation_shifted,coral_unlabeled,feh,2026,2.0,-0.7021416425704956,-0.668334865604217,0.03380677696627865,0.03380677696627865,4.452810381088625,0.42962962962962964,unlabeled_target_features
39627845869247436,rvspecfit-main-bright-9.fits,65.567,6116.4717,3.9716609,-0.62627816,target_evaluation,target_evaluation_shifted,coral_unlabeled,feh,2026,2.0,-0.6262781620025635,-0.8718550156429415,-0.24557685364037807,0.24557685364037807,2.089133052011743,0.007407407407407408,unlabeled_target_features
39627839833638184,rvspecfit-main-bright-9.fits,23.375196,3722.8513,4.692401,-0.5,target_evaluation,target_evaluation_shifted,coral_unlabeled,feh,2026,2.0,-0.5,-0.2302076156699646,0.2697923843300354,0.2697923843300354,4.565605685109625,0.45740740740740743,unlabeled_target_features
39627839837834062,rvspecfit-main-bright-9.fits,29.298006,3464.2122,4.331614,-0.21758264,target_evaluation,target_evaluation_shifted,coral_unlabeled,feh,2026,2.0,-0.21758264303207397,-0.11011370969063519,0.10746893334143878,0.10746893334143878,5.117662360139141,0.5296296296296297,unlabeled_target_features
39627845873435234,rvspecfit-main-bright-9.fits,44.133266,5946.902,4.733702,-0.44999155,target_evaluation,target_evaluation_shifted,coral_unlabeled,feh,2026,2.0,-0.4499915540218353,-0.6889278214805324,-0.23893626745869712,0.23893626745869712,2.7508935703078228,0.06111111111111111,unlabeled_target_features
39627803590661381,rvspecfit-main-bright-0.fits,28.50589,4480.691,4.253539,0.17412166,target_evaluation,target_evaluation_shifted,source_plus_target_retrained,teff,2026,2.0,4480.69091796875,4258.627402284223,-222.06351568452737,222.06351568452737,5.1943341980227515,0.5370370370370371,labeled_target
39627797550864891,rvspecfit-main-bright-0.fits,14.311126,3968.126,4.493116,-0.6129776,target_evaluation,target_evaluation_shifted,source_plus_target_retrained,teff,2026,2.0,3968.1259765625,4135.173599739216,167.04762317671612,167.04762317671612,8.161753597288424,0.7759259259259259,labeled_target
39627785479657922,rvspecfit-main-bright-0.fits,23.107883,5525.6953,4.8475904,-0.8433948,target_evaluation,target_evaluation_shifted,source_plus_target_retrained,teff,2026,2.0,5525.6953125,5806.587763904394,280.8924514043938,280.8924514043938,3.84405477361581,0.31296296296296294,labeled_target
39627797550862010,rvspecfit-main-bright-0.fits,17.196161,5155.6426,4.86746,-0.74379873,target_evaluation,target_evaluation_shifted,source_plus_target_retrained,teff,2026,2.0,5155.642578125,5456.540224370712,300.89764624571217,300.89764624571217,5.339871321607359,0.5574074074074075,labeled_target
39627803599047112,rvspecfit-main-bright-0.fits,26.322287,5086.4585,4.766821,-0.46503806,target_evaluation,target_evaluation_shifted,source_plus_target_retrained,teff,2026,2.0,5086.45849609375,4985.299318448021,-101.15917764572896,101.15917764572896,3.9063007232232834,0.32037037037037036,labeled_target
39627809643043009,rvspecfit-main-bright-0.fits,10.406952,4673.5483,4.4082108,-0.41964775,target_evaluation,target_evaluation_shifted,source_plus_target_retrained,teff,2026,2.0,4673.54833984375,5096.747854759859,423.19951491610937,423.19951491610937,7.6828860150503,0.7425925925925926,labeled_target
39627797571831121,rvspecfit-main-bright-0.fits,38.04706,5674.233,5.089847,-0.64886004,target_evaluation,target_evaluation_shifted,source_plus_target_retrained,teff,2026,2.0,5674.23291015625,5580.109840099067,-94.12307005718321,94.12307005718321,2.3692548934174282,0.022222222222222223,labeled_target
39627821731021743,rvspecfit-main-bright-1.fits,32.808224,6012.902,4.0533924,-0.97668797,target_evaluation,target_evaluation_shifted,source_plus_target_retrained,teff,2026,2.0,6012.90185546875,5934.857443975094,-78.0444114936563,78.0444114936563,3.3253088029447704,0.17962962962962964,labeled_target
39627821731024542,rvspecfit-main-bright-1.fits,10.150132,3514.3335,4.795404,-9.54014e-09,target_evaluation,target_evaluation_shifted,source_plus_target_retrained,teff,2026,2.0,3514.33349609375,3553.7437778056496,39.41028171189964,39.41028171189964,7.494266295034199,0.7351851851851852,labeled_target
39627815691227637,rvspecfit-main-bright-1.fits,12.06874,5242.399,5.082218,-0.3883964,target_evaluation,target_evaluation_shifted,source_plus_target_retrained,teff,2026,2.0,5242.39892578125,5345.28405026558,102.88512448432994,102.88512448432994,7.255425754393522,0.7185185185185186,labeled_target
39627815691227894,rvspecfit-main-bright-1.fits,16.81999,5900.0044,4.712105,-0.6586523,target_evaluation,target_evaluation_shifted,source_plus_target_retrained,teff,2026,2.0,5900.00439453125,5549.777414871051,-350.2269796601986,350.2269796601986,5.850088886370738,0.6074074074074074,labeled_target
39627815691224502,rvspecfit-main-bright-1.fits,15.9603815,5896.2236,4.731507,-1.1173238,target_evaluation,target_evaluation_shifted,source_plus_target_retrained,teff,2026,2.0,5896.2236328125,5748.384631900995,-147.83900091150463,147.83900091150463,4.842351716347116,0.4962962962962963,labeled_target
39627815703807705,rvspecfit-main-bright-1.fits,13.988191,3606.7092,4.674957,-0.09309976,target_evaluation,target_evaluation_shifted,source_plus_target_retrained,teff,2026,2.0,3606.709228515625,3629.424787720898,22.715559205273166,22.715559205273166,9.034792059723257,0.8037037037037037,labeled_target
39627809651425857,rvspecfit-main-bright-1.fits,29.866762,5622.943,4.8139563,-0.37131092,target_evaluation,target_evaluation_shifted,source_plus_target_retrained,teff,2026,2.0,5622.94287109375,5570.019995562097,-52.92287553165261,52.92287553165261,4.6110786614379355,0.45925925925925926,labeled_target
39627803615825148,rvspecfit-main-bright-1.fits,12.816327,5113.739,2.2663527,-0.98540086,target_evaluation,target_evaluation_shifted,source_plus_target_retrained,teff,2026,2.0,5113.73876953125,5558.2832845588655,444.5445150276155,444.5445150276155,8.328044390067744,0.7796296296296297,labeled_target
39627815699615891,rvspecfit-main-bright-1.fits,18.43502,4220.126,4.723737,-1.3810121,target_evaluation,target_evaluation_shifted,source_plus_target_retrained,teff,2026,2.0,4220.1259765625,5129.716923951368,909.5909473888678,909.5909473888678,6.2543602445787,0.6481481481481481,labeled_target
39627803590658022,rvspecfit-main-bright-2.fits,16.427069,3402.1553,4.6148133,-0.25,target_evaluation,target_evaluation_shifted,source_plus_target_retrained,teff,2026,2.0,3402.1552734375,3541.596068016861,139.44079457936095,139.44079457936095,7.364349389020687,0.7277777777777777,labeled_target
39627821714244104,rvspecfit-main-bright-2.fits,23.581211,3939.141,4.8228536,0.04200729,target_evaluation,target_evaluation_shifted,source_plus_target_retrained,teff,2026,2.0,3939.14111328125,3964.156409383084,25.015296101833883,25.015296101833883,5.009015806455158,0.5222222222222223,labeled_target
39627815674447825,rvspecfit-main-bright-2.fits,12.42645,3848.9524,4.6892333,-0.37573263,target_evaluation,target_evaluation_shifted,source_plus_target_retrained,teff,2026,2.0,3848.952392578125,3961.4847472415127,112.53235466338765,112.53235466338765,7.7171068065047255,0.7481481481481481,labeled_target
39627821705861343,rvspecfit-main-bright-2.fits,23.189272,5815.6016,4.2078815,-0.86157435,target_evaluation,target_evaluation_shifted,source_plus_target_retrained,teff,2026,2.0,5815.6015625,5833.9740382284635,18.37247572846354,18.37247572846354,5.217841833514664,0.5407407407407407,labeled_target
39627821710049965,rvspecfit-main-bright-2.fits,24.613297,5314.402,3.0451887,-1.3697333,target_evaluation,target_evaluation_shifted,source_plus_target_retrained,teff,2026,2.0,5314.40185546875,5891.256138955697,576.8542834869468,576.8542834869468,5.121327414669467,0.5296296296296297,labeled_target
39627809622067402,rvspecfit-main-bright-2.fits,31.265646,6137.838,4.0774336,-1.2985094,target_evaluation,target_evaluation_shifted,source_plus_target_retrained,teff,2026,2.0,6137.837890625,6025.400093258029,-112.4377973669707,112.4377973669707,3.9637186555640356,0.3333333333333333,labeled_target
39627809622066836,rvspecfit-main-bright-2.fits,15.522804,3970.5703,4.5469885,-0.63032347,target_evaluation,target_evaluation_shifted,source_plus_target_retrained,teff,2026,2.0,3970.5703125,4150.242486025072,179.67217352507214,179.67217352507214,6.520873212940696,0.6777777777777778,labeled_target
39627809617878013,rvspecfit-main-bright-2.fits,31.116262,5462.681,5.1084437,-0.5318166,target_evaluation,target_evaluation_shifted,source_plus_target_retrained,teff,2026,2.0,5462.68115234375,5551.729759684695,89.04860734094473,89.04860734094473,4.211181193418648,0.3888888888888889,labeled_target
39627815661869306,rvspecfit-main-bright-2.fits,12.123284,3522.1082,4.599729,-0.106358714,target_evaluation,target_evaluation_shifted,source_plus_target_retrained,teff,2026,2.0,3522.108154296875,3587.6765807521388,65.56842645526376,65.56842645526376,8.063070419758768,0.7703703703703704,labeled_target
39627803590657135,rvspecfit-main-bright-2.fits,16.43598,5378.66,4.766294,-0.32350528,target_evaluation,target_evaluation_shifted,source_plus_target_retrained,teff,2026,2.0,5378.66015625,5266.709763578197,-111.95039267180255,111.95039267180255,6.186667076173586,0.6444444444444445,labeled_target
39627803590659709,rvspecfit-main-bright-2.fits,12.965964,3757.0525,4.6078687,-0.25,target_evaluation,target_evaluation_shifted,source_plus_target_retrained,teff,2026,2.0,3757.052490234375,3851.559650983144,94.50716074876891,94.50716074876891,6.76507430907838,0.6925925925925925,labeled_target
39627803586463484,rvspecfit-main-bright-2.fits,31.973804,5079.818,2.5580812,-1.1764431,target_evaluation,target_evaluation_shifted,source_plus_target_retrained,teff,2026,2.0,5079.81787109375,5742.753152882781,662.9352817890313,662.9352817890313,4.980978809178598,0.5111111111111111,labeled_target
39627815661867184,rvspecfit-main-bright-2.fits,11.212901,5877.344,4.5,-0.87294865,target_evaluation,target_evaluation_shifted,source_plus_target_retrained,teff,2026,2.0,5877.34423828125,5787.6708515293,-89.67338675194969,89.67338675194969,5.9709862168811245,0.6203703703703703,labeled_target
39627821705858400,rvspecfit-main-bright-2.fits,28.417381,5869.313,4.42161,-0.59817594,target_evaluation,target_evaluation_shifted,source_plus_target_retrained,teff,2026,2.0,5869.31298828125,5851.713573569275,-17.59941471197544,17.59941471197544,4.484852163328445,0.4425925925925926,labeled_target
39627815666062822,rvspecfit-main-bright-2.fits,21.326593,4725.2007,4.828737,-0.48243913,target_evaluation,target_evaluation_shifted,source_plus_target_retrained,teff,2026,2.0,4725.20068359375,4566.536812486473,-158.66387110727737,158.66387110727737,4.8303872147060645,0.4888888888888889,labeled_target
39627809634650742,rvspecfit-main-bright-2.fits,29.139715,5899.9976,4.5475526,-0.6766757,target_evaluation,target_evaluation_shifted,source_plus_target_retrained,teff,2026,2.0,5899.99755859375,5874.961085068705,-25.03647352504504,25.03647352504504,4.084819699988011,0.3537037037037037,labeled_target
39627809630461078,rvspecfit-main-bright-2.fits,15.055974,5211.608,5.1218247,-0.6671269,target_evaluation,target_evaluation_shifted,source_plus_target_retrained,teff,2026,2.0,5211.60791015625,4918.708962748042,-292.8989474082082,292.8989474082082,5.925696898393559,0.6185185185185185,labeled_target
39627821714245907,rvspecfit-main-bright-2.fits,10.977933,4366.539,4.231374,-0.31133905,target_evaluation,target_evaluation_shifted,source_plus_target_retrained,teff,2026,2.0,4366.5390625,4409.2846886105945,42.74562611059446,42.74562611059446,6.733942685336873,0.6925925925925925,labeled_target
39627815670253220,rvspecfit-main-bright-2.fits,22.477627,5879.129,4.39243,-0.723626,target_evaluation,target_evaluation_shifted,source_plus_target_retrained,teff,2026,2.0,5879.12890625,5590.013199493633,-289.1157067563672,289.1157067563672,4.877926217951469,0.4981481481481482,labeled_target
39627815670255646,rvspecfit-main-bright-2.fits,39.936398,4625.0684,4.7049537,-0.38005188,target_evaluation,target_evaluation_shifted,source_plus_target_retrained,teff,2026,2.0,4625.068359375,4618.036017255679,-7.032342119320674,7.032342119320674,4.390816151470333,0.4222222222222222,labeled_target
39627809622072149,rvspecfit-main-bright-2.fits,24.390818,4927.6396,4.850641,-0.33607587,target_evaluation,target_evaluation_shifted,source_plus_target_retrained,teff,2026,2.0,4927.6396484375,4843.250441734119,-84.3892067033812,84.3892067033812,4.7123015033176845,0.4740740740740741,labeled_target
39627839842027358,rvspecfit-main-bright-3.fits,24.140806,3398.4958,4.8100953,-3.0253883e-08,target_evaluation,target_evaluation_shifted,source_plus_target_retrained,teff,2026,2.0,3398.495849609375,3460.2080251002044,61.712175490829395,61.712175490829395,5.8827752041900165,0.6092592592592593,labeled_target
39627833793842886,rvspecfit-main-bright-3.fits,39.385548,5554.7554,4.770294,-0.47174188,target_evaluation,target_evaluation_shifted,source_plus_target_retrained,teff,2026,2.0,5554.75537109375,5426.639335445084,-128.11603564866618,128.11603564866618,3.870550881294365,0.3148148148148148,labeled_target
39627833798038562,rvspecfit-main-bright-3.fits,28.237612,5951.2617,4.267125,-0.8982497,target_evaluation,target_evaluation_shifted,source_plus_target_retrained,teff,2026,2.0,5951.26171875,5922.332997441,-28.92872130900014,28.92872130900014,3.7647645663842284,0.29259259259259257,labeled_target
39627827766625875,rvspecfit-main-bright-3.fits,25.357946,4335.492,4.686248,-0.4138596,target_evaluation,target_evaluation_shifted,source_plus_target_retrained,teff,2026,2.0,4335.4921875,4259.277426497352,-76.21476100264772,76.21476100264772,4.5446399803598245,0.45185185185185184,labeled_target
39627827770823696,rvspecfit-main-bright-3.fits,31.719215,4336.5527,4.3862042,0.22128439,target_evaluation,target_evaluation_shifted,source_plus_target_retrained,teff,2026,2.0,4336.552734375,4155.37323887556,-181.17949549944024,181.17949549944024,4.977110474230803,0.5111111111111111,labeled_target
39627833798034999,rvspecfit-main-bright-3.fits,17.041107,4075.3704,4.620044,-0.052925248,target_evaluation,target_evaluation_shifted,source_plus_target_retrained,teff,2026,2.0,4075.370361328125,4065.719730194427,-9.65063113369797,9.65063113369797,6.668919825443767,0.6851851851851852,labeled_target
39627833802234446,rvspecfit-main-bright-3.fits,21.432701,6195.4375,4.5,-2.0472734,target_evaluation,target_evaluation_shifted,source_plus_target_retrained,teff,2026,2.0,6195.4375,5956.461899518583,-238.97560048141713,238.97560048141713,3.5422415352100005,0.22592592592592592,labeled_target
39627833793843974,rvspecfit-main-bright-3.fits,40.123512,3609.6584,4.536659,-0.20593798,target_evaluation,target_evaluation_shifted,source_plus_target_retrained,teff,2026,2.0,3609.658447265625,3716.7027977660455,107.04435050042048,107.04435050042048,3.7499165361416926,0.28888888888888886,labeled_target
39627821743607305,rvspecfit-main-bright-4.fits,38.73113,4629.5903,4.7259316,-0.11974044,target_evaluation,target_evaluation_shifted,source_plus_target_retrained,teff,2026,2.0,4629.59033203125,4521.49731868702,-108.0930133442298,108.0930133442298,3.4720908649376088,0.2037037037037037,labeled_target
39627821743608617,rvspecfit-main-bright-4.fits,14.83805,6469.1216,4.834329,-1.9999986,target_evaluation,target_evaluation_shifted,source_plus_target_retrained,teff,2026,2.0,6469.12158203125,6122.492116321382,-346.6294657098679,346.6294657098679,5.772783040640335,0.6055555555555555,labeled_target
39627827783406885,rvspecfit-main-bright-4.fits,25.759974,3451.2712,4.5000005,6.0765877e-09,target_evaluation,target_evaluation_shifted,source_plus_target_retrained,teff,2026,2.0,3451.271240234375,3432.9570462919232,-18.314193942451766,18.314193942451766,4.718723078032958,0.4759259259259259,labeled_target
39627833819009327,rvspecfit-main-bright-4.fits,14.72425,5800.006,4.4179063,-0.41439247,target_evaluation,target_evaluation_shifted,source_plus_target_retrained,teff,2026,2.0,5800.005859375,5659.550877791743,-140.454981583257,140.454981583257,6.002933068914145,0.6222222222222222,labeled_target
39627821747799263,rvspecfit-main-bright-4.fits,12.165322,6256.565,4.644997,-1.5297871,target_evaluation,target_evaluation_shifted,source_plus_target_retrained,teff,2026,2.0,6256.56494140625,5654.470086524599,-602.0948548816514,602.0948548816514,5.281818771208172,0.5481481481481482,labeled_target
39627833823204203,rvspecfit-main-bright-4.fits,34.961163,4537.2896,4.6756153,-0.036325403,target_evaluation,target_evaluation_shifted,source_plus_target_retrained,teff,2026,2.0,4537.28955078125,4279.155382780696,-258.1341680005544,258.1341680005544,3.7933432766581,0.3,labeled_target
39627821735220946,rvspecfit-main-bright-4.fits,16.858812,3473.7603,4.656427,-0.7322211,target_evaluation,target_evaluation_shifted,source_plus_target_retrained,teff,2026,2.0,3473.76025390625,3526.183754341489,52.42350043523902,52.42350043523902,6.736281147823193,0.6925925925925925,labeled_target
39627833839977270,rvspecfit-main-bright-5.fits,22.707117,3847.4602,4.847961,-0.07507452,target_evaluation,target_evaluation_shifted,source_plus_target_retrained,teff,2026,2.0,3847.460205078125,3709.959389409214,-137.50081566891095,137.50081566891095,5.358719138327584,0.5592592592592592,labeled_target
39627845923766625,rvspecfit-main-bright-5.fits,25.341322,3959.5576,4.3476377,-0.7805401,target_evaluation,target_evaluation_shifted,source_plus_target_retrained,teff,2026,2.0,3959.5576171875,4221.189392308385,261.6317751208853,261.6317751208853,4.72081226712939,0.4759259259259259,labeled_target
39627839879775616,rvspecfit-main-bright-5.fits,43.97754,5813.363,4.760278,-1.1522388,target_evaluation,target_evaluation_shifted,source_plus_target_retrained,teff,2026,2.0,5813.36279296875,5935.916766523426,122.5539735546763,122.5539735546763,2.5160657113632485,0.040740740740740744,labeled_target
39627845919573600,rvspecfit-main-bright-5.fits,41.5082,6244.3022,4.3234587,-1.7500005,target_evaluation,target_evaluation_shifted,source_plus_target_retrained,teff,2026,2.0,6244.30224609375,6004.841824583956,-239.4604215097943,239.4604215097943,2.486436447097572,0.040740740740740744,labeled_target
39627845915380471,rvspecfit-main-bright-5.fits,44.527607,3708.848,4.5635805,-0.6112659,target_evaluation,target_evaluation_shifted,source_plus_target_retrained,teff,2026,2.0,3708.847900390625,3729.7764365794983,20.928536188873295,20.928536188873295,3.3414863742944916,0.18333333333333332,labeled_target
39627839875583467,rvspecfit-main-bright-5.fits,30.495152,3700.0,4.774045,2.0906618e-05,target_evaluation,target_evaluation_shifted,source_plus_target_retrained,teff,2026,2.0,3700.0,3599.666317619072,-100.33368238092817,100.33368238092817,4.545635738959566,0.45185185185185184,labeled_target
39627833831591187,rvspecfit-main-bright-5.fits,14.973386,4433.752,4.873937,-0.6670582,target_evaluation,target_evaluation_shifted,source_plus_target_retrained,teff,2026,2.0,4433.751953125,4543.952109275511,110.20015615051125,110.20015615051125,5.1294046103785895,0.5333333333333333,labeled_target
39627833835783596,rvspecfit-main-bright-5.fits,19.291912,4050.7817,4.467584,-0.6911538,target_evaluation,target_evaluation_shifted,source_plus_target_retrained,teff,2026,2.0,4050.78173828125,4174.0315630033165,123.24982472206648,123.24982472206648,4.352452559936074,0.4166666666666667,labeled_target
39627845915383495,rvspecfit-main-bright-5.fits,10.922119,5638.3613,4.8552957,-0.6561243,target_evaluation,target_evaluation_shifted,source_plus_target_retrained,teff,2026,2.0,5638.361328125,5351.537700133831,-286.8236279911689,286.8236279911689,7.824966238177959,0.762962962962963,labeled_target
39627833810618447,rvspecfit-main-bright-6.fits,40.771164,6517.8154,4.6731167,-2.3132465,target_evaluation,target_evaluation_shifted,source_plus_target_retrained,teff,2026,2.0,6517.8154296875,5860.839776173686,-656.975653513814,656.975653513814,3.2275795325921335,0.15185185185185185,labeled_target
39627839850415811,rvspecfit-main-bright-6.fits,14.076207,5159.8643,4.866095,-0.5808288,target_evaluation,target_evaluation_shifted,source_plus_target_retrained,teff,2026,2.0,5159.8642578125,5298.895811191601,139.03155337910084,139.03155337910084,6.831175659055599,0.6962962962962963,labeled_target
39627845886020401,rvspecfit-main-bright-6.fits,13.033478,6121.208,4.152123,-0.96648407,target_evaluation,target_evaluation_shifted,source_plus_target_retrained,teff,2026,2.0,6121.2080078125,5826.704596846586,-294.50341096591364,294.50341096591364,6.791784803425178,0.6925925925925925,labeled_target
39627845886019547,rvspecfit-main-bright-6.fits,26.366577,5199.997,4.8886833,-0.30279285,target_evaluation,target_evaluation_shifted,source_plus_target_retrained,teff,2026,2.0,5199.9970703125,5164.582946818427,-35.414123494072555,35.414123494072555,4.886056457529565,0.4981481481481482,labeled_target
39627845886024355,rvspecfit-main-bright-6.fits,32.78284,5942.658,4.291933,-0.6273537,target_evaluation,target_evaluation_shifted,source_plus_target_retrained,teff,2026,2.0,5942.658203125,5884.283826084904,-58.37437704009608,58.37437704009608,4.553705553442405,0.45555555555555555,labeled_target
39627827728880168,rvspecfit-main-bright-8.fits,11.884048,3643.9668,4.5368013,-0.5000001,target_evaluation,target_evaluation_shifted,source_plus_target_retrained,teff,2026,2.0,3643.966796875,3660.8337612118567,16.866964336856654,16.866964336856654,8.620913878191667,0.7833333333333333,labeled_target
39627827728881595,rvspecfit-main-bright-8.fits,11.067028,3715.3442,4.560988,-0.41314766,target_evaluation,target_evaluation_shifted,source_plus_target_retrained,teff,2026,2.0,3715.34423828125,3869.5452189678135,154.20098068656353,154.20098068656353,6.070880234433099,0.6370370370370371,labeled_target
39627821693274753,rvspecfit-main-bright-8.fits,14.563165,4903.6562,4.7105637,-0.6856381,target_evaluation,target_evaluation_shifted,source_plus_target_retrained,teff,2026,2.0,4903.65625,5120.113758264059,216.45750826405856,216.45750826405856,6.308351091697879,0.65,labeled_target
39627833777063378,rvspecfit-main-bright-8.fits,36.156208,4865.3774,4.8829994,-0.2660883,target_evaluation,target_evaluation_shifted,source_plus_target_retrained,teff,2026,2.0,4865.37744140625,4780.402604960349,-84.97483644590102,84.97483644590102,4.586519428027104,0.45740740740740743,labeled_target
39627839816861389,rvspecfit-main-bright-8.fits,23.303087,5715.106,4.715221,-0.5199357,target_evaluation,target_evaluation_shifted,source_plus_target_retrained,teff,2026,2.0,5715.10595703125,5611.669276426546,-103.43668060470372,103.43668060470372,4.083286276124263,0.3537037037037037,labeled_target
39627833781259407,rvspecfit-main-bright-8.fits,22.830645,4481.9824,4.584956,-0.5631001,target_evaluation,target_evaluation_shifted,source_plus_target_retrained,teff,2026,2.0,4481.982421875,4657.438778075616,175.45635620061603,175.45635620061603,6.159532721327398,0.6425925925925926,labeled_target
39627839812672682,rvspecfit-main-bright-8.fits,11.783399,5055.8506,5.161906,-1.1391282,target_evaluation,target_evaluation_shifted,source_plus_target_retrained,teff,2026,2.0,5055.8505859375,5362.539098652151,306.68851271465064,306.68851271465064,6.244312323493406,0.6481481481481481,labeled_target
39627827737264610,rvspecfit-main-bright-8.fits,51.15046,3715.6196,4.598353,-0.2972362,target_evaluation,target_evaluation_shifted,source_plus_target_retrained,teff,2026,2.0,3715.61962890625,3727.2375993648975,11.617970458647505,11.617970458647505,3.551711900492752,0.22777777777777777,labeled_target
39627827728877440,rvspecfit-main-bright-8.fits,36.33877,5575.7563,4.6957045,-0.07203574,target_evaluation,target_evaluation_shifted,source_plus_target_retrained,teff,2026,2.0,5575.75634765625,5439.455487968808,-136.30085968744243,136.30085968744243,3.327800700512523,0.17962962962962964,labeled_target
39627821693275169,rvspecfit-main-bright-8.fits,15.122388,5025.6157,4.4391804,-0.651436,target_evaluation,target_evaluation_shifted,source_plus_target_retrained,teff,2026,2.0,5025.61572265625,5123.178506386727,97.56278373047735,97.56278373047735,5.444216487091461,0.5666666666666667,labeled_target
39627839816865588,rvspecfit-main-bright-9.fits,10.728113,3960.8994,4.4292912,-0.4187252,target_evaluation,target_evaluation_shifted,source_plus_target_retrained,teff,2026,2.0,3960.8994140625,4287.264371777489,326.36495771498903,326.36495771498903,7.824694368454455,0.762962962962963,labeled_target
39627839821055583,rvspecfit-main-bright-9.fits,13.759142,4015.057,4.523047,-0.5563418,target_evaluation,target_evaluation_shifted,source_plus_target_retrained,teff,2026,2.0,4015.056884765625,4211.314916982686,196.25803221706065,196.25803221706065,6.167752351882318,0.6425925925925926,labeled_target
39627845865046248,rvspecfit-main-bright-9.fits,12.871122,3645.7952,4.8327327,0.2286792,target_evaluation,target_evaluation_shifted,source_plus_target_retrained,teff,2026,2.0,3645.795166015625,3537.0380702815887,-108.75709573403628,108.75709573403628,7.7650654256949725,0.7537037037037037,labeled_target
39627845860853503,rvspecfit-main-bright-9.fits,26.803902,5411.7363,4.7129574,-0.54156125,target_evaluation,target_evaluation_shifted,source_plus_target_retrained,teff,2026,2.0,5411.736328125,5536.30965329404,124.57332516903989,124.57332516903989,3.303022769778974,0.17592592592592593,labeled_target
39627833785455822,rvspecfit-main-bright-9.fits,19.493109,3852.0898,4.842148,-0.25,target_evaluation,target_evaluation_shifted,source_plus_target_retrained,teff,2026,2.0,3852.08984375,3815.839357832746,-36.25048591725408,36.25048591725408,5.20415315140709,0.5407407407407407,labeled_target
39627851909045330,rvspecfit-main-bright-9.fits,22.31135,5862.414,4.257343,-0.67050207,target_evaluation,target_evaluation_shifted,source_plus_target_retrained,teff,2026,2.0,5862.4140625,5619.828890916874,-242.58517158312588,242.58517158312588,5.0761784951124005,0.5259259259259259,labeled_target
39627851913232720,rvspecfit-main-bright-9.fits,38.27888,4340.273,4.7055964,-0.32321364,target_evaluation,target_evaluation_shifted,source_plus_target_retrained,teff,2026,2.0,4340.27294921875,4253.518551330844,-86.75439788790572,86.75439788790572,3.5247253524534137,0.21851851851851853,labeled_target
39627845869245534,rvspecfit-main-bright-9.fits,44.033375,6095.794,4.289099,-0.5429145,target_evaluation,target_evaluation_shifted,source_plus_target_retrained,teff,2026,2.0,6095.7939453125,5893.921625751873,-201.87231956062715,201.87231956062715,2.5712796905749724,0.046296296296296294,labeled_target
39627839837834061,rvspecfit-main-bright-9.fits,18.223211,4585.609,4.679545,-0.26840124,target_evaluation,target_evaluation_shifted,source_plus_target_retrained,teff,2026,2.0,4585.60888671875,4480.540553436557,-105.06833328219273,105.06833328219273,4.488592644584745,0.4444444444444444,labeled_target
39627839829446786,rvspecfit-main-bright-9.fits,13.116069,3434.77,4.522116,0.022658512,target_evaluation,target_evaluation_shifted,source_plus_target_retrained,teff,2026,2.0,3434.77001953125,3477.980708927252,43.21068939600218,43.21068939600218,7.213938491316041,0.7166666666666667,labeled_target
39627845873438049,rvspecfit-main-bright-9.fits,21.684975,5177.2314,4.8784614,-0.70214164,target_evaluation,target_evaluation_shifted,source_plus_target_retrained,teff,2026,2.0,5177.2314453125,5305.923895885199,128.69245057269927,128.69245057269927,4.452810381088625,0.42962962962962964,labeled_target
39627845869247436,rvspecfit-main-bright-9.fits,65.567,6116.4717,3.9716609,-0.62627816,target_evaluation,target_evaluation_shifted,source_plus_target_retrained,teff,2026,2.0,6116.4716796875,5992.582652996466,-123.8890266910339,123.8890266910339,2.089133052011743,0.007407407407407408,labeled_target
39627839833638184,rvspecfit-main-bright-9.fits,23.375196,3722.8513,4.692401,-0.5,target_evaluation,target_evaluation_shifted,source_plus_target_retrained,teff,2026,2.0,3722.851318359375,3805.7160468730995,82.86472851372446,82.86472851372446,4.565605685109625,0.45740740740740743,labeled_target
39627839837834062,rvspecfit-main-bright-9.fits,29.298006,3464.2122,4.331614,-0.21758264,target_evaluation,target_evaluation_shifted,source_plus_target_retrained,teff,2026,2.0,3464.212158203125,3532.2205820831196,68.00842387999455,68.00842387999455,5.117662360139141,0.5296296296296297,labeled_target
39627845873435234,rvspecfit-main-bright-9.fits,44.133266,5946.902,4.733702,-0.44999155,target_evaluation,target_evaluation_shifted,source_plus_target_retrained,teff,2026,2.0,5946.90185546875,5680.078328387921,-266.8235270808291,266.8235270808291,2.7508935703078228,0.06111111111111111,labeled_target
39627803590661381,rvspecfit-main-bright-0.fits,28.50589,4480.691,4.253539,0.17412166,target_evaluation,target_evaluation_shifted,source_plus_target_retrained,logg,2026,2.0,4.253539085388184,4.618819260330864,0.36528017494268017,0.36528017494268017,5.1943341980227515,0.5370370370370371,labeled_target
39627797550864891,rvspecfit-main-bright-0.fits,14.311126,3968.126,4.493116,-0.6129776,target_evaluation,target_evaluation_shifted,source_plus_target_retrained,logg,2026,2.0,4.4931159019470215,4.583816091939262,0.09070018999224061,0.09070018999224061,8.161753597288424,0.7759259259259259,labeled_target
39627785479657922,rvspecfit-main-bright-0.fits,23.107883,5525.6953,4.8475904,-0.8433948,target_evaluation,target_evaluation_shifted,source_plus_target_retrained,logg,2026,2.0,4.847590446472168,4.406915445913707,-0.44067500055846054,0.44067500055846054,3.84405477361581,0.31296296296296294,labeled_target
39627797550862010,rvspecfit-main-bright-0.fits,17.196161,5155.6426,4.86746,-0.74379873,target_evaluation,target_evaluation_shifted,source_plus_target_retrained,logg,2026,2.0,4.867459774017334,4.512636298092946,-0.35482347592438757,0.35482347592438757,5.339871321607359,0.5574074074074075,labeled_target
39627803599047112,rvspecfit-main-bright-0.fits,26.322287,5086.4585,4.766821,-0.46503806,target_evaluation,target_evaluation_shifted,source_plus_target_retrained,logg,2026,2.0,4.766820907592773,4.794754842716802,0.027933935124028864,0.027933935124028864,3.9063007232232834,0.32037037037037036,labeled_target
39627809643043009,rvspecfit-main-bright-0.fits,10.406952,4673.5483,4.4082108,-0.41964775,target_evaluation,target_evaluation_shifted,source_plus_target_retrained,logg,2026,2.0,4.408210754394531,4.684464049651508,0.2762532952569767,0.2762532952569767,7.6828860150503,0.7425925925925926,labeled_target
39627797571831121,rvspecfit-main-bright-0.fits,38.04706,5674.233,5.089847,-0.64886004,target_evaluation,target_evaluation_shifted,source_plus_target_retrained,logg,2026,2.0,5.089847087860107,4.719180366471136,-0.3706667213889716,0.3706667213889716,2.3692548934174282,0.022222222222222223,labeled_target
39627821731021743,rvspecfit-main-bright-1.fits,32.808224,6012.902,4.0533924,-0.97668797,target_evaluation,target_evaluation_shifted,source_plus_target_retrained,logg,2026,2.0,4.05339241027832,4.3251908594481785,0.2717984491698582,0.2717984491698582,3.3253088029447704,0.17962962962962964,labeled_target
39627821731024542,rvspecfit-main-bright-1.fits,10.150132,3514.3335,4.795404,-9.54014e-09,target_evaluation,target_evaluation_shifted,source_plus_target_retrained,logg,2026,2.0,4.795403957366943,4.681970463467712,-0.11343349389923141,0.11343349389923141,7.494266295034199,0.7351851851851852,labeled_target
39627815691227637,rvspecfit-main-bright-1.fits,12.06874,5242.399,5.082218,-0.3883964,target_evaluation,target_evaluation_shifted,source_plus_target_retrained,logg,2026,2.0,5.082218170166016,4.734361129613533,-0.34785704055248257,0.34785704055248257,7.255425754393522,0.7185185185185186,labeled_target
39627815691227894,rvspecfit-main-bright-1.fits,16.81999,5900.0044,4.712105,-0.6586523,target_evaluation,target_evaluation_shifted,source_plus_target_retrained,logg,2026,2.0,4.712104797363281,4.276324640308869,-0.4357801570544124,0.4357801570544124,5.850088886370738,0.6074074074074074,labeled_target
39627815691224502,rvspecfit-main-bright-1.fits,15.9603815,5896.2236,4.731507,-1.1173238,target_evaluation,target_evaluation_shifted,source_plus_target_retrained,logg,2026,2.0,4.731506824493408,3.8545344259849155,-0.8769723985084927,0.8769723985084927,4.842351716347116,0.4962962962962963,labeled_target
39627815703807705,rvspecfit-main-bright-1.fits,13.988191,3606.7092,4.674957,-0.09309976,target_evaluation,target_evaluation_shifted,source_plus_target_retrained,logg,2026,2.0,4.674956798553467,4.587186351143942,-0.08777044740952444,0.08777044740952444,9.034792059723257,0.8037037037037037,labeled_target
39627809651425857,rvspecfit-main-bright-1.fits,29.866762,5622.943,4.8139563,-0.37131092,target_evaluation,target_evaluation_shifted,source_plus_target_retrained,logg,2026,2.0,4.813956260681152,4.711550925442533,-0.10240533523861917,0.10240533523861917,4.6110786614379355,0.45925925925925926,labeled_target
39627803615825148,rvspecfit-main-bright-1.fits,12.816327,5113.739,2.2663527,-0.98540086,target_evaluation,target_evaluation_shifted,source_plus_target_retrained,logg,2026,2.0,2.266352653503418,3.8440317445439405,1.5776790910405225,1.5776790910405225,8.328044390067744,0.7796296296296297,labeled_target
39627815699615891,rvspecfit-main-bright-1.fits,18.43502,4220.126,4.723737,-1.3810121,target_evaluation,target_evaluation_shifted,source_plus_target_retrained,logg,2026,2.0,4.723736763000488,4.679263881754966,-0.04447288124552262,0.04447288124552262,6.2543602445787,0.6481481481481481,labeled_target
39627803590658022,rvspecfit-main-bright-2.fits,16.427069,3402.1553,4.6148133,-0.25,target_evaluation,target_evaluation_shifted,source_plus_target_retrained,logg,2026,2.0,4.614813327789307,4.664612171300603,0.049798843511296376,0.049798843511296376,7.364349389020687,0.7277777777777777,labeled_target
39627821714244104,rvspecfit-main-bright-2.fits,23.581211,3939.141,4.8228536,0.04200729,target_evaluation,target_evaluation_shifted,source_plus_target_retrained,logg,2026,2.0,4.8228535652160645,4.612727379816356,-0.21012618539970873,0.21012618539970873,5.009015806455158,0.5222222222222223,labeled_target
39627815674447825,rvspecfit-main-bright-2.fits,12.42645,3848.9524,4.6892333,-0.37573263,target_evaluation,target_evaluation_shifted,source_plus_target_retrained,logg,2026,2.0,4.689233303070068,4.557144293341883,-0.13208900972818505,0.13208900972818505,7.7171068065047255,0.7481481481481481,labeled_target
39627821705861343,rvspecfit-main-bright-2.fits,23.189272,5815.6016,4.2078815,-0.86157435,target_evaluation,target_evaluation_shifted,source_plus_target_retrained,logg,2026,2.0,4.207881450653076,3.8678709795880026,-0.34001047106507354,0.34001047106507354,5.217841833514664,0.5407407407407407,labeled_target
39627821710049965,rvspecfit-main-bright-2.fits,24.613297,5314.402,3.0451887,-1.3697333,target_evaluation,target_evaluation_shifted,source_plus_target_retrained,logg,2026,2.0,3.0451886653900146,4.120681120641121,1.0754924552511067,1.0754924552511067,5.121327414669467,0.5296296296296297,labeled_target
39627809622067402,rvspecfit-main-bright-2.fits,31.265646,6137.838,4.0774336,-1.2985094,target_evaluation,target_evaluation_shifted,source_plus_target_retrained,logg,2026,2.0,4.0774335861206055,4.27410898650031,0.19667540037970443,0.19667540037970443,3.9637186555640356,0.3333333333333333,labeled_target
39627809622066836,rvspecfit-main-bright-2.fits,15.522804,3970.5703,4.5469885,-0.63032347,target_evaluation,target_evaluation_shifted,source_plus_target_retrained,logg,2026,2.0,4.546988487243652,4.579062569587331,0.032074082343678256,0.032074082343678256,6.520873212940696,0.6777777777777778,labeled_target
39627809617878013,rvspecfit-main-bright-2.fits,31.116262,5462.681,5.1084437,-0.5318166,target_evaluation,target_evaluation_shifted,source_plus_target_retrained,logg,2026,2.0,5.108443737030029,4.708801726598989,-0.3996420104310401,0.3996420104310401,4.211181193418648,0.3888888888888889,labeled_target
39627815661869306,rvspecfit-main-bright-2.fits,12.123284,3522.1082,4.599729,-0.106358714,target_evaluation,target_evaluation_shifted,source_plus_target_retrained,logg,2026,2.0,4.599729061126709,4.58102632995627,-0.01870273117043908,0.01870273117043908,8.063070419758768,0.7703703703703704,labeled_target
39627803590657135,rvspecfit-main-bright-2.fits,16.43598,5378.66,4.766294,-0.32350528,target_evaluation,target_evaluation_shifted,source_plus_target_retrained,logg,2026,2.0,4.766294002532959,4.756083551557125,-0.010210450975834284,0.010210450975834284,6.186667076173586,0.6444444444444445,labeled_target
39627803590659709,rvspecfit-main-bright-2.fits,12.965964,3757.0525,4.6078687,-0.25,target_evaluation,target_evaluation_shifted,source_plus_target_retrained,logg,2026,2.0,4.607868671417236,4.6419824299511,0.03411375853386378,0.03411375853386378,6.76507430907838,0.6925925925925925,labeled_target
39627803586463484,rvspecfit-main-bright-2.fits,31.973804,5079.818,2.5580812,-1.1764431,target_evaluation,target_evaluation_shifted,source_plus_target_retrained,logg,2026,2.0,2.5580811500549316,3.369512279362523,0.8114311293075915,0.8114311293075915,4.980978809178598,0.5111111111111111,labeled_target
39627815661867184,rvspecfit-main-bright-2.fits,11.212901,5877.344,4.5,-0.87294865,target_evaluation,target_evaluation_shifted,source_plus_target_retrained,logg,2026,2.0,4.5,4.446403249618716,-0.053596750381283975,0.053596750381283975,5.9709862168811245,0.6203703703703703,labeled_target
39627821705858400,rvspecfit-main-bright-2.fits,28.417381,5869.313,4.42161,-0.59817594,target_evaluation,target_evaluation_shifted,source_plus_target_retrained,logg,2026,2.0,4.421609878540039,4.471794809321888,0.05018493078184871,0.05018493078184871,4.484852163328445,0.4425925925925926,labeled_target
39627815666062822,rvspecfit-main-bright-2.fits,21.326593,4725.2007,4.828737,-0.48243913,target_evaluation,target_evaluation_shifted,source_plus_target_retrained,logg,2026,2.0,4.828736782073975,4.671025473445438,-0.15771130862853688,0.15771130862853688,4.8303872147060645,0.4888888888888889,labeled_target
39627809634650742,rvspecfit-main-bright-2.fits,29.139715,5899.9976,4.5475526,-0.6766757,target_evaluation,target_evaluation_shifted,source_plus_target_retrained,logg,2026,2.0,4.547552585601807,4.608418383228803,0.060865797626996176,0.060865797626996176,4.084819699988011,0.3537037037037037,labeled_target
39627809630461078,rvspecfit-main-bright-2.fits,15.055974,5211.608,5.1218247,-0.6671269,target_evaluation,target_evaluation_shifted,source_plus_target_retrained,logg,2026,2.0,5.121824741363525,4.752604150176049,-0.3692205911874762,0.3692205911874762,5.925696898393559,0.6185185185185185,labeled_target
39627821714245907,rvspecfit-main-bright-2.fits,10.977933,4366.539,4.231374,-0.31133905,target_evaluation,target_evaluation_shifted,source_plus_target_retrained,logg,2026,2.0,4.2313737869262695,4.6322480356589555,0.40087424873268596,0.40087424873268596,6.733942685336873,0.6925925925925925,labeled_target
39627815670253220,rvspecfit-main-bright-2.fits,22.477627,5879.129,4.39243,-0.723626,target_evaluation,target_evaluation_shifted,source_plus_target_retrained,logg,2026,2.0,4.392429828643799,4.606794902390285,0.21436507374648617,0.21436507374648617,4.877926217951469,0.4981481481481482,labeled_target
39627815670255646,rvspecfit-main-bright-2.fits,39.936398,4625.0684,4.7049537,-0.38005188,target_evaluation,target_evaluation_shifted,source_plus_target_retrained,logg,2026,2.0,4.704953670501709,4.684523428760115,-0.020430241741594024,0.020430241741594024,4.390816151470333,0.4222222222222222,labeled_target
39627809622072149,rvspecfit-main-bright-2.fits,24.390818,4927.6396,4.850641,-0.33607587,target_evaluation,target_evaluation_shifted,source_plus_target_retrained,logg,2026,2.0,4.850640773773193,4.743717919076644,-0.10692285469654905,0.10692285469654905,4.7123015033176845,0.4740740740740741,labeled_target
39627839842027358,rvspecfit-main-bright-3.fits,24.140806,3398.4958,4.8100953,-3.0253883e-08,target_evaluation,target_evaluation_shifted,source_plus_target_retrained,logg,2026,2.0,4.810095310211182,4.682664501102634,-0.12743080910854765,0.12743080910854765,5.8827752041900165,0.6092592592592593,labeled_target
39627833793842886,rvspecfit-main-bright-3.fits,39.385548,5554.7554,4.770294,-0.47174188,target_evaluation,target_evaluation_shifted,source_plus_target_retrained,logg,2026,2.0,4.770294189453125,4.321138750583263,-0.4491554388698624,0.4491554388698624,3.870550881294365,0.3148148148148148,labeled_target
39627833798038562,rvspecfit-main-bright-3.fits,28.237612,5951.2617,4.267125,-0.8982497,target_evaluation,target_evaluation_shifted,source_plus_target_retrained,logg,2026,2.0,4.267125129699707,4.365970275590382,0.09884514589067539,0.09884514589067539,3.7647645663842284,0.29259259259259257,labeled_target
39627827766625875,rvspecfit-main-bright-3.fits,25.357946,4335.492,4.686248,-0.4138596,target_evaluation,target_evaluation_shifted,source_plus_target_retrained,logg,2026,2.0,4.686247825622559,4.617223897633644,-0.06902392798891466,0.06902392798891466,4.5446399803598245,0.45185185185185184,labeled_target
39627827770823696,rvspecfit-main-bright-3.fits,31.719215,4336.5527,4.3862042,0.22128439,target_evaluation,target_evaluation_shifted,source_plus_target_retrained,logg,2026,2.0,4.386204242706299,4.662065710412276,0.27586146770597697,0.27586146770597697,4.977110474230803,0.5111111111111111,labeled_target
39627833798034999,rvspecfit-main-bright-3.fits,17.041107,4075.3704,4.620044,-0.052925248,target_evaluation,target_evaluation_shifted,source_plus_target_retrained,logg,2026,2.0,4.620044231414795,4.636957234206165,0.016913002791370424,0.016913002791370424,6.668919825443767,0.6851851851851852,labeled_target
39627833802234446,rvspecfit-main-bright-3.fits,21.432701,6195.4375,4.5,-2.0472734,target_evaluation,target_evaluation_shifted,source_plus_target_retrained,logg,2026,2.0,4.5,4.283804569512661,-0.21619543048733902,0.21619543048733902,3.5422415352100005,0.22592592592592592,labeled_target
39627833793843974,rvspecfit-main-bright-3.fits,40.123512,3609.6584,4.536659,-0.20593798,target_evaluation,target_evaluation_shifted,source_plus_target_retrained,logg,2026,2.0,4.536658763885498,4.693291568966248,0.15663280508074973,0.15663280508074973,3.7499165361416926,0.28888888888888886,labeled_target
39627821743607305,rvspecfit-main-bright-4.fits,38.73113,4629.5903,4.7259316,-0.11974044,target_evaluation,target_evaluation_shifted,source_plus_target_retrained,logg,2026,2.0,4.725931644439697,4.662222983238897,-0.06370866120079999,0.06370866120079999,3.4720908649376088,0.2037037037037037,labeled_target
39627821743608617,rvspecfit-main-bright-4.fits,14.83805,6469.1216,4.834329,-1.9999986,target_evaluation,target_evaluation_shifted,source_plus_target_retrained,logg,2026,2.0,4.834329128265381,4.161287168348719,-0.6730419599166622,0.6730419599166622,5.772783040640335,0.6055555555555555,labeled_target
39627827783406885,rvspecfit-main-bright-4.fits,25.759974,3451.2712,4.5000005,6.0765877e-09,target_evaluation,target_evaluation_shifted,source_plus_target_retrained,logg,2026,2.0,4.500000476837158,4.696870169426165,0.196869692589007,0.196869692589007,4.718723078032958,0.4759259259259259,labeled_target
39627833819009327,rvspecfit-main-bright-4.fits,14.72425,5800.006,4.4179063,-0.41439247,target_evaluation,target_evaluation_shifted,source_plus_target_retrained,logg,2026,2.0,4.417906284332275,4.695413058352122,0.27750677401984625,0.27750677401984625,6.002933068914145,0.6222222222222222,labeled_target
39627821747799263,rvspecfit-main-bright-4.fits,12.165322,6256.565,4.644997,-1.5297871,target_evaluation,target_evaluation_shifted,source_plus_target_retrained,logg,2026,2.0,4.6449971199035645,4.430992697684212,-0.2140044222193529,0.2140044222193529,5.281818771208172,0.5481481481481482,labeled_target
39627833823204203,rvspecfit-main-bright-4.fits,34.961163,4537.2896,4.6756153,-0.036325403,target_evaluation,target_evaluation_shifted,source_plus_target_retrained,logg,2026,2.0,4.675615310668945,4.68084710116679,0.00523179049784428,0.00523179049784428,3.7933432766581,0.3,labeled_target
39627821735220946,rvspecfit-main-bright-4.fits,16.858812,3473.7603,4.656427,-0.7322211,target_evaluation,target_evaluation_shifted,source_plus_target_retrained,logg,2026,2.0,4.656426906585693,4.65776994311002,0.0013430365243269904,0.0013430365243269904,6.736281147823193,0.6925925925925925,labeled_target
39627833839977270,rvspecfit-main-bright-5.fits,22.707117,3847.4602,4.847961,-0.07507452,target_evaluation,target_evaluation_shifted,source_plus_target_retrained,logg,2026,2.0,4.847960948944092,4.6231803876882065,-0.2247805612558853,0.2247805612558853,5.358719138327584,0.5592592592592592,labeled_target
39627845923766625,rvspecfit-main-bright-5.fits,25.341322,3959.5576,4.3476377,-0.7805401,target_evaluation,target_evaluation_shifted,source_plus_target_retrained,logg,2026,2.0,4.34763765335083,4.612413047383994,0.26477539403316364,0.26477539403316364,4.72081226712939,0.4759259259259259,labeled_target
39627839879775616,rvspecfit-main-bright-5.fits,43.97754,5813.363,4.760278,-1.1522388,target_evaluation,target_evaluation_shifted,source_plus_target_retrained,logg,2026,2.0,4.760278224945068,4.6039876366679575,-0.15629058827711084,0.15629058827711084,2.5160657113632485,0.040740740740740744,labeled_target
39627845919573600,rvspecfit-main-bright-5.fits,41.5082,6244.3022,4.3234587,-1.7500005,target_evaluation,target_evaluation_shifted,source_plus_target_retrained,logg,2026,2.0,4.323458671569824,4.249709395265188,-0.07374927630463635,0.07374927630463635,2.486436447097572,0.040740740740740744,labeled_target
39627845915380471,rvspecfit-main-bright-5.fits,44.527607,3708.848,4.5635805,-0.6112659,target_evaluation,target_evaluation_shifted,source_plus_target_retrained,logg,2026,2.0,4.563580513000488,4.674306938452815,0.11072642545232636,0.11072642545232636,3.3414863742944916,0.18333333333333332,labeled_target
39627839875583467,rvspecfit-main-bright-5.fits,30.495152,3700.0,4.774045,2.0906618e-05,target_evaluation,target_evaluation_shifted,source_plus_target_retrained,logg,2026,2.0,4.774044990539551,4.660012479500893,-0.11403251103865752,0.11403251103865752,4.545635738959566,0.45185185185185184,labeled_target
39627833831591187,rvspecfit-main-bright-5.fits,14.973386,4433.752,4.873937,-0.6670582,target_evaluation,target_evaluation_shifted,source_plus_target_retrained,logg,2026,2.0,4.873937129974365,4.637017044898517,-0.23692008507584816,0.23692008507584816,5.1294046103785895,0.5333333333333333,labeled_target
39627833835783596,rvspecfit-main-bright-5.fits,19.291912,4050.7817,4.467584,-0.6911538,target_evaluation,target_evaluation_shifted,source_plus_target_retrained,logg,2026,2.0,4.467584133148193,4.6365696239244905,0.1689854907762971,0.1689854907762971,4.352452559936074,0.4166666666666667,labeled_target
39627845915383495,rvspecfit-main-bright-5.fits,10.922119,5638.3613,4.8552957,-0.6561243,target_evaluation,target_evaluation_shifted,source_plus_target_retrained,logg,2026,2.0,4.855295658111572,4.670267781912194,-0.18502787619937866,0.18502787619937866,7.824966238177959,0.762962962962963,labeled_target
39627833810618447,rvspecfit-main-bright-6.fits,40.771164,6517.8154,4.6731167,-2.3132465,target_evaluation,target_evaluation_shifted,source_plus_target_retrained,logg,2026,2.0,4.673116683959961,4.256852001596121,-0.41626468236384007,0.41626468236384007,3.2275795325921335,0.15185185185185185,labeled_target
39627839850415811,rvspecfit-main-bright-6.fits,14.076207,5159.8643,4.866095,-0.5808288,target_evaluation,target_evaluation_shifted,source_plus_target_retrained,logg,2026,2.0,4.866095066070557,4.734375842418317,-0.13171922365223931,0.13171922365223931,6.831175659055599,0.6962962962962963,labeled_target
39627845886020401,rvspecfit-main-bright-6.fits,13.033478,6121.208,4.152123,-0.96648407,target_evaluation,target_evaluation_shifted,source_plus_target_retrained,logg,2026,2.0,4.152122974395752,3.911620611662233,-0.240502362733519,0.240502362733519,6.791784803425178,0.6925925925925925,labeled_target
39627845886019547,rvspecfit-main-bright-6.fits,26.366577,5199.997,4.8886833,-0.30279285,target_evaluation,target_evaluation_shifted,source_plus_target_retrained,logg,2026,2.0,4.888683319091797,4.76480884225459,-0.12387447683720687,0.12387447683720687,4.886056457529565,0.4981481481481482,labeled_target
39627845886024355,rvspecfit-main-bright-6.fits,32.78284,5942.658,4.291933,-0.6273537,target_evaluation,target_evaluation_shifted,source_plus_target_retrained,logg,2026,2.0,4.291933059692383,4.350096632089644,0.058163572397261554,0.058163572397261554,4.553705553442405,0.45555555555555555,labeled_target
39627827728880168,rvspecfit-main-bright-8.fits,11.884048,3643.9668,4.5368013,-0.5000001,target_evaluation,target_evaluation_shifted,source_plus_target_retrained,logg,2026,2.0,4.536801338195801,4.62818581496676,0.09138447677095929,0.09138447677095929,8.620913878191667,0.7833333333333333,labeled_target
39627827728881595,rvspecfit-main-bright-8.fits,11.067028,3715.3442,4.560988,-0.41314766,target_evaluation,target_evaluation_shifted,source_plus_target_retrained,logg,2026,2.0,4.560987949371338,4.664881681076119,0.10389373170478144,0.10389373170478144,6.070880234433099,0.6370370370370371,labeled_target
39627821693274753,rvspecfit-main-bright-8.fits,14.563165,4903.6562,4.7105637,-0.6856381,target_evaluation,target_evaluation_shifted,source_plus_target_retrained,logg,2026,2.0,4.710563659667969,4.68572398296397,-0.02483967670399867,0.02483967670399867,6.308351091697879,0.65,labeled_target
39627833777063378,rvspecfit-main-bright-8.fits,36.156208,4865.3774,4.8829994,-0.2660883,target_evaluation,target_evaluation_shifted,source_plus_target_retrained,logg,2026,2.0,4.882999420166016,4.7612163007472255,-0.12178311941879016,0.12178311941879016,4.586519428027104,0.45740740740740743,labeled_target
39627839816861389,rvspecfit-main-bright-8.fits,23.303087,5715.106,4.715221,-0.5199357,target_evaluation,target_evaluation_shifted,source_plus_target_retrained,logg,2026,2.0,4.715220928192139,4.519537027636782,-0.19568390055535634,0.19568390055535634,4.083286276124263,0.3537037037037037,labeled_target
39627833781259407,rvspecfit-main-bright-8.fits,22.830645,4481.9824,4.584956,-0.5631001,target_evaluation,target_evaluation_shifted,source_plus_target_retrained,logg,2026,2.0,4.584956169128418,4.594237100392472,0.009280931264053827,0.009280931264053827,6.159532721327398,0.6425925925925926,labeled_target
39627839812672682,rvspecfit-main-bright-8.fits,11.783399,5055.8506,5.161906,-1.1391282,target_evaluation,target_evaluation_shifted,source_plus_target_retrained,logg,2026,2.0,5.161905765533447,4.715655897591576,-0.44624986794187116,0.44624986794187116,6.244312323493406,0.6481481481481481,labeled_target
39627827737264610,rvspecfit-main-bright-8.fits,51.15046,3715.6196,4.598353,-0.2972362,target_evaluation,target_evaluation_shifted,source_plus_target_retrained,logg,2026,2.0,4.598352909088135,4.665262697769716,0.06690978868158126,0.06690978868158126,3.551711900492752,0.22777777777777777,labeled_target
39627827728877440,rvspecfit-main-bright-8.fits,36.33877,5575.7563,4.6957045,-0.07203574,target_evaluation,target_evaluation_shifted,source_plus_target_retrained,logg,2026,2.0,4.695704460144043,4.836043530175866,0.140339070031823,0.140339070031823,3.327800700512523,0.17962962962962964,labeled_target
39627821693275169,rvspecfit-main-bright-8.fits,15.122388,5025.6157,4.4391804,-0.651436,target_evaluation,target_evaluation_shifted,source_plus_target_retrained,logg,2026,2.0,4.439180374145508,4.757714092874757,0.31853371872924896,0.31853371872924896,5.444216487091461,0.5666666666666667,labeled_target
39627839816865588,rvspecfit-main-bright-9.fits,10.728113,3960.8994,4.4292912,-0.4187252,target_evaluation,target_evaluation_shifted,source_plus_target_retrained,logg,2026,2.0,4.429291248321533,4.6471241500272304,0.21783290170569725,0.21783290170569725,7.824694368454455,0.762962962962963,labeled_target
39627839821055583,rvspecfit-main-bright-9.fits,13.759142,4015.057,4.523047,-0.5563418,target_evaluation,target_evaluation_shifted,source_plus_target_retrained,logg,2026,2.0,4.523046970367432,4.558380857012321,0.03533388664488957,0.03533388664488957,6.167752351882318,0.6425925925925926,labeled_target
39627845865046248,rvspecfit-main-bright-9.fits,12.871122,3645.7952,4.8327327,0.2286792,target_evaluation,target_evaluation_shifted,source_plus_target_retrained,logg,2026,2.0,4.832732677459717,4.666466649715332,-0.16626602774438481,0.16626602774438481,7.7650654256949725,0.7537037037037037,labeled_target
39627845860853503,rvspecfit-main-bright-9.fits,26.803902,5411.7363,4.7129574,-0.54156125,target_evaluation,target_evaluation_shifted,source_plus_target_retrained,logg,2026,2.0,4.712957382202148,4.781633863762946,0.06867648156079742,0.06867648156079742,3.303022769778974,0.17592592592592593,labeled_target
39627833785455822,rvspecfit-main-bright-9.fits,19.493109,3852.0898,4.842148,-0.25,target_evaluation,target_evaluation_shifted,source_plus_target_retrained,logg,2026,2.0,4.8421478271484375,4.711820998358038,-0.13032682879039914,0.13032682879039914,5.20415315140709,0.5407407407407407,labeled_target
39627851909045330,rvspecfit-main-bright-9.fits,22.31135,5862.414,4.257343,-0.67050207,target_evaluation,target_evaluation_shifted,source_plus_target_retrained,logg,2026,2.0,4.25734281539917,3.9182970808187125,-0.3390457345804574,0.3390457345804574,5.0761784951124005,0.5259259259259259,labeled_target
39627851913232720,rvspecfit-main-bright-9.fits,38.27888,4340.273,4.7055964,-0.32321364,target_evaluation,target_evaluation_shifted,source_plus_target_retrained,logg,2026,2.0,4.705596446990967,4.609641302724679,-0.09595514426628782,0.09595514426628782,3.5247253524534137,0.21851851851851853,labeled_target
39627845869245534,rvspecfit-main-bright-9.fits,44.033375,6095.794,4.289099,-0.5429145,target_evaluation,target_evaluation_shifted,source_plus_target_retrained,logg,2026,2.0,4.289099216461182,4.6484284071624264,0.3593291907012448,0.3593291907012448,2.5712796905749724,0.046296296296296294,labeled_target
39627839837834061,rvspecfit-main-bright-9.fits,18.223211,4585.609,4.679545,-0.26840124,target_evaluation,target_evaluation_shifted,source_plus_target_retrained,logg,2026,2.0,4.679544925689697,4.639038221146981,-0.04050670454271632,0.04050670454271632,4.488592644584745,0.4444444444444444,labeled_target
39627839829446786,rvspecfit-main-bright-9.fits,13.116069,3434.77,4.522116,0.022658512,target_evaluation,target_evaluation_shifted,source_plus_target_retrained,logg,2026,2.0,4.522116184234619,4.768004315844825,0.24588813161020617,0.24588813161020617,7.213938491316041,0.7166666666666667,labeled_target
39627845873438049,rvspecfit-main-bright-9.fits,21.684975,5177.2314,4.8784614,-0.70214164,target_evaluation,target_evaluation_shifted,source_plus_target_retrained,logg,2026,2.0,4.8784613609313965,4.729045092324035,-0.14941626860736168,0.14941626860736168,4.452810381088625,0.42962962962962964,labeled_target
39627845869247436,rvspecfit-main-bright-9.fits,65.567,6116.4717,3.9716609,-0.62627816,target_evaluation,target_evaluation_shifted,source_plus_target_retrained,logg,2026,2.0,3.971660852432251,4.409781754728911,0.4381209022966601,0.4381209022966601,2.089133052011743,0.007407407407407408,labeled_target
39627839833638184,rvspecfit-main-bright-9.fits,23.375196,3722.8513,4.692401,-0.5,target_evaluation,target_evaluation_shifted,source_plus_target_retrained,logg,2026,2.0,4.692400932312012,4.637649741504383,-0.0547511908076288,0.0547511908076288,4.565605685109625,0.45740740740740743,labeled_target
39627839837834062,rvspecfit-main-bright-9.fits,29.298006,3464.2122,4.331614,-0.21758264,target_evaluation,target_evaluation_shifted,source_plus_target_retrained,logg,2026,2.0,4.331614017486572,4.637287301896037,0.3056732844094645,0.3056732844094645,5.117662360139141,0.5296296296296297,labeled_target
39627845873435234,rvspecfit-main-bright-9.fits,44.133266,5946.902,4.733702,-0.44999155,target_evaluation,target_evaluation_shifted,source_plus_target_retrained,logg,2026,2.0,4.733702182769775,4.720596137149975,-0.0131060456198,0.0131060456198,2.7508935703078228,0.06111111111111111,labeled_target
39627803590661381,rvspecfit-main-bright-0.fits,28.50589,4480.691,4.253539,0.17412166,target_evaluation,target_evaluation_shifted,source_plus_target_retrained,feh,2026,2.0,0.1741216629743576,-0.30015012125359664,-0.47427178422795424,0.47427178422795424,5.1943341980227515,0.5370370370370371,labeled_target
39627797550864891,rvspecfit-main-bright-0.fits,14.311126,3968.126,4.493116,-0.6129776,target_evaluation,target_evaluation_shifted,source_plus_target_retrained,feh,2026,2.0,-0.6129776239395142,-0.3425547573061614,0.27042286663335274,0.27042286663335274,8.161753597288424,0.7759259259259259,labeled_target
39627785479657922,rvspecfit-main-bright-0.fits,23.107883,5525.6953,4.8475904,-0.8433948,target_evaluation,target_evaluation_shifted,source_plus_target_retrained,feh,2026,2.0,-0.8433948159217834,-0.9277270545396948,-0.08433223861791139,0.08433223861791139,3.84405477361581,0.31296296296296294,labeled_target
39627797550862010,rvspecfit-main-bright-0.fits,17.196161,5155.6426,4.86746,-0.74379873,target_evaluation,target_evaluation_shifted,source_plus_target_retrained,feh,2026,2.0,-0.7437987327575684,-0.7447208227026547,-0.0009220899450863573,0.0009220899450863573,5.339871321607359,0.5574074074074075,labeled_target
39627803599047112,rvspecfit-main-bright-0.fits,26.322287,5086.4585,4.766821,-0.46503806,target_evaluation,target_evaluation_shifted,source_plus_target_retrained,feh,2026,2.0,-0.4650380611419678,-0.4685556324434744,-0.00351757130150665,0.00351757130150665,3.9063007232232834,0.32037037037037036,labeled_target
39627809643043009,rvspecfit-main-bright-0.fits,10.406952,4673.5483,4.4082108,-0.41964775,target_evaluation,target_evaluation_shifted,source_plus_target_retrained,feh,2026,2.0,-0.419647753238678,-0.5758377412926158,-0.1561899880539378,0.1561899880539378,7.6828860150503,0.7425925925925926,labeled_target
39627797571831121,rvspecfit-main-bright-0.fits,38.04706,5674.233,5.089847,-0.64886004,target_evaluation,target_evaluation_shifted,source_plus_target_retrained,feh,2026,2.0,-0.6488600373268127,-0.5514114285022661,0.09744860882454665,0.09744860882454665,2.3692548934174282,0.022222222222222223,labeled_target
39627821731021743,rvspecfit-main-bright-1.fits,32.808224,6012.902,4.0533924,-0.97668797,target_evaluation,target_evaluation_shifted,source_plus_target_retrained,feh,2026,2.0,-0.9766879677772522,-1.0359798703664376,-0.059291902589185375,0.059291902589185375,3.3253088029447704,0.17962962962962964,labeled_target
39627821731024542,rvspecfit-main-bright-1.fits,10.150132,3514.3335,4.795404,-9.54014e-09,target_evaluation,target_evaluation_shifted,source_plus_target_retrained,feh,2026,2.0,-9.540140233355032e-09,-0.07028727855555085,-0.07028726901541062,0.07028726901541062,7.494266295034199,0.7351851851851852,labeled_target
39627815691227637,rvspecfit-main-bright-1.fits,12.06874,5242.399,5.082218,-0.3883964,target_evaluation,target_evaluation_shifted,source_plus_target_retrained,feh,2026,2.0,-0.38839641213417053,-0.576982952234601,-0.18858654010043052,0.18858654010043052,7.255425754393522,0.7185185185185186,labeled_target
39627815691227894,rvspecfit-main-bright-1.fits,16.81999,5900.0044,4.712105,-0.6586523,target_evaluation,target_evaluation_shifted,source_plus_target_retrained,feh,2026,2.0,-0.6586523056030273,-0.9261548189910118,-0.2675025133879845,0.2675025133879845,5.850088886370738,0.6074074074074074,labeled_target
39627815691224502,rvspecfit-main-bright-1.fits,15.9603815,5896.2236,4.731507,-1.1173238,target_evaluation,target_evaluation_shifted,source_plus_target_retrained,feh,2026,2.0,-1.1173237562179565,-1.368578193347437,-0.2512544371294805,0.2512544371294805,4.842351716347116,0.4962962962962963,labeled_target
39627815703807705,rvspecfit-main-bright-1.fits,13.988191,3606.7092,4.674957,-0.09309976,target_evaluation,target_evaluation_shifted,source_plus_target_retrained,feh,2026,2.0,-0.09309975802898407,-0.27256154231455,-0.17946178428556592,0.17946178428556592,9.034792059723257,0.8037037037037037,labeled_target
39627809651425857,rvspecfit-main-bright-1.fits,29.866762,5622.943,4.8139563,-0.37131092,target_evaluation,target_evaluation_shifted,source_plus_target_retrained,feh,2026,2.0,-0.37131091952323914,-0.5523486620333216,-0.18103774251008242,0.18103774251008242,4.6110786614379355,0.45925925925925926,labeled_target
39627803615825148,rvspecfit-main-bright-1.fits,12.816327,5113.739,2.2663527,-0.98540086,target_evaluation,target_evaluation_shifted,source_plus_target_retrained,feh,2026,2.0,-0.9854008555412292,-1.217494130337426,-0.2320932747961968,0.2320932747961968,8.328044390067744,0.7796296296296297,labeled_target
39627815699615891,rvspecfit-main-bright-1.fits,18.43502,4220.126,4.723737,-1.3810121,target_evaluation,target_evaluation_shifted,source_plus_target_retrained,feh,2026,2.0,-1.3810120820999146,-0.6326394304162876,0.748372651683627,0.748372651683627,6.2543602445787,0.6481481481481481,labeled_target
39627803590658022,rvspecfit-main-bright-2.fits,16.427069,3402.1553,4.6148133,-0.25,target_evaluation,target_evaluation_shifted,source_plus_target_retrained,feh,2026,2.0,-0.25,-0.0953960137829404,0.15460398621705962,0.15460398621705962,7.364349389020687,0.7277777777777777,labeled_target
39627821714244104,rvspecfit-main-bright-2.fits,23.581211,3939.141,4.8228536,0.04200729,target_evaluation,target_evaluation_shifted,source_plus_target_retrained,feh,2026,2.0,0.042007289826869965,-0.23340351608831045,-0.2754108059151804,0.2754108059151804,5.009015806455158,0.5222222222222223,labeled_target
39627815674447825,rvspecfit-main-bright-2.fits,12.42645,3848.9524,4.6892333,-0.37573263,target_evaluation,target_evaluation_shifted,source_plus_target_retrained,feh,2026,2.0,-0.3757326304912567,-0.2924265109380955,0.0833061195531612,0.0833061195531612,7.7171068065047255,0.7481481481481481,labeled_target
39627821705861343,rvspecfit-main-bright-2.fits,23.189272,5815.6016,4.2078815,-0.86157435,target_evaluation,target_evaluation_shifted,source_plus_target_retrained,feh,2026,2.0,-0.8615743517875671,-1.2485932239686226,-0.38701887218105546,0.38701887218105546,5.217841833514664,0.5407407407407407,labeled_target
39627821710049965,rvspecfit-main-bright-2.fits,24.613297,5314.402,3.0451887,-1.3697333,target_evaluation,target_evaluation_shifted,source_plus_target_retrained,feh,2026,2.0,-1.3697333335876465,-1.1776298449080125,0.192103488679634,0.192103488679634,5.121327414669467,0.5296296296296297,labeled_target
39627809622067402,rvspecfit-main-bright-2.fits,31.265646,6137.838,4.0774336,-1.2985094,target_evaluation,target_evaluation_shifted,source_plus_target_retrained,feh,2026,2.0,-1.2985093593597412,-1.3814826896814663,-0.08297333032172505,0.08297333032172505,3.9637186555640356,0.3333333333333333,labeled_target
39627809622066836,rvspecfit-main-bright-2.fits,15.522804,3970.5703,4.5469885,-0.63032347,target_evaluation,target_evaluation_shifted,source_plus_target_retrained,feh,2026,2.0,-0.6303234696388245,-0.40413242142153544,0.22619104821728903,0.22619104821728903,6.520873212940696,0.6777777777777778,labeled_target
39627809617878013,rvspecfit-main-bright-2.fits,31.116262,5462.681,5.1084437,-0.5318166,target_evaluation,target_evaluation_shifted,source_plus_target_retrained,feh,2026,2.0,-0.5318166017532349,-0.6405467996474453,-0.10873019789421046,0.10873019789421046,4.211181193418648,0.3888888888888889,labeled_target
39627815661869306,rvspecfit-main-bright-2.fits,12.123284,3522.1082,4.599729,-0.106358714,target_evaluation,target_evaluation_shifted,source_plus_target_retrained,feh,2026,2.0,-0.10635871440172195,-0.21874455443469074,-0.11238584003296878,0.11238584003296878,8.063070419758768,0.7703703703703704,labeled_target
39627803590657135,rvspecfit-main-bright-2.fits,16.43598,5378.66,4.766294,-0.32350528,target_evaluation,target_evaluation_shifted,source_plus_target_retrained,feh,2026,2.0,-0.3235052824020386,-0.5599904067983688,-0.23648512439633018,0.23648512439633018,6.186667076173586,0.6444444444444445,labeled_target
39627803590659709,rvspecfit-main-bright-2.fits,12.965964,3757.0525,4.6078687,-0.25,target_evaluation,target_evaluation_shifted,source_plus_target_retrained,feh,2026,2.0,-0.25,-0.22082374825353351,0.029176251746466486,0.029176251746466486,6.76507430907838,0.6925925925925925,labeled_target
39627803586463484,rvspecfit-main-bright-2.fits,31.973804,5079.818,2.5580812,-1.1764431,target_evaluation,target_evaluation_shifted,source_plus_target_retrained,feh,2026,2.0,-1.176443099975586,-1.2746199409585208,-0.09817684098293489,0.09817684098293489,4.980978809178598,0.5111111111111111,labeled_target
39627815661867184,rvspecfit-main-bright-2.fits,11.212901,5877.344,4.5,-0.87294865,target_evaluation,target_evaluation_shifted,source_plus_target_retrained,feh,2026,2.0,-0.8729486465454102,-0.916247469846708,-0.04329882330129786,0.04329882330129786,5.9709862168811245,0.6203703703703703,labeled_target
39627821705858400,rvspecfit-main-bright-2.fits,28.417381,5869.313,4.42161,-0.59817594,target_evaluation,target_evaluation_shifted,source_plus_target_retrained,feh,2026,2.0,-0.5981759428977966,-0.7197436971586475,-0.12156775426085087,0.12156775426085087,4.484852163328445,0.4425925925925926,labeled_target
39627815666062822,rvspecfit-main-bright-2.fits,21.326593,4725.2007,4.828737,-0.48243913,target_evaluation,target_evaluation_shifted,source_plus_target_retrained,feh,2026,2.0,-0.4824391305446625,-0.47246860451565725,0.009970526029005222,0.009970526029005222,4.8303872147060645,0.4888888888888889,labeled_target
39627809634650742,rvspecfit-main-bright-2.fits,29.139715,5899.9976,4.5475526,-0.6766757,target_evaluation,target_evaluation_shifted,source_plus_target_retrained,feh,2026,2.0,-0.6766756772994995,-0.7336651822850416,-0.056989504985542117,0.056989504985542117,4.084819699988011,0.3537037037037037,labeled_target
39627809630461078,rvspecfit-main-bright-2.fits,15.055974,5211.608,5.1218247,-0.6671269,target_evaluation,target_evaluation_shifted,source_plus_target_retrained,feh,2026,2.0,-0.6671268939971924,-0.5145745157654137,0.1525523782317787,0.1525523782317787,5.925696898393559,0.6185185185185185,labeled_target
39627821714245907,rvspecfit-main-bright-2.fits,10.977933,4366.539,4.231374,-0.31133905,target_evaluation,target_evaluation_shifted,source_plus_target_retrained,feh,2026,2.0,-0.31133905053138733,-0.4695637740374737,-0.15822472350608635,0.15822472350608635,6.733942685336873,0.6925925925925925,labeled_target
39627815670253220,rvspecfit-main-bright-2.fits,22.477627,5879.129,4.39243,-0.723626,target_evaluation,target_evaluation_shifted,source_plus_target_retrained,feh,2026,2.0,-0.7236260175704956,-0.7793802278978541,-0.0557542103273585,0.0557542103273585,4.877926217951469,0.4981481481481482,labeled_target
39627815670255646,rvspecfit-main-bright-2.fits,39.936398,4625.0684,4.7049537,-0.38005188,target_evaluation,target_evaluation_shifted,source_plus_target_retrained,feh,2026,2.0,-0.3800518810749054,-0.3127342368462365,0.06731764422866887,0.06731764422866887,4.390816151470333,0.4222222222222222,labeled_target
39627809622072149,rvspecfit-main-bright-2.fits,24.390818,4927.6396,4.850641,-0.33607587,target_evaluation,target_evaluation_shifted,source_plus_target_retrained,feh,2026,2.0,-0.33607587218284607,-0.4867492476451097,-0.15067337546226361,0.15067337546226361,4.7123015033176845,0.4740740740740741,labeled_target
39627839842027358,rvspecfit-main-bright-3.fits,24.140806,3398.4958,4.8100953,-3.0253883e-08,target_evaluation,target_evaluation_shifted,source_plus_target_retrained,feh,2026,2.0,-3.025388295441189e-08,-0.0363706287313183,-0.036370598477435345,0.036370598477435345,5.8827752041900165,0.6092592592592593,labeled_target
39627833793842886,rvspecfit-main-bright-3.fits,39.385548,5554.7554,4.770294,-0.47174188,target_evaluation,target_evaluation_shifted,source_plus_target_retrained,feh,2026,2.0,-0.4717418849468231,-0.8153847891638522,-0.34364290421702903,0.34364290421702903,3.870550881294365,0.3148148148148148,labeled_target
39627833798038562,rvspecfit-main-bright-3.fits,28.237612,5951.2617,4.267125,-0.8982497,target_evaluation,target_evaluation_shifted,source_plus_target_retrained,feh,2026,2.0,-0.8982496857643127,-1.0315612889294572,-0.13331160316514445,0.13331160316514445,3.7647645663842284,0.29259259259259257,labeled_target
39627827766625875,rvspecfit-main-bright-3.fits,25.357946,4335.492,4.686248,-0.4138596,target_evaluation,target_evaluation_shifted,source_plus_target_retrained,feh,2026,2.0,-0.41385960578918457,-0.34420546257623313,0.06965414321295144,0.06965414321295144,4.5446399803598245,0.45185185185185184,labeled_target
39627827770823696,rvspecfit-main-bright-3.fits,31.719215,4336.5527,4.3862042,0.22128439,target_evaluation,target_evaluation_shifted,source_plus_target_retrained,feh,2026,2.0,0.2212843894958496,-0.2095860716727912,-0.4308704611686408,0.4308704611686408,4.977110474230803,0.5111111111111111,labeled_target
39627833798034999,rvspecfit-main-bright-3.fits,17.041107,4075.3704,4.620044,-0.052925248,target_evaluation,target_evaluation_shifted,source_plus_target_retrained,feh,2026,2.0,-0.05292524769902229,-0.1906425135979089,-0.1377172658988866,0.1377172658988866,6.668919825443767,0.6851851851851852,labeled_target
39627833802234446,rvspecfit-main-bright-3.fits,21.432701,6195.4375,4.5,-2.0472734,target_evaluation,target_evaluation_shifted,source_plus_target_retrained,feh,2026,2.0,-2.0472733974456787,-1.4033855226737593,0.6438878747719194,0.6438878747719194,3.5422415352100005,0.22592592592592592,labeled_target
39627833793843974,rvspecfit-main-bright-3.fits,40.123512,3609.6584,4.536659,-0.20593798,target_evaluation,target_evaluation_shifted,source_plus_target_retrained,feh,2026,2.0,-0.20593798160552979,-0.16861607064379633,0.03732191096173346,0.03732191096173346,3.7499165361416926,0.28888888888888886,labeled_target
39627821743607305,rvspecfit-main-bright-4.fits,38.73113,4629.5903,4.7259316,-0.11974044,target_evaluation,target_evaluation_shifted,source_plus_target_retrained,feh,2026,2.0,-0.11974044144153595,-0.30162346093632525,-0.1818830194947893,0.1818830194947893,3.4720908649376088,0.2037037037037037,labeled_target
39627821743608617,rvspecfit-main-bright-4.fits,14.83805,6469.1216,4.834329,-1.9999986,target_evaluation,target_evaluation_shifted,source_plus_target_retrained,feh,2026,2.0,-1.9999985694885254,-1.3615998982814526,0.6383986712070728,0.6383986712070728,5.772783040640335,0.6055555555555555,labeled_target
39627827783406885,rvspecfit-main-bright-4.fits,25.759974,3451.2712,4.5000005,6.0765877e-09,target_evaluation,target_evaluation_shifted,source_plus_target_retrained,feh,2026,2.0,6.076587677483758e-09,-0.023661797906312752,-0.02366180398290043,0.02366180398290043,4.718723078032958,0.4759259259259259,labeled_target
39627833819009327,rvspecfit-main-bright-4.fits,14.72425,5800.006,4.4179063,-0.41439247,target_evaluation,target_evaluation_shifted,source_plus_target_retrained,feh,2026,2.0,-0.41439247131347656,-0.6567666032475177,-0.24237413193404111,0.24237413193404111,6.002933068914145,0.6222222222222222,labeled_target
39627821747799263,rvspecfit-main-bright-4.fits,12.165322,6256.565,4.644997,-1.5297871,target_evaluation,target_evaluation_shifted,source_plus_target_retrained,feh,2026,2.0,-1.5297870635986328,-1.129294793593387,0.4004922700052458,0.4004922700052458,5.281818771208172,0.5481481481481482,labeled_target
39627833823204203,rvspecfit-main-bright-4.fits,34.961163,4537.2896,4.6756153,-0.036325403,target_evaluation,target_evaluation_shifted,source_plus_target_retrained,feh,2026,2.0,-0.036325402557849884,-0.3186469610484249,-0.282321558490575,0.282321558490575,3.7933432766581,0.3,labeled_target
39627821735220946,rvspecfit-main-bright-4.fits,16.858812,3473.7603,4.656427,-0.7322211,target_evaluation,target_evaluation_shifted,source_plus_target_retrained,feh,2026,2.0,-0.7322211265563965,-0.1581363305251147,0.5740847960312818,0.5740847960312818,6.736281147823193,0.6925925925925925,labeled_target
39627833839977270,rvspecfit-main-bright-5.fits,22.707117,3847.4602,4.847961,-0.07507452,target_evaluation,target_evaluation_shifted,source_plus_target_retrained,feh,2026,2.0,-0.07507452368736267,-0.3082937514794691,-0.2332192277921064,0.2332192277921064,5.358719138327584,0.5592592592592592,labeled_target
39627845923766625,rvspecfit-main-bright-5.fits,25.341322,3959.5576,4.3476377,-0.7805401,target_evaluation,target_evaluation_shifted,source_plus_target_retrained,feh,2026,2.0,-0.7805401086807251,-0.506453932173417,0.27408617650730804,0.27408617650730804,4.72081226712939,0.4759259259259259,labeled_target
39627839879775616,rvspecfit-main-bright-5.fits,43.97754,5813.363,4.760278,-1.1522388,target_evaluation,target_evaluation_shifted,source_plus_target_retrained,feh,2026,2.0,-1.1522388458251953,-0.7115408959277761,0.44069794989741917,0.44069794989741917,2.5160657113632485,0.040740740740740744,labeled_target
39627845919573600,rvspecfit-main-bright-5.fits,41.5082,6244.3022,4.3234587,-1.7500005,target_evaluation,target_evaluation_shifted,source_plus_target_retrained,feh,2026,2.0,-1.7500004768371582,-1.2340401781442478,0.5159602986929104,0.5159602986929104,2.486436447097572,0.040740740740740744,labeled_target
39627845915380471,rvspecfit-main-bright-5.fits,44.527607,3708.848,4.5635805,-0.6112659,target_evaluation,target_evaluation_shifted,source_plus_target_retrained,feh,2026,2.0,-0.6112658977508545,-0.29532692795054183,0.31593896980031266,0.31593896980031266,3.3414863742944916,0.18333333333333332,labeled_target
39627839875583467,rvspecfit-main-bright-5.fits,30.495152,3700.0,4.774045,2.0906618e-05,target_evaluation,target_evaluation_shifted,source_plus_target_retrained,feh,2026,2.0,2.0906618374283426e-05,-0.12303060544608185,-0.12305151206445614,0.12305151206445614,4.545635738959566,0.45185185185185184,labeled_target
39627833831591187,rvspecfit-main-bright-5.fits,14.973386,4433.752,4.873937,-0.6670582,target_evaluation,target_evaluation_shifted,source_plus_target_retrained,feh,2026,2.0,-0.6670582294464111,-0.40960415506206216,0.257454074384349,0.257454074384349,5.1294046103785895,0.5333333333333333,labeled_target
39627833835783596,rvspecfit-main-bright-5.fits,19.291912,4050.7817,4.467584,-0.6911538,target_evaluation,target_evaluation_shifted,source_plus_target_retrained,feh,2026,2.0,-0.6911538243293762,-0.424912393043855,0.26624143128552125,0.26624143128552125,4.352452559936074,0.4166666666666667,labeled_target
39627845915383495,rvspecfit-main-bright-5.fits,10.922119,5638.3613,4.8552957,-0.6561243,target_evaluation,target_evaluation_shifted,source_plus_target_retrained,feh,2026,2.0,-0.6561242938041687,-0.5956785236604234,0.0604457701437453,0.0604457701437453,7.824966238177959,0.762962962962963,labeled_target
39627833810618447,rvspecfit-main-bright-6.fits,40.771164,6517.8154,4.6731167,-2.3132465,target_evaluation,target_evaluation_shifted,source_plus_target_retrained,feh,2026,2.0,-2.313246488571167,-1.2319711236747473,1.0812753648964197,1.0812753648964197,3.2275795325921335,0.15185185185185185,labeled_target
39627839850415811,rvspecfit-main-bright-6.fits,14.076207,5159.8643,4.866095,-0.5808288,target_evaluation,target_evaluation_shifted,source_plus_target_retrained,feh,2026,2.0,-0.5808287858963013,-0.5247252865844136,0.05610349931188763,0.05610349931188763,6.831175659055599,0.6962962962962963,labeled_target
39627845886020401,rvspecfit-main-bright-6.fits,13.033478,6121.208,4.152123,-0.96648407,target_evaluation,target_evaluation_shifted,source_plus_target_retrained,feh,2026,2.0,-0.9664840698242188,-1.2718765757845594,-0.3053925059603406,0.3053925059603406,6.791784803425178,0.6925925925925925,labeled_target
39627845886019547,rvspecfit-main-bright-6.fits,26.366577,5199.997,4.8886833,-0.30279285,target_evaluation,target_evaluation_shifted,source_plus_target_retrained,feh,2026,2.0,-0.30279284715652466,-0.5019756338558025,-0.1991827866992778,0.1991827866992778,4.886056457529565,0.4981481481481482,labeled_target
39627845886024355,rvspecfit-main-bright-6.fits,32.78284,5942.658,4.291933,-0.6273537,target_evaluation,target_evaluation_shifted,source_plus_target_retrained,feh,2026,2.0,-0.6273537278175354,-1.1322852028957513,-0.5049314750782159,0.5049314750782159,4.553705553442405,0.45555555555555555,labeled_target
39627827728880168,rvspecfit-main-bright-8.fits,11.884048,3643.9668,4.5368013,-0.5000001,target_evaluation,target_evaluation_shifted,source_plus_target_retrained,feh,2026,2.0,-0.5000001192092896,-0.2463297725425283,0.25367034666676125,0.25367034666676125,8.620913878191667,0.7833333333333333,labeled_target
39627827728881595,rvspecfit-main-bright-8.fits,11.067028,3715.3442,4.560988,-0.41314766,target_evaluation,target_evaluation_shifted,source_plus_target_retrained,feh,2026,2.0,-0.4131476581096649,-0.29413785150188315,0.11900980660778177,0.11900980660778177,6.070880234433099,0.6370370370370371,labeled_target
39627821693274753,rvspecfit-main-bright-8.fits,14.563165,4903.6562,4.7105637,-0.6856381,target_evaluation,target_evaluation_shifted,source_plus_target_retrained,feh,2026,2.0,-0.6856381297111511,-0.5655337152221694,0.12010441448898168,0.12010441448898168,6.308351091697879,0.65,labeled_target
39627833777063378,rvspecfit-main-bright-8.fits,36.156208,4865.3774,4.8829994,-0.2660883,target_evaluation,target_evaluation_shifted,source_plus_target_retrained,feh,2026,2.0,-0.2660883069038391,-0.5184442707493041,-0.252355963845465,0.252355963845465,4.586519428027104,0.45740740740740743,labeled_target
39627839816861389,rvspecfit-main-bright-8.fits,23.303087,5715.106,4.715221,-0.5199357,target_evaluation,target_evaluation_shifted,source_plus_target_retrained,feh,2026,2.0,-0.5199357271194458,-0.794327086062629,-0.27439135894318323,0.27439135894318323,4.083286276124263,0.3537037037037037,labeled_target
39627833781259407,rvspecfit-main-bright-8.fits,22.830645,4481.9824,4.584956,-0.5631001,target_evaluation,target_evaluation_shifted,source_plus_target_retrained,feh,2026,2.0,-0.5631000995635986,-0.3770222523255951,0.18607784723800352,0.18607784723800352,6.159532721327398,0.6425925925925926,labeled_target
39627839812672682,rvspecfit-main-bright-8.fits,11.783399,5055.8506,5.161906,-1.1391282,target_evaluation,target_evaluation_shifted,source_plus_target_retrained,feh,2026,2.0,-1.1391282081604004,-0.6111220181629002,0.5280061899975002,0.5280061899975002,6.244312323493406,0.6481481481481481,labeled_target
39627827737264610,rvspecfit-main-bright-8.fits,51.15046,3715.6196,4.598353,-0.2972362,target_evaluation,target_evaluation_shifted,source_plus_target_retrained,feh,2026,2.0,-0.29723620414733887,-0.33678604920032845,-0.039549845052989585,0.039549845052989585,3.551711900492752,0.22777777777777777,labeled_target
39627827728877440,rvspecfit-main-bright-8.fits,36.33877,5575.7563,4.6957045,-0.07203574,target_evaluation,target_evaluation_shifted,source_plus_target_retrained,feh,2026,2.0,-0.07203573733568192,-0.5321791117414729,-0.460143374405791,0.460143374405791,3.327800700512523,0.17962962962962964,labeled_target
39627821693275169,rvspecfit-main-bright-8.fits,15.122388,5025.6157,4.4391804,-0.651436,target_evaluation,target_evaluation_shifted,source_plus_target_retrained,feh,2026,2.0,-0.6514359712600708,-0.5786929482480461,0.07274302301202473,0.07274302301202473,5.444216487091461,0.5666666666666667,labeled_target
39627839816865588,rvspecfit-main-bright-9.fits,10.728113,3960.8994,4.4292912,-0.4187252,target_evaluation,target_evaluation_shifted,source_plus_target_retrained,feh,2026,2.0,-0.4187251925468445,-0.5121672363504894,-0.09344204380364496,0.09344204380364496,7.824694368454455,0.762962962962963,labeled_target
39627839821055583,rvspecfit-main-bright-9.fits,13.759142,4015.057,4.523047,-0.5563418,target_evaluation,target_evaluation_shifted,source_plus_target_retrained,feh,2026,2.0,-0.556341826915741,-0.4044257386279157,0.15191608828782527,0.15191608828782527,6.167752351882318,0.6425925925925926,labeled_target
39627845865046248,rvspecfit-main-bright-9.fits,12.871122,3645.7952,4.8327327,0.2286792,target_evaluation,target_evaluation_shifted,source_plus_target_retrained,feh,2026,2.0,0.22867919504642487,-0.10057879794575206,-0.32925799299217695,0.32925799299217695,7.7650654256949725,0.7537037037037037,labeled_target
39627845860853503,rvspecfit-main-bright-9.fits,26.803902,5411.7363,4.7129574,-0.54156125,target_evaluation,target_evaluation_shifted,source_plus_target_retrained,feh,2026,2.0,-0.5415612459182739,-0.5572211266891333,-0.015659880770859336,0.015659880770859336,3.303022769778974,0.17592592592592593,labeled_target
39627833785455822,rvspecfit-main-bright-9.fits,19.493109,3852.0898,4.842148,-0.25,target_evaluation,target_evaluation_shifted,source_plus_target_retrained,feh,2026,2.0,-0.25,-0.17645607747689257,0.07354392252310743,0.07354392252310743,5.20415315140709,0.5407407407407407,labeled_target
39627851909045330,rvspecfit-main-bright-9.fits,22.31135,5862.414,4.257343,-0.67050207,target_evaluation,target_evaluation_shifted,source_plus_target_retrained,feh,2026,2.0,-0.6705020666122437,-1.159536677962135,-0.48903461134989135,0.48903461134989135,5.0761784951124005,0.5259259259259259,labeled_target
39627851913232720,rvspecfit-main-bright-9.fits,38.27888,4340.273,4.7055964,-0.32321364,target_evaluation,target_evaluation_shifted,source_plus_target_retrained,feh,2026,2.0,-0.3232136368751526,-0.31235027775332597,0.010863359121826621,0.010863359121826621,3.5247253524534137,0.21851851851851853,labeled_target
39627845869245534,rvspecfit-main-bright-9.fits,44.033375,6095.794,4.289099,-0.5429145,target_evaluation,target_evaluation_shifted,source_plus_target_retrained,feh,2026,2.0,-0.5429145097732544,-0.646488049998146,-0.10357354022489162,0.10357354022489162,2.5712796905749724,0.046296296296296294,labeled_target
39627839837834061,rvspecfit-main-bright-9.fits,18.223211,4585.609,4.679545,-0.26840124,target_evaluation,target_evaluation_shifted,source_plus_target_retrained,feh,2026,2.0,-0.26840123534202576,-0.33356461429916434,-0.06516337895713858,0.06516337895713858,4.488592644584745,0.4444444444444444,labeled_target
39627839829446786,rvspecfit-main-bright-9.fits,13.116069,3434.77,4.522116,0.022658512,target_evaluation,target_evaluation_shifted,source_plus_target_retrained,feh,2026,2.0,0.022658511996269226,0.026805056837483084,0.0041465448412138575,0.0041465448412138575,7.213938491316041,0.7166666666666667,labeled_target
39627845873438049,rvspecfit-main-bright-9.fits,21.684975,5177.2314,4.8784614,-0.70214164,target_evaluation,target_evaluation_shifted,source_plus_target_retrained,feh,2026,2.0,-0.7021416425704956,-0.5449141160438635,0.15722752652663208,0.15722752652663208,4.452810381088625,0.42962962962962964,labeled_target
39627845869247436,rvspecfit-main-bright-9.fits,65.567,6116.4717,3.9716609,-0.62627816,target_evaluation,target_evaluation_shifted,source_plus_target_retrained,feh,2026,2.0,-0.6262781620025635,-0.8284687148022292,-0.2021905527996657,0.2021905527996657,2.089133052011743,0.007407407407407408,labeled_target
39627839833638184,rvspecfit-main-bright-9.fits,23.375196,3722.8513,4.692401,-0.5,target_evaluation,target_evaluation_shifted,source_plus_target_retrained,feh,2026,2.0,-0.5,-0.25013361196550743,0.24986638803449257,0.24986638803449257,4.565605685109625,0.45740740740740743,labeled_target
39627839837834062,rvspecfit-main-bright-9.fits,29.298006,3464.2122,4.331614,-0.21758264,target_evaluation,target_evaluation_shifted,source_plus_target_retrained,feh,2026,2.0,-0.21758264303207397,-0.1287913142735733,0.08879132875850068,0.08879132875850068,5.117662360139141,0.5296296296296297,labeled_target
39627845873435234,rvspecfit-main-bright-9.fits,44.133266,5946.902,4.733702,-0.44999155,target_evaluation,target_evaluation_shifted,source_plus_target_retrained,feh,2026,2.0,-0.4499915540218353,-0.6492335529857561,-0.1992419989639208,0.1992419989639208,2.7508935703078228,0.06111111111111111,labeled_target
