evaluation,calibration_source,model,target,seed,noise_factor,alpha,nominal_coverage,calibration_size,interval_radius,n,coverage,mean_width,median_width,below_interval,above_interval
target_evaluation_clean,source_holdout_clean,noise_augmented,feh,-1,1.0,0.32,0.6799999999999999,180,0.2306790833573396,91,0.6703296703296703,0.4613581667146793,0.4613581667146792,0.17582417582417584,0.15384615384615385
target_evaluation_clean,source_holdout_clean,noise_augmented,feh,-1,1.0,0.1,0.9,180,0.43861480969190597,91,0.8901098901098901,0.8772296193838117,0.8772296193838119,0.08791208791208792,0.02197802197802198
target_evaluation_clean,source_holdout_clean,noise_augmented,feh,-1,1.0,0.05,0.95,180,0.5606744249512754,91,0.945054945054945,1.121348849902551,1.1213488499025508,0.04395604395604396,0.01098901098901099
target_evaluation_clean,source_holdout_clean,noise_augmented,logg,-1,1.0,0.32,0.6799999999999999,180,0.2523691074848191,91,0.7252747252747253,0.5047382149696381,0.5047382149696382,0.14285714285714285,0.13186813186813187
target_evaluation_clean,source_holdout_clean,noise_augmented,logg,-1,1.0,0.1,0.9,180,0.6203904552658432,91,0.945054945054945,1.2407809105316863,1.2407809105316865,0.03296703296703297,0.02197802197802198
target_evaluation_clean,source_holdout_clean,noise_augmented,logg,-1,1.0,0.05,0.95,180,0.8079488211572174,91,0.967032967032967,1.6158976423144342,1.615897642314435,0.03296703296703297,0.0
target_evaluation_clean,source_holdout_clean,noise_augmented,teff,-1,1.0,0.32,0.6799999999999999,180,141.64256255086366,91,0.7142857142857143,283.2851251017273,283.2851251017273,0.16483516483516483,0.12087912087912088
target_evaluation_clean,source_holdout_clean,noise_augmented,teff,-1,1.0,0.1,0.9,180,313.24044893391783,91,0.9340659340659341,626.4808978678356,626.4808978678357,0.054945054945054944,0.01098901098901099
target_evaluation_clean,source_holdout_clean,noise_augmented,teff,-1,1.0,0.05,0.95,180,384.0125500691738,91,0.945054945054945,768.0251001383475,768.0251001383476,0.04395604395604396,0.01098901098901099
target_evaluation_clean,source_holdout_clean,source_only,feh,-1,1.0,0.32,0.6799999999999999,180,0.2232781324222622,91,0.6593406593406593,0.44655626484452426,0.4465562648445244,0.17582417582417584,0.16483516483516483
target_evaluation_clean,source_holdout_clean,source_only,feh,-1,1.0,0.1,0.9,180,0.4521088827618709,91,0.8681318681318682,0.9042177655237414,0.9042177655237418,0.08791208791208792,0.04395604395604396
target_evaluation_clean,source_holdout_clean,source_only,feh,-1,1.0,0.05,0.95,180,0.5718153978836606,91,0.9560439560439561,1.1436307957673215,1.1436307957673213,0.04395604395604396,0.0
target_evaluation_clean,source_holdout_clean,source_only,logg,-1,1.0,0.32,0.6799999999999999,180,0.23936974108218934,91,0.7032967032967034,0.47873948216437867,0.47873948216437867,0.13186813186813187,0.16483516483516483
target_evaluation_clean,source_holdout_clean,source_only,logg,-1,1.0,0.1,0.9,180,0.6909636572003381,91,0.9560439560439561,1.381927314400676,1.3819273144006763,0.03296703296703297,0.01098901098901099
target_evaluation_clean,source_holdout_clean,source_only,logg,-1,1.0,0.05,0.95,180,0.7959183901548386,91,0.967032967032967,1.5918367803096771,1.5918367803096771,0.03296703296703297,0.0
target_evaluation_clean,source_holdout_clean,source_only,teff,-1,1.0,0.32,0.6799999999999999,180,139.35836954752813,91,0.6923076923076923,278.71673909505625,278.71673909505625,0.15384615384615385,0.15384615384615385
target_evaluation_clean,source_holdout_clean,source_only,teff,-1,1.0,0.1,0.9,180,293.00004557291504,91,0.9230769230769231,586.0000911458302,586.0000911458301,0.054945054945054944,0.02197802197802198
target_evaluation_clean,source_holdout_clean,source_only,teff,-1,1.0,0.05,0.95,180,398.11501424153903,91,0.945054945054945,796.2300284830783,796.2300284830781,0.04395604395604396,0.01098901098901099
target_evaluation_shifted,source_holdout_clean,source_only,teff,2026,1.25,0.32,0.6799999999999999,180,139.35836954752813,91,0.6483516483516484,278.71673909505625,278.71673909505625,0.1758241758241758,0.1758241758241758
target_evaluation_shifted,source_holdout_clean,source_only,teff,2026,1.25,0.1,0.9,180,293.00004557291504,91,0.912087912087912,586.0000911458302,586.0000911458301,0.0549450549450549,0.0329670329670329
target_evaluation_shifted,source_holdout_clean,source_only,teff,2026,1.25,0.05,0.95,180,398.11501424153903,91,0.934065934065934,796.2300284830783,796.2300284830781,0.0439560439560439,0.0219780219780219
target_evaluation_shifted,source_holdout_clean,source_only,logg,2026,1.25,0.32,0.6799999999999999,180,0.2393697410821893,91,0.6703296703296703,0.4787394821643786,0.4787394821643786,0.1538461538461538,0.1758241758241758
target_evaluation_shifted,source_holdout_clean,source_only,logg,2026,1.25,0.1,0.9,180,0.6909636572003381,91,0.956043956043956,1.381927314400676,1.3819273144006767,0.0329670329670329,0.0109890109890109
target_evaluation_shifted,source_holdout_clean,source_only,logg,2026,1.25,0.05,0.95,180,0.7959183901548386,91,0.967032967032967,1.5918367803096771,1.5918367803096771,0.0329670329670329,0.0
target_evaluation_shifted,source_holdout_clean,source_only,feh,2026,1.25,0.32,0.6799999999999999,180,0.2232781324222622,91,0.6593406593406593,0.4465562648445242,0.4465562648445244,0.1758241758241758,0.1648351648351648
target_evaluation_shifted,source_holdout_clean,source_only,feh,2026,1.25,0.1,0.9,180,0.4521088827618709,91,0.8571428571428571,0.9042177655237414,0.9042177655237418,0.0879120879120879,0.0549450549450549
target_evaluation_shifted,source_holdout_clean,source_only,feh,2026,1.25,0.05,0.95,180,0.5718153978836606,91,0.978021978021978,1.1436307957673215,1.1436307957673213,0.0219780219780219,0.0
target_evaluation_shifted,source_holdout_clean,noise_augmented,teff,2026,1.25,0.32,0.6799999999999999,180,141.64256255086366,91,0.7252747252747253,283.2851251017273,283.2851251017273,0.1318681318681318,0.1428571428571428
target_evaluation_shifted,source_holdout_clean,noise_augmented,teff,2026,1.25,0.1,0.9,180,313.24044893391783,91,0.934065934065934,626.4808978678356,626.4808978678357,0.0549450549450549,0.0109890109890109
target_evaluation_shifted,source_holdout_clean,noise_augmented,teff,2026,1.25,0.05,0.95,180,384.0125500691738,91,0.945054945054945,768.0251001383475,768.0251001383476,0.0439560439560439,0.0109890109890109
target_evaluation_shifted,source_holdout_clean,noise_augmented,logg,2026,1.25,0.32,0.6799999999999999,180,0.2523691074848191,91,0.7032967032967034,0.5047382149696381,0.5047382149696382,0.1538461538461538,0.1428571428571428
target_evaluation_shifted,source_holdout_clean,noise_augmented,logg,2026,1.25,0.1,0.9,180,0.6203904552658432,91,0.945054945054945,1.2407809105316865,1.2407809105316865,0.0329670329670329,0.0219780219780219
target_evaluation_shifted,source_holdout_clean,noise_augmented,logg,2026,1.25,0.05,0.95,180,0.8079488211572174,91,0.967032967032967,1.6158976423144342,1.615897642314435,0.0329670329670329,0.0
target_evaluation_shifted,source_holdout_clean,noise_augmented,feh,2026,1.25,0.32,0.6799999999999999,180,0.2306790833573395,91,0.6593406593406593,0.4613581667146792,0.4613581667146791,0.1868131868131868,0.1538461538461538
target_evaluation_shifted,source_holdout_clean,noise_augmented,feh,2026,1.25,0.1,0.9,180,0.4386148096919059,91,0.8681318681318682,0.8772296193838117,0.8772296193838118,0.0879120879120879,0.0439560439560439
target_evaluation_shifted,source_holdout_clean,noise_augmented,feh,2026,1.25,0.05,0.95,180,0.560674424951275,91,0.956043956043956,1.1213488499025497,1.12134884990255,0.0329670329670329,0.0109890109890109
target_evaluation_shifted,source_holdout_clean,source_only,teff,2026,1.5,0.32,0.6799999999999999,180,139.35836954752813,91,0.6263736263736264,278.71673909505625,278.71673909505625,0.1758241758241758,0.1978021978021978
target_evaluation_shifted,source_holdout_clean,source_only,teff,2026,1.5,0.1,0.9,180,293.00004557291504,91,0.8901098901098901,586.0000911458301,586.0000911458301,0.0549450549450549,0.0549450549450549
target_evaluation_shifted,source_holdout_clean,source_only,teff,2026,1.5,0.05,0.95,180,398.11501424153903,91,0.934065934065934,796.230028483078,796.2300284830781,0.0439560439560439,0.0219780219780219
target_evaluation_shifted,source_holdout_clean,source_only,logg,2026,1.5,0.32,0.6799999999999999,180,0.2393697410821893,91,0.6813186813186813,0.4787394821643786,0.4787394821643786,0.1538461538461538,0.1648351648351648
target_evaluation_shifted,source_holdout_clean,source_only,logg,2026,1.5,0.1,0.9,180,0.6909636572003381,91,0.956043956043956,1.3819273144006765,1.3819273144006767,0.0329670329670329,0.0109890109890109
target_evaluation_shifted,source_holdout_clean,source_only,logg,2026,1.5,0.05,0.95,180,0.7959183901548386,91,0.956043956043956,1.5918367803096771,1.5918367803096771,0.0329670329670329,0.0109890109890109
target_evaluation_shifted,source_holdout_clean,source_only,feh,2026,1.5,0.32,0.6799999999999999,180,0.2232781324222622,91,0.6483516483516484,0.4465562648445242,0.4465562648445244,0.1868131868131868,0.1648351648351648
target_evaluation_shifted,source_holdout_clean,source_only,feh,2026,1.5,0.1,0.9,180,0.4521088827618709,91,0.8571428571428571,0.9042177655237414,0.9042177655237418,0.0879120879120879,0.0549450549450549
target_evaluation_shifted,source_holdout_clean,source_only,feh,2026,1.5,0.05,0.95,180,0.5718153978836606,91,0.978021978021978,1.1436307957673215,1.1436307957673213,0.0219780219780219,0.0
target_evaluation_shifted,source_holdout_clean,noise_augmented,teff,2026,1.5,0.32,0.6799999999999999,180,141.64256255086366,91,0.6373626373626373,283.2851251017273,283.2851251017273,0.1758241758241758,0.1868131868131868
target_evaluation_shifted,source_holdout_clean,noise_augmented,teff,2026,1.5,0.1,0.9,180,313.24044893391783,91,0.934065934065934,626.4808978678356,626.4808978678357,0.0439560439560439,0.0219780219780219
target_evaluation_shifted,source_holdout_clean,noise_augmented,teff,2026,1.5,0.05,0.95,180,384.0125500691738,91,0.945054945054945,768.0251001383475,768.0251001383476,0.0439560439560439,0.0109890109890109
target_evaluation_shifted,source_holdout_clean,noise_augmented,logg,2026,1.5,0.32,0.6799999999999999,180,0.2523691074848191,91,0.7032967032967034,0.5047382149696381,0.5047382149696382,0.1538461538461538,0.1428571428571428
target_evaluation_shifted,source_holdout_clean,noise_augmented,logg,2026,1.5,0.1,0.9,180,0.6203904552658432,91,0.945054945054945,1.2407809105316865,1.2407809105316865,0.0329670329670329,0.0219780219780219
target_evaluation_shifted,source_holdout_clean,noise_augmented,logg,2026,1.5,0.05,0.95,180,0.8079488211572174,91,0.956043956043956,1.6158976423144342,1.615897642314435,0.0329670329670329,0.0109890109890109
target_evaluation_shifted,source_holdout_clean,noise_augmented,feh,2026,1.5,0.32,0.6799999999999999,180,0.2306790833573395,91,0.6593406593406593,0.4613581667146792,0.4613581667146791,0.1758241758241758,0.1648351648351648
target_evaluation_shifted,source_holdout_clean,noise_augmented,feh,2026,1.5,0.1,0.9,180,0.4386148096919059,91,0.8681318681318682,0.8772296193838117,0.8772296193838118,0.0879120879120879,0.0439560439560439
target_evaluation_shifted,source_holdout_clean,noise_augmented,feh,2026,1.5,0.05,0.95,180,0.560674424951275,91,0.967032967032967,1.1213488499025497,1.12134884990255,0.0329670329670329,0.0
target_evaluation_shifted,source_holdout_clean,source_only,teff,2026,2.0,0.32,0.6799999999999999,180,139.35836954752813,91,0.5934065934065934,278.71673909505625,278.71673909505625,0.1868131868131868,0.2197802197802197
target_evaluation_shifted,source_holdout_clean,source_only,teff,2026,2.0,0.1,0.9,180,293.00004557291504,91,0.8571428571428571,586.0000911458302,586.0000911458301,0.0769230769230769,0.0659340659340659
target_evaluation_shifted,source_holdout_clean,source_only,teff,2026,2.0,0.05,0.95,180,398.11501424153903,91,0.9230769230769232,796.2300284830783,796.2300284830781,0.0549450549450549,0.0219780219780219
target_evaluation_shifted,source_holdout_clean,source_only,logg,2026,2.0,0.32,0.6799999999999999,180,0.2393697410821893,91,0.6813186813186813,0.4787394821643786,0.4787394821643786,0.1538461538461538,0.1648351648351648
target_evaluation_shifted,source_holdout_clean,source_only,logg,2026,2.0,0.1,0.9,180,0.6909636572003381,91,0.945054945054945,1.381927314400676,1.3819273144006758,0.0329670329670329,0.0219780219780219
target_evaluation_shifted,source_holdout_clean,source_only,logg,2026,2.0,0.05,0.95,180,0.7959183901548386,91,0.956043956043956,1.5918367803096771,1.5918367803096771,0.0329670329670329,0.0109890109890109
target_evaluation_shifted,source_holdout_clean,source_only,feh,2026,2.0,0.32,0.6799999999999999,180,0.2232781324222622,91,0.6703296703296703,0.4465562648445242,0.4465562648445244,0.1538461538461538,0.1758241758241758
target_evaluation_shifted,source_holdout_clean,source_only,feh,2026,2.0,0.1,0.9,180,0.4521088827618709,91,0.8681318681318682,0.9042177655237414,0.9042177655237418,0.0879120879120879,0.0439560439560439
target_evaluation_shifted,source_holdout_clean,source_only,feh,2026,2.0,0.05,0.95,180,0.5718153978836606,91,0.967032967032967,1.1436307957673215,1.1436307957673213,0.0219780219780219,0.0109890109890109
target_evaluation_shifted,source_holdout_clean,noise_augmented,teff,2026,2.0,0.32,0.6799999999999999,180,141.64256255086366,91,0.6373626373626373,283.2851251017273,283.2851251017273,0.1428571428571428,0.2197802197802197
target_evaluation_shifted,source_holdout_clean,noise_augmented,teff,2026,2.0,0.1,0.9,180,313.24044893391783,91,0.9010989010989012,626.4808978678356,626.4808978678357,0.0549450549450549,0.0439560439560439
target_evaluation_shifted,source_holdout_clean,noise_augmented,teff,2026,2.0,0.05,0.95,180,384.0125500691738,91,0.9230769230769232,768.0251001383475,768.0251001383476,0.0549450549450549,0.0219780219780219
target_evaluation_shifted,source_holdout_clean,noise_augmented,logg,2026,2.0,0.32,0.6799999999999999,180,0.2523691074848191,91,0.7142857142857143,0.5047382149696381,0.5047382149696382,0.1428571428571428,0.1428571428571428
target_evaluation_shifted,source_holdout_clean,noise_augmented,logg,2026,2.0,0.1,0.9,180,0.6203904552658432,91,0.934065934065934,1.2407809105316865,1.2407809105316865,0.0329670329670329,0.0329670329670329
target_evaluation_shifted,source_holdout_clean,noise_augmented,logg,2026,2.0,0.05,0.95,180,0.8079488211572174,91,0.956043956043956,1.6158976423144342,1.615897642314435,0.0329670329670329,0.0109890109890109
target_evaluation_shifted,source_holdout_clean,noise_augmented,feh,2026,2.0,0.32,0.6799999999999999,180,0.2306790833573395,91,0.6373626373626373,0.4613581667146792,0.4613581667146791,0.1648351648351648,0.1978021978021978
target_evaluation_shifted,source_holdout_clean,noise_augmented,feh,2026,2.0,0.1,0.9,180,0.4386148096919059,91,0.8681318681318682,0.8772296193838117,0.8772296193838118,0.0879120879120879,0.0439560439560439
target_evaluation_shifted,source_holdout_clean,noise_augmented,feh,2026,2.0,0.05,0.95,180,0.560674424951275,91,0.978021978021978,1.1213488499025497,1.12134884990255,0.0219780219780219,0.0
target_evaluation_shifted,source_holdout_clean,source_only,teff,2026,2.5,0.32,0.6799999999999999,180,139.35836954752813,91,0.4945054945054945,278.71673909505625,278.71673909505625,0.2527472527472527,0.2527472527472527
target_evaluation_shifted,source_holdout_clean,source_only,teff,2026,2.5,0.1,0.9,180,293.00004557291504,91,0.7912087912087912,586.0000911458302,586.0000911458301,0.0769230769230769,0.1318681318681318
target_evaluation_shifted,source_holdout_clean,source_only,teff,2026,2.5,0.05,0.95,180,398.11501424153903,91,0.8901098901098901,796.230028483078,796.2300284830781,0.0549450549450549,0.0549450549450549
target_evaluation_shifted,source_holdout_clean,source_only,logg,2026,2.5,0.32,0.6799999999999999,180,0.2393697410821893,91,0.6813186813186813,0.4787394821643786,0.4787394821643786,0.1428571428571428,0.1758241758241758
target_evaluation_shifted,source_holdout_clean,source_only,logg,2026,2.5,0.1,0.9,180,0.6909636572003381,91,0.945054945054945,1.3819273144006765,1.3819273144006767,0.0329670329670329,0.0219780219780219
target_evaluation_shifted,source_holdout_clean,source_only,logg,2026,2.5,0.05,0.95,180,0.7959183901548386,91,0.956043956043956,1.5918367803096771,1.5918367803096771,0.0329670329670329,0.0109890109890109
target_evaluation_shifted,source_holdout_clean,source_only,feh,2026,2.5,0.32,0.6799999999999999,180,0.2232781324222622,91,0.6153846153846154,0.4465562648445242,0.4465562648445244,0.1648351648351648,0.2197802197802197
target_evaluation_shifted,source_holdout_clean,source_only,feh,2026,2.5,0.1,0.9,180,0.4521088827618709,91,0.8681318681318682,0.9042177655237414,0.9042177655237418,0.0879120879120879,0.0439560439560439
target_evaluation_shifted,source_holdout_clean,source_only,feh,2026,2.5,0.05,0.95,180,0.5718153978836606,91,0.945054945054945,1.1436307957673215,1.1436307957673213,0.0439560439560439,0.0109890109890109
target_evaluation_shifted,source_holdout_clean,noise_augmented,teff,2026,2.5,0.32,0.6799999999999999,180,141.64256255086366,91,0.5714285714285714,283.2851251017273,283.2851251017273,0.1868131868131868,0.2417582417582417
target_evaluation_shifted,source_holdout_clean,noise_augmented,teff,2026,2.5,0.1,0.9,180,313.24044893391783,91,0.8571428571428571,626.4808978678356,626.4808978678357,0.0769230769230769,0.0659340659340659
target_evaluation_shifted,source_holdout_clean,noise_augmented,teff,2026,2.5,0.05,0.95,180,384.0125500691738,91,0.8791208791208791,768.0251001383475,768.0251001383476,0.0659340659340659,0.0549450549450549
target_evaluation_shifted,source_holdout_clean,noise_augmented,logg,2026,2.5,0.32,0.6799999999999999,180,0.2523691074848191,91,0.7032967032967034,0.5047382149696381,0.5047382149696382,0.1208791208791208,0.1758241758241758
target_evaluation_shifted,source_holdout_clean,noise_augmented,logg,2026,2.5,0.1,0.9,180,0.6203904552658432,91,0.934065934065934,1.2407809105316865,1.2407809105316865,0.0329670329670329,0.0329670329670329
target_evaluation_shifted,source_holdout_clean,noise_augmented,logg,2026,2.5,0.05,0.95,180,0.8079488211572174,91,0.956043956043956,1.6158976423144342,1.615897642314435,0.0329670329670329,0.0109890109890109
target_evaluation_shifted,source_holdout_clean,noise_augmented,feh,2026,2.5,0.32,0.6799999999999999,180,0.2306790833573395,91,0.6263736263736264,0.4613581667146792,0.4613581667146791,0.1538461538461538,0.2197802197802197
target_evaluation_shifted,source_holdout_clean,noise_augmented,feh,2026,2.5,0.1,0.9,180,0.4386148096919059,91,0.8681318681318682,0.8772296193838117,0.8772296193838118,0.0879120879120879,0.0439560439560439
target_evaluation_shifted,source_holdout_clean,noise_augmented,feh,2026,2.5,0.05,0.95,180,0.560674424951275,91,0.967032967032967,1.1213488499025497,1.12134884990255,0.0329670329670329,0.0
target_evaluation_shifted,source_holdout_clean,source_only,teff,2026,3.0,0.32,0.6799999999999999,180,139.35836954752813,91,0.3956043956043956,278.71673909505625,278.71673909505625,0.2967032967032967,0.3076923076923077
target_evaluation_shifted,source_holdout_clean,source_only,teff,2026,3.0,0.1,0.9,180,293.00004557291504,91,0.7142857142857143,586.0000911458302,586.0000911458301,0.1538461538461538,0.1318681318681318
target_evaluation_shifted,source_holdout_clean,source_only,teff,2026,3.0,0.05,0.95,180,398.11501424153903,91,0.8681318681318682,796.2300284830783,796.2300284830781,0.0659340659340659,0.0659340659340659
target_evaluation_shifted,source_holdout_clean,source_only,logg,2026,3.0,0.32,0.6799999999999999,180,0.2393697410821893,91,0.6813186813186813,0.4787394821643786,0.4787394821643786,0.1428571428571428,0.1758241758241758
target_evaluation_shifted,source_holdout_clean,source_only,logg,2026,3.0,0.1,0.9,180,0.6909636572003381,91,0.945054945054945,1.381927314400676,1.3819273144006765,0.0329670329670329,0.0219780219780219
target_evaluation_shifted,source_holdout_clean,source_only,logg,2026,3.0,0.05,0.95,180,0.7959183901548386,91,0.956043956043956,1.5918367803096771,1.5918367803096771,0.0329670329670329,0.0109890109890109
target_evaluation_shifted,source_holdout_clean,source_only,feh,2026,3.0,0.32,0.6799999999999999,180,0.2232781324222622,91,0.6153846153846154,0.4465562648445242,0.4465562648445244,0.1318681318681318,0.2527472527472527
target_evaluation_shifted,source_holdout_clean,source_only,feh,2026,3.0,0.1,0.9,180,0.4521088827618709,91,0.8571428571428571,0.9042177655237414,0.9042177655237418,0.0879120879120879,0.0549450549450549
target_evaluation_shifted,source_holdout_clean,source_only,feh,2026,3.0,0.05,0.95,180,0.5718153978836606,91,0.934065934065934,1.1436307957673215,1.1436307957673213,0.0549450549450549,0.0109890109890109
target_evaluation_shifted,source_holdout_clean,noise_augmented,teff,2026,3.0,0.32,0.6799999999999999,180,141.64256255086366,91,0.4835164835164835,283.2851251017273,283.2851251017273,0.2637362637362637,0.2527472527472527
target_evaluation_shifted,source_holdout_clean,noise_augmented,teff,2026,3.0,0.1,0.9,180,313.24044893391783,91,0.8131868131868132,626.4808978678356,626.4808978678357,0.0879120879120879,0.0989010989010989
target_evaluation_shifted,source_holdout_clean,noise_augmented,teff,2026,3.0,0.05,0.95,180,384.0125500691738,91,0.8571428571428571,768.0251001383475,768.0251001383476,0.0769230769230769,0.0659340659340659
target_evaluation_shifted,source_holdout_clean,noise_augmented,logg,2026,3.0,0.32,0.6799999999999999,180,0.2523691074848191,91,0.7142857142857143,0.5047382149696381,0.5047382149696382,0.1208791208791208,0.1648351648351648
target_evaluation_shifted,source_holdout_clean,noise_augmented,logg,2026,3.0,0.1,0.9,180,0.6203904552658432,91,0.945054945054945,1.2407809105316865,1.2407809105316865,0.0329670329670329,0.0219780219780219
target_evaluation_shifted,source_holdout_clean,noise_augmented,logg,2026,3.0,0.05,0.95,180,0.8079488211572174,91,0.956043956043956,1.6158976423144342,1.615897642314435,0.0329670329670329,0.0109890109890109
target_evaluation_shifted,source_holdout_clean,noise_augmented,feh,2026,3.0,0.32,0.6799999999999999,180,0.2306790833573395,91,0.6373626373626373,0.4613581667146792,0.4613581667146791,0.1428571428571428,0.2197802197802197
target_evaluation_shifted,source_holdout_clean,noise_augmented,feh,2026,3.0,0.1,0.9,180,0.4386148096919059,91,0.8681318681318682,0.8772296193838117,0.8772296193838118,0.0879120879120879,0.0439560439560439
target_evaluation_shifted,source_holdout_clean,noise_augmented,feh,2026,3.0,0.05,0.95,180,0.560674424951275,91,0.956043956043956,1.1213488499025497,1.12134884990255,0.0439560439560439,0.0
target_evaluation_shifted,source_holdout_clean,source_only,teff,2027,1.25,0.32,0.6799999999999999,180,139.35836954752813,91,0.6813186813186813,278.71673909505625,278.71673909505625,0.1538461538461538,0.1648351648351648
target_evaluation_shifted,source_holdout_clean,source_only,teff,2027,1.25,0.1,0.9,180,293.00004557291504,91,0.912087912087912,586.0000911458302,586.0000911458301,0.0549450549450549,0.0329670329670329
target_evaluation_shifted,source_holdout_clean,source_only,teff,2027,1.25,0.05,0.95,180,398.11501424153903,91,0.945054945054945,796.2300284830783,796.2300284830781,0.0439560439560439,0.0109890109890109
target_evaluation_shifted,source_holdout_clean,source_only,logg,2027,1.25,0.32,0.6799999999999999,180,0.2393697410821893,91,0.7252747252747253,0.4787394821643786,0.4787394821643786,0.1318681318681318,0.1428571428571428
target_evaluation_shifted,source_holdout_clean,source_only,logg,2027,1.25,0.1,0.9,180,0.6909636572003381,91,0.967032967032967,1.381927314400676,1.3819273144006765,0.0329670329670329,0.0
target_evaluation_shifted,source_holdout_clean,source_only,logg,2027,1.25,0.05,0.95,180,0.7959183901548386,91,0.967032967032967,1.5918367803096771,1.5918367803096771,0.0329670329670329,0.0
target_evaluation_shifted,source_holdout_clean,source_only,feh,2027,1.25,0.32,0.6799999999999999,180,0.2232781324222622,91,0.6593406593406593,0.4465562648445242,0.4465562648445244,0.1758241758241758,0.1648351648351648
target_evaluation_shifted,source_holdout_clean,source_only,feh,2027,1.25,0.1,0.9,180,0.4521088827618709,91,0.8791208791208791,0.9042177655237414,0.9042177655237418,0.0879120879120879,0.0329670329670329
target_evaluation_shifted,source_holdout_clean,source_only,feh,2027,1.25,0.05,0.95,180,0.5718153978836606,91,0.967032967032967,1.1436307957673215,1.1436307957673213,0.0329670329670329,0.0
target_evaluation_shifted,source_holdout_clean,noise_augmented,teff,2027,1.25,0.32,0.6799999999999999,180,141.64256255086366,91,0.7032967032967034,283.2851251017273,283.2851251017273,0.1538461538461538,0.1428571428571428
target_evaluation_shifted,source_holdout_clean,noise_augmented,teff,2027,1.25,0.1,0.9,180,313.24044893391783,91,0.9230769230769232,626.4808978678356,626.4808978678357,0.0549450549450549,0.0219780219780219
target_evaluation_shifted,source_holdout_clean,noise_augmented,teff,2027,1.25,0.05,0.95,180,384.0125500691738,91,0.934065934065934,768.0251001383475,768.0251001383476,0.0549450549450549,0.0109890109890109
target_evaluation_shifted,source_holdout_clean,noise_augmented,logg,2027,1.25,0.32,0.6799999999999999,180,0.2523691074848191,91,0.7252747252747253,0.5047382149696381,0.5047382149696382,0.1428571428571428,0.1318681318681318
target_evaluation_shifted,source_holdout_clean,noise_augmented,logg,2027,1.25,0.1,0.9,180,0.6203904552658432,91,0.945054945054945,1.2407809105316865,1.2407809105316865,0.0329670329670329,0.0219780219780219
target_evaluation_shifted,source_holdout_clean,noise_augmented,logg,2027,1.25,0.05,0.95,180,0.8079488211572174,91,0.967032967032967,1.6158976423144342,1.615897642314435,0.0329670329670329,0.0
target_evaluation_shifted,source_holdout_clean,noise_augmented,feh,2027,1.25,0.32,0.6799999999999999,180,0.2306790833573395,91,0.7032967032967034,0.4613581667146792,0.4613581667146791,0.1648351648351648,0.1318681318681318
target_evaluation_shifted,source_holdout_clean,noise_augmented,feh,2027,1.25,0.1,0.9,180,0.4386148096919059,91,0.8901098901098901,0.8772296193838117,0.8772296193838118,0.0879120879120879,0.0219780219780219
target_evaluation_shifted,source_holdout_clean,noise_augmented,feh,2027,1.25,0.05,0.95,180,0.560674424951275,91,0.956043956043956,1.1213488499025497,1.12134884990255,0.0439560439560439,0.0
target_evaluation_shifted,source_holdout_clean,source_only,teff,2027,1.5,0.32,0.6799999999999999,180,139.35836954752813,91,0.6703296703296703,278.71673909505625,278.71673909505625,0.1538461538461538,0.1758241758241758
target_evaluation_shifted,source_holdout_clean,source_only,teff,2027,1.5,0.1,0.9,180,293.00004557291504,91,0.8571428571428571,586.0000911458302,586.0000911458301,0.0769230769230769,0.0659340659340659
target_evaluation_shifted,source_holdout_clean,source_only,teff,2027,1.5,0.05,0.95,180,398.11501424153903,91,0.934065934065934,796.230028483078,796.2300284830781,0.0549450549450549,0.0109890109890109
target_evaluation_shifted,source_holdout_clean,source_only,logg,2027,1.5,0.32,0.6799999999999999,180,0.2393697410821893,91,0.6923076923076923,0.4787394821643786,0.4787394821643786,0.1318681318681318,0.1758241758241758
target_evaluation_shifted,source_holdout_clean,source_only,logg,2027,1.5,0.1,0.9,180,0.6909636572003381,91,0.956043956043956,1.381927314400676,1.3819273144006767,0.0329670329670329,0.0109890109890109
target_evaluation_shifted,source_holdout_clean,source_only,logg,2027,1.5,0.05,0.95,180,0.7959183901548386,91,0.967032967032967,1.5918367803096771,1.5918367803096771,0.0329670329670329,0.0
target_evaluation_shifted,source_holdout_clean,source_only,feh,2027,1.5,0.32,0.6799999999999999,180,0.2232781324222622,91,0.6703296703296703,0.4465562648445242,0.4465562648445244,0.1648351648351648,0.1648351648351648
target_evaluation_shifted,source_holdout_clean,source_only,feh,2027,1.5,0.1,0.9,180,0.4521088827618709,91,0.8791208791208791,0.9042177655237414,0.9042177655237418,0.0879120879120879,0.0329670329670329
target_evaluation_shifted,source_holdout_clean,source_only,feh,2027,1.5,0.05,0.95,180,0.5718153978836606,91,0.978021978021978,1.1436307957673215,1.1436307957673213,0.0219780219780219,0.0
target_evaluation_shifted,source_holdout_clean,noise_augmented,teff,2027,1.5,0.32,0.6799999999999999,180,141.64256255086366,91,0.6923076923076923,283.2851251017273,283.2851251017273,0.1428571428571428,0.1648351648351648
target_evaluation_shifted,source_holdout_clean,noise_augmented,teff,2027,1.5,0.1,0.9,180,313.24044893391783,91,0.9230769230769232,626.4808978678356,626.4808978678357,0.0549450549450549,0.0219780219780219
target_evaluation_shifted,source_holdout_clean,noise_augmented,teff,2027,1.5,0.05,0.95,180,384.0125500691738,91,0.9230769230769232,768.0251001383475,768.0251001383476,0.0549450549450549,0.0219780219780219
target_evaluation_shifted,source_holdout_clean,noise_augmented,logg,2027,1.5,0.32,0.6799999999999999,180,0.2523691074848191,91,0.7252747252747253,0.5047382149696381,0.5047382149696382,0.1318681318681318,0.1428571428571428
target_evaluation_shifted,source_holdout_clean,noise_augmented,logg,2027,1.5,0.1,0.9,180,0.6203904552658432,91,0.945054945054945,1.2407809105316865,1.2407809105316865,0.0329670329670329,0.0219780219780219
target_evaluation_shifted,source_holdout_clean,noise_augmented,logg,2027,1.5,0.05,0.95,180,0.8079488211572174,91,0.967032967032967,1.6158976423144342,1.615897642314435,0.0329670329670329,0.0
target_evaluation_shifted,source_holdout_clean,noise_augmented,feh,2027,1.5,0.32,0.6799999999999999,180,0.2306790833573395,91,0.6923076923076923,0.4613581667146792,0.4613581667146791,0.1648351648351648,0.1428571428571428
target_evaluation_shifted,source_holdout_clean,noise_augmented,feh,2027,1.5,0.1,0.9,180,0.4386148096919059,91,0.8901098901098901,0.8772296193838117,0.8772296193838118,0.0879120879120879,0.0219780219780219
target_evaluation_shifted,source_holdout_clean,noise_augmented,feh,2027,1.5,0.05,0.95,180,0.560674424951275,91,0.956043956043956,1.1213488499025497,1.12134884990255,0.0439560439560439,0.0
target_evaluation_shifted,source_holdout_clean,source_only,teff,2027,2.0,0.32,0.6799999999999999,180,139.35836954752813,91,0.5934065934065934,278.71673909505625,278.71673909505625,0.1648351648351648,0.2417582417582417
target_evaluation_shifted,source_holdout_clean,source_only,teff,2027,2.0,0.1,0.9,180,293.00004557291504,91,0.8351648351648352,586.0000911458302,586.0000911458301,0.0879120879120879,0.0769230769230769
target_evaluation_shifted,source_holdout_clean,source_only,teff,2027,2.0,0.05,0.95,180,398.11501424153903,91,0.8681318681318682,796.2300284830783,796.2300284830781,0.0659340659340659,0.0659340659340659
target_evaluation_shifted,source_holdout_clean,source_only,logg,2027,2.0,0.32,0.6799999999999999,180,0.2393697410821893,91,0.6923076923076923,0.4787394821643786,0.4787394821643786,0.1318681318681318,0.1758241758241758
target_evaluation_shifted,source_holdout_clean,source_only,logg,2027,2.0,0.1,0.9,180,0.6909636572003381,91,0.967032967032967,1.381927314400676,1.3819273144006767,0.0219780219780219,0.0109890109890109
target_evaluation_shifted,source_holdout_clean,source_only,logg,2027,2.0,0.05,0.95,180,0.7959183901548386,91,0.967032967032967,1.5918367803096771,1.5918367803096771,0.0219780219780219,0.0109890109890109
target_evaluation_shifted,source_holdout_clean,source_only,feh,2027,2.0,0.32,0.6799999999999999,180,0.2232781324222622,91,0.6483516483516484,0.4465562648445242,0.4465562648445244,0.1868131868131868,0.1648351648351648
target_evaluation_shifted,source_holdout_clean,source_only,feh,2027,2.0,0.1,0.9,180,0.4521088827618709,91,0.8901098901098901,0.9042177655237414,0.9042177655237418,0.0769230769230769,0.0329670329670329
target_evaluation_shifted,source_holdout_clean,source_only,feh,2027,2.0,0.05,0.95,180,0.5718153978836606,91,0.978021978021978,1.1436307957673215,1.1436307957673213,0.0219780219780219,0.0
target_evaluation_shifted,source_holdout_clean,noise_augmented,teff,2027,2.0,0.32,0.6799999999999999,180,141.64256255086366,91,0.6373626373626373,283.2851251017273,283.2851251017273,0.1758241758241758,0.1868131868131868
target_evaluation_shifted,source_holdout_clean,noise_augmented,teff,2027,2.0,0.1,0.9,180,313.24044893391783,91,0.8461538461538461,626.4808978678356,626.4808978678357,0.0879120879120879,0.0659340659340659
target_evaluation_shifted,source_holdout_clean,noise_augmented,teff,2027,2.0,0.05,0.95,180,384.0125500691738,91,0.8901098901098901,768.0251001383475,768.0251001383476,0.0659340659340659,0.0439560439560439
target_evaluation_shifted,source_holdout_clean,noise_augmented,logg,2027,2.0,0.32,0.6799999999999999,180,0.2523691074848191,91,0.7142857142857143,0.5047382149696381,0.5047382149696382,0.1318681318681318,0.1538461538461538
target_evaluation_shifted,source_holdout_clean,noise_augmented,logg,2027,2.0,0.1,0.9,180,0.6203904552658432,91,0.945054945054945,1.2407809105316865,1.2407809105316865,0.0329670329670329,0.0219780219780219
target_evaluation_shifted,source_holdout_clean,noise_augmented,logg,2027,2.0,0.05,0.95,180,0.8079488211572174,91,0.967032967032967,1.6158976423144342,1.615897642314435,0.0329670329670329,0.0
target_evaluation_shifted,source_holdout_clean,noise_augmented,feh,2027,2.0,0.32,0.6799999999999999,180,0.2306790833573395,91,0.6813186813186813,0.4613581667146792,0.4613581667146791,0.1758241758241758,0.1428571428571428
target_evaluation_shifted,source_holdout_clean,noise_augmented,feh,2027,2.0,0.1,0.9,180,0.4386148096919059,91,0.8901098901098901,0.8772296193838117,0.8772296193838118,0.0879120879120879,0.0219780219780219
target_evaluation_shifted,source_holdout_clean,noise_augmented,feh,2027,2.0,0.05,0.95,180,0.560674424951275,91,0.967032967032967,1.1213488499025497,1.12134884990255,0.0329670329670329,0.0
target_evaluation_shifted,source_holdout_clean,source_only,teff,2027,2.5,0.32,0.6799999999999999,180,139.35836954752813,91,0.5824175824175825,278.71673909505625,278.71673909505625,0.1978021978021978,0.2197802197802197
target_evaluation_shifted,source_holdout_clean,source_only,teff,2027,2.5,0.1,0.9,180,293.00004557291504,91,0.8021978021978022,586.0000911458302,586.0000911458301,0.1098901098901098,0.0879120879120879
target_evaluation_shifted,source_holdout_clean,source_only,teff,2027,2.5,0.05,0.95,180,398.11501424153903,91,0.8461538461538461,796.2300284830783,796.2300284830781,0.0879120879120879,0.0659340659340659
target_evaluation_shifted,source_holdout_clean,source_only,logg,2027,2.5,0.32,0.6799999999999999,180,0.2393697410821893,91,0.6813186813186813,0.4787394821643786,0.4787394821643786,0.1428571428571428,0.1758241758241758
target_evaluation_shifted,source_holdout_clean,source_only,logg,2027,2.5,0.1,0.9,180,0.6909636572003381,91,0.967032967032967,1.3819273144006765,1.3819273144006767,0.0219780219780219,0.0109890109890109
target_evaluation_shifted,source_holdout_clean,source_only,logg,2027,2.5,0.05,0.95,180,0.7959183901548386,91,0.967032967032967,1.5918367803096771,1.5918367803096771,0.0219780219780219,0.0109890109890109
target_evaluation_shifted,source_holdout_clean,source_only,feh,2027,2.5,0.32,0.6799999999999999,180,0.2232781324222622,91,0.6373626373626373,0.4465562648445242,0.4465562648445244,0.1648351648351648,0.1978021978021978
target_evaluation_shifted,source_holdout_clean,source_only,feh,2027,2.5,0.1,0.9,180,0.4521088827618709,91,0.8901098901098901,0.9042177655237414,0.9042177655237418,0.0549450549450549,0.0549450549450549
target_evaluation_shifted,source_holdout_clean,source_only,feh,2027,2.5,0.05,0.95,180,0.5718153978836606,91,0.978021978021978,1.1436307957673215,1.1436307957673213,0.0219780219780219,0.0
target_evaluation_shifted,source_holdout_clean,noise_augmented,teff,2027,2.5,0.32,0.6799999999999999,180,141.64256255086366,91,0.6263736263736264,283.2851251017273,283.2851251017273,0.1648351648351648,0.2087912087912088
target_evaluation_shifted,source_holdout_clean,noise_augmented,teff,2027,2.5,0.1,0.9,180,313.24044893391783,91,0.8351648351648352,626.4808978678356,626.4808978678357,0.0879120879120879,0.0769230769230769
target_evaluation_shifted,source_holdout_clean,noise_augmented,teff,2027,2.5,0.05,0.95,180,384.0125500691738,91,0.8351648351648352,768.0251001383475,768.0251001383476,0.0879120879120879,0.0769230769230769
target_evaluation_shifted,source_holdout_clean,noise_augmented,logg,2027,2.5,0.32,0.6799999999999999,180,0.2523691074848191,91,0.6923076923076923,0.5047382149696381,0.5047382149696382,0.1318681318681318,0.1758241758241758
target_evaluation_shifted,source_holdout_clean,noise_augmented,logg,2027,2.5,0.1,0.9,180,0.6203904552658432,91,0.934065934065934,1.2407809105316865,1.2407809105316865,0.0329670329670329,0.0329670329670329
target_evaluation_shifted,source_holdout_clean,noise_augmented,logg,2027,2.5,0.05,0.95,180,0.8079488211572174,91,0.978021978021978,1.6158976423144342,1.615897642314435,0.0219780219780219,0.0
target_evaluation_shifted,source_holdout_clean,noise_augmented,feh,2027,2.5,0.32,0.6799999999999999,180,0.2306790833573395,91,0.6593406593406593,0.4613581667146792,0.4613581667146791,0.1648351648351648,0.1758241758241758
target_evaluation_shifted,source_holdout_clean,noise_augmented,feh,2027,2.5,0.1,0.9,180,0.4386148096919059,91,0.9010989010989012,0.8772296193838117,0.8772296193838118,0.0659340659340659,0.0329670329670329
target_evaluation_shifted,source_holdout_clean,noise_augmented,feh,2027,2.5,0.05,0.95,180,0.560674424951275,91,0.978021978021978,1.1213488499025497,1.12134884990255,0.0219780219780219,0.0
target_evaluation_shifted,source_holdout_clean,source_only,teff,2027,3.0,0.32,0.6799999999999999,180,139.35836954752813,91,0.4505494505494505,278.71673909505625,278.71673909505625,0.2527472527472527,0.2967032967032967
target_evaluation_shifted,source_holdout_clean,source_only,teff,2027,3.0,0.1,0.9,180,293.00004557291504,91,0.7912087912087912,586.0000911458302,586.0000911458301,0.1098901098901098,0.0989010989010989
target_evaluation_shifted,source_holdout_clean,source_only,teff,2027,3.0,0.05,0.95,180,398.11501424153903,91,0.8241758241758241,796.2300284830783,796.2300284830781,0.0989010989010989,0.0769230769230769
target_evaluation_shifted,source_holdout_clean,source_only,logg,2027,3.0,0.32,0.6799999999999999,180,0.2393697410821893,91,0.6703296703296703,0.4787394821643786,0.4787394821643786,0.1428571428571428,0.1868131868131868
target_evaluation_shifted,source_holdout_clean,source_only,logg,2027,3.0,0.1,0.9,180,0.6909636572003381,91,0.967032967032967,1.381927314400676,1.3819273144006758,0.0219780219780219,0.0109890109890109
target_evaluation_shifted,source_holdout_clean,source_only,logg,2027,3.0,0.05,0.95,180,0.7959183901548386,91,0.967032967032967,1.5918367803096771,1.5918367803096771,0.0219780219780219,0.0109890109890109
target_evaluation_shifted,source_holdout_clean,source_only,feh,2027,3.0,0.32,0.6799999999999999,180,0.2232781324222622,91,0.6043956043956044,0.4465562648445242,0.4465562648445244,0.1538461538461538,0.2417582417582417
target_evaluation_shifted,source_holdout_clean,source_only,feh,2027,3.0,0.1,0.9,180,0.4521088827618709,91,0.8901098901098901,0.9042177655237414,0.9042177655237418,0.0549450549450549,0.0549450549450549
target_evaluation_shifted,source_holdout_clean,source_only,feh,2027,3.0,0.05,0.95,180,0.5718153978836606,91,0.978021978021978,1.1436307957673215,1.1436307957673213,0.0219780219780219,0.0
target_evaluation_shifted,source_holdout_clean,noise_augmented,teff,2027,3.0,0.32,0.6799999999999999,180,141.64256255086366,91,0.5604395604395604,283.2851251017273,283.2851251017273,0.1978021978021978,0.2417582417582417
target_evaluation_shifted,source_holdout_clean,noise_augmented,teff,2027,3.0,0.1,0.9,180,313.24044893391783,91,0.8131868131868132,626.4808978678356,626.4808978678357,0.1098901098901098,0.0769230769230769
target_evaluation_shifted,source_holdout_clean,noise_augmented,teff,2027,3.0,0.05,0.95,180,384.0125500691738,91,0.8571428571428571,768.0251001383475,768.0251001383476,0.0769230769230769,0.0659340659340659
target_evaluation_shifted,source_holdout_clean,noise_augmented,logg,2027,3.0,0.32,0.6799999999999999,180,0.2523691074848191,91,0.6923076923076923,0.5047382149696381,0.5047382149696382,0.1428571428571428,0.1648351648351648
target_evaluation_shifted,source_holdout_clean,noise_augmented,logg,2027,3.0,0.1,0.9,180,0.6203904552658432,91,0.945054945054945,1.2407809105316865,1.2407809105316865,0.0329670329670329,0.0219780219780219
target_evaluation_shifted,source_holdout_clean,noise_augmented,logg,2027,3.0,0.05,0.95,180,0.8079488211572174,91,0.978021978021978,1.6158976423144342,1.615897642314435,0.0219780219780219,0.0
target_evaluation_shifted,source_holdout_clean,noise_augmented,feh,2027,3.0,0.32,0.6799999999999999,180,0.2306790833573395,91,0.6813186813186813,0.4613581667146792,0.4613581667146791,0.1538461538461538,0.1648351648351648
target_evaluation_shifted,source_holdout_clean,noise_augmented,feh,2027,3.0,0.1,0.9,180,0.4386148096919059,91,0.9010989010989012,0.8772296193838117,0.8772296193838118,0.0659340659340659,0.0329670329670329
target_evaluation_shifted,source_holdout_clean,noise_augmented,feh,2027,3.0,0.05,0.95,180,0.560674424951275,91,0.967032967032967,1.1213488499025497,1.12134884990255,0.0329670329670329,0.0
target_evaluation_shifted,source_holdout_clean,source_only,teff,2028,1.25,0.32,0.6799999999999999,180,139.35836954752813,91,0.6593406593406593,278.71673909505625,278.71673909505625,0.1868131868131868,0.1538461538461538
target_evaluation_shifted,source_holdout_clean,source_only,teff,2028,1.25,0.1,0.9,180,293.00004557291504,91,0.934065934065934,586.0000911458302,586.0000911458301,0.0549450549450549,0.0109890109890109
target_evaluation_shifted,source_holdout_clean,source_only,teff,2028,1.25,0.05,0.95,180,398.11501424153903,91,0.945054945054945,796.2300284830783,796.2300284830781,0.0439560439560439,0.0109890109890109
target_evaluation_shifted,source_holdout_clean,source_only,logg,2028,1.25,0.32,0.6799999999999999,180,0.2393697410821893,91,0.6703296703296703,0.4787394821643786,0.4787394821643786,0.1538461538461538,0.1758241758241758
target_evaluation_shifted,source_holdout_clean,source_only,logg,2028,1.25,0.1,0.9,180,0.6909636572003381,91,0.956043956043956,1.381927314400676,1.3819273144006765,0.0329670329670329,0.0109890109890109
target_evaluation_shifted,source_holdout_clean,source_only,logg,2028,1.25,0.05,0.95,180,0.7959183901548386,91,0.967032967032967,1.5918367803096771,1.5918367803096771,0.0329670329670329,0.0
target_evaluation_shifted,source_holdout_clean,source_only,feh,2028,1.25,0.32,0.6799999999999999,180,0.2232781324222622,91,0.6593406593406593,0.4465562648445242,0.4465562648445244,0.1758241758241758,0.1648351648351648
target_evaluation_shifted,source_holdout_clean,source_only,feh,2028,1.25,0.1,0.9,180,0.4521088827618709,91,0.8681318681318682,0.9042177655237414,0.9042177655237418,0.0879120879120879,0.0439560439560439
target_evaluation_shifted,source_holdout_clean,source_only,feh,2028,1.25,0.05,0.95,180,0.5718153978836606,91,0.956043956043956,1.1436307957673215,1.1436307957673213,0.0439560439560439,0.0
target_evaluation_shifted,source_holdout_clean,noise_augmented,teff,2028,1.25,0.32,0.6799999999999999,180,141.64256255086366,91,0.6923076923076923,283.2851251017273,283.2851251017273,0.1758241758241758,0.1318681318681318
target_evaluation_shifted,source_holdout_clean,noise_augmented,teff,2028,1.25,0.1,0.9,180,313.24044893391783,91,0.945054945054945,626.4808978678356,626.4808978678357,0.0439560439560439,0.0109890109890109
target_evaluation_shifted,source_holdout_clean,noise_augmented,teff,2028,1.25,0.05,0.95,180,384.0125500691738,91,0.945054945054945,768.0251001383475,768.0251001383476,0.0439560439560439,0.0109890109890109
target_evaluation_shifted,source_holdout_clean,noise_augmented,logg,2028,1.25,0.32,0.6799999999999999,180,0.2523691074848191,91,0.7142857142857143,0.5047382149696381,0.5047382149696382,0.1428571428571428,0.1428571428571428
target_evaluation_shifted,source_holdout_clean,noise_augmented,logg,2028,1.25,0.1,0.9,180,0.6203904552658432,91,0.945054945054945,1.2407809105316865,1.2407809105316865,0.0329670329670329,0.0219780219780219
target_evaluation_shifted,source_holdout_clean,noise_augmented,logg,2028,1.25,0.05,0.95,180,0.8079488211572174,91,0.967032967032967,1.6158976423144342,1.615897642314435,0.0329670329670329,0.0
target_evaluation_shifted,source_holdout_clean,noise_augmented,feh,2028,1.25,0.32,0.6799999999999999,180,0.2306790833573395,91,0.6593406593406593,0.4613581667146792,0.4613581667146791,0.1758241758241758,0.1648351648351648
target_evaluation_shifted,source_holdout_clean,noise_augmented,feh,2028,1.25,0.1,0.9,180,0.4386148096919059,91,0.8681318681318682,0.8772296193838117,0.8772296193838118,0.0879120879120879,0.0439560439560439
target_evaluation_shifted,source_holdout_clean,noise_augmented,feh,2028,1.25,0.05,0.95,180,0.560674424951275,91,0.956043956043956,1.1213488499025497,1.12134884990255,0.0439560439560439,0.0
target_evaluation_shifted,source_holdout_clean,source_only,teff,2028,1.5,0.32,0.6799999999999999,180,139.35836954752813,91,0.6483516483516484,278.71673909505625,278.71673909505625,0.1978021978021978,0.1538461538461538
target_evaluation_shifted,source_holdout_clean,source_only,teff,2028,1.5,0.1,0.9,180,293.00004557291504,91,0.912087912087912,586.0000911458302,586.0000911458301,0.0659340659340659,0.0219780219780219
target_evaluation_shifted,source_holdout_clean,source_only,teff,2028,1.5,0.05,0.95,180,398.11501424153903,91,0.956043956043956,796.2300284830783,796.2300284830781,0.0329670329670329,0.0109890109890109
target_evaluation_shifted,source_holdout_clean,source_only,logg,2028,1.5,0.32,0.6799999999999999,180,0.2393697410821893,91,0.6593406593406593,0.4787394821643786,0.4787394821643786,0.1538461538461538,0.1868131868131868
target_evaluation_shifted,source_holdout_clean,source_only,logg,2028,1.5,0.1,0.9,180,0.6909636572003381,91,0.967032967032967,1.381927314400676,1.3819273144006767,0.0329670329670329,0.0
target_evaluation_shifted,source_holdout_clean,source_only,logg,2028,1.5,0.05,0.95,180,0.7959183901548386,91,0.967032967032967,1.5918367803096771,1.5918367803096771,0.0329670329670329,0.0
target_evaluation_shifted,source_holdout_clean,source_only,feh,2028,1.5,0.32,0.6799999999999999,180,0.2232781324222622,91,0.6593406593406593,0.4465562648445242,0.4465562648445244,0.1758241758241758,0.1648351648351648
target_evaluation_shifted,source_holdout_clean,source_only,feh,2028,1.5,0.1,0.9,180,0.4521088827618709,91,0.8681318681318682,0.9042177655237414,0.9042177655237418,0.0879120879120879,0.0439560439560439
target_evaluation_shifted,source_holdout_clean,source_only,feh,2028,1.5,0.05,0.95,180,0.5718153978836606,91,0.945054945054945,1.1436307957673215,1.1436307957673213,0.0439560439560439,0.0109890109890109
target_evaluation_shifted,source_holdout_clean,noise_augmented,teff,2028,1.5,0.32,0.6799999999999999,180,141.64256255086366,91,0.7032967032967034,283.2851251017273,283.2851251017273,0.1648351648351648,0.1318681318681318
target_evaluation_shifted,source_holdout_clean,noise_augmented,teff,2028,1.5,0.1,0.9,180,313.24044893391783,91,0.9010989010989012,626.4808978678356,626.4808978678357,0.0659340659340659,0.0329670329670329
target_evaluation_shifted,source_holdout_clean,noise_augmented,teff,2028,1.5,0.05,0.95,180,384.0125500691738,91,0.945054945054945,768.0251001383475,768.0251001383476,0.0439560439560439,0.0109890109890109
target_evaluation_shifted,source_holdout_clean,noise_augmented,logg,2028,1.5,0.32,0.6799999999999999,180,0.2523691074848191,91,0.6703296703296703,0.5047382149696381,0.5047382149696382,0.1428571428571428,0.1868131868131868
target_evaluation_shifted,source_holdout_clean,noise_augmented,logg,2028,1.5,0.1,0.9,180,0.6203904552658432,91,0.945054945054945,1.2407809105316865,1.2407809105316865,0.0329670329670329,0.0219780219780219
target_evaluation_shifted,source_holdout_clean,noise_augmented,logg,2028,1.5,0.05,0.95,180,0.8079488211572174,91,0.967032967032967,1.6158976423144342,1.615897642314435,0.0329670329670329,0.0
target_evaluation_shifted,source_holdout_clean,noise_augmented,feh,2028,1.5,0.32,0.6799999999999999,180,0.2306790833573395,91,0.6593406593406593,0.4613581667146792,0.4613581667146791,0.1758241758241758,0.1648351648351648
target_evaluation_shifted,source_holdout_clean,noise_augmented,feh,2028,1.5,0.1,0.9,180,0.4386148096919059,91,0.8681318681318682,0.8772296193838117,0.8772296193838118,0.0879120879120879,0.0439560439560439
target_evaluation_shifted,source_holdout_clean,noise_augmented,feh,2028,1.5,0.05,0.95,180,0.560674424951275,91,0.956043956043956,1.1213488499025497,1.12134884990255,0.0439560439560439,0.0
target_evaluation_shifted,source_holdout_clean,source_only,teff,2028,2.0,0.32,0.6799999999999999,180,139.35836954752813,91,0.5824175824175825,278.71673909505625,278.71673909505625,0.2197802197802197,0.1978021978021978
target_evaluation_shifted,source_holdout_clean,source_only,teff,2028,2.0,0.1,0.9,180,293.00004557291504,91,0.8901098901098901,586.0000911458302,586.0000911458301,0.0769230769230769,0.0329670329670329
target_evaluation_shifted,source_holdout_clean,source_only,teff,2028,2.0,0.05,0.95,180,398.11501424153903,91,0.934065934065934,796.230028483078,796.2300284830781,0.0549450549450549,0.0109890109890109
target_evaluation_shifted,source_holdout_clean,source_only,logg,2028,2.0,0.32,0.6799999999999999,180,0.2393697410821893,91,0.6593406593406593,0.4787394821643786,0.4787394821643786,0.1538461538461538,0.1868131868131868
target_evaluation_shifted,source_holdout_clean,source_only,logg,2028,2.0,0.1,0.9,180,0.6909636572003381,91,0.956043956043956,1.381927314400676,1.3819273144006765,0.0329670329670329,0.0109890109890109
target_evaluation_shifted,source_holdout_clean,source_only,logg,2028,2.0,0.05,0.95,180,0.7959183901548386,91,0.967032967032967,1.5918367803096771,1.5918367803096771,0.0329670329670329,0.0
target_evaluation_shifted,source_holdout_clean,source_only,feh,2028,2.0,0.32,0.6799999999999999,180,0.2232781324222622,91,0.6263736263736264,0.4465562648445242,0.4465562648445244,0.1648351648351648,0.2087912087912088
target_evaluation_shifted,source_holdout_clean,source_only,feh,2028,2.0,0.1,0.9,180,0.4521088827618709,91,0.8681318681318682,0.9042177655237414,0.9042177655237418,0.0769230769230769,0.0549450549450549
target_evaluation_shifted,source_holdout_clean,source_only,feh,2028,2.0,0.05,0.95,180,0.5718153978836606,91,0.934065934065934,1.1436307957673215,1.1436307957673213,0.0439560439560439,0.0219780219780219
target_evaluation_shifted,source_holdout_clean,noise_augmented,teff,2028,2.0,0.32,0.6799999999999999,180,141.64256255086366,91,0.6483516483516484,283.2851251017273,283.2851251017273,0.1868131868131868,0.1648351648351648
target_evaluation_shifted,source_holdout_clean,noise_augmented,teff,2028,2.0,0.1,0.9,180,313.24044893391783,91,0.9010989010989012,626.4808978678356,626.4808978678357,0.0659340659340659,0.0329670329670329
target_evaluation_shifted,source_holdout_clean,noise_augmented,teff,2028,2.0,0.05,0.95,180,384.0125500691738,91,0.912087912087912,768.0251001383475,768.0251001383476,0.0659340659340659,0.0219780219780219
target_evaluation_shifted,source_holdout_clean,noise_augmented,logg,2028,2.0,0.32,0.6799999999999999,180,0.2523691074848191,91,0.6813186813186813,0.5047382149696381,0.5047382149696382,0.1318681318681318,0.1868131868131868
target_evaluation_shifted,source_holdout_clean,noise_augmented,logg,2028,2.0,0.1,0.9,180,0.6203904552658432,91,0.945054945054945,1.2407809105316865,1.2407809105316865,0.0329670329670329,0.0219780219780219
target_evaluation_shifted,source_holdout_clean,noise_augmented,logg,2028,2.0,0.05,0.95,180,0.8079488211572174,91,0.956043956043956,1.6158976423144342,1.615897642314435,0.0329670329670329,0.0109890109890109
target_evaluation_shifted,source_holdout_clean,noise_augmented,feh,2028,2.0,0.32,0.6799999999999999,180,0.2306790833573395,91,0.6153846153846154,0.4613581667146792,0.4613581667146791,0.1758241758241758,0.2087912087912088
target_evaluation_shifted,source_holdout_clean,noise_augmented,feh,2028,2.0,0.1,0.9,180,0.4386148096919059,91,0.8681318681318682,0.8772296193838117,0.8772296193838118,0.0769230769230769,0.0549450549450549
target_evaluation_shifted,source_holdout_clean,noise_augmented,feh,2028,2.0,0.05,0.95,180,0.560674424951275,91,0.956043956043956,1.1213488499025497,1.12134884990255,0.0439560439560439,0.0
target_evaluation_shifted,source_holdout_clean,source_only,teff,2028,2.5,0.32,0.6799999999999999,180,139.35836954752813,91,0.4835164835164835,278.71673909505625,278.71673909505625,0.2967032967032967,0.2197802197802197
target_evaluation_shifted,source_holdout_clean,source_only,teff,2028,2.5,0.1,0.9,180,293.00004557291504,91,0.8461538461538461,586.0000911458302,586.0000911458301,0.0879120879120879,0.0659340659340659
target_evaluation_shifted,source_holdout_clean,source_only,teff,2028,2.5,0.05,0.95,180,398.11501424153903,91,0.9230769230769232,796.2300284830783,796.2300284830781,0.0549450549450549,0.0219780219780219
target_evaluation_shifted,source_holdout_clean,source_only,logg,2028,2.5,0.32,0.6799999999999999,180,0.2393697410821893,91,0.6703296703296703,0.4787394821643786,0.4787394821643786,0.1428571428571428,0.1868131868131868
target_evaluation_shifted,source_holdout_clean,source_only,logg,2028,2.5,0.1,0.9,180,0.6909636572003381,91,0.956043956043956,1.381927314400676,1.3819273144006767,0.0329670329670329,0.0109890109890109
target_evaluation_shifted,source_holdout_clean,source_only,logg,2028,2.5,0.05,0.95,180,0.7959183901548386,91,0.967032967032967,1.5918367803096771,1.5918367803096771,0.0329670329670329,0.0
target_evaluation_shifted,source_holdout_clean,source_only,feh,2028,2.5,0.32,0.6799999999999999,180,0.2232781324222622,91,0.5934065934065934,0.4465562648445242,0.4465562648445244,0.1538461538461538,0.2527472527472527
target_evaluation_shifted,source_holdout_clean,source_only,feh,2028,2.5,0.1,0.9,180,0.4521088827618709,91,0.8681318681318682,0.9042177655237414,0.9042177655237418,0.0769230769230769,0.0549450549450549
target_evaluation_shifted,source_holdout_clean,source_only,feh,2028,2.5,0.05,0.95,180,0.5718153978836606,91,0.9230769230769232,1.1436307957673215,1.1436307957673213,0.0549450549450549,0.0219780219780219
target_evaluation_shifted,source_holdout_clean,noise_augmented,teff,2028,2.5,0.32,0.6799999999999999,180,141.64256255086366,91,0.6153846153846154,283.2851251017273,283.2851251017273,0.2087912087912088,0.1758241758241758
target_evaluation_shifted,source_holdout_clean,noise_augmented,teff,2028,2.5,0.1,0.9,180,313.24044893391783,91,0.8351648351648352,626.4808978678356,626.4808978678357,0.0989010989010989,0.0659340659340659
target_evaluation_shifted,source_holdout_clean,noise_augmented,teff,2028,2.5,0.05,0.95,180,384.0125500691738,91,0.9010989010989012,768.0251001383475,768.0251001383476,0.0659340659340659,0.0329670329670329
target_evaluation_shifted,source_holdout_clean,noise_augmented,logg,2028,2.5,0.32,0.6799999999999999,180,0.2523691074848191,91,0.6923076923076923,0.5047382149696381,0.5047382149696382,0.1098901098901098,0.1978021978021978
target_evaluation_shifted,source_holdout_clean,noise_augmented,logg,2028,2.5,0.1,0.9,180,0.6203904552658432,91,0.945054945054945,1.2407809105316865,1.2407809105316865,0.0329670329670329,0.0219780219780219
target_evaluation_shifted,source_holdout_clean,noise_augmented,logg,2028,2.5,0.05,0.95,180,0.8079488211572174,91,0.956043956043956,1.6158976423144342,1.615897642314435,0.0329670329670329,0.0109890109890109
target_evaluation_shifted,source_holdout_clean,noise_augmented,feh,2028,2.5,0.32,0.6799999999999999,180,0.2306790833573395,91,0.6263736263736264,0.4613581667146792,0.4613581667146791,0.1538461538461538,0.2197802197802197
target_evaluation_shifted,source_holdout_clean,noise_augmented,feh,2028,2.5,0.1,0.9,180,0.4386148096919059,91,0.8461538461538461,0.8772296193838116,0.8772296193838118,0.0769230769230769,0.0769230769230769
target_evaluation_shifted,source_holdout_clean,noise_augmented,feh,2028,2.5,0.05,0.95,180,0.560674424951275,91,0.934065934065934,1.1213488499025497,1.12134884990255,0.0549450549450549,0.0109890109890109
target_evaluation_shifted,source_holdout_clean,source_only,teff,2028,3.0,0.32,0.6799999999999999,180,139.35836954752813,91,0.4615384615384615,278.71673909505625,278.71673909505625,0.3186813186813186,0.2197802197802197
target_evaluation_shifted,source_holdout_clean,source_only,teff,2028,3.0,0.1,0.9,180,293.00004557291504,91,0.7692307692307693,586.0000911458302,586.0000911458301,0.1538461538461538,0.0769230769230769
target_evaluation_shifted,source_holdout_clean,source_only,teff,2028,3.0,0.05,0.95,180,398.11501424153903,91,0.8901098901098901,796.2300284830783,796.2300284830781,0.0989010989010989,0.0109890109890109
target_evaluation_shifted,source_holdout_clean,source_only,logg,2028,3.0,0.32,0.6799999999999999,180,0.2393697410821893,91,0.6703296703296703,0.4787394821643786,0.4787394821643786,0.1318681318681318,0.1978021978021978
target_evaluation_shifted,source_holdout_clean,source_only,logg,2028,3.0,0.1,0.9,180,0.6909636572003381,91,0.956043956043956,1.381927314400676,1.3819273144006765,0.0329670329670329,0.0109890109890109
target_evaluation_shifted,source_holdout_clean,source_only,logg,2028,3.0,0.05,0.95,180,0.7959183901548386,91,0.956043956043956,1.5918367803096771,1.5918367803096771,0.0329670329670329,0.0109890109890109
target_evaluation_shifted,source_holdout_clean,source_only,feh,2028,3.0,0.32,0.6799999999999999,180,0.2232781324222622,91,0.5494505494505495,0.4465562648445242,0.4465562648445244,0.1428571428571428,0.3076923076923077
target_evaluation_shifted,source_holdout_clean,source_only,feh,2028,3.0,0.1,0.9,180,0.4521088827618709,91,0.8461538461538461,0.9042177655237414,0.9042177655237418,0.0769230769230769,0.0769230769230769
target_evaluation_shifted,source_holdout_clean,source_only,feh,2028,3.0,0.05,0.95,180,0.5718153978836606,91,0.934065934065934,1.1436307957673215,1.1436307957673213,0.0439560439560439,0.0219780219780219
target_evaluation_shifted,source_holdout_clean,noise_augmented,teff,2028,3.0,0.32,0.6799999999999999,180,141.64256255086366,91,0.5494505494505495,283.2851251017273,283.2851251017273,0.2747252747252747,0.1758241758241758
target_evaluation_shifted,source_holdout_clean,noise_augmented,teff,2028,3.0,0.1,0.9,180,313.24044893391783,91,0.8241758241758241,626.4808978678356,626.4808978678357,0.1098901098901098,0.0659340659340659
target_evaluation_shifted,source_holdout_clean,noise_augmented,teff,2028,3.0,0.05,0.95,180,384.0125500691738,91,0.8901098901098901,768.0251001383475,768.0251001383476,0.0769230769230769,0.0329670329670329
target_evaluation_shifted,source_holdout_clean,noise_augmented,logg,2028,3.0,0.32,0.6799999999999999,180,0.2523691074848191,91,0.6923076923076923,0.5047382149696381,0.5047382149696382,0.1098901098901098,0.1978021978021978
target_evaluation_shifted,source_holdout_clean,noise_augmented,logg,2028,3.0,0.1,0.9,180,0.6203904552658432,91,0.934065934065934,1.2407809105316865,1.2407809105316865,0.0329670329670329,0.0329670329670329
target_evaluation_shifted,source_holdout_clean,noise_augmented,logg,2028,3.0,0.05,0.95,180,0.8079488211572174,91,0.956043956043956,1.6158976423144342,1.615897642314435,0.0329670329670329,0.0109890109890109
target_evaluation_shifted,source_holdout_clean,noise_augmented,feh,2028,3.0,0.32,0.6799999999999999,180,0.2306790833573395,91,0.5714285714285714,0.4613581667146792,0.4613581667146791,0.1428571428571428,0.2857142857142857
target_evaluation_shifted,source_holdout_clean,noise_augmented,feh,2028,3.0,0.1,0.9,180,0.4386148096919059,91,0.8461538461538461,0.8772296193838117,0.8772296193838118,0.0769230769230769,0.0769230769230769
target_evaluation_shifted,source_holdout_clean,noise_augmented,feh,2028,3.0,0.05,0.95,180,0.560674424951275,91,0.934065934065934,1.1213488499025497,1.12134884990255,0.0549450549450549,0.0109890109890109
target_evaluation_shifted,source_holdout_clean,source_only,teff,2029,1.25,0.32,0.6799999999999999,180,139.35836954752813,91,0.6813186813186813,278.71673909505625,278.71673909505625,0.1208791208791208,0.1978021978021978
target_evaluation_shifted,source_holdout_clean,source_only,teff,2029,1.25,0.1,0.9,180,293.00004557291504,91,0.9230769230769232,586.0000911458302,586.0000911458301,0.0549450549450549,0.0219780219780219
target_evaluation_shifted,source_holdout_clean,source_only,teff,2029,1.25,0.05,0.95,180,398.11501424153903,91,0.945054945054945,796.2300284830783,796.2300284830781,0.0439560439560439,0.0109890109890109
target_evaluation_shifted,source_holdout_clean,source_only,logg,2029,1.25,0.32,0.6799999999999999,180,0.2393697410821893,91,0.6813186813186813,0.4787394821643786,0.4787394821643786,0.1428571428571428,0.1758241758241758
target_evaluation_shifted,source_holdout_clean,source_only,logg,2029,1.25,0.1,0.9,180,0.6909636572003381,91,0.956043956043956,1.381927314400676,1.3819273144006767,0.0329670329670329,0.0109890109890109
target_evaluation_shifted,source_holdout_clean,source_only,logg,2029,1.25,0.05,0.95,180,0.7959183901548386,91,0.956043956043956,1.5918367803096771,1.5918367803096771,0.0329670329670329,0.0109890109890109
target_evaluation_shifted,source_holdout_clean,source_only,feh,2029,1.25,0.32,0.6799999999999999,180,0.2232781324222622,91,0.6483516483516484,0.4465562648445242,0.4465562648445244,0.1758241758241758,0.1758241758241758
target_evaluation_shifted,source_holdout_clean,source_only,feh,2029,1.25,0.1,0.9,180,0.4521088827618709,91,0.9010989010989012,0.9042177655237414,0.9042177655237418,0.0769230769230769,0.0219780219780219
target_evaluation_shifted,source_holdout_clean,source_only,feh,2029,1.25,0.05,0.95,180,0.5718153978836606,91,0.934065934065934,1.1436307957673215,1.1436307957673213,0.0439560439560439,0.0219780219780219
target_evaluation_shifted,source_holdout_clean,noise_augmented,teff,2029,1.25,0.32,0.6799999999999999,180,141.64256255086366,91,0.7252747252747253,283.2851251017273,283.2851251017273,0.1208791208791208,0.1538461538461538
target_evaluation_shifted,source_holdout_clean,noise_augmented,teff,2029,1.25,0.1,0.9,180,313.24044893391783,91,0.934065934065934,626.4808978678356,626.4808978678357,0.0549450549450549,0.0109890109890109
target_evaluation_shifted,source_holdout_clean,noise_augmented,teff,2029,1.25,0.05,0.95,180,384.0125500691738,91,0.945054945054945,768.0251001383475,768.0251001383476,0.0439560439560439,0.0109890109890109
target_evaluation_shifted,source_holdout_clean,noise_augmented,logg,2029,1.25,0.32,0.6799999999999999,180,0.2523691074848191,91,0.7142857142857143,0.5047382149696381,0.5047382149696382,0.1428571428571428,0.1428571428571428
target_evaluation_shifted,source_holdout_clean,noise_augmented,logg,2029,1.25,0.1,0.9,180,0.6203904552658432,91,0.945054945054945,1.2407809105316865,1.2407809105316865,0.0329670329670329,0.0219780219780219
target_evaluation_shifted,source_holdout_clean,noise_augmented,logg,2029,1.25,0.05,0.95,180,0.8079488211572174,91,0.956043956043956,1.6158976423144342,1.615897642314435,0.0329670329670329,0.0109890109890109
target_evaluation_shifted,source_holdout_clean,noise_augmented,feh,2029,1.25,0.32,0.6799999999999999,180,0.2306790833573395,91,0.6923076923076923,0.4613581667146792,0.4613581667146791,0.1648351648351648,0.1428571428571428
target_evaluation_shifted,source_holdout_clean,noise_augmented,feh,2029,1.25,0.1,0.9,180,0.4386148096919059,91,0.8791208791208791,0.8772296193838117,0.8772296193838118,0.0769230769230769,0.0439560439560439
target_evaluation_shifted,source_holdout_clean,noise_augmented,feh,2029,1.25,0.05,0.95,180,0.560674424951275,91,0.945054945054945,1.1213488499025497,1.12134884990255,0.0439560439560439,0.0109890109890109
target_evaluation_shifted,source_holdout_clean,source_only,teff,2029,1.5,0.32,0.6799999999999999,180,139.35836954752813,91,0.6373626373626373,278.71673909505625,278.71673909505625,0.1428571428571428,0.2197802197802197
target_evaluation_shifted,source_holdout_clean,source_only,teff,2029,1.5,0.1,0.9,180,293.00004557291504,91,0.9010989010989012,586.0000911458302,586.0000911458301,0.0549450549450549,0.0439560439560439
target_evaluation_shifted,source_holdout_clean,source_only,teff,2029,1.5,0.05,0.95,180,398.11501424153903,91,0.945054945054945,796.2300284830783,796.2300284830781,0.0439560439560439,0.0109890109890109
target_evaluation_shifted,source_holdout_clean,source_only,logg,2029,1.5,0.32,0.6799999999999999,180,0.2393697410821893,91,0.6813186813186813,0.4787394821643786,0.4787394821643786,0.1428571428571428,0.1758241758241758
target_evaluation_shifted,source_holdout_clean,source_only,logg,2029,1.5,0.1,0.9,180,0.6909636572003381,91,0.956043956043956,1.381927314400676,1.3819273144006767,0.0329670329670329,0.0109890109890109
target_evaluation_shifted,source_holdout_clean,source_only,logg,2029,1.5,0.05,0.95,180,0.7959183901548386,91,0.956043956043956,1.5918367803096771,1.5918367803096771,0.0329670329670329,0.0109890109890109
target_evaluation_shifted,source_holdout_clean,source_only,feh,2029,1.5,0.32,0.6799999999999999,180,0.2232781324222622,91,0.6373626373626373,0.4465562648445242,0.4465562648445243,0.1758241758241758,0.1868131868131868
target_evaluation_shifted,source_holdout_clean,source_only,feh,2029,1.5,0.1,0.9,180,0.4521088827618709,91,0.8791208791208791,0.9042177655237414,0.9042177655237418,0.0769230769230769,0.0439560439560439
target_evaluation_shifted,source_holdout_clean,source_only,feh,2029,1.5,0.05,0.95,180,0.5718153978836606,91,0.934065934065934,1.1436307957673215,1.1436307957673213,0.0439560439560439,0.0219780219780219
target_evaluation_shifted,source_holdout_clean,noise_augmented,teff,2029,1.5,0.32,0.6799999999999999,180,141.64256255086366,91,0.6593406593406593,283.2851251017273,283.2851251017273,0.1318681318681318,0.2087912087912088
target_evaluation_shifted,source_holdout_clean,noise_augmented,teff,2029,1.5,0.1,0.9,180,313.24044893391783,91,0.9230769230769232,626.4808978678356,626.4808978678357,0.0549450549450549,0.0219780219780219
target_evaluation_shifted,source_holdout_clean,noise_augmented,teff,2029,1.5,0.05,0.95,180,384.0125500691738,91,0.945054945054945,768.0251001383475,768.0251001383476,0.0439560439560439,0.0109890109890109
target_evaluation_shifted,source_holdout_clean,noise_augmented,logg,2029,1.5,0.32,0.6799999999999999,180,0.2523691074848191,91,0.7142857142857143,0.5047382149696381,0.5047382149696382,0.1428571428571428,0.1428571428571428
target_evaluation_shifted,source_holdout_clean,noise_augmented,logg,2029,1.5,0.1,0.9,180,0.6203904552658432,91,0.945054945054945,1.2407809105316865,1.2407809105316865,0.0329670329670329,0.0219780219780219
target_evaluation_shifted,source_holdout_clean,noise_augmented,logg,2029,1.5,0.05,0.95,180,0.8079488211572174,91,0.945054945054945,1.6158976423144342,1.615897642314435,0.0329670329670329,0.0219780219780219
target_evaluation_shifted,source_holdout_clean,noise_augmented,feh,2029,1.5,0.32,0.6799999999999999,180,0.2306790833573395,91,0.6703296703296703,0.4613581667146792,0.4613581667146791,0.1648351648351648,0.1648351648351648
target_evaluation_shifted,source_holdout_clean,noise_augmented,feh,2029,1.5,0.1,0.9,180,0.4386148096919059,91,0.8791208791208791,0.8772296193838117,0.8772296193838118,0.0769230769230769,0.0439560439560439
target_evaluation_shifted,source_holdout_clean,noise_augmented,feh,2029,1.5,0.05,0.95,180,0.560674424951275,91,0.945054945054945,1.1213488499025497,1.12134884990255,0.0439560439560439,0.0109890109890109
target_evaluation_shifted,source_holdout_clean,source_only,teff,2029,2.0,0.32,0.6799999999999999,180,139.35836954752813,91,0.5604395604395604,278.71673909505625,278.71673909505625,0.1868131868131868,0.2527472527472527
target_evaluation_shifted,source_holdout_clean,source_only,teff,2029,2.0,0.1,0.9,180,293.00004557291504,91,0.8461538461538461,586.0000911458302,586.0000911458301,0.0879120879120879,0.0659340659340659
target_evaluation_shifted,source_holdout_clean,source_only,teff,2029,2.0,0.05,0.95,180,398.11501424153903,91,0.934065934065934,796.2300284830783,796.2300284830781,0.0439560439560439,0.0219780219780219
target_evaluation_shifted,source_holdout_clean,source_only,logg,2029,2.0,0.32,0.6799999999999999,180,0.2393697410821893,91,0.6703296703296703,0.4787394821643786,0.4787394821643786,0.1428571428571428,0.1868131868131868
target_evaluation_shifted,source_holdout_clean,source_only,logg,2029,2.0,0.1,0.9,180,0.6909636572003381,91,0.945054945054945,1.3819273144006765,1.3819273144006767,0.0329670329670329,0.0219780219780219
target_evaluation_shifted,source_holdout_clean,source_only,logg,2029,2.0,0.05,0.95,180,0.7959183901548386,91,0.945054945054945,1.5918367803096771,1.5918367803096771,0.0329670329670329,0.0219780219780219
target_evaluation_shifted,source_holdout_clean,source_only,feh,2029,2.0,0.32,0.6799999999999999,180,0.2232781324222622,91,0.5824175824175825,0.4465562648445242,0.4465562648445244,0.1648351648351648,0.2527472527472527
target_evaluation_shifted,source_holdout_clean,source_only,feh,2029,2.0,0.1,0.9,180,0.4521088827618709,91,0.8791208791208791,0.9042177655237414,0.9042177655237418,0.0769230769230769,0.0439560439560439
target_evaluation_shifted,source_holdout_clean,source_only,feh,2029,2.0,0.05,0.95,180,0.5718153978836606,91,0.956043956043956,1.1436307957673215,1.1436307957673213,0.0329670329670329,0.0109890109890109
target_evaluation_shifted,source_holdout_clean,noise_augmented,teff,2029,2.0,0.32,0.6799999999999999,180,141.64256255086366,91,0.5934065934065934,283.2851251017273,283.2851251017273,0.1758241758241758,0.2307692307692307
target_evaluation_shifted,source_holdout_clean,noise_augmented,teff,2029,2.0,0.1,0.9,180,313.24044893391783,91,0.912087912087912,626.4808978678356,626.4808978678357,0.0549450549450549,0.0329670329670329
target_evaluation_shifted,source_holdout_clean,noise_augmented,teff,2029,2.0,0.05,0.95,180,384.0125500691738,91,0.9230769230769232,768.0251001383475,768.0251001383476,0.0549450549450549,0.0219780219780219
target_evaluation_shifted,source_holdout_clean,noise_augmented,logg,2029,2.0,0.32,0.6799999999999999,180,0.2523691074848191,91,0.7032967032967034,0.5047382149696381,0.5047382149696382,0.1428571428571428,0.1538461538461538
target_evaluation_shifted,source_holdout_clean,noise_augmented,logg,2029,2.0,0.1,0.9,180,0.6203904552658432,91,0.945054945054945,1.2407809105316865,1.2407809105316865,0.0329670329670329,0.0219780219780219
target_evaluation_shifted,source_holdout_clean,noise_augmented,logg,2029,2.0,0.05,0.95,180,0.8079488211572174,91,0.956043956043956,1.6158976423144342,1.615897642314435,0.0219780219780219,0.0219780219780219
target_evaluation_shifted,source_holdout_clean,noise_augmented,feh,2029,2.0,0.32,0.6799999999999999,180,0.2306790833573395,91,0.6373626373626373,0.4613581667146792,0.4613581667146791,0.1648351648351648,0.1978021978021978
target_evaluation_shifted,source_holdout_clean,noise_augmented,feh,2029,2.0,0.1,0.9,180,0.4386148096919059,91,0.8571428571428571,0.8772296193838117,0.8772296193838118,0.0879120879120879,0.0549450549450549
target_evaluation_shifted,source_holdout_clean,noise_augmented,feh,2029,2.0,0.05,0.95,180,0.560674424951275,91,0.956043956043956,1.1213488499025497,1.12134884990255,0.0329670329670329,0.0109890109890109
target_evaluation_shifted,source_holdout_clean,source_only,teff,2029,2.5,0.32,0.6799999999999999,180,139.35836954752813,91,0.5384615384615384,278.71673909505625,278.71673909505625,0.1978021978021978,0.2637362637362637
target_evaluation_shifted,source_holdout_clean,source_only,teff,2029,2.5,0.1,0.9,180,293.00004557291504,91,0.7912087912087912,586.0000911458302,586.0000911458301,0.1318681318681318,0.0769230769230769
target_evaluation_shifted,source_holdout_clean,source_only,teff,2029,2.5,0.05,0.95,180,398.11501424153903,91,0.8791208791208791,796.230028483078,796.2300284830781,0.0659340659340659,0.0549450549450549
target_evaluation_shifted,source_holdout_clean,source_only,logg,2029,2.5,0.32,0.6799999999999999,180,0.2393697410821893,91,0.6593406593406593,0.4787394821643786,0.4787394821643786,0.1428571428571428,0.1978021978021978
target_evaluation_shifted,source_holdout_clean,source_only,logg,2029,2.5,0.1,0.9,180,0.6909636572003381,91,0.945054945054945,1.381927314400676,1.3819273144006767,0.0329670329670329,0.0219780219780219
target_evaluation_shifted,source_holdout_clean,source_only,logg,2029,2.5,0.05,0.95,180,0.7959183901548386,91,0.945054945054945,1.5918367803096771,1.5918367803096771,0.0329670329670329,0.0219780219780219
target_evaluation_shifted,source_holdout_clean,source_only,feh,2029,2.5,0.32,0.6799999999999999,180,0.2232781324222622,91,0.5494505494505495,0.4465562648445242,0.4465562648445244,0.1538461538461538,0.2967032967032967
target_evaluation_shifted,source_holdout_clean,source_only,feh,2029,2.5,0.1,0.9,180,0.4521088827618709,91,0.8681318681318682,0.9042177655237414,0.9042177655237418,0.0659340659340659,0.0659340659340659
target_evaluation_shifted,source_holdout_clean,source_only,feh,2029,2.5,0.05,0.95,180,0.5718153978836606,91,0.934065934065934,1.1436307957673215,1.1436307957673213,0.0329670329670329,0.0329670329670329
target_evaluation_shifted,source_holdout_clean,noise_augmented,teff,2029,2.5,0.32,0.6799999999999999,180,141.64256255086366,91,0.5824175824175825,283.2851251017273,283.2851251017273,0.1758241758241758,0.2417582417582417
target_evaluation_shifted,source_holdout_clean,noise_augmented,teff,2029,2.5,0.1,0.9,180,313.24044893391783,91,0.8571428571428571,626.4808978678356,626.4808978678357,0.0989010989010989,0.0439560439560439
target_evaluation_shifted,source_holdout_clean,noise_augmented,teff,2029,2.5,0.05,0.95,180,384.0125500691738,91,0.8901098901098901,768.0251001383475,768.0251001383476,0.0769230769230769,0.0329670329670329
target_evaluation_shifted,source_holdout_clean,noise_augmented,logg,2029,2.5,0.32,0.6799999999999999,180,0.2523691074848191,91,0.7032967032967034,0.5047382149696381,0.5047382149696382,0.1208791208791208,0.1758241758241758
target_evaluation_shifted,source_holdout_clean,noise_augmented,logg,2029,2.5,0.1,0.9,180,0.6203904552658432,91,0.945054945054945,1.2407809105316865,1.2407809105316865,0.0329670329670329,0.0219780219780219
target_evaluation_shifted,source_holdout_clean,noise_augmented,logg,2029,2.5,0.05,0.95,180,0.8079488211572174,91,0.956043956043956,1.6158976423144342,1.615897642314435,0.0219780219780219,0.0219780219780219
target_evaluation_shifted,source_holdout_clean,noise_augmented,feh,2029,2.5,0.32,0.6799999999999999,180,0.2306790833573395,91,0.6043956043956044,0.4613581667146792,0.4613581667146791,0.1648351648351648,0.2307692307692307
target_evaluation_shifted,source_holdout_clean,noise_augmented,feh,2029,2.5,0.1,0.9,180,0.4386148096919059,91,0.8571428571428571,0.8772296193838117,0.8772296193838118,0.0879120879120879,0.0549450549450549
target_evaluation_shifted,source_holdout_clean,noise_augmented,feh,2029,2.5,0.05,0.95,180,0.560674424951275,91,0.945054945054945,1.1213488499025497,1.12134884990255,0.0329670329670329,0.0219780219780219
target_evaluation_shifted,source_holdout_clean,source_only,teff,2029,3.0,0.32,0.6799999999999999,180,139.35836954752813,91,0.4285714285714285,278.71673909505625,278.71673909505625,0.2967032967032967,0.2747252747252747
target_evaluation_shifted,source_holdout_clean,source_only,teff,2029,3.0,0.1,0.9,180,293.00004557291504,91,0.7472527472527473,586.0000911458302,586.0000911458301,0.1428571428571428,0.1098901098901098
target_evaluation_shifted,source_holdout_clean,source_only,teff,2029,3.0,0.05,0.95,180,398.11501424153903,91,0.8351648351648352,796.2300284830783,796.2300284830781,0.1098901098901098,0.0549450549450549
target_evaluation_shifted,source_holdout_clean,source_only,logg,2029,3.0,0.32,0.6799999999999999,180,0.2393697410821893,91,0.6483516483516484,0.4787394821643786,0.4787394821643786,0.1428571428571428,0.2087912087912088
target_evaluation_shifted,source_holdout_clean,source_only,logg,2029,3.0,0.1,0.9,180,0.6909636572003381,91,0.934065934065934,1.3819273144006765,1.3819273144006767,0.0329670329670329,0.0329670329670329
target_evaluation_shifted,source_holdout_clean,source_only,logg,2029,3.0,0.05,0.95,180,0.7959183901548386,91,0.945054945054945,1.5918367803096771,1.5918367803096771,0.0329670329670329,0.0219780219780219
target_evaluation_shifted,source_holdout_clean,source_only,feh,2029,3.0,0.32,0.6799999999999999,180,0.2232781324222622,91,0.5274725274725275,0.4465562648445242,0.4465562648445244,0.1538461538461538,0.3186813186813186
target_evaluation_shifted,source_holdout_clean,source_only,feh,2029,3.0,0.1,0.9,180,0.4521088827618709,91,0.8681318681318682,0.9042177655237414,0.9042177655237418,0.0659340659340659,0.0659340659340659
target_evaluation_shifted,source_holdout_clean,source_only,feh,2029,3.0,0.05,0.95,180,0.5718153978836606,91,0.934065934065934,1.1436307957673215,1.1436307957673213,0.0329670329670329,0.0329670329670329
target_evaluation_shifted,source_holdout_clean,noise_augmented,teff,2029,3.0,0.32,0.6799999999999999,180,141.64256255086366,91,0.5494505494505495,283.2851251017273,283.2851251017273,0.1868131868131868,0.2637362637362637
target_evaluation_shifted,source_holdout_clean,noise_augmented,teff,2029,3.0,0.1,0.9,180,313.24044893391783,91,0.8021978021978022,626.4808978678356,626.4808978678357,0.1208791208791208,0.0769230769230769
target_evaluation_shifted,source_holdout_clean,noise_augmented,teff,2029,3.0,0.05,0.95,180,384.0125500691738,91,0.8351648351648352,768.0251001383475,768.0251001383476,0.1098901098901098,0.0549450549450549
target_evaluation_shifted,source_holdout_clean,noise_augmented,logg,2029,3.0,0.32,0.6799999999999999,180,0.2523691074848191,91,0.7362637362637363,0.5047382149696381,0.5047382149696382,0.1208791208791208,0.1428571428571428
target_evaluation_shifted,source_holdout_clean,noise_augmented,logg,2029,3.0,0.1,0.9,180,0.6203904552658432,91,0.9230769230769232,1.2407809105316865,1.2407809105316865,0.0329670329670329,0.0439560439560439
target_evaluation_shifted,source_holdout_clean,noise_augmented,logg,2029,3.0,0.05,0.95,180,0.8079488211572174,91,0.956043956043956,1.6158976423144342,1.615897642314435,0.0219780219780219,0.0219780219780219
target_evaluation_shifted,source_holdout_clean,noise_augmented,feh,2029,3.0,0.32,0.6799999999999999,180,0.2306790833573395,91,0.5824175824175825,0.4613581667146792,0.4613581667146791,0.1538461538461538,0.2637362637362637
target_evaluation_shifted,source_holdout_clean,noise_augmented,feh,2029,3.0,0.1,0.9,180,0.4386148096919059,91,0.8681318681318682,0.8772296193838117,0.8772296193838118,0.0769230769230769,0.0549450549450549
target_evaluation_shifted,source_holdout_clean,noise_augmented,feh,2029,3.0,0.05,0.95,180,0.560674424951275,91,0.945054945054945,1.1213488499025497,1.12134884990255,0.0329670329670329,0.0219780219780219
target_evaluation_shifted,source_holdout_clean,source_only,teff,2030,1.25,0.32,0.6799999999999999,180,139.35836954752813,91,0.6703296703296703,278.71673909505625,278.71673909505625,0.1648351648351648,0.1648351648351648
target_evaluation_shifted,source_holdout_clean,source_only,teff,2030,1.25,0.1,0.9,180,293.00004557291504,91,0.912087912087912,586.0000911458302,586.0000911458301,0.0549450549450549,0.0329670329670329
target_evaluation_shifted,source_holdout_clean,source_only,teff,2030,1.25,0.05,0.95,180,398.11501424153903,91,0.945054945054945,796.2300284830783,796.2300284830781,0.0439560439560439,0.0109890109890109
target_evaluation_shifted,source_holdout_clean,source_only,logg,2030,1.25,0.32,0.6799999999999999,180,0.2393697410821893,91,0.6923076923076923,0.4787394821643786,0.4787394821643786,0.1318681318681318,0.1758241758241758
target_evaluation_shifted,source_holdout_clean,source_only,logg,2030,1.25,0.1,0.9,180,0.6909636572003381,91,0.956043956043956,1.381927314400676,1.3819273144006767,0.0329670329670329,0.0109890109890109
target_evaluation_shifted,source_holdout_clean,source_only,logg,2030,1.25,0.05,0.95,180,0.7959183901548386,91,0.967032967032967,1.5918367803096771,1.5918367803096771,0.0329670329670329,0.0
target_evaluation_shifted,source_holdout_clean,source_only,feh,2030,1.25,0.32,0.6799999999999999,180,0.2232781324222622,91,0.6813186813186813,0.4465562648445242,0.4465562648445244,0.1538461538461538,0.1648351648351648
target_evaluation_shifted,source_holdout_clean,source_only,feh,2030,1.25,0.1,0.9,180,0.4521088827618709,91,0.8681318681318682,0.9042177655237414,0.9042177655237418,0.0879120879120879,0.0439560439560439
target_evaluation_shifted,source_holdout_clean,source_only,feh,2030,1.25,0.05,0.95,180,0.5718153978836606,91,0.956043956043956,1.1436307957673215,1.1436307957673213,0.0329670329670329,0.0109890109890109
target_evaluation_shifted,source_holdout_clean,noise_augmented,teff,2030,1.25,0.32,0.6799999999999999,180,141.64256255086366,91,0.7142857142857143,283.2851251017273,283.2851251017273,0.1648351648351648,0.1208791208791208
target_evaluation_shifted,source_holdout_clean,noise_augmented,teff,2030,1.25,0.1,0.9,180,313.24044893391783,91,0.9230769230769232,626.4808978678356,626.4808978678357,0.0659340659340659,0.0109890109890109
target_evaluation_shifted,source_holdout_clean,noise_augmented,teff,2030,1.25,0.05,0.95,180,384.0125500691738,91,0.945054945054945,768.0251001383475,768.0251001383476,0.0439560439560439,0.0109890109890109
target_evaluation_shifted,source_holdout_clean,noise_augmented,logg,2030,1.25,0.32,0.6799999999999999,180,0.2523691074848191,91,0.7252747252747253,0.5047382149696381,0.5047382149696382,0.1318681318681318,0.1428571428571428
target_evaluation_shifted,source_holdout_clean,noise_augmented,logg,2030,1.25,0.1,0.9,180,0.6203904552658432,91,0.945054945054945,1.2407809105316865,1.2407809105316865,0.0329670329670329,0.0219780219780219
target_evaluation_shifted,source_holdout_clean,noise_augmented,logg,2030,1.25,0.05,0.95,180,0.8079488211572174,91,0.967032967032967,1.6158976423144342,1.615897642314435,0.0329670329670329,0.0
target_evaluation_shifted,source_holdout_clean,noise_augmented,feh,2030,1.25,0.32,0.6799999999999999,180,0.2306790833573395,91,0.6703296703296703,0.4613581667146792,0.4613581667146791,0.1648351648351648,0.1648351648351648
target_evaluation_shifted,source_holdout_clean,noise_augmented,feh,2030,1.25,0.1,0.9,180,0.4386148096919059,91,0.8791208791208791,0.8772296193838117,0.8772296193838118,0.0879120879120879,0.0329670329670329
target_evaluation_shifted,source_holdout_clean,noise_augmented,feh,2030,1.25,0.05,0.95,180,0.560674424951275,91,0.956043956043956,1.1213488499025497,1.12134884990255,0.0329670329670329,0.0109890109890109
target_evaluation_shifted,source_holdout_clean,source_only,teff,2030,1.5,0.32,0.6799999999999999,180,139.35836954752813,91,0.6923076923076923,278.71673909505625,278.71673909505625,0.1428571428571428,0.1648351648351648
target_evaluation_shifted,source_holdout_clean,source_only,teff,2030,1.5,0.1,0.9,180,293.00004557291504,91,0.8901098901098901,586.0000911458301,586.0000911458301,0.0659340659340659,0.0439560439560439
target_evaluation_shifted,source_holdout_clean,source_only,teff,2030,1.5,0.05,0.95,180,398.11501424153903,91,0.945054945054945,796.230028483078,796.2300284830781,0.0439560439560439,0.0109890109890109
target_evaluation_shifted,source_holdout_clean,source_only,logg,2030,1.5,0.32,0.6799999999999999,180,0.2393697410821893,91,0.6813186813186813,0.4787394821643786,0.4787394821643786,0.1318681318681318,0.1868131868131868
target_evaluation_shifted,source_holdout_clean,source_only,logg,2030,1.5,0.1,0.9,180,0.6909636572003381,91,0.956043956043956,1.381927314400676,1.3819273144006758,0.0329670329670329,0.0109890109890109
target_evaluation_shifted,source_holdout_clean,source_only,logg,2030,1.5,0.05,0.95,180,0.7959183901548386,91,0.967032967032967,1.5918367803096771,1.5918367803096771,0.0329670329670329,0.0
target_evaluation_shifted,source_holdout_clean,source_only,feh,2030,1.5,0.32,0.6799999999999999,180,0.2232781324222622,91,0.6813186813186813,0.4465562648445242,0.4465562648445244,0.1538461538461538,0.1648351648351648
target_evaluation_shifted,source_holdout_clean,source_only,feh,2030,1.5,0.1,0.9,180,0.4521088827618709,91,0.8681318681318682,0.9042177655237414,0.9042177655237418,0.0879120879120879,0.0439560439560439
target_evaluation_shifted,source_holdout_clean,source_only,feh,2030,1.5,0.05,0.95,180,0.5718153978836606,91,0.956043956043956,1.1436307957673215,1.1436307957673213,0.0329670329670329,0.0109890109890109
target_evaluation_shifted,source_holdout_clean,noise_augmented,teff,2030,1.5,0.32,0.6799999999999999,180,141.64256255086366,91,0.7142857142857143,283.2851251017273,283.2851251017273,0.1428571428571428,0.1428571428571428
target_evaluation_shifted,source_holdout_clean,noise_augmented,teff,2030,1.5,0.1,0.9,180,313.24044893391783,91,0.912087912087912,626.4808978678356,626.4808978678357,0.0659340659340659,0.0219780219780219
target_evaluation_shifted,source_holdout_clean,noise_augmented,teff,2030,1.5,0.05,0.95,180,384.0125500691738,91,0.945054945054945,768.0251001383475,768.0251001383476,0.0439560439560439,0.0109890109890109
target_evaluation_shifted,source_holdout_clean,noise_augmented,logg,2030,1.5,0.32,0.6799999999999999,180,0.2523691074848191,91,0.7142857142857143,0.5047382149696381,0.5047382149696382,0.1208791208791208,0.1648351648351648
target_evaluation_shifted,source_holdout_clean,noise_augmented,logg,2030,1.5,0.1,0.9,180,0.6203904552658432,91,0.945054945054945,1.2407809105316865,1.2407809105316865,0.0329670329670329,0.0219780219780219
target_evaluation_shifted,source_holdout_clean,noise_augmented,logg,2030,1.5,0.05,0.95,180,0.8079488211572174,91,0.967032967032967,1.6158976423144342,1.615897642314435,0.0329670329670329,0.0
target_evaluation_shifted,source_holdout_clean,noise_augmented,feh,2030,1.5,0.32,0.6799999999999999,180,0.2306790833573395,91,0.6813186813186813,0.4613581667146792,0.4613581667146791,0.1538461538461538,0.1648351648351648
target_evaluation_shifted,source_holdout_clean,noise_augmented,feh,2030,1.5,0.1,0.9,180,0.4386148096919059,91,0.8571428571428571,0.8772296193838117,0.8772296193838118,0.0879120879120879,0.0549450549450549
target_evaluation_shifted,source_holdout_clean,noise_augmented,feh,2030,1.5,0.05,0.95,180,0.560674424951275,91,0.956043956043956,1.1213488499025497,1.12134884990255,0.0329670329670329,0.0109890109890109
target_evaluation_shifted,source_holdout_clean,source_only,teff,2030,2.0,0.32,0.6799999999999999,180,139.35836954752813,91,0.6373626373626373,278.71673909505625,278.71673909505625,0.1868131868131868,0.1758241758241758
target_evaluation_shifted,source_holdout_clean,source_only,teff,2030,2.0,0.1,0.9,180,293.00004557291504,91,0.8571428571428571,586.0000911458302,586.0000911458301,0.0879120879120879,0.0549450549450549
target_evaluation_shifted,source_holdout_clean,source_only,teff,2030,2.0,0.05,0.95,180,398.11501424153903,91,0.9230769230769232,796.2300284830783,796.2300284830781,0.0439560439560439,0.0329670329670329
target_evaluation_shifted,source_holdout_clean,source_only,logg,2030,2.0,0.32,0.6799999999999999,180,0.2393697410821893,91,0.6813186813186813,0.4787394821643786,0.4787394821643786,0.1208791208791208,0.1978021978021978
target_evaluation_shifted,source_holdout_clean,source_only,logg,2030,2.0,0.1,0.9,180,0.6909636572003381,91,0.956043956043956,1.381927314400676,1.3819273144006767,0.0329670329670329,0.0109890109890109
target_evaluation_shifted,source_holdout_clean,source_only,logg,2030,2.0,0.05,0.95,180,0.7959183901548386,91,0.956043956043956,1.5918367803096771,1.5918367803096771,0.0329670329670329,0.0109890109890109
target_evaluation_shifted,source_holdout_clean,source_only,feh,2030,2.0,0.32,0.6799999999999999,180,0.2232781324222622,91,0.5824175824175825,0.4465562648445242,0.4465562648445244,0.1538461538461538,0.2637362637362637
target_evaluation_shifted,source_holdout_clean,source_only,feh,2030,2.0,0.1,0.9,180,0.4521088827618709,91,0.8681318681318682,0.9042177655237414,0.9042177655237418,0.0879120879120879,0.0439560439560439
target_evaluation_shifted,source_holdout_clean,source_only,feh,2030,2.0,0.05,0.95,180,0.5718153978836606,91,0.945054945054945,1.1436307957673215,1.1436307957673213,0.0219780219780219,0.0329670329670329
target_evaluation_shifted,source_holdout_clean,noise_augmented,teff,2030,2.0,0.32,0.6799999999999999,180,141.64256255086366,91,0.6923076923076923,283.2851251017273,283.2851251017273,0.1428571428571428,0.1648351648351648
target_evaluation_shifted,source_holdout_clean,noise_augmented,teff,2030,2.0,0.1,0.9,180,313.24044893391783,91,0.9010989010989012,626.4808978678356,626.4808978678357,0.0769230769230769,0.0219780219780219
target_evaluation_shifted,source_holdout_clean,noise_augmented,teff,2030,2.0,0.05,0.95,180,384.0125500691738,91,0.945054945054945,768.0251001383475,768.0251001383476,0.0329670329670329,0.0219780219780219
target_evaluation_shifted,source_holdout_clean,noise_augmented,logg,2030,2.0,0.32,0.6799999999999999,180,0.2523691074848191,91,0.6923076923076923,0.5047382149696381,0.5047382149696382,0.1208791208791208,0.1868131868131868
target_evaluation_shifted,source_holdout_clean,noise_augmented,logg,2030,2.0,0.1,0.9,180,0.6203904552658432,91,0.956043956043956,1.2407809105316865,1.2407809105316865,0.0329670329670329,0.0109890109890109
target_evaluation_shifted,source_holdout_clean,noise_augmented,logg,2030,2.0,0.05,0.95,180,0.8079488211572174,91,0.956043956043956,1.6158976423144342,1.615897642314435,0.0329670329670329,0.0109890109890109
target_evaluation_shifted,source_holdout_clean,noise_augmented,feh,2030,2.0,0.32,0.6799999999999999,180,0.2306790833573395,91,0.6373626373626373,0.4613581667146792,0.4613581667146791,0.1538461538461538,0.2087912087912088
target_evaluation_shifted,source_holdout_clean,noise_augmented,feh,2030,2.0,0.1,0.9,180,0.4386148096919059,91,0.8461538461538461,0.8772296193838117,0.8772296193838118,0.0879120879120879,0.0659340659340659
target_evaluation_shifted,source_holdout_clean,noise_augmented,feh,2030,2.0,0.05,0.95,180,0.560674424951275,91,0.967032967032967,1.1213488499025497,1.12134884990255,0.0219780219780219,0.0109890109890109
target_evaluation_shifted,source_holdout_clean,source_only,teff,2030,2.5,0.32,0.6799999999999999,180,139.35836954752813,91,0.5494505494505495,278.71673909505625,278.71673909505625,0.2417582417582417,0.2087912087912088
target_evaluation_shifted,source_holdout_clean,source_only,teff,2030,2.5,0.1,0.9,180,293.00004557291504,91,0.8241758241758241,586.0000911458302,586.0000911458301,0.1208791208791208,0.0549450549450549
target_evaluation_shifted,source_holdout_clean,source_only,teff,2030,2.5,0.05,0.95,180,398.11501424153903,91,0.8901098901098901,796.2300284830783,796.2300284830781,0.0659340659340659,0.0439560439560439
target_evaluation_shifted,source_holdout_clean,source_only,logg,2030,2.5,0.32,0.6799999999999999,180,0.2393697410821893,91,0.6703296703296703,0.4787394821643786,0.4787394821643786,0.1208791208791208,0.2087912087912088
target_evaluation_shifted,source_holdout_clean,source_only,logg,2030,2.5,0.1,0.9,180,0.6909636572003381,91,0.945054945054945,1.3819273144006765,1.3819273144006767,0.0329670329670329,0.0219780219780219
target_evaluation_shifted,source_holdout_clean,source_only,logg,2030,2.5,0.05,0.95,180,0.7959183901548386,91,0.956043956043956,1.5918367803096771,1.5918367803096771,0.0329670329670329,0.0109890109890109
target_evaluation_shifted,source_holdout_clean,source_only,feh,2030,2.5,0.32,0.6799999999999999,180,0.2232781324222622,91,0.5494505494505495,0.4465562648445242,0.4465562648445244,0.1538461538461538,0.2967032967032967
target_evaluation_shifted,source_holdout_clean,source_only,feh,2030,2.5,0.1,0.9,180,0.4521088827618709,91,0.8571428571428571,0.9042177655237414,0.9042177655237418,0.0879120879120879,0.0549450549450549
target_evaluation_shifted,source_holdout_clean,source_only,feh,2030,2.5,0.05,0.95,180,0.5718153978836606,91,0.945054945054945,1.1436307957673215,1.1436307957673213,0.0219780219780219,0.0329670329670329
target_evaluation_shifted,source_holdout_clean,noise_augmented,teff,2030,2.5,0.32,0.6799999999999999,180,141.64256255086366,91,0.6483516483516484,283.2851251017273,283.2851251017273,0.1868131868131868,0.1648351648351648
target_evaluation_shifted,source_holdout_clean,noise_augmented,teff,2030,2.5,0.1,0.9,180,313.24044893391783,91,0.8681318681318682,626.4808978678356,626.4808978678357,0.0879120879120879,0.0439560439560439
target_evaluation_shifted,source_holdout_clean,noise_augmented,teff,2030,2.5,0.05,0.95,180,384.0125500691738,91,0.934065934065934,768.0251001383475,768.0251001383476,0.0439560439560439,0.0219780219780219
target_evaluation_shifted,source_holdout_clean,noise_augmented,logg,2030,2.5,0.32,0.6799999999999999,180,0.2523691074848191,91,0.6813186813186813,0.5047382149696381,0.5047382149696382,0.1208791208791208,0.1978021978021978
target_evaluation_shifted,source_holdout_clean,noise_augmented,logg,2030,2.5,0.1,0.9,180,0.6203904552658432,91,0.912087912087912,1.2407809105316865,1.2407809105316865,0.0329670329670329,0.0549450549450549
target_evaluation_shifted,source_holdout_clean,noise_augmented,logg,2030,2.5,0.05,0.95,180,0.8079488211572174,91,0.956043956043956,1.6158976423144342,1.615897642314435,0.0329670329670329,0.0109890109890109
target_evaluation_shifted,source_holdout_clean,noise_augmented,feh,2030,2.5,0.32,0.6799999999999999,180,0.2306790833573395,91,0.6153846153846154,0.4613581667146792,0.4613581667146791,0.1538461538461538,0.2307692307692307
target_evaluation_shifted,source_holdout_clean,noise_augmented,feh,2030,2.5,0.1,0.9,180,0.4386148096919059,91,0.8461538461538461,0.8772296193838117,0.8772296193838118,0.0879120879120879,0.0659340659340659
target_evaluation_shifted,source_holdout_clean,noise_augmented,feh,2030,2.5,0.05,0.95,180,0.560674424951275,91,0.967032967032967,1.1213488499025497,1.12134884990255,0.0219780219780219,0.0109890109890109
target_evaluation_shifted,source_holdout_clean,source_only,teff,2030,3.0,0.32,0.6799999999999999,180,139.35836954752813,91,0.4725274725274725,278.71673909505625,278.71673909505625,0.3076923076923077,0.2197802197802197
target_evaluation_shifted,source_holdout_clean,source_only,teff,2030,3.0,0.1,0.9,180,293.00004557291504,91,0.8131868131868132,586.0000911458302,586.0000911458301,0.1208791208791208,0.0659340659340659
target_evaluation_shifted,source_holdout_clean,source_only,teff,2030,3.0,0.05,0.95,180,398.11501424153903,91,0.8461538461538461,796.2300284830783,796.2300284830781,0.0879120879120879,0.0659340659340659
target_evaluation_shifted,source_holdout_clean,source_only,logg,2030,3.0,0.32,0.6799999999999999,180,0.2393697410821893,91,0.6593406593406593,0.4787394821643786,0.4787394821643786,0.0989010989010989,0.2417582417582417
target_evaluation_shifted,source_holdout_clean,source_only,logg,2030,3.0,0.1,0.9,180,0.6909636572003381,91,0.945054945054945,1.381927314400676,1.3819273144006758,0.0329670329670329,0.0219780219780219
target_evaluation_shifted,source_holdout_clean,source_only,logg,2030,3.0,0.05,0.95,180,0.7959183901548386,91,0.956043956043956,1.5918367803096771,1.5918367803096771,0.0329670329670329,0.0109890109890109
target_evaluation_shifted,source_holdout_clean,source_only,feh,2030,3.0,0.32,0.6799999999999999,180,0.2232781324222622,91,0.4835164835164835,0.4465562648445242,0.4465562648445244,0.1648351648351648,0.3516483516483517
target_evaluation_shifted,source_holdout_clean,source_only,feh,2030,3.0,0.1,0.9,180,0.4521088827618709,91,0.8351648351648352,0.9042177655237414,0.9042177655237418,0.0769230769230769,0.0879120879120879
target_evaluation_shifted,source_holdout_clean,source_only,feh,2030,3.0,0.05,0.95,180,0.5718153978836606,91,0.934065934065934,1.1436307957673215,1.1436307957673213,0.0439560439560439,0.0219780219780219
target_evaluation_shifted,source_holdout_clean,noise_augmented,teff,2030,3.0,0.32,0.6799999999999999,180,141.64256255086366,91,0.6043956043956044,283.2851251017273,283.2851251017273,0.2197802197802197,0.1758241758241758
target_evaluation_shifted,source_holdout_clean,noise_augmented,teff,2030,3.0,0.1,0.9,180,313.24044893391783,91,0.8351648351648352,626.4808978678356,626.4808978678357,0.0989010989010989,0.0659340659340659
target_evaluation_shifted,source_holdout_clean,noise_augmented,teff,2030,3.0,0.05,0.95,180,384.0125500691738,91,0.8901098901098901,768.0251001383475,768.0251001383476,0.0769230769230769,0.0329670329670329
target_evaluation_shifted,source_holdout_clean,noise_augmented,logg,2030,3.0,0.32,0.6799999999999999,180,0.2523691074848191,91,0.6923076923076923,0.5047382149696381,0.5047382149696382,0.0989010989010989,0.2087912087912088
target_evaluation_shifted,source_holdout_clean,noise_augmented,logg,2030,3.0,0.1,0.9,180,0.6203904552658432,91,0.912087912087912,1.2407809105316865,1.2407809105316865,0.0329670329670329,0.0549450549450549
target_evaluation_shifted,source_holdout_clean,noise_augmented,logg,2030,3.0,0.05,0.95,180,0.8079488211572174,91,0.934065934065934,1.6158976423144342,1.615897642314435,0.0329670329670329,0.0329670329670329
target_evaluation_shifted,source_holdout_clean,noise_augmented,feh,2030,3.0,0.32,0.6799999999999999,180,0.2306790833573395,91,0.5824175824175825,0.4613581667146792,0.4613581667146791,0.1428571428571428,0.2747252747252747
target_evaluation_shifted,source_holdout_clean,noise_augmented,feh,2030,3.0,0.1,0.9,180,0.4386148096919059,91,0.8461538461538461,0.8772296193838117,0.8772296193838118,0.0879120879120879,0.0659340659340659
target_evaluation_shifted,source_holdout_clean,noise_augmented,feh,2030,3.0,0.05,0.95,180,0.560674424951275,91,0.945054945054945,1.1213488499025497,1.12134884990255,0.0329670329670329,0.0219780219780219
target_evaluation_shifted,source_holdout_clean,source_only,teff,2031,1.25,0.32,0.6799999999999999,180,139.35836954752813,91,0.6483516483516484,278.71673909505625,278.71673909505625,0.1758241758241758,0.1758241758241758
target_evaluation_shifted,source_holdout_clean,source_only,teff,2031,1.25,0.1,0.9,180,293.00004557291504,91,0.934065934065934,586.0000911458302,586.0000911458301,0.0549450549450549,0.0109890109890109
target_evaluation_shifted,source_holdout_clean,source_only,teff,2031,1.25,0.05,0.95,180,398.11501424153903,91,0.945054945054945,796.2300284830783,796.2300284830781,0.0439560439560439,0.0109890109890109
target_evaluation_shifted,source_holdout_clean,source_only,logg,2031,1.25,0.32,0.6799999999999999,180,0.2393697410821893,91,0.6483516483516484,0.4787394821643786,0.4787394821643786,0.1538461538461538,0.1978021978021978
target_evaluation_shifted,source_holdout_clean,source_only,logg,2031,1.25,0.1,0.9,180,0.6909636572003381,91,0.956043956043956,1.3819273144006765,1.3819273144006767,0.0329670329670329,0.0109890109890109
target_evaluation_shifted,source_holdout_clean,source_only,logg,2031,1.25,0.05,0.95,180,0.7959183901548386,91,0.956043956043956,1.5918367803096771,1.5918367803096771,0.0329670329670329,0.0109890109890109
target_evaluation_shifted,source_holdout_clean,source_only,feh,2031,1.25,0.32,0.6799999999999999,180,0.2232781324222622,91,0.6373626373626373,0.4465562648445242,0.4465562648445244,0.1758241758241758,0.1868131868131868
target_evaluation_shifted,source_holdout_clean,source_only,feh,2031,1.25,0.1,0.9,180,0.4521088827618709,91,0.8791208791208791,0.9042177655237414,0.9042177655237418,0.0879120879120879,0.0329670329670329
target_evaluation_shifted,source_holdout_clean,source_only,feh,2031,1.25,0.05,0.95,180,0.5718153978836606,91,0.956043956043956,1.1436307957673215,1.1436307957673213,0.0329670329670329,0.0109890109890109
target_evaluation_shifted,source_holdout_clean,noise_augmented,teff,2031,1.25,0.32,0.6799999999999999,180,141.64256255086366,91,0.6813186813186813,283.2851251017273,283.2851251017273,0.1538461538461538,0.1648351648351648
target_evaluation_shifted,source_holdout_clean,noise_augmented,teff,2031,1.25,0.1,0.9,180,313.24044893391783,91,0.934065934065934,626.4808978678356,626.4808978678357,0.0549450549450549,0.0109890109890109
target_evaluation_shifted,source_holdout_clean,noise_augmented,teff,2031,1.25,0.05,0.95,180,384.0125500691738,91,0.945054945054945,768.0251001383475,768.0251001383476,0.0439560439560439,0.0109890109890109
target_evaluation_shifted,source_holdout_clean,noise_augmented,logg,2031,1.25,0.32,0.6799999999999999,180,0.2523691074848191,91,0.6703296703296703,0.5047382149696381,0.5047382149696382,0.1648351648351648,0.1648351648351648
target_evaluation_shifted,source_holdout_clean,noise_augmented,logg,2031,1.25,0.1,0.9,180,0.6203904552658432,91,0.934065934065934,1.2407809105316865,1.2407809105316865,0.0329670329670329,0.0329670329670329
target_evaluation_shifted,source_holdout_clean,noise_augmented,logg,2031,1.25,0.05,0.95,180,0.8079488211572174,91,0.956043956043956,1.6158976423144342,1.615897642314435,0.0329670329670329,0.0109890109890109
target_evaluation_shifted,source_holdout_clean,noise_augmented,feh,2031,1.25,0.32,0.6799999999999999,180,0.2306790833573395,91,0.6703296703296703,0.4613581667146792,0.4613581667146791,0.1758241758241758,0.1538461538461538
target_evaluation_shifted,source_holdout_clean,noise_augmented,feh,2031,1.25,0.1,0.9,180,0.4386148096919059,91,0.8681318681318682,0.8772296193838117,0.8772296193838118,0.0879120879120879,0.0439560439560439
target_evaluation_shifted,source_holdout_clean,noise_augmented,feh,2031,1.25,0.05,0.95,180,0.560674424951275,91,0.945054945054945,1.1213488499025497,1.12134884990255,0.0439560439560439,0.0109890109890109
target_evaluation_shifted,source_holdout_clean,source_only,teff,2031,1.5,0.32,0.6799999999999999,180,139.35836954752813,91,0.5824175824175825,278.71673909505625,278.71673909505625,0.1978021978021978,0.2197802197802197
target_evaluation_shifted,source_holdout_clean,source_only,teff,2031,1.5,0.1,0.9,180,293.00004557291504,91,0.8901098901098901,586.0000911458302,586.0000911458301,0.0549450549450549,0.0549450549450549
target_evaluation_shifted,source_holdout_clean,source_only,teff,2031,1.5,0.05,0.95,180,398.11501424153903,91,0.945054945054945,796.2300284830783,796.2300284830781,0.0439560439560439,0.0109890109890109
target_evaluation_shifted,source_holdout_clean,source_only,logg,2031,1.5,0.32,0.6799999999999999,180,0.2393697410821893,91,0.6373626373626373,0.4787394821643786,0.4787394821643786,0.1428571428571428,0.2197802197802197
target_evaluation_shifted,source_holdout_clean,source_only,logg,2031,1.5,0.1,0.9,180,0.6909636572003381,91,0.945054945054945,1.381927314400676,1.3819273144006758,0.0329670329670329,0.0219780219780219
target_evaluation_shifted,source_holdout_clean,source_only,logg,2031,1.5,0.05,0.95,180,0.7959183901548386,91,0.956043956043956,1.5918367803096771,1.5918367803096771,0.0329670329670329,0.0109890109890109
target_evaluation_shifted,source_holdout_clean,source_only,feh,2031,1.5,0.32,0.6799999999999999,180,0.2232781324222622,91,0.6373626373626373,0.4465562648445242,0.4465562648445244,0.1758241758241758,0.1868131868131868
target_evaluation_shifted,source_holdout_clean,source_only,feh,2031,1.5,0.1,0.9,180,0.4521088827618709,91,0.8791208791208791,0.9042177655237414,0.9042177655237418,0.0879120879120879,0.0329670329670329
target_evaluation_shifted,source_holdout_clean,source_only,feh,2031,1.5,0.05,0.95,180,0.5718153978836606,91,0.956043956043956,1.1436307957673215,1.1436307957673213,0.0329670329670329,0.0109890109890109
target_evaluation_shifted,source_holdout_clean,noise_augmented,teff,2031,1.5,0.32,0.6799999999999999,180,141.64256255086366,91,0.6593406593406593,283.2851251017273,283.2851251017273,0.1648351648351648,0.1758241758241758
target_evaluation_shifted,source_holdout_clean,noise_augmented,teff,2031,1.5,0.1,0.9,180,313.24044893391783,91,0.912087912087912,626.4808978678356,626.4808978678357,0.0659340659340659,0.0219780219780219
target_evaluation_shifted,source_holdout_clean,noise_augmented,teff,2031,1.5,0.05,0.95,180,384.0125500691738,91,0.945054945054945,768.0251001383475,768.0251001383476,0.0439560439560439,0.0109890109890109
target_evaluation_shifted,source_holdout_clean,noise_augmented,logg,2031,1.5,0.32,0.6799999999999999,180,0.2523691074848191,91,0.6703296703296703,0.5047382149696381,0.5047382149696382,0.1648351648351648,0.1648351648351648
target_evaluation_shifted,source_holdout_clean,noise_augmented,logg,2031,1.5,0.1,0.9,180,0.6203904552658432,91,0.934065934065934,1.2407809105316865,1.2407809105316865,0.0329670329670329,0.0329670329670329
target_evaluation_shifted,source_holdout_clean,noise_augmented,logg,2031,1.5,0.05,0.95,180,0.8079488211572174,91,0.956043956043956,1.6158976423144342,1.615897642314435,0.0329670329670329,0.0109890109890109
target_evaluation_shifted,source_holdout_clean,noise_augmented,feh,2031,1.5,0.32,0.6799999999999999,180,0.2306790833573395,91,0.6813186813186813,0.4613581667146792,0.4613581667146791,0.1538461538461538,0.1648351648351648
target_evaluation_shifted,source_holdout_clean,noise_augmented,feh,2031,1.5,0.1,0.9,180,0.4386148096919059,91,0.8571428571428571,0.8772296193838117,0.8772296193838118,0.0879120879120879,0.0549450549450549
target_evaluation_shifted,source_holdout_clean,noise_augmented,feh,2031,1.5,0.05,0.95,180,0.560674424951275,91,0.945054945054945,1.1213488499025497,1.12134884990255,0.0439560439560439,0.0109890109890109
target_evaluation_shifted,source_holdout_clean,source_only,teff,2031,2.0,0.32,0.6799999999999999,180,139.35836954752813,91,0.5054945054945055,278.71673909505625,278.71673909505625,0.2197802197802197,0.2747252747252747
target_evaluation_shifted,source_holdout_clean,source_only,teff,2031,2.0,0.1,0.9,180,293.00004557291504,91,0.8571428571428571,586.0000911458302,586.0000911458301,0.0769230769230769,0.0659340659340659
target_evaluation_shifted,source_holdout_clean,source_only,teff,2031,2.0,0.05,0.95,180,398.11501424153903,91,0.934065934065934,796.2300284830783,796.2300284830781,0.0439560439560439,0.0219780219780219
target_evaluation_shifted,source_holdout_clean,source_only,logg,2031,2.0,0.32,0.6799999999999999,180,0.2393697410821893,91,0.6153846153846154,0.4787394821643786,0.4787394821643786,0.1648351648351648,0.2197802197802197
target_evaluation_shifted,source_holdout_clean,source_only,logg,2031,2.0,0.1,0.9,180,0.6909636572003381,91,0.934065934065934,1.3819273144006758,1.3819273144006758,0.0329670329670329,0.0329670329670329
target_evaluation_shifted,source_holdout_clean,source_only,logg,2031,2.0,0.05,0.95,180,0.7959183901548386,91,0.956043956043956,1.5918367803096771,1.5918367803096771,0.0329670329670329,0.0109890109890109
target_evaluation_shifted,source_holdout_clean,source_only,feh,2031,2.0,0.32,0.6799999999999999,180,0.2232781324222622,91,0.6483516483516484,0.4465562648445242,0.4465562648445244,0.1538461538461538,0.1978021978021978
target_evaluation_shifted,source_holdout_clean,source_only,feh,2031,2.0,0.1,0.9,180,0.4521088827618709,91,0.8791208791208791,0.9042177655237414,0.9042177655237418,0.0659340659340659,0.0549450549450549
target_evaluation_shifted,source_holdout_clean,source_only,feh,2031,2.0,0.05,0.95,180,0.5718153978836606,91,0.956043956043956,1.1436307957673215,1.1436307957673213,0.0329670329670329,0.0109890109890109
target_evaluation_shifted,source_holdout_clean,noise_augmented,teff,2031,2.0,0.32,0.6799999999999999,180,141.64256255086366,91,0.5824175824175825,283.2851251017273,283.2851251017273,0.1758241758241758,0.2417582417582417
target_evaluation_shifted,source_holdout_clean,noise_augmented,teff,2031,2.0,0.1,0.9,180,313.24044893391783,91,0.9010989010989012,626.4808978678356,626.4808978678357,0.0659340659340659,0.0329670329670329
target_evaluation_shifted,source_holdout_clean,noise_augmented,teff,2031,2.0,0.05,0.95,180,384.0125500691738,91,0.934065934065934,768.0251001383475,768.0251001383476,0.0439560439560439,0.0219780219780219
target_evaluation_shifted,source_holdout_clean,noise_augmented,logg,2031,2.0,0.32,0.6799999999999999,180,0.2523691074848191,91,0.6483516483516484,0.5047382149696381,0.5047382149696382,0.1538461538461538,0.1978021978021978
target_evaluation_shifted,source_holdout_clean,noise_augmented,logg,2031,2.0,0.1,0.9,180,0.6203904552658432,91,0.9230769230769232,1.2407809105316865,1.2407809105316865,0.0329670329670329,0.0439560439560439
target_evaluation_shifted,source_holdout_clean,noise_augmented,logg,2031,2.0,0.05,0.95,180,0.8079488211572174,91,0.945054945054945,1.6158976423144342,1.615897642314435,0.0329670329670329,0.0219780219780219
target_evaluation_shifted,source_holdout_clean,noise_augmented,feh,2031,2.0,0.32,0.6799999999999999,180,0.2306790833573395,91,0.6703296703296703,0.4613581667146792,0.4613581667146791,0.1428571428571428,0.1868131868131868
target_evaluation_shifted,source_holdout_clean,noise_augmented,feh,2031,2.0,0.1,0.9,180,0.4386148096919059,91,0.8571428571428571,0.8772296193838117,0.8772296193838118,0.0769230769230769,0.0659340659340659
target_evaluation_shifted,source_holdout_clean,noise_augmented,feh,2031,2.0,0.05,0.95,180,0.560674424951275,91,0.956043956043956,1.1213488499025497,1.12134884990255,0.0439560439560439,0.0
target_evaluation_shifted,source_holdout_clean,source_only,teff,2031,2.5,0.32,0.6799999999999999,180,139.35836954752813,91,0.4615384615384615,278.71673909505625,278.71673909505625,0.2637362637362637,0.2747252747252747
target_evaluation_shifted,source_holdout_clean,source_only,teff,2031,2.5,0.1,0.9,180,293.00004557291504,91,0.8131868131868132,586.0000911458301,586.0000911458301,0.0989010989010989,0.0879120879120879
target_evaluation_shifted,source_holdout_clean,source_only,teff,2031,2.5,0.05,0.95,180,398.11501424153903,91,0.912087912087912,796.230028483078,796.2300284830781,0.0549450549450549,0.0329670329670329
target_evaluation_shifted,source_holdout_clean,source_only,logg,2031,2.5,0.32,0.6799999999999999,180,0.2393697410821893,91,0.6373626373626373,0.4787394821643786,0.4787394821643786,0.1538461538461538,0.2087912087912088
target_evaluation_shifted,source_holdout_clean,source_only,logg,2031,2.5,0.1,0.9,180,0.6909636572003381,91,0.9230769230769232,1.381927314400676,1.3819273144006758,0.0329670329670329,0.0439560439560439
target_evaluation_shifted,source_holdout_clean,source_only,logg,2031,2.5,0.05,0.95,180,0.7959183901548386,91,0.945054945054945,1.5918367803096771,1.5918367803096771,0.0329670329670329,0.0219780219780219
target_evaluation_shifted,source_holdout_clean,source_only,feh,2031,2.5,0.32,0.6799999999999999,180,0.2232781324222622,91,0.6153846153846154,0.4465562648445242,0.4465562648445244,0.1208791208791208,0.2637362637362637
target_evaluation_shifted,source_holdout_clean,source_only,feh,2031,2.5,0.1,0.9,180,0.4521088827618709,91,0.8901098901098901,0.9042177655237414,0.9042177655237418,0.0549450549450549,0.0549450549450549
target_evaluation_shifted,source_holdout_clean,source_only,feh,2031,2.5,0.05,0.95,180,0.5718153978836606,91,0.956043956043956,1.1436307957673215,1.1436307957673213,0.0219780219780219,0.0219780219780219
target_evaluation_shifted,source_holdout_clean,noise_augmented,teff,2031,2.5,0.32,0.6799999999999999,180,141.64256255086366,91,0.5274725274725275,283.2851251017273,283.2851251017273,0.2307692307692307,0.2417582417582417
target_evaluation_shifted,source_holdout_clean,noise_augmented,teff,2031,2.5,0.1,0.9,180,313.24044893391783,91,0.8791208791208791,626.4808978678356,626.4808978678357,0.0879120879120879,0.0329670329670329
target_evaluation_shifted,source_holdout_clean,noise_augmented,teff,2031,2.5,0.05,0.95,180,384.0125500691738,91,0.9230769230769232,768.0251001383475,768.0251001383476,0.0439560439560439,0.0329670329670329
target_evaluation_shifted,source_holdout_clean,noise_augmented,logg,2031,2.5,0.32,0.6799999999999999,180,0.2523691074848191,91,0.6483516483516484,0.5047382149696381,0.5047382149696382,0.1538461538461538,0.1978021978021978
target_evaluation_shifted,source_holdout_clean,noise_augmented,logg,2031,2.5,0.1,0.9,180,0.6203904552658432,91,0.9230769230769232,1.2407809105316865,1.2407809105316865,0.0329670329670329,0.0439560439560439
target_evaluation_shifted,source_holdout_clean,noise_augmented,logg,2031,2.5,0.05,0.95,180,0.8079488211572174,91,0.945054945054945,1.6158976423144342,1.615897642314435,0.0329670329670329,0.0219780219780219
target_evaluation_shifted,source_holdout_clean,noise_augmented,feh,2031,2.5,0.32,0.6799999999999999,180,0.2306790833573395,91,0.6483516483516484,0.4613581667146792,0.4613581667146791,0.1208791208791208,0.2307692307692307
target_evaluation_shifted,source_holdout_clean,noise_augmented,feh,2031,2.5,0.1,0.9,180,0.4386148096919059,91,0.8791208791208791,0.8772296193838116,0.8772296193838118,0.0659340659340659,0.0549450549450549
target_evaluation_shifted,source_holdout_clean,noise_augmented,feh,2031,2.5,0.05,0.95,180,0.560674424951275,91,0.956043956043956,1.1213488499025497,1.12134884990255,0.0329670329670329,0.0109890109890109
target_evaluation_shifted,source_holdout_clean,source_only,teff,2031,3.0,0.32,0.6799999999999999,180,139.35836954752813,91,0.3846153846153846,278.71673909505625,278.71673909505625,0.3296703296703296,0.2857142857142857
target_evaluation_shifted,source_holdout_clean,source_only,teff,2031,3.0,0.1,0.9,180,293.00004557291504,91,0.7472527472527473,586.0000911458302,586.0000911458301,0.1318681318681318,0.1208791208791208
target_evaluation_shifted,source_holdout_clean,source_only,teff,2031,3.0,0.05,0.95,180,398.11501424153903,91,0.9230769230769232,796.2300284830783,796.2300284830781,0.0439560439560439,0.0329670329670329
target_evaluation_shifted,source_holdout_clean,source_only,logg,2031,3.0,0.32,0.6799999999999999,180,0.2393697410821893,91,0.6153846153846154,0.4787394821643786,0.4787394821643786,0.1758241758241758,0.2087912087912088
target_evaluation_shifted,source_holdout_clean,source_only,logg,2031,3.0,0.1,0.9,180,0.6909636572003381,91,0.934065934065934,1.381927314400676,1.3819273144006767,0.0329670329670329,0.0329670329670329
target_evaluation_shifted,source_holdout_clean,source_only,logg,2031,3.0,0.05,0.95,180,0.7959183901548386,91,0.945054945054945,1.5918367803096771,1.5918367803096771,0.0329670329670329,0.0219780219780219
target_evaluation_shifted,source_holdout_clean,source_only,feh,2031,3.0,0.32,0.6799999999999999,180,0.2232781324222622,91,0.5494505494505495,0.4465562648445242,0.4465562648445244,0.1208791208791208,0.3296703296703296
target_evaluation_shifted,source_holdout_clean,source_only,feh,2031,3.0,0.1,0.9,180,0.4521088827618709,91,0.8571428571428571,0.9042177655237414,0.9042177655237418,0.0659340659340659,0.0769230769230769
target_evaluation_shifted,source_holdout_clean,source_only,feh,2031,3.0,0.05,0.95,180,0.5718153978836606,91,0.967032967032967,1.1436307957673215,1.1436307957673213,0.0329670329670329,0.0
target_evaluation_shifted,source_holdout_clean,noise_augmented,teff,2031,3.0,0.32,0.6799999999999999,180,141.64256255086366,91,0.4945054945054945,283.2851251017273,283.2851251017273,0.2527472527472527,0.2527472527472527
target_evaluation_shifted,source_holdout_clean,noise_augmented,teff,2031,3.0,0.1,0.9,180,313.24044893391783,91,0.8241758241758241,626.4808978678356,626.4808978678357,0.1098901098901098,0.0659340659340659
target_evaluation_shifted,source_holdout_clean,noise_augmented,teff,2031,3.0,0.05,0.95,180,384.0125500691738,91,0.8901098901098901,768.0251001383475,768.0251001383476,0.0769230769230769,0.0329670329670329
target_evaluation_shifted,source_holdout_clean,noise_augmented,logg,2031,3.0,0.32,0.6799999999999999,180,0.2523691074848191,91,0.6483516483516484,0.5047382149696381,0.5047382149696382,0.1538461538461538,0.1978021978021978
target_evaluation_shifted,source_holdout_clean,noise_augmented,logg,2031,3.0,0.1,0.9,180,0.6203904552658432,91,0.934065934065934,1.2407809105316865,1.2407809105316865,0.0329670329670329,0.0329670329670329
target_evaluation_shifted,source_holdout_clean,noise_augmented,logg,2031,3.0,0.05,0.95,180,0.8079488211572174,91,0.945054945054945,1.6158976423144342,1.615897642314435,0.0329670329670329,0.0219780219780219
target_evaluation_shifted,source_holdout_clean,noise_augmented,feh,2031,3.0,0.32,0.6799999999999999,180,0.2306790833573395,91,0.5934065934065934,0.4613581667146792,0.4613581667146791,0.1208791208791208,0.2857142857142857
target_evaluation_shifted,source_holdout_clean,noise_augmented,feh,2031,3.0,0.1,0.9,180,0.4386148096919059,91,0.8681318681318682,0.8772296193838117,0.8772296193838118,0.0659340659340659,0.0659340659340659
target_evaluation_shifted,source_holdout_clean,noise_augmented,feh,2031,3.0,0.05,0.95,180,0.560674424951275,91,0.967032967032967,1.1213488499025497,1.12134884990255,0.0329670329670329,0.0
target_evaluation_shifted,source_holdout_clean,source_only,teff,2032,1.25,0.32,0.6799999999999999,180,139.35836954752813,91,0.6593406593406593,278.71673909505625,278.71673909505625,0.1648351648351648,0.1758241758241758
target_evaluation_shifted,source_holdout_clean,source_only,teff,2032,1.25,0.1,0.9,180,293.00004557291504,91,0.9230769230769232,586.0000911458302,586.0000911458301,0.0439560439560439,0.0329670329670329
target_evaluation_shifted,source_holdout_clean,source_only,teff,2032,1.25,0.05,0.95,180,398.11501424153903,91,0.945054945054945,796.2300284830783,796.2300284830781,0.0439560439560439,0.0109890109890109
target_evaluation_shifted,source_holdout_clean,source_only,logg,2032,1.25,0.32,0.6799999999999999,180,0.2393697410821893,91,0.6813186813186813,0.4787394821643786,0.4787394821643786,0.1538461538461538,0.1648351648351648
target_evaluation_shifted,source_holdout_clean,source_only,logg,2032,1.25,0.1,0.9,180,0.6909636572003381,91,0.956043956043956,1.381927314400676,1.3819273144006765,0.0329670329670329,0.0109890109890109
target_evaluation_shifted,source_holdout_clean,source_only,logg,2032,1.25,0.05,0.95,180,0.7959183901548386,91,0.967032967032967,1.5918367803096771,1.5918367803096771,0.0329670329670329,0.0
target_evaluation_shifted,source_holdout_clean,source_only,feh,2032,1.25,0.32,0.6799999999999999,180,0.2232781324222622,91,0.6703296703296703,0.4465562648445242,0.4465562648445244,0.1648351648351648,0.1648351648351648
target_evaluation_shifted,source_holdout_clean,source_only,feh,2032,1.25,0.1,0.9,180,0.4521088827618709,91,0.8901098901098901,0.9042177655237414,0.9042177655237418,0.0769230769230769,0.0329670329670329
target_evaluation_shifted,source_holdout_clean,source_only,feh,2032,1.25,0.05,0.95,180,0.5718153978836606,91,0.967032967032967,1.1436307957673215,1.1436307957673213,0.0219780219780219,0.0109890109890109
target_evaluation_shifted,source_holdout_clean,noise_augmented,teff,2032,1.25,0.32,0.6799999999999999,180,141.64256255086366,91,0.6813186813186813,283.2851251017273,283.2851251017273,0.1868131868131868,0.1318681318681318
target_evaluation_shifted,source_holdout_clean,noise_augmented,teff,2032,1.25,0.1,0.9,180,313.24044893391783,91,0.934065934065934,626.4808978678356,626.4808978678357,0.0439560439560439,0.0219780219780219
target_evaluation_shifted,source_holdout_clean,noise_augmented,teff,2032,1.25,0.05,0.95,180,384.0125500691738,91,0.945054945054945,768.0251001383475,768.0251001383476,0.0439560439560439,0.0109890109890109
target_evaluation_shifted,source_holdout_clean,noise_augmented,logg,2032,1.25,0.32,0.6799999999999999,180,0.2523691074848191,91,0.7032967032967034,0.5047382149696381,0.5047382149696382,0.1538461538461538,0.1428571428571428
target_evaluation_shifted,source_holdout_clean,noise_augmented,logg,2032,1.25,0.1,0.9,180,0.6203904552658432,91,0.945054945054945,1.2407809105316865,1.2407809105316865,0.0329670329670329,0.0219780219780219
target_evaluation_shifted,source_holdout_clean,noise_augmented,logg,2032,1.25,0.05,0.95,180,0.8079488211572174,91,0.967032967032967,1.6158976423144342,1.615897642314435,0.0329670329670329,0.0
target_evaluation_shifted,source_holdout_clean,noise_augmented,feh,2032,1.25,0.32,0.6799999999999999,180,0.2306790833573395,91,0.7032967032967034,0.4613581667146792,0.4613581667146791,0.1648351648351648,0.1318681318681318
target_evaluation_shifted,source_holdout_clean,noise_augmented,feh,2032,1.25,0.1,0.9,180,0.4386148096919059,91,0.8681318681318682,0.8772296193838117,0.8772296193838118,0.0769230769230769,0.0549450549450549
target_evaluation_shifted,source_holdout_clean,noise_augmented,feh,2032,1.25,0.05,0.95,180,0.560674424951275,91,0.956043956043956,1.1213488499025497,1.12134884990255,0.0329670329670329,0.0109890109890109
target_evaluation_shifted,source_holdout_clean,source_only,teff,2032,1.5,0.32,0.6799999999999999,180,139.35836954752813,91,0.6593406593406593,278.71673909505625,278.71673909505625,0.1648351648351648,0.1758241758241758
target_evaluation_shifted,source_holdout_clean,source_only,teff,2032,1.5,0.1,0.9,180,293.00004557291504,91,0.9010989010989012,586.0000911458302,586.0000911458301,0.0659340659340659,0.0329670329670329
target_evaluation_shifted,source_holdout_clean,source_only,teff,2032,1.5,0.05,0.95,180,398.11501424153903,91,0.9230769230769232,796.2300284830783,796.2300284830781,0.0439560439560439,0.0329670329670329
target_evaluation_shifted,source_holdout_clean,source_only,logg,2032,1.5,0.32,0.6799999999999999,180,0.2393697410821893,91,0.6813186813186813,0.4787394821643786,0.4787394821643786,0.1428571428571428,0.1758241758241758
target_evaluation_shifted,source_holdout_clean,source_only,logg,2032,1.5,0.1,0.9,180,0.6909636572003381,91,0.945054945054945,1.381927314400676,1.3819273144006767,0.0329670329670329,0.0219780219780219
target_evaluation_shifted,source_holdout_clean,source_only,logg,2032,1.5,0.05,0.95,180,0.7959183901548386,91,0.956043956043956,1.5918367803096771,1.5918367803096771,0.0329670329670329,0.0109890109890109
target_evaluation_shifted,source_holdout_clean,source_only,feh,2032,1.5,0.32,0.6799999999999999,180,0.2232781324222622,91,0.6703296703296703,0.4465562648445242,0.4465562648445244,0.1648351648351648,0.1648351648351648
target_evaluation_shifted,source_holdout_clean,source_only,feh,2032,1.5,0.1,0.9,180,0.4521088827618709,91,0.8791208791208791,0.9042177655237414,0.9042177655237418,0.0769230769230769,0.0439560439560439
target_evaluation_shifted,source_holdout_clean,source_only,feh,2032,1.5,0.05,0.95,180,0.5718153978836606,91,0.934065934065934,1.1436307957673215,1.1436307957673213,0.0329670329670329,0.0329670329670329
target_evaluation_shifted,source_holdout_clean,noise_augmented,teff,2032,1.5,0.32,0.6799999999999999,180,141.64256255086366,91,0.6593406593406593,283.2851251017273,283.2851251017273,0.1758241758241758,0.1648351648351648
target_evaluation_shifted,source_holdout_clean,noise_augmented,teff,2032,1.5,0.1,0.9,180,313.24044893391783,91,0.912087912087912,626.4808978678356,626.4808978678357,0.0549450549450549,0.0329670329670329
target_evaluation_shifted,source_holdout_clean,noise_augmented,teff,2032,1.5,0.05,0.95,180,384.0125500691738,91,0.934065934065934,768.0251001383475,768.0251001383476,0.0439560439560439,0.0219780219780219
target_evaluation_shifted,source_holdout_clean,noise_augmented,logg,2032,1.5,0.32,0.6799999999999999,180,0.2523691074848191,91,0.6923076923076923,0.5047382149696381,0.5047382149696382,0.1428571428571428,0.1648351648351648
target_evaluation_shifted,source_holdout_clean,noise_augmented,logg,2032,1.5,0.1,0.9,180,0.6203904552658432,91,0.945054945054945,1.2407809105316865,1.2407809105316865,0.0329670329670329,0.0219780219780219
target_evaluation_shifted,source_holdout_clean,noise_augmented,logg,2032,1.5,0.05,0.95,180,0.8079488211572174,91,0.956043956043956,1.6158976423144342,1.615897642314435,0.0329670329670329,0.0109890109890109
target_evaluation_shifted,source_holdout_clean,noise_augmented,feh,2032,1.5,0.32,0.6799999999999999,180,0.2306790833573395,91,0.7032967032967034,0.4613581667146792,0.4613581667146791,0.1538461538461538,0.1428571428571428
target_evaluation_shifted,source_holdout_clean,noise_augmented,feh,2032,1.5,0.1,0.9,180,0.4386148096919059,91,0.8681318681318682,0.8772296193838117,0.8772296193838118,0.0769230769230769,0.0549450549450549
target_evaluation_shifted,source_holdout_clean,noise_augmented,feh,2032,1.5,0.05,0.95,180,0.560674424951275,91,0.934065934065934,1.1213488499025497,1.12134884990255,0.0439560439560439,0.0219780219780219
target_evaluation_shifted,source_holdout_clean,source_only,teff,2032,2.0,0.32,0.6799999999999999,180,139.35836954752813,91,0.5934065934065934,278.71673909505625,278.71673909505625,0.1978021978021978,0.2087912087912088
target_evaluation_shifted,source_holdout_clean,source_only,teff,2032,2.0,0.1,0.9,180,293.00004557291504,91,0.8241758241758241,586.0000911458302,586.0000911458301,0.1098901098901098,0.0659340659340659
target_evaluation_shifted,source_holdout_clean,source_only,teff,2032,2.0,0.05,0.95,180,398.11501424153903,91,0.912087912087912,796.2300284830783,796.2300284830781,0.0549450549450549,0.0329670329670329
target_evaluation_shifted,source_holdout_clean,source_only,logg,2032,2.0,0.32,0.6799999999999999,180,0.2393697410821893,91,0.6593406593406593,0.4787394821643786,0.4787394821643786,0.1538461538461538,0.1868131868131868
target_evaluation_shifted,source_holdout_clean,source_only,logg,2032,2.0,0.1,0.9,180,0.6909636572003381,91,0.945054945054945,1.3819273144006765,1.3819273144006767,0.0329670329670329,0.0219780219780219
target_evaluation_shifted,source_holdout_clean,source_only,logg,2032,2.0,0.05,0.95,180,0.7959183901548386,91,0.945054945054945,1.5918367803096771,1.5918367803096771,0.0329670329670329,0.0219780219780219
target_evaluation_shifted,source_holdout_clean,source_only,feh,2032,2.0,0.32,0.6799999999999999,180,0.2232781324222622,91,0.6263736263736264,0.4465562648445243,0.4465562648445244,0.1648351648351648,0.2087912087912088
target_evaluation_shifted,source_holdout_clean,source_only,feh,2032,2.0,0.1,0.9,180,0.4521088827618709,91,0.8901098901098901,0.9042177655237414,0.9042177655237418,0.0769230769230769,0.0329670329670329
target_evaluation_shifted,source_holdout_clean,source_only,feh,2032,2.0,0.05,0.95,180,0.5718153978836606,91,0.934065934065934,1.1436307957673215,1.1436307957673213,0.0329670329670329,0.0329670329670329
target_evaluation_shifted,source_holdout_clean,noise_augmented,teff,2032,2.0,0.32,0.6799999999999999,180,141.64256255086366,91,0.6153846153846154,283.2851251017273,283.2851251017273,0.1978021978021978,0.1868131868131868
target_evaluation_shifted,source_holdout_clean,noise_augmented,teff,2032,2.0,0.1,0.9,180,313.24044893391783,91,0.9010989010989012,626.4808978678356,626.4808978678357,0.0549450549450549,0.0439560439560439
target_evaluation_shifted,source_holdout_clean,noise_augmented,teff,2032,2.0,0.05,0.95,180,384.0125500691738,91,0.912087912087912,768.0251001383475,768.0251001383476,0.0549450549450549,0.0329670329670329
target_evaluation_shifted,source_holdout_clean,noise_augmented,logg,2032,2.0,0.32,0.6799999999999999,180,0.2523691074848191,91,0.6593406593406593,0.5047382149696381,0.5047382149696382,0.1428571428571428,0.1978021978021978
target_evaluation_shifted,source_holdout_clean,noise_augmented,logg,2032,2.0,0.1,0.9,180,0.6203904552658432,91,0.945054945054945,1.2407809105316865,1.2407809105316865,0.0329670329670329,0.0219780219780219
target_evaluation_shifted,source_holdout_clean,noise_augmented,logg,2032,2.0,0.05,0.95,180,0.8079488211572174,91,0.945054945054945,1.6158976423144342,1.615897642314435,0.0329670329670329,0.0219780219780219
target_evaluation_shifted,source_holdout_clean,noise_augmented,feh,2032,2.0,0.32,0.6799999999999999,180,0.2306790833573395,91,0.6813186813186813,0.4613581667146792,0.4613581667146791,0.1648351648351648,0.1538461538461538
target_evaluation_shifted,source_holdout_clean,noise_augmented,feh,2032,2.0,0.1,0.9,180,0.4386148096919059,91,0.8681318681318682,0.8772296193838117,0.8772296193838118,0.0769230769230769,0.0549450549450549
target_evaluation_shifted,source_holdout_clean,noise_augmented,feh,2032,2.0,0.05,0.95,180,0.560674424951275,91,0.912087912087912,1.1213488499025497,1.12134884990255,0.0549450549450549,0.0329670329670329
target_evaluation_shifted,source_holdout_clean,source_only,teff,2032,2.5,0.32,0.6799999999999999,180,139.35836954752813,91,0.5164835164835165,278.71673909505625,278.71673909505625,0.2417582417582417,0.2417582417582417
target_evaluation_shifted,source_holdout_clean,source_only,teff,2032,2.5,0.1,0.9,180,293.00004557291504,91,0.8241758241758241,586.0000911458302,586.0000911458301,0.1098901098901098,0.0659340659340659
target_evaluation_shifted,source_holdout_clean,source_only,teff,2032,2.5,0.05,0.95,180,398.11501424153903,91,0.8461538461538461,796.2300284830783,796.2300284830781,0.0989010989010989,0.0549450549450549
target_evaluation_shifted,source_holdout_clean,source_only,logg,2032,2.5,0.32,0.6799999999999999,180,0.2393697410821893,91,0.6263736263736264,0.4787394821643786,0.4787394821643786,0.1538461538461538,0.2197802197802197
target_evaluation_shifted,source_holdout_clean,source_only,logg,2032,2.5,0.1,0.9,180,0.6909636572003381,91,0.945054945054945,1.381927314400676,1.3819273144006765,0.0329670329670329,0.0219780219780219
target_evaluation_shifted,source_holdout_clean,source_only,logg,2032,2.5,0.05,0.95,180,0.7959183901548386,91,0.945054945054945,1.5918367803096771,1.5918367803096771,0.0329670329670329,0.0219780219780219
target_evaluation_shifted,source_holdout_clean,source_only,feh,2032,2.5,0.32,0.6799999999999999,180,0.2232781324222622,91,0.5824175824175825,0.4465562648445242,0.4465562648445244,0.1538461538461538,0.2637362637362637
target_evaluation_shifted,source_holdout_clean,source_only,feh,2032,2.5,0.1,0.9,180,0.4521088827618709,91,0.8901098901098901,0.9042177655237414,0.9042177655237418,0.0659340659340659,0.0439560439560439
target_evaluation_shifted,source_holdout_clean,source_only,feh,2032,2.5,0.05,0.95,180,0.5718153978836606,91,0.934065934065934,1.1436307957673215,1.1436307957673213,0.0329670329670329,0.0329670329670329
target_evaluation_shifted,source_holdout_clean,noise_augmented,teff,2032,2.5,0.32,0.6799999999999999,180,141.64256255086366,91,0.5824175824175825,283.2851251017273,283.2851251017273,0.2087912087912088,0.2087912087912088
target_evaluation_shifted,source_holdout_clean,noise_augmented,teff,2032,2.5,0.1,0.9,180,313.24044893391783,91,0.8351648351648352,626.4808978678356,626.4808978678357,0.0989010989010989,0.0659340659340659
target_evaluation_shifted,source_holdout_clean,noise_augmented,teff,2032,2.5,0.05,0.95,180,384.0125500691738,91,0.8791208791208791,768.0251001383475,768.0251001383476,0.0769230769230769,0.0439560439560439
target_evaluation_shifted,source_holdout_clean,noise_augmented,logg,2032,2.5,0.32,0.6799999999999999,180,0.2523691074848191,91,0.6593406593406593,0.5047382149696381,0.5047382149696382,0.1318681318681318,0.2087912087912088
target_evaluation_shifted,source_holdout_clean,noise_augmented,logg,2032,2.5,0.1,0.9,180,0.6203904552658432,91,0.945054945054945,1.2407809105316865,1.2407809105316865,0.0329670329670329,0.0219780219780219
target_evaluation_shifted,source_holdout_clean,noise_augmented,logg,2032,2.5,0.05,0.95,180,0.8079488211572174,91,0.945054945054945,1.6158976423144342,1.615897642314435,0.0329670329670329,0.0219780219780219
target_evaluation_shifted,source_holdout_clean,noise_augmented,feh,2032,2.5,0.32,0.6799999999999999,180,0.2306790833573395,91,0.6813186813186813,0.4613581667146792,0.4613581667146791,0.1318681318681318,0.1868131868131868
target_evaluation_shifted,source_holdout_clean,noise_augmented,feh,2032,2.5,0.1,0.9,180,0.4386148096919059,91,0.8571428571428571,0.8772296193838117,0.8772296193838118,0.0769230769230769,0.0659340659340659
target_evaluation_shifted,source_holdout_clean,noise_augmented,feh,2032,2.5,0.05,0.95,180,0.560674424951275,91,0.912087912087912,1.1213488499025497,1.12134884990255,0.0549450549450549,0.0329670329670329
target_evaluation_shifted,source_holdout_clean,source_only,teff,2032,3.0,0.32,0.6799999999999999,180,139.35836954752813,91,0.4725274725274725,278.71673909505625,278.71673909505625,0.2527472527472527,0.2747252747252747
target_evaluation_shifted,source_holdout_clean,source_only,teff,2032,3.0,0.1,0.9,180,293.00004557291504,91,0.7912087912087912,586.0000911458302,586.0000911458301,0.1318681318681318,0.0769230769230769
target_evaluation_shifted,source_holdout_clean,source_only,teff,2032,3.0,0.05,0.95,180,398.11501424153903,91,0.8461538461538461,796.230028483078,796.2300284830781,0.0879120879120879,0.0659340659340659
target_evaluation_shifted,source_holdout_clean,source_only,logg,2032,3.0,0.32,0.6799999999999999,180,0.2393697410821893,91,0.6373626373626373,0.4787394821643786,0.4787394821643786,0.1318681318681318,0.2307692307692307
target_evaluation_shifted,source_holdout_clean,source_only,logg,2032,3.0,0.1,0.9,180,0.6909636572003381,91,0.934065934065934,1.381927314400676,1.3819273144006758,0.0329670329670329,0.0329670329670329
target_evaluation_shifted,source_holdout_clean,source_only,logg,2032,3.0,0.05,0.95,180,0.7959183901548386,91,0.945054945054945,1.5918367803096771,1.5918367803096771,0.0329670329670329,0.0219780219780219
target_evaluation_shifted,source_holdout_clean,source_only,feh,2032,3.0,0.32,0.6799999999999999,180,0.2232781324222622,91,0.5384615384615384,0.4465562648445242,0.4465562648445244,0.1538461538461538,0.3076923076923077
target_evaluation_shifted,source_holdout_clean,source_only,feh,2032,3.0,0.1,0.9,180,0.4521088827618709,91,0.8571428571428571,0.9042177655237414,0.9042177655237418,0.0659340659340659,0.0769230769230769
target_evaluation_shifted,source_holdout_clean,source_only,feh,2032,3.0,0.05,0.95,180,0.5718153978836606,91,0.9230769230769232,1.1436307957673215,1.1436307957673213,0.0439560439560439,0.0329670329670329
target_evaluation_shifted,source_holdout_clean,noise_augmented,teff,2032,3.0,0.32,0.6799999999999999,180,141.64256255086366,91,0.5494505494505495,283.2851251017273,283.2851251017273,0.2197802197802197,0.2307692307692307
target_evaluation_shifted,source_holdout_clean,noise_augmented,teff,2032,3.0,0.1,0.9,180,313.24044893391783,91,0.8131868131868132,626.4808978678356,626.4808978678357,0.1098901098901098,0.0769230769230769
target_evaluation_shifted,source_holdout_clean,noise_augmented,teff,2032,3.0,0.05,0.95,180,384.0125500691738,91,0.8681318681318682,768.0251001383475,768.0251001383476,0.0769230769230769,0.0549450549450549
target_evaluation_shifted,source_holdout_clean,noise_augmented,logg,2032,3.0,0.32,0.6799999999999999,180,0.2523691074848191,91,0.6813186813186813,0.5047382149696381,0.5047382149696382,0.1208791208791208,0.1978021978021978
target_evaluation_shifted,source_holdout_clean,noise_augmented,logg,2032,3.0,0.1,0.9,180,0.6203904552658432,91,0.945054945054945,1.2407809105316865,1.2407809105316865,0.0329670329670329,0.0219780219780219
target_evaluation_shifted,source_holdout_clean,noise_augmented,logg,2032,3.0,0.05,0.95,180,0.8079488211572174,91,0.945054945054945,1.6158976423144342,1.615897642314435,0.0329670329670329,0.0219780219780219
target_evaluation_shifted,source_holdout_clean,noise_augmented,feh,2032,3.0,0.32,0.6799999999999999,180,0.2306790833573395,91,0.5934065934065934,0.4613581667146792,0.4613581667146791,0.1428571428571428,0.2637362637362637
target_evaluation_shifted,source_holdout_clean,noise_augmented,feh,2032,3.0,0.1,0.9,180,0.4386148096919059,91,0.8571428571428571,0.8772296193838117,0.8772296193838118,0.0769230769230769,0.0659340659340659
target_evaluation_shifted,source_holdout_clean,noise_augmented,feh,2032,3.0,0.05,0.95,180,0.560674424951275,91,0.9010989010989012,1.1213488499025497,1.12134884990255,0.0549450549450549,0.0439560439560439
target_evaluation_shifted,source_holdout_clean,source_only,teff,2033,1.25,0.32,0.6799999999999999,180,139.35836954752813,91,0.6703296703296703,278.71673909505625,278.71673909505625,0.1758241758241758,0.1538461538461538
target_evaluation_shifted,source_holdout_clean,source_only,teff,2033,1.25,0.1,0.9,180,293.00004557291504,91,0.912087912087912,586.0000911458302,586.0000911458301,0.0439560439560439,0.0439560439560439
target_evaluation_shifted,source_holdout_clean,source_only,teff,2033,1.25,0.05,0.95,180,398.11501424153903,91,0.945054945054945,796.2300284830783,796.2300284830781,0.0439560439560439,0.0109890109890109
target_evaluation_shifted,source_holdout_clean,source_only,logg,2033,1.25,0.32,0.6799999999999999,180,0.2393697410821893,91,0.6373626373626373,0.4787394821643786,0.4787394821643786,0.1538461538461538,0.2087912087912088
target_evaluation_shifted,source_holdout_clean,source_only,logg,2033,1.25,0.1,0.9,180,0.6909636572003381,91,0.945054945054945,1.381927314400676,1.3819273144006758,0.0329670329670329,0.0219780219780219
target_evaluation_shifted,source_holdout_clean,source_only,logg,2033,1.25,0.05,0.95,180,0.7959183901548386,91,0.967032967032967,1.5918367803096771,1.5918367803096771,0.0329670329670329,0.0
target_evaluation_shifted,source_holdout_clean,source_only,feh,2033,1.25,0.32,0.6799999999999999,180,0.2232781324222622,91,0.6593406593406593,0.4465562648445242,0.4465562648445244,0.1758241758241758,0.1648351648351648
target_evaluation_shifted,source_holdout_clean,source_only,feh,2033,1.25,0.1,0.9,180,0.4521088827618709,91,0.9010989010989012,0.9042177655237414,0.9042177655237418,0.0769230769230769,0.0219780219780219
target_evaluation_shifted,source_holdout_clean,source_only,feh,2033,1.25,0.05,0.95,180,0.5718153978836606,91,0.967032967032967,1.1436307957673215,1.1436307957673213,0.0329670329670329,0.0
target_evaluation_shifted,source_holdout_clean,noise_augmented,teff,2033,1.25,0.32,0.6799999999999999,180,141.64256255086366,91,0.6923076923076923,283.2851251017273,283.2851251017273,0.1758241758241758,0.1318681318681318
target_evaluation_shifted,source_holdout_clean,noise_augmented,teff,2033,1.25,0.1,0.9,180,313.24044893391783,91,0.934065934065934,626.4808978678356,626.4808978678357,0.0439560439560439,0.0219780219780219
target_evaluation_shifted,source_holdout_clean,noise_augmented,teff,2033,1.25,0.05,0.95,180,384.0125500691738,91,0.945054945054945,768.0251001383475,768.0251001383476,0.0439560439560439,0.0109890109890109
target_evaluation_shifted,source_holdout_clean,noise_augmented,logg,2033,1.25,0.32,0.6799999999999999,180,0.2523691074848191,91,0.6923076923076923,0.5047382149696381,0.5047382149696382,0.1538461538461538,0.1538461538461538
target_evaluation_shifted,source_holdout_clean,noise_augmented,logg,2033,1.25,0.1,0.9,180,0.6203904552658432,91,0.934065934065934,1.2407809105316865,1.2407809105316865,0.0329670329670329,0.0329670329670329
target_evaluation_shifted,source_holdout_clean,noise_augmented,logg,2033,1.25,0.05,0.95,180,0.8079488211572174,91,0.967032967032967,1.6158976423144342,1.615897642314435,0.0329670329670329,0.0
target_evaluation_shifted,source_holdout_clean,noise_augmented,feh,2033,1.25,0.32,0.6799999999999999,180,0.2306790833573395,91,0.6703296703296703,0.4613581667146792,0.4613581667146791,0.1758241758241758,0.1538461538461538
target_evaluation_shifted,source_holdout_clean,noise_augmented,feh,2033,1.25,0.1,0.9,180,0.4386148096919059,91,0.8791208791208791,0.8772296193838117,0.8772296193838118,0.0879120879120879,0.0329670329670329
target_evaluation_shifted,source_holdout_clean,noise_augmented,feh,2033,1.25,0.05,0.95,180,0.560674424951275,91,0.967032967032967,1.1213488499025497,1.12134884990255,0.0329670329670329,0.0
target_evaluation_shifted,source_holdout_clean,source_only,teff,2033,1.5,0.32,0.6799999999999999,180,139.35836954752813,91,0.6373626373626373,278.71673909505625,278.71673909505625,0.1868131868131868,0.1758241758241758
target_evaluation_shifted,source_holdout_clean,source_only,teff,2033,1.5,0.1,0.9,180,293.00004557291504,91,0.8901098901098901,586.0000911458302,586.0000911458301,0.0549450549450549,0.0549450549450549
target_evaluation_shifted,source_holdout_clean,source_only,teff,2033,1.5,0.05,0.95,180,398.11501424153903,91,0.9230769230769232,796.2300284830783,796.2300284830781,0.0439560439560439,0.0329670329670329
target_evaluation_shifted,source_holdout_clean,source_only,logg,2033,1.5,0.32,0.6799999999999999,180,0.2393697410821893,91,0.6373626373626373,0.4787394821643786,0.4787394821643786,0.1428571428571428,0.2197802197802197
target_evaluation_shifted,source_holdout_clean,source_only,logg,2033,1.5,0.1,0.9,180,0.6909636572003381,91,0.945054945054945,1.3819273144006765,1.3819273144006767,0.0329670329670329,0.0219780219780219
target_evaluation_shifted,source_holdout_clean,source_only,logg,2033,1.5,0.05,0.95,180,0.7959183901548386,91,0.978021978021978,1.5918367803096771,1.5918367803096771,0.0219780219780219,0.0
target_evaluation_shifted,source_holdout_clean,source_only,feh,2033,1.5,0.32,0.6799999999999999,180,0.2232781324222622,91,0.6373626373626373,0.4465562648445242,0.4465562648445244,0.1758241758241758,0.1868131868131868
target_evaluation_shifted,source_holdout_clean,source_only,feh,2033,1.5,0.1,0.9,180,0.4521088827618709,91,0.8791208791208791,0.9042177655237414,0.9042177655237418,0.0769230769230769,0.0439560439560439
target_evaluation_shifted,source_holdout_clean,source_only,feh,2033,1.5,0.05,0.95,180,0.5718153978836606,91,0.956043956043956,1.1436307957673215,1.1436307957673213,0.0439560439560439,0.0
target_evaluation_shifted,source_holdout_clean,noise_augmented,teff,2033,1.5,0.32,0.6799999999999999,180,141.64256255086366,91,0.7032967032967034,283.2851251017273,283.2851251017273,0.1648351648351648,0.1318681318681318
target_evaluation_shifted,source_holdout_clean,noise_augmented,teff,2033,1.5,0.1,0.9,180,313.24044893391783,91,0.9230769230769232,626.4808978678356,626.4808978678357,0.0439560439560439,0.0329670329670329
target_evaluation_shifted,source_holdout_clean,noise_augmented,teff,2033,1.5,0.05,0.95,180,384.0125500691738,91,0.9230769230769232,768.0251001383475,768.0251001383476,0.0439560439560439,0.0329670329670329
target_evaluation_shifted,source_holdout_clean,noise_augmented,logg,2033,1.5,0.32,0.6799999999999999,180,0.2523691074848191,91,0.6373626373626373,0.5047382149696381,0.5047382149696382,0.1538461538461538,0.2087912087912088
target_evaluation_shifted,source_holdout_clean,noise_augmented,logg,2033,1.5,0.1,0.9,180,0.6203904552658432,91,0.934065934065934,1.2407809105316865,1.2407809105316865,0.0329670329670329,0.0329670329670329
target_evaluation_shifted,source_holdout_clean,noise_augmented,logg,2033,1.5,0.05,0.95,180,0.8079488211572174,91,0.956043956043956,1.6158976423144342,1.615897642314435,0.0329670329670329,0.0109890109890109
target_evaluation_shifted,source_holdout_clean,noise_augmented,feh,2033,1.5,0.32,0.6799999999999999,180,0.2306790833573395,91,0.6703296703296703,0.4613581667146792,0.4613581667146791,0.1648351648351648,0.1648351648351648
target_evaluation_shifted,source_holdout_clean,noise_augmented,feh,2033,1.5,0.1,0.9,180,0.4386148096919059,91,0.8791208791208791,0.8772296193838117,0.8772296193838118,0.0879120879120879,0.0329670329670329
target_evaluation_shifted,source_holdout_clean,noise_augmented,feh,2033,1.5,0.05,0.95,180,0.560674424951275,91,0.967032967032967,1.1213488499025497,1.12134884990255,0.0329670329670329,0.0
target_evaluation_shifted,source_holdout_clean,source_only,teff,2033,2.0,0.32,0.6799999999999999,180,139.35836954752813,91,0.5714285714285714,278.71673909505625,278.71673909505625,0.1978021978021978,0.2307692307692307
target_evaluation_shifted,source_holdout_clean,source_only,teff,2033,2.0,0.1,0.9,180,293.00004557291504,91,0.8791208791208791,586.0000911458302,586.0000911458301,0.0659340659340659,0.0549450549450549
target_evaluation_shifted,source_holdout_clean,source_only,teff,2033,2.0,0.05,0.95,180,398.11501424153903,91,0.912087912087912,796.230028483078,796.2300284830781,0.0439560439560439,0.0439560439560439
target_evaluation_shifted,source_holdout_clean,source_only,logg,2033,2.0,0.32,0.6799999999999999,180,0.2393697410821893,91,0.6373626373626373,0.4787394821643786,0.4787394821643786,0.1318681318681318,0.2307692307692307
target_evaluation_shifted,source_holdout_clean,source_only,logg,2033,2.0,0.1,0.9,180,0.6909636572003381,91,0.934065934065934,1.381927314400676,1.3819273144006767,0.0329670329670329,0.0329670329670329
target_evaluation_shifted,source_holdout_clean,source_only,logg,2033,2.0,0.05,0.95,180,0.7959183901548386,91,0.967032967032967,1.5918367803096771,1.5918367803096771,0.0219780219780219,0.0109890109890109
target_evaluation_shifted,source_holdout_clean,source_only,feh,2033,2.0,0.32,0.6799999999999999,180,0.2232781324222622,91,0.6043956043956044,0.4465562648445242,0.4465562648445244,0.1868131868131868,0.2087912087912088
target_evaluation_shifted,source_holdout_clean,source_only,feh,2033,2.0,0.1,0.9,180,0.4521088827618709,91,0.8901098901098901,0.9042177655237414,0.9042177655237418,0.0549450549450549,0.0549450549450549
target_evaluation_shifted,source_holdout_clean,source_only,feh,2033,2.0,0.05,0.95,180,0.5718153978836606,91,0.956043956043956,1.1436307957673215,1.1436307957673213,0.0439560439560439,0.0
target_evaluation_shifted,source_holdout_clean,noise_augmented,teff,2033,2.0,0.32,0.6799999999999999,180,141.64256255086366,91,0.6263736263736264,283.2851251017273,283.2851251017273,0.1978021978021978,0.1758241758241758
target_evaluation_shifted,source_holdout_clean,noise_augmented,teff,2033,2.0,0.1,0.9,180,313.24044893391783,91,0.8901098901098901,626.4808978678356,626.4808978678357,0.0659340659340659,0.0439560439560439
target_evaluation_shifted,source_holdout_clean,noise_augmented,teff,2033,2.0,0.05,0.95,180,384.0125500691738,91,0.9010989010989012,768.0251001383475,768.0251001383476,0.0549450549450549,0.0439560439560439
target_evaluation_shifted,source_holdout_clean,noise_augmented,logg,2033,2.0,0.32,0.6799999999999999,180,0.2523691074848191,91,0.6373626373626373,0.5047382149696381,0.5047382149696382,0.1538461538461538,0.2087912087912088
target_evaluation_shifted,source_holdout_clean,noise_augmented,logg,2033,2.0,0.1,0.9,180,0.6203904552658432,91,0.9230769230769232,1.2407809105316865,1.2407809105316865,0.0329670329670329,0.0439560439560439
target_evaluation_shifted,source_holdout_clean,noise_augmented,logg,2033,2.0,0.05,0.95,180,0.8079488211572174,91,0.956043956043956,1.6158976423144342,1.615897642314435,0.0329670329670329,0.0109890109890109
target_evaluation_shifted,source_holdout_clean,noise_augmented,feh,2033,2.0,0.32,0.6799999999999999,180,0.2306790833573395,91,0.6483516483516484,0.4613581667146792,0.4613581667146791,0.1648351648351648,0.1868131868131868
target_evaluation_shifted,source_holdout_clean,noise_augmented,feh,2033,2.0,0.1,0.9,180,0.4386148096919059,91,0.8901098901098901,0.8772296193838117,0.8772296193838118,0.0769230769230769,0.0329670329670329
target_evaluation_shifted,source_holdout_clean,noise_augmented,feh,2033,2.0,0.05,0.95,180,0.560674424951275,91,0.956043956043956,1.1213488499025497,1.12134884990255,0.0439560439560439,0.0
target_evaluation_shifted,source_holdout_clean,source_only,teff,2033,2.5,0.32,0.6799999999999999,180,139.35836954752813,91,0.4835164835164835,278.71673909505625,278.71673909505625,0.2637362637362637,0.2527472527472527
target_evaluation_shifted,source_holdout_clean,source_only,teff,2033,2.5,0.1,0.9,180,293.00004557291504,91,0.8571428571428571,586.0000911458302,586.0000911458301,0.0879120879120879,0.0549450549450549
target_evaluation_shifted,source_holdout_clean,source_only,teff,2033,2.5,0.05,0.95,180,398.11501424153903,91,0.8901098901098901,796.2300284830783,796.2300284830781,0.0549450549450549,0.0549450549450549
target_evaluation_shifted,source_holdout_clean,source_only,logg,2033,2.5,0.32,0.6799999999999999,180,0.2393697410821893,91,0.6373626373626373,0.4787394821643786,0.4787394821643786,0.1318681318681318,0.2307692307692307
target_evaluation_shifted,source_holdout_clean,source_only,logg,2033,2.5,0.1,0.9,180,0.6909636572003381,91,0.945054945054945,1.381927314400676,1.3819273144006767,0.0219780219780219,0.0329670329670329
target_evaluation_shifted,source_holdout_clean,source_only,logg,2033,2.5,0.05,0.95,180,0.7959183901548386,91,0.956043956043956,1.5918367803096771,1.5918367803096771,0.0219780219780219,0.0219780219780219
target_evaluation_shifted,source_holdout_clean,source_only,feh,2033,2.5,0.32,0.6799999999999999,180,0.2232781324222622,91,0.5824175824175825,0.4465562648445242,0.4465562648445244,0.1648351648351648,0.2527472527472527
target_evaluation_shifted,source_holdout_clean,source_only,feh,2033,2.5,0.1,0.9,180,0.4521088827618709,91,0.8901098901098901,0.9042177655237414,0.9042177655237418,0.0439560439560439,0.0659340659340659
target_evaluation_shifted,source_holdout_clean,source_only,feh,2033,2.5,0.05,0.95,180,0.5718153978836606,91,0.945054945054945,1.1436307957673215,1.1436307957673213,0.0439560439560439,0.0109890109890109
target_evaluation_shifted,source_holdout_clean,noise_augmented,teff,2033,2.5,0.32,0.6799999999999999,180,141.64256255086366,91,0.5494505494505495,283.2851251017273,283.2851251017273,0.2197802197802197,0.2307692307692307
target_evaluation_shifted,source_holdout_clean,noise_augmented,teff,2033,2.5,0.1,0.9,180,313.24044893391783,91,0.8571428571428571,626.4808978678356,626.4808978678357,0.0879120879120879,0.0549450549450549
target_evaluation_shifted,source_holdout_clean,noise_augmented,teff,2033,2.5,0.05,0.95,180,384.0125500691738,91,0.9010989010989012,768.0251001383475,768.0251001383476,0.0549450549450549,0.0439560439560439
target_evaluation_shifted,source_holdout_clean,noise_augmented,logg,2033,2.5,0.32,0.6799999999999999,180,0.2523691074848191,91,0.6483516483516484,0.5047382149696381,0.5047382149696382,0.1318681318681318,0.2197802197802197
target_evaluation_shifted,source_holdout_clean,noise_augmented,logg,2033,2.5,0.1,0.9,180,0.6203904552658432,91,0.912087912087912,1.2407809105316865,1.2407809105316865,0.0329670329670329,0.0549450549450549
target_evaluation_shifted,source_holdout_clean,noise_augmented,logg,2033,2.5,0.05,0.95,180,0.8079488211572174,91,0.967032967032967,1.6158976423144342,1.615897642314435,0.0219780219780219,0.0109890109890109
target_evaluation_shifted,source_holdout_clean,noise_augmented,feh,2033,2.5,0.32,0.6799999999999999,180,0.2306790833573395,91,0.6483516483516484,0.4613581667146792,0.4613581667146791,0.1538461538461538,0.1978021978021978
target_evaluation_shifted,source_holdout_clean,noise_augmented,feh,2033,2.5,0.1,0.9,180,0.4386148096919059,91,0.912087912087912,0.8772296193838117,0.8772296193838118,0.0549450549450549,0.0329670329670329
target_evaluation_shifted,source_holdout_clean,noise_augmented,feh,2033,2.5,0.05,0.95,180,0.560674424951275,91,0.956043956043956,1.1213488499025497,1.12134884990255,0.0439560439560439,0.0
target_evaluation_shifted,source_holdout_clean,source_only,teff,2033,3.0,0.32,0.6799999999999999,180,139.35836954752813,91,0.4175824175824176,278.71673909505625,278.71673909505625,0.2967032967032967,0.2857142857142857
target_evaluation_shifted,source_holdout_clean,source_only,teff,2033,3.0,0.1,0.9,180,293.00004557291504,91,0.7582417582417582,586.0000911458302,586.0000911458301,0.1428571428571428,0.0989010989010989
target_evaluation_shifted,source_holdout_clean,source_only,teff,2033,3.0,0.05,0.95,180,398.11501424153903,91,0.8571428571428571,796.2300284830783,796.2300284830781,0.0879120879120879,0.0549450549450549
target_evaluation_shifted,source_holdout_clean,source_only,logg,2033,3.0,0.32,0.6799999999999999,180,0.2393697410821893,91,0.6263736263736264,0.4787394821643786,0.4787394821643786,0.1318681318681318,0.2417582417582417
target_evaluation_shifted,source_holdout_clean,source_only,logg,2033,3.0,0.1,0.9,180,0.6909636572003381,91,0.934065934065934,1.381927314400676,1.3819273144006767,0.0329670329670329,0.0329670329670329
target_evaluation_shifted,source_holdout_clean,source_only,logg,2033,3.0,0.05,0.95,180,0.7959183901548386,91,0.967032967032967,1.5918367803096771,1.5918367803096771,0.0219780219780219,0.0109890109890109
target_evaluation_shifted,source_holdout_clean,source_only,feh,2033,3.0,0.32,0.6799999999999999,180,0.2232781324222622,91,0.5824175824175825,0.4465562648445242,0.4465562648445244,0.1428571428571428,0.2747252747252747
target_evaluation_shifted,source_holdout_clean,source_only,feh,2033,3.0,0.1,0.9,180,0.4521088827618709,91,0.8791208791208791,0.9042177655237414,0.9042177655237418,0.0439560439560439,0.0769230769230769
target_evaluation_shifted,source_holdout_clean,source_only,feh,2033,3.0,0.05,0.95,180,0.5718153978836606,91,0.945054945054945,1.1436307957673215,1.1436307957673213,0.0439560439560439,0.0109890109890109
target_evaluation_shifted,source_holdout_clean,noise_augmented,teff,2033,3.0,0.32,0.6799999999999999,180,141.64256255086366,91,0.4725274725274725,283.2851251017273,283.2851251017273,0.2527472527472527,0.2747252747252747
target_evaluation_shifted,source_holdout_clean,noise_augmented,teff,2033,3.0,0.1,0.9,180,313.24044893391783,91,0.8241758241758241,626.4808978678356,626.4808978678357,0.1098901098901098,0.0659340659340659
target_evaluation_shifted,source_holdout_clean,noise_augmented,teff,2033,3.0,0.05,0.95,180,384.0125500691738,91,0.8791208791208791,768.0251001383475,768.0251001383476,0.0769230769230769,0.0439560439560439
target_evaluation_shifted,source_holdout_clean,noise_augmented,logg,2033,3.0,0.32,0.6799999999999999,180,0.2523691074848191,91,0.6483516483516484,0.5047382149696381,0.5047382149696382,0.1208791208791208,0.2307692307692307
target_evaluation_shifted,source_holdout_clean,noise_augmented,logg,2033,3.0,0.1,0.9,180,0.6203904552658432,91,0.912087912087912,1.2407809105316865,1.2407809105316865,0.0329670329670329,0.0549450549450549
target_evaluation_shifted,source_holdout_clean,noise_augmented,logg,2033,3.0,0.05,0.95,180,0.8079488211572174,91,0.967032967032967,1.6158976423144342,1.615897642314435,0.0219780219780219,0.0109890109890109
target_evaluation_shifted,source_holdout_clean,noise_augmented,feh,2033,3.0,0.32,0.6799999999999999,180,0.2306790833573395,91,0.6373626373626373,0.4613581667146792,0.4613581667146791,0.1318681318681318,0.2307692307692307
target_evaluation_shifted,source_holdout_clean,noise_augmented,feh,2033,3.0,0.1,0.9,180,0.4386148096919059,91,0.8901098901098901,0.8772296193838117,0.8772296193838118,0.0549450549450549,0.0549450549450549
target_evaluation_shifted,source_holdout_clean,noise_augmented,feh,2033,3.0,0.05,0.95,180,0.560674424951275,91,0.945054945054945,1.1213488499025497,1.12134884990255,0.0439560439560439,0.0109890109890109
target_evaluation_shifted,source_holdout_clean,source_only,teff,2034,1.25,0.32,0.6799999999999999,180,139.35836954752813,91,0.6593406593406593,278.71673909505625,278.71673909505625,0.1648351648351648,0.1758241758241758
target_evaluation_shifted,source_holdout_clean,source_only,teff,2034,1.25,0.1,0.9,180,293.00004557291504,91,0.9230769230769232,586.0000911458302,586.0000911458301,0.0439560439560439,0.0329670329670329
target_evaluation_shifted,source_holdout_clean,source_only,teff,2034,1.25,0.05,0.95,180,398.11501424153903,91,0.945054945054945,796.230028483078,796.2300284830781,0.0439560439560439,0.0109890109890109
target_evaluation_shifted,source_holdout_clean,source_only,logg,2034,1.25,0.32,0.6799999999999999,180,0.2393697410821893,91,0.6923076923076923,0.4787394821643786,0.4787394821643786,0.1428571428571428,0.1648351648351648
target_evaluation_shifted,source_holdout_clean,source_only,logg,2034,1.25,0.1,0.9,180,0.6909636572003381,91,0.945054945054945,1.381927314400676,1.3819273144006765,0.0329670329670329,0.0219780219780219
target_evaluation_shifted,source_holdout_clean,source_only,logg,2034,1.25,0.05,0.95,180,0.7959183901548386,91,0.956043956043956,1.5918367803096771,1.5918367803096771,0.0329670329670329,0.0109890109890109
target_evaluation_shifted,source_holdout_clean,source_only,feh,2034,1.25,0.32,0.6799999999999999,180,0.2232781324222622,91,0.6483516483516484,0.4465562648445242,0.4465562648445244,0.1648351648351648,0.1868131868131868
target_evaluation_shifted,source_holdout_clean,source_only,feh,2034,1.25,0.1,0.9,180,0.4521088827618709,91,0.8901098901098901,0.9042177655237414,0.9042177655237418,0.0879120879120879,0.0219780219780219
target_evaluation_shifted,source_holdout_clean,source_only,feh,2034,1.25,0.05,0.95,180,0.5718153978836606,91,0.956043956043956,1.1436307957673215,1.1436307957673213,0.0329670329670329,0.0109890109890109
target_evaluation_shifted,source_holdout_clean,noise_augmented,teff,2034,1.25,0.32,0.6799999999999999,180,141.64256255086366,91,0.7142857142857143,283.2851251017273,283.2851251017273,0.1428571428571428,0.1428571428571428
target_evaluation_shifted,source_holdout_clean,noise_augmented,teff,2034,1.25,0.1,0.9,180,313.24044893391783,91,0.9230769230769232,626.4808978678356,626.4808978678357,0.0439560439560439,0.0329670329670329
target_evaluation_shifted,source_holdout_clean,noise_augmented,teff,2034,1.25,0.05,0.95,180,384.0125500691738,91,0.945054945054945,768.0251001383475,768.0251001383476,0.0439560439560439,0.0109890109890109
target_evaluation_shifted,source_holdout_clean,noise_augmented,logg,2034,1.25,0.32,0.6799999999999999,180,0.2523691074848191,91,0.7032967032967034,0.5047382149696381,0.5047382149696382,0.1428571428571428,0.1538461538461538
target_evaluation_shifted,source_holdout_clean,noise_augmented,logg,2034,1.25,0.1,0.9,180,0.6203904552658432,91,0.945054945054945,1.2407809105316865,1.2407809105316865,0.0329670329670329,0.0219780219780219
target_evaluation_shifted,source_holdout_clean,noise_augmented,logg,2034,1.25,0.05,0.95,180,0.8079488211572174,91,0.967032967032967,1.6158976423144342,1.615897642314435,0.0329670329670329,0.0
target_evaluation_shifted,source_holdout_clean,noise_augmented,feh,2034,1.25,0.32,0.6799999999999999,180,0.2306790833573395,91,0.6813186813186813,0.4613581667146792,0.4613581667146791,0.1758241758241758,0.1428571428571428
target_evaluation_shifted,source_holdout_clean,noise_augmented,feh,2034,1.25,0.1,0.9,180,0.4386148096919059,91,0.8901098901098901,0.8772296193838117,0.8772296193838118,0.0879120879120879,0.0219780219780219
target_evaluation_shifted,source_holdout_clean,noise_augmented,feh,2034,1.25,0.05,0.95,180,0.560674424951275,91,0.945054945054945,1.1213488499025497,1.12134884990255,0.0439560439560439,0.0109890109890109
target_evaluation_shifted,source_holdout_clean,source_only,teff,2034,1.5,0.32,0.6799999999999999,180,139.35836954752813,91,0.6593406593406593,278.71673909505625,278.71673909505625,0.1758241758241758,0.1648351648351648
target_evaluation_shifted,source_holdout_clean,source_only,teff,2034,1.5,0.1,0.9,180,293.00004557291504,91,0.9230769230769232,586.0000911458302,586.0000911458301,0.0439560439560439,0.0329670329670329
target_evaluation_shifted,source_holdout_clean,source_only,teff,2034,1.5,0.05,0.95,180,398.11501424153903,91,0.934065934065934,796.230028483078,796.2300284830781,0.0439560439560439,0.0219780219780219
target_evaluation_shifted,source_holdout_clean,source_only,logg,2034,1.5,0.32,0.6799999999999999,180,0.2393697410821893,91,0.6923076923076923,0.4787394821643786,0.4787394821643786,0.1428571428571428,0.1648351648351648
target_evaluation_shifted,source_holdout_clean,source_only,logg,2034,1.5,0.1,0.9,180,0.6909636572003381,91,0.945054945054945,1.381927314400676,1.3819273144006765,0.0329670329670329,0.0219780219780219
target_evaluation_shifted,source_holdout_clean,source_only,logg,2034,1.5,0.05,0.95,180,0.7959183901548386,91,0.956043956043956,1.5918367803096771,1.5918367803096771,0.0329670329670329,0.0109890109890109
target_evaluation_shifted,source_holdout_clean,source_only,feh,2034,1.5,0.32,0.6799999999999999,180,0.2232781324222622,91,0.6373626373626373,0.4465562648445242,0.4465562648445244,0.1648351648351648,0.1978021978021978
target_evaluation_shifted,source_holdout_clean,source_only,feh,2034,1.5,0.1,0.9,180,0.4521088827618709,91,0.8901098901098901,0.9042177655237414,0.9042177655237418,0.0769230769230769,0.0329670329670329
target_evaluation_shifted,source_holdout_clean,source_only,feh,2034,1.5,0.05,0.95,180,0.5718153978836606,91,0.956043956043956,1.1436307957673215,1.1436307957673213,0.0329670329670329,0.0109890109890109
target_evaluation_shifted,source_holdout_clean,noise_augmented,teff,2034,1.5,0.32,0.6799999999999999,180,141.64256255086366,91,0.6923076923076923,283.2851251017273,283.2851251017273,0.1318681318681318,0.1758241758241758
target_evaluation_shifted,source_holdout_clean,noise_augmented,teff,2034,1.5,0.1,0.9,180,313.24044893391783,91,0.9230769230769232,626.4808978678356,626.4808978678357,0.0439560439560439,0.0329670329670329
target_evaluation_shifted,source_holdout_clean,noise_augmented,teff,2034,1.5,0.05,0.95,180,384.0125500691738,91,0.934065934065934,768.0251001383475,768.0251001383476,0.0439560439560439,0.0219780219780219
target_evaluation_shifted,source_holdout_clean,noise_augmented,logg,2034,1.5,0.32,0.6799999999999999,180,0.2523691074848191,91,0.7032967032967034,0.5047382149696381,0.5047382149696382,0.1318681318681318,0.1648351648351648
target_evaluation_shifted,source_holdout_clean,noise_augmented,logg,2034,1.5,0.1,0.9,180,0.6203904552658432,91,0.934065934065934,1.2407809105316865,1.2407809105316865,0.0329670329670329,0.0329670329670329
target_evaluation_shifted,source_holdout_clean,noise_augmented,logg,2034,1.5,0.05,0.95,180,0.8079488211572174,91,0.967032967032967,1.6158976423144342,1.615897642314435,0.0329670329670329,0.0
target_evaluation_shifted,source_holdout_clean,noise_augmented,feh,2034,1.5,0.32,0.6799999999999999,180,0.2306790833573395,91,0.6703296703296703,0.4613581667146792,0.4613581667146791,0.1758241758241758,0.1538461538461538
target_evaluation_shifted,source_holdout_clean,noise_augmented,feh,2034,1.5,0.1,0.9,180,0.4386148096919059,91,0.8901098901098901,0.8772296193838117,0.8772296193838118,0.0879120879120879,0.0219780219780219
target_evaluation_shifted,source_holdout_clean,noise_augmented,feh,2034,1.5,0.05,0.95,180,0.560674424951275,91,0.945054945054945,1.1213488499025497,1.12134884990255,0.0439560439560439,0.0109890109890109
target_evaluation_shifted,source_holdout_clean,source_only,teff,2034,2.0,0.32,0.6799999999999999,180,139.35836954752813,91,0.5824175824175825,278.71673909505625,278.71673909505625,0.2087912087912088,0.2087912087912088
target_evaluation_shifted,source_holdout_clean,source_only,teff,2034,2.0,0.1,0.9,180,293.00004557291504,91,0.8791208791208791,586.0000911458302,586.0000911458301,0.0659340659340659,0.0549450549450549
target_evaluation_shifted,source_holdout_clean,source_only,teff,2034,2.0,0.05,0.95,180,398.11501424153903,91,0.945054945054945,796.2300284830783,796.2300284830781,0.0439560439560439,0.0109890109890109
target_evaluation_shifted,source_holdout_clean,source_only,logg,2034,2.0,0.32,0.6799999999999999,180,0.2393697410821893,91,0.6923076923076923,0.4787394821643786,0.4787394821643786,0.1428571428571428,0.1648351648351648
target_evaluation_shifted,source_holdout_clean,source_only,logg,2034,2.0,0.1,0.9,180,0.6909636572003381,91,0.945054945054945,1.381927314400676,1.3819273144006767,0.0329670329670329,0.0219780219780219
target_evaluation_shifted,source_holdout_clean,source_only,logg,2034,2.0,0.05,0.95,180,0.7959183901548386,91,0.967032967032967,1.5918367803096771,1.5918367803096771,0.0219780219780219,0.0109890109890109
target_evaluation_shifted,source_holdout_clean,source_only,feh,2034,2.0,0.32,0.6799999999999999,180,0.2232781324222622,91,0.6703296703296703,0.4465562648445242,0.4465562648445244,0.1318681318681318,0.1978021978021978
target_evaluation_shifted,source_holdout_clean,source_only,feh,2034,2.0,0.1,0.9,180,0.4521088827618709,91,0.8571428571428571,0.9042177655237414,0.9042177655237418,0.0879120879120879,0.0549450549450549
target_evaluation_shifted,source_holdout_clean,source_only,feh,2034,2.0,0.05,0.95,180,0.5718153978836606,91,0.956043956043956,1.1436307957673215,1.1436307957673213,0.0329670329670329,0.0109890109890109
target_evaluation_shifted,source_holdout_clean,noise_augmented,teff,2034,2.0,0.32,0.6799999999999999,180,141.64256255086366,91,0.6593406593406593,283.2851251017273,283.2851251017273,0.1538461538461538,0.1868131868131868
target_evaluation_shifted,source_holdout_clean,noise_augmented,teff,2034,2.0,0.1,0.9,180,313.24044893391783,91,0.8901098901098901,626.4808978678356,626.4808978678357,0.0659340659340659,0.0439560439560439
target_evaluation_shifted,source_holdout_clean,noise_augmented,teff,2034,2.0,0.05,0.95,180,384.0125500691738,91,0.9230769230769232,768.0251001383475,768.0251001383476,0.0439560439560439,0.0329670329670329
target_evaluation_shifted,source_holdout_clean,noise_augmented,logg,2034,2.0,0.32,0.6799999999999999,180,0.2523691074848191,91,0.6813186813186813,0.5047382149696381,0.5047382149696382,0.1428571428571428,0.1758241758241758
target_evaluation_shifted,source_holdout_clean,noise_augmented,logg,2034,2.0,0.1,0.9,180,0.6203904552658432,91,0.934065934065934,1.2407809105316865,1.2407809105316865,0.0329670329670329,0.0329670329670329
target_evaluation_shifted,source_holdout_clean,noise_augmented,logg,2034,2.0,0.05,0.95,180,0.8079488211572174,91,0.956043956043956,1.6158976423144342,1.615897642314435,0.0329670329670329,0.0109890109890109
target_evaluation_shifted,source_holdout_clean,noise_augmented,feh,2034,2.0,0.32,0.6799999999999999,180,0.2306790833573395,91,0.6923076923076923,0.4613581667146792,0.4613581667146791,0.1538461538461538,0.1538461538461538
target_evaluation_shifted,source_holdout_clean,noise_augmented,feh,2034,2.0,0.1,0.9,180,0.4386148096919059,91,0.8681318681318682,0.8772296193838117,0.8772296193838118,0.0879120879120879,0.0439560439560439
target_evaluation_shifted,source_holdout_clean,noise_augmented,feh,2034,2.0,0.05,0.95,180,0.560674424951275,91,0.934065934065934,1.1213488499025497,1.12134884990255,0.0549450549450549,0.0109890109890109
target_evaluation_shifted,source_holdout_clean,source_only,teff,2034,2.5,0.32,0.6799999999999999,180,139.35836954752813,91,0.5164835164835165,278.71673909505625,278.71673909505625,0.2637362637362637,0.2197802197802197
target_evaluation_shifted,source_holdout_clean,source_only,teff,2034,2.5,0.1,0.9,180,293.00004557291504,91,0.8571428571428571,586.0000911458302,586.0000911458301,0.0769230769230769,0.0659340659340659
target_evaluation_shifted,source_holdout_clean,source_only,teff,2034,2.5,0.05,0.95,180,398.11501424153903,91,0.9230769230769232,796.2300284830783,796.2300284830781,0.0549450549450549,0.0219780219780219
target_evaluation_shifted,source_holdout_clean,source_only,logg,2034,2.5,0.32,0.6799999999999999,180,0.2393697410821893,91,0.6923076923076923,0.4787394821643786,0.4787394821643786,0.1318681318681318,0.1758241758241758
target_evaluation_shifted,source_holdout_clean,source_only,logg,2034,2.5,0.1,0.9,180,0.6909636572003381,91,0.945054945054945,1.3819273144006765,1.3819273144006767,0.0329670329670329,0.0219780219780219
target_evaluation_shifted,source_holdout_clean,source_only,logg,2034,2.5,0.05,0.95,180,0.7959183901548386,91,0.967032967032967,1.5918367803096771,1.5918367803096771,0.0219780219780219,0.0109890109890109
target_evaluation_shifted,source_holdout_clean,source_only,feh,2034,2.5,0.32,0.6799999999999999,180,0.2232781324222622,91,0.6153846153846154,0.4465562648445242,0.4465562648445243,0.1318681318681318,0.2527472527472527
target_evaluation_shifted,source_holdout_clean,source_only,feh,2034,2.5,0.1,0.9,180,0.4521088827618709,91,0.8571428571428571,0.9042177655237414,0.9042177655237418,0.0879120879120879,0.0549450549450549
target_evaluation_shifted,source_holdout_clean,source_only,feh,2034,2.5,0.05,0.95,180,0.5718153978836606,91,0.956043956043956,1.1436307957673215,1.1436307957673213,0.0329670329670329,0.0109890109890109
target_evaluation_shifted,source_holdout_clean,noise_augmented,teff,2034,2.5,0.32,0.6799999999999999,180,141.64256255086366,91,0.6373626373626373,283.2851251017273,283.2851251017273,0.1648351648351648,0.1978021978021978
target_evaluation_shifted,source_holdout_clean,noise_augmented,teff,2034,2.5,0.1,0.9,180,313.24044893391783,91,0.8791208791208791,626.4808978678356,626.4808978678357,0.0769230769230769,0.0439560439560439
target_evaluation_shifted,source_holdout_clean,noise_augmented,teff,2034,2.5,0.05,0.95,180,384.0125500691738,91,0.8901098901098901,768.0251001383475,768.0251001383476,0.0769230769230769,0.0329670329670329
target_evaluation_shifted,source_holdout_clean,noise_augmented,logg,2034,2.5,0.32,0.6799999999999999,180,0.2523691074848191,91,0.6813186813186813,0.5047382149696381,0.5047382149696382,0.1428571428571428,0.1758241758241758
target_evaluation_shifted,source_holdout_clean,noise_augmented,logg,2034,2.5,0.1,0.9,180,0.6203904552658432,91,0.934065934065934,1.2407809105316865,1.2407809105316865,0.0329670329670329,0.0329670329670329
target_evaluation_shifted,source_holdout_clean,noise_augmented,logg,2034,2.5,0.05,0.95,180,0.8079488211572174,91,0.956043956043956,1.6158976423144342,1.615897642314435,0.0329670329670329,0.0109890109890109
target_evaluation_shifted,source_holdout_clean,noise_augmented,feh,2034,2.5,0.32,0.6799999999999999,180,0.2306790833573395,91,0.6263736263736264,0.4613581667146792,0.4613581667146791,0.1538461538461538,0.2197802197802197
target_evaluation_shifted,source_holdout_clean,noise_augmented,feh,2034,2.5,0.1,0.9,180,0.4386148096919059,91,0.8681318681318682,0.8772296193838117,0.8772296193838118,0.0879120879120879,0.0439560439560439
target_evaluation_shifted,source_holdout_clean,noise_augmented,feh,2034,2.5,0.05,0.95,180,0.560674424951275,91,0.945054945054945,1.1213488499025497,1.12134884990255,0.0439560439560439,0.0109890109890109
target_evaluation_shifted,source_holdout_clean,source_only,teff,2034,3.0,0.32,0.6799999999999999,180,139.35836954752813,91,0.4725274725274725,278.71673909505625,278.71673909505625,0.3076923076923077,0.2197802197802197
target_evaluation_shifted,source_holdout_clean,source_only,teff,2034,3.0,0.1,0.9,180,293.00004557291504,91,0.8351648351648352,586.0000911458302,586.0000911458301,0.0989010989010989,0.0659340659340659
target_evaluation_shifted,source_holdout_clean,source_only,teff,2034,3.0,0.05,0.95,180,398.11501424153903,91,0.9230769230769232,796.2300284830783,796.2300284830781,0.0549450549450549,0.0219780219780219
target_evaluation_shifted,source_holdout_clean,source_only,logg,2034,3.0,0.32,0.6799999999999999,180,0.2393697410821893,91,0.6593406593406593,0.4787394821643786,0.4787394821643786,0.1538461538461538,0.1868131868131868
target_evaluation_shifted,source_holdout_clean,source_only,logg,2034,3.0,0.1,0.9,180,0.6909636572003381,91,0.945054945054945,1.381927314400676,1.3819273144006765,0.0329670329670329,0.0219780219780219
target_evaluation_shifted,source_holdout_clean,source_only,logg,2034,3.0,0.05,0.95,180,0.7959183901548386,91,0.967032967032967,1.5918367803096771,1.5918367803096771,0.0219780219780219,0.0109890109890109
target_evaluation_shifted,source_holdout_clean,source_only,feh,2034,3.0,0.32,0.6799999999999999,180,0.2232781324222622,91,0.6153846153846154,0.4465562648445242,0.4465562648445244,0.1318681318681318,0.2527472527472527
target_evaluation_shifted,source_holdout_clean,source_only,feh,2034,3.0,0.1,0.9,180,0.4521088827618709,91,0.8901098901098901,0.9042177655237414,0.9042177655237418,0.0659340659340659,0.0439560439560439
target_evaluation_shifted,source_holdout_clean,source_only,feh,2034,3.0,0.05,0.95,180,0.5718153978836606,91,0.945054945054945,1.1436307957673215,1.1436307957673213,0.0439560439560439,0.0109890109890109
target_evaluation_shifted,source_holdout_clean,noise_augmented,teff,2034,3.0,0.32,0.6799999999999999,180,141.64256255086366,91,0.5604395604395604,283.2851251017273,283.2851251017273,0.2307692307692307,0.2087912087912088
target_evaluation_shifted,source_holdout_clean,noise_augmented,teff,2034,3.0,0.1,0.9,180,313.24044893391783,91,0.8571428571428571,626.4808978678356,626.4808978678357,0.0989010989010989,0.0439560439560439
target_evaluation_shifted,source_holdout_clean,noise_augmented,teff,2034,3.0,0.05,0.95,180,384.0125500691738,91,0.8901098901098901,768.0251001383475,768.0251001383476,0.0659340659340659,0.0439560439560439
target_evaluation_shifted,source_holdout_clean,noise_augmented,logg,2034,3.0,0.32,0.6799999999999999,180,0.2523691074848191,91,0.6813186813186813,0.5047382149696381,0.5047382149696382,0.1318681318681318,0.1868131868131868
target_evaluation_shifted,source_holdout_clean,noise_augmented,logg,2034,3.0,0.1,0.9,180,0.6203904552658432,91,0.934065934065934,1.2407809105316865,1.2407809105316865,0.0329670329670329,0.0329670329670329
target_evaluation_shifted,source_holdout_clean,noise_augmented,logg,2034,3.0,0.05,0.95,180,0.8079488211572174,91,0.967032967032967,1.6158976423144342,1.615897642314435,0.0329670329670329,0.0
target_evaluation_shifted,source_holdout_clean,noise_augmented,feh,2034,3.0,0.32,0.6799999999999999,180,0.2306790833573395,91,0.6593406593406593,0.4613581667146792,0.4613581667146791,0.1318681318681318,0.2087912087912088
target_evaluation_shifted,source_holdout_clean,noise_augmented,feh,2034,3.0,0.1,0.9,180,0.4386148096919059,91,0.8681318681318682,0.8772296193838117,0.8772296193838118,0.0769230769230769,0.0549450549450549
target_evaluation_shifted,source_holdout_clean,noise_augmented,feh,2034,3.0,0.05,0.95,180,0.560674424951275,91,0.945054945054945,1.1213488499025497,1.12134884990255,0.0439560439560439,0.0109890109890109
target_evaluation_shifted,source_holdout_clean,source_only,teff,2035,1.25,0.32,0.6799999999999999,180,139.35836954752813,91,0.6593406593406593,278.71673909505625,278.71673909505625,0.1648351648351648,0.1758241758241758
target_evaluation_shifted,source_holdout_clean,source_only,teff,2035,1.25,0.1,0.9,180,293.00004557291504,91,0.9010989010989012,586.0000911458302,586.0000911458301,0.0549450549450549,0.0439560439560439
target_evaluation_shifted,source_holdout_clean,source_only,teff,2035,1.25,0.05,0.95,180,398.11501424153903,91,0.945054945054945,796.230028483078,796.2300284830781,0.0439560439560439,0.0109890109890109
target_evaluation_shifted,source_holdout_clean,source_only,logg,2035,1.25,0.32,0.6799999999999999,180,0.2393697410821893,91,0.6813186813186813,0.4787394821643786,0.4787394821643786,0.1428571428571428,0.1758241758241758
target_evaluation_shifted,source_holdout_clean,source_only,logg,2035,1.25,0.1,0.9,180,0.6909636572003381,91,0.956043956043956,1.381927314400676,1.3819273144006767,0.0329670329670329,0.0109890109890109
target_evaluation_shifted,source_holdout_clean,source_only,logg,2035,1.25,0.05,0.95,180,0.7959183901548386,91,0.967032967032967,1.5918367803096771,1.5918367803096771,0.0329670329670329,0.0
target_evaluation_shifted,source_holdout_clean,source_only,feh,2035,1.25,0.32,0.6799999999999999,180,0.2232781324222622,91,0.6153846153846154,0.4465562648445242,0.4465562648445244,0.1868131868131868,0.1978021978021978
target_evaluation_shifted,source_holdout_clean,source_only,feh,2035,1.25,0.1,0.9,180,0.4521088827618709,91,0.8791208791208791,0.9042177655237414,0.9042177655237418,0.0879120879120879,0.0329670329670329
target_evaluation_shifted,source_holdout_clean,source_only,feh,2035,1.25,0.05,0.95,180,0.5718153978836606,91,0.945054945054945,1.1436307957673215,1.1436307957673213,0.0329670329670329,0.0219780219780219
target_evaluation_shifted,source_holdout_clean,noise_augmented,teff,2035,1.25,0.32,0.6799999999999999,180,141.64256255086366,91,0.7142857142857143,283.2851251017273,283.2851251017273,0.1648351648351648,0.1208791208791208
target_evaluation_shifted,source_holdout_clean,noise_augmented,teff,2035,1.25,0.1,0.9,180,313.24044893391783,91,0.9230769230769232,626.4808978678356,626.4808978678357,0.0549450549450549,0.0219780219780219
target_evaluation_shifted,source_holdout_clean,noise_augmented,teff,2035,1.25,0.05,0.95,180,384.0125500691738,91,0.945054945054945,768.0251001383475,768.0251001383476,0.0439560439560439,0.0109890109890109
target_evaluation_shifted,source_holdout_clean,noise_augmented,logg,2035,1.25,0.32,0.6799999999999999,180,0.2523691074848191,91,0.7142857142857143,0.5047382149696381,0.5047382149696382,0.1538461538461538,0.1318681318681318
target_evaluation_shifted,source_holdout_clean,noise_augmented,logg,2035,1.25,0.1,0.9,180,0.6203904552658432,91,0.956043956043956,1.2407809105316865,1.2407809105316865,0.0329670329670329,0.0109890109890109
target_evaluation_shifted,source_holdout_clean,noise_augmented,logg,2035,1.25,0.05,0.95,180,0.8079488211572174,91,0.967032967032967,1.6158976423144342,1.615897642314435,0.0329670329670329,0.0
target_evaluation_shifted,source_holdout_clean,noise_augmented,feh,2035,1.25,0.32,0.6799999999999999,180,0.2306790833573395,91,0.6703296703296703,0.4613581667146792,0.4613581667146791,0.1868131868131868,0.1428571428571428
target_evaluation_shifted,source_holdout_clean,noise_augmented,feh,2035,1.25,0.1,0.9,180,0.4386148096919059,91,0.8791208791208791,0.8772296193838117,0.8772296193838118,0.0879120879120879,0.0329670329670329
target_evaluation_shifted,source_holdout_clean,noise_augmented,feh,2035,1.25,0.05,0.95,180,0.560674424951275,91,0.945054945054945,1.1213488499025497,1.12134884990255,0.0439560439560439,0.0109890109890109
target_evaluation_shifted,source_holdout_clean,source_only,teff,2035,1.5,0.32,0.6799999999999999,180,139.35836954752813,91,0.6373626373626373,278.71673909505625,278.71673909505625,0.1868131868131868,0.1758241758241758
target_evaluation_shifted,source_holdout_clean,source_only,teff,2035,1.5,0.1,0.9,180,293.00004557291504,91,0.8791208791208791,586.0000911458302,586.0000911458301,0.0659340659340659,0.0549450549450549
target_evaluation_shifted,source_holdout_clean,source_only,teff,2035,1.5,0.05,0.95,180,398.11501424153903,91,0.934065934065934,796.2300284830783,796.2300284830781,0.0439560439560439,0.0219780219780219
target_evaluation_shifted,source_holdout_clean,source_only,logg,2035,1.5,0.32,0.6799999999999999,180,0.2393697410821893,91,0.6813186813186813,0.4787394821643786,0.4787394821643786,0.1428571428571428,0.1758241758241758
target_evaluation_shifted,source_holdout_clean,source_only,logg,2035,1.5,0.1,0.9,180,0.6909636572003381,91,0.956043956043956,1.381927314400676,1.3819273144006767,0.0329670329670329,0.0109890109890109
target_evaluation_shifted,source_holdout_clean,source_only,logg,2035,1.5,0.05,0.95,180,0.7959183901548386,91,0.967032967032967,1.5918367803096771,1.5918367803096771,0.0329670329670329,0.0
target_evaluation_shifted,source_holdout_clean,source_only,feh,2035,1.5,0.32,0.6799999999999999,180,0.2232781324222622,91,0.6043956043956044,0.4465562648445242,0.4465562648445244,0.1868131868131868,0.2087912087912088
target_evaluation_shifted,source_holdout_clean,source_only,feh,2035,1.5,0.1,0.9,180,0.4521088827618709,91,0.8791208791208791,0.9042177655237414,0.9042177655237418,0.0879120879120879,0.0329670329670329
target_evaluation_shifted,source_holdout_clean,source_only,feh,2035,1.5,0.05,0.95,180,0.5718153978836606,91,0.934065934065934,1.1436307957673215,1.1436307957673213,0.0439560439560439,0.0219780219780219
target_evaluation_shifted,source_holdout_clean,noise_augmented,teff,2035,1.5,0.32,0.6799999999999999,180,141.64256255086366,91,0.7032967032967034,283.2851251017273,283.2851251017273,0.1648351648351648,0.1318681318681318
target_evaluation_shifted,source_holdout_clean,noise_augmented,teff,2035,1.5,0.1,0.9,180,313.24044893391783,91,0.8901098901098901,626.4808978678356,626.4808978678357,0.0769230769230769,0.0329670329670329
target_evaluation_shifted,source_holdout_clean,noise_augmented,teff,2035,1.5,0.05,0.95,180,384.0125500691738,91,0.9230769230769232,768.0251001383475,768.0251001383476,0.0439560439560439,0.0329670329670329
target_evaluation_shifted,source_holdout_clean,noise_augmented,logg,2035,1.5,0.32,0.6799999999999999,180,0.2523691074848191,91,0.7032967032967034,0.5047382149696381,0.5047382149696382,0.1428571428571428,0.1538461538461538
target_evaluation_shifted,source_holdout_clean,noise_augmented,logg,2035,1.5,0.1,0.9,180,0.6203904552658432,91,0.945054945054945,1.2407809105316865,1.2407809105316865,0.0329670329670329,0.0219780219780219
target_evaluation_shifted,source_holdout_clean,noise_augmented,logg,2035,1.5,0.05,0.95,180,0.8079488211572174,91,0.967032967032967,1.6158976423144342,1.615897642314435,0.0329670329670329,0.0
target_evaluation_shifted,source_holdout_clean,noise_augmented,feh,2035,1.5,0.32,0.6799999999999999,180,0.2306790833573395,91,0.6593406593406593,0.4613581667146792,0.4613581667146791,0.1758241758241758,0.1648351648351648
target_evaluation_shifted,source_holdout_clean,noise_augmented,feh,2035,1.5,0.1,0.9,180,0.4386148096919059,91,0.8791208791208791,0.8772296193838117,0.8772296193838118,0.0879120879120879,0.0329670329670329
target_evaluation_shifted,source_holdout_clean,noise_augmented,feh,2035,1.5,0.05,0.95,180,0.560674424951275,91,0.9230769230769232,1.1213488499025497,1.12134884990255,0.0549450549450549,0.0219780219780219
target_evaluation_shifted,source_holdout_clean,source_only,teff,2035,2.0,0.32,0.6799999999999999,180,139.35836954752813,91,0.5494505494505495,278.71673909505625,278.71673909505625,0.2197802197802197,0.2307692307692307
target_evaluation_shifted,source_holdout_clean,source_only,teff,2035,2.0,0.1,0.9,180,293.00004557291504,91,0.8681318681318682,586.0000911458301,586.0000911458301,0.0769230769230769,0.0549450549450549
target_evaluation_shifted,source_holdout_clean,source_only,teff,2035,2.0,0.05,0.95,180,398.11501424153903,91,0.9230769230769232,796.230028483078,796.2300284830781,0.0549450549450549,0.0219780219780219
target_evaluation_shifted,source_holdout_clean,source_only,logg,2035,2.0,0.32,0.6799999999999999,180,0.2393697410821893,91,0.6593406593406593,0.4787394821643786,0.4787394821643786,0.1318681318681318,0.2087912087912088
target_evaluation_shifted,source_holdout_clean,source_only,logg,2035,2.0,0.1,0.9,180,0.6909636572003381,91,0.956043956043956,1.381927314400676,1.3819273144006767,0.0329670329670329,0.0109890109890109
target_evaluation_shifted,source_holdout_clean,source_only,logg,2035,2.0,0.05,0.95,180,0.7959183901548386,91,0.956043956043956,1.5918367803096771,1.5918367803096771,0.0329670329670329,0.0109890109890109
target_evaluation_shifted,source_holdout_clean,source_only,feh,2035,2.0,0.32,0.6799999999999999,180,0.2232781324222622,91,0.6263736263736264,0.4465562648445242,0.4465562648445244,0.1648351648351648,0.2087912087912088
target_evaluation_shifted,source_holdout_clean,source_only,feh,2035,2.0,0.1,0.9,180,0.4521088827618709,91,0.8791208791208791,0.9042177655237414,0.9042177655237418,0.0879120879120879,0.0329670329670329
target_evaluation_shifted,source_holdout_clean,source_only,feh,2035,2.0,0.05,0.95,180,0.5718153978836606,91,0.934065934065934,1.1436307957673215,1.1436307957673213,0.0439560439560439,0.0219780219780219
target_evaluation_shifted,source_holdout_clean,noise_augmented,teff,2035,2.0,0.32,0.6799999999999999,180,141.64256255086366,91,0.6483516483516484,283.2851251017273,283.2851251017273,0.1758241758241758,0.1758241758241758
target_evaluation_shifted,source_holdout_clean,noise_augmented,teff,2035,2.0,0.1,0.9,180,313.24044893391783,91,0.8681318681318682,626.4808978678356,626.4808978678357,0.0879120879120879,0.0439560439560439
target_evaluation_shifted,source_holdout_clean,noise_augmented,teff,2035,2.0,0.05,0.95,180,384.0125500691738,91,0.912087912087912,768.0251001383475,768.0251001383476,0.0549450549450549,0.0329670329670329
target_evaluation_shifted,source_holdout_clean,noise_augmented,logg,2035,2.0,0.32,0.6799999999999999,180,0.2523691074848191,91,0.7032967032967034,0.5047382149696381,0.5047382149696382,0.1318681318681318,0.1648351648351648
target_evaluation_shifted,source_holdout_clean,noise_augmented,logg,2035,2.0,0.1,0.9,180,0.6203904552658432,91,0.945054945054945,1.2407809105316865,1.2407809105316865,0.0329670329670329,0.0219780219780219
target_evaluation_shifted,source_holdout_clean,noise_augmented,logg,2035,2.0,0.05,0.95,180,0.8079488211572174,91,0.967032967032967,1.6158976423144342,1.615897642314435,0.0329670329670329,0.0
target_evaluation_shifted,source_holdout_clean,noise_augmented,feh,2035,2.0,0.32,0.6799999999999999,180,0.2306790833573395,91,0.6483516483516484,0.4613581667146792,0.4613581667146791,0.1648351648351648,0.1868131868131868
target_evaluation_shifted,source_holdout_clean,noise_augmented,feh,2035,2.0,0.1,0.9,180,0.4386148096919059,91,0.8791208791208791,0.8772296193838117,0.8772296193838118,0.0879120879120879,0.0329670329670329
target_evaluation_shifted,source_holdout_clean,noise_augmented,feh,2035,2.0,0.05,0.95,180,0.560674424951275,91,0.934065934065934,1.1213488499025497,1.12134884990255,0.0439560439560439,0.0219780219780219
target_evaluation_shifted,source_holdout_clean,source_only,teff,2035,2.5,0.32,0.6799999999999999,180,139.35836954752813,91,0.5054945054945055,278.71673909505625,278.71673909505625,0.2747252747252747,0.2197802197802197
target_evaluation_shifted,source_holdout_clean,source_only,teff,2035,2.5,0.1,0.9,180,293.00004557291504,91,0.8021978021978022,586.0000911458302,586.0000911458301,0.1098901098901098,0.0879120879120879
target_evaluation_shifted,source_holdout_clean,source_only,teff,2035,2.5,0.05,0.95,180,398.11501424153903,91,0.8901098901098901,796.2300284830783,796.2300284830781,0.0769230769230769,0.0329670329670329
target_evaluation_shifted,source_holdout_clean,source_only,logg,2035,2.5,0.32,0.6799999999999999,180,0.2393697410821893,91,0.6703296703296703,0.4787394821643786,0.4787394821643786,0.1318681318681318,0.1978021978021978
target_evaluation_shifted,source_holdout_clean,source_only,logg,2035,2.5,0.1,0.9,180,0.6909636572003381,91,0.956043956043956,1.381927314400676,1.3819273144006758,0.0329670329670329,0.0109890109890109
target_evaluation_shifted,source_holdout_clean,source_only,logg,2035,2.5,0.05,0.95,180,0.7959183901548386,91,0.956043956043956,1.5918367803096771,1.5918367803096771,0.0329670329670329,0.0109890109890109
target_evaluation_shifted,source_holdout_clean,source_only,feh,2035,2.5,0.32,0.6799999999999999,180,0.2232781324222622,91,0.6263736263736264,0.4465562648445242,0.4465562648445244,0.1538461538461538,0.2197802197802197
target_evaluation_shifted,source_holdout_clean,source_only,feh,2035,2.5,0.1,0.9,180,0.4521088827618709,91,0.8571428571428571,0.9042177655237414,0.9042177655237418,0.0989010989010989,0.0439560439560439
target_evaluation_shifted,source_holdout_clean,source_only,feh,2035,2.5,0.05,0.95,180,0.5718153978836606,91,0.945054945054945,1.1436307957673215,1.1436307957673213,0.0329670329670329,0.0219780219780219
target_evaluation_shifted,source_holdout_clean,noise_augmented,teff,2035,2.5,0.32,0.6799999999999999,180,141.64256255086366,91,0.6043956043956044,283.2851251017273,283.2851251017273,0.2197802197802197,0.1758241758241758
target_evaluation_shifted,source_holdout_clean,noise_augmented,teff,2035,2.5,0.1,0.9,180,313.24044893391783,91,0.8351648351648352,626.4808978678356,626.4808978678357,0.1098901098901098,0.0549450549450549
target_evaluation_shifted,source_holdout_clean,noise_augmented,teff,2035,2.5,0.05,0.95,180,384.0125500691738,91,0.8681318681318682,768.0251001383475,768.0251001383476,0.0989010989010989,0.0329670329670329
target_evaluation_shifted,source_holdout_clean,noise_augmented,logg,2035,2.5,0.32,0.6799999999999999,180,0.2523691074848191,91,0.6813186813186813,0.5047382149696381,0.5047382149696382,0.1318681318681318,0.1868131868131868
target_evaluation_shifted,source_holdout_clean,noise_augmented,logg,2035,2.5,0.1,0.9,180,0.6203904552658432,91,0.956043956043956,1.2407809105316865,1.2407809105316865,0.0329670329670329,0.0109890109890109
target_evaluation_shifted,source_holdout_clean,noise_augmented,logg,2035,2.5,0.05,0.95,180,0.8079488211572174,91,0.978021978021978,1.6158976423144342,1.615897642314435,0.0219780219780219,0.0
target_evaluation_shifted,source_holdout_clean,noise_augmented,feh,2035,2.5,0.32,0.6799999999999999,180,0.2306790833573395,91,0.5934065934065934,0.4613581667146792,0.4613581667146791,0.1758241758241758,0.2307692307692307
target_evaluation_shifted,source_holdout_clean,noise_augmented,feh,2035,2.5,0.1,0.9,180,0.4386148096919059,91,0.8571428571428571,0.8772296193838117,0.8772296193838118,0.0989010989010989,0.0439560439560439
target_evaluation_shifted,source_holdout_clean,noise_augmented,feh,2035,2.5,0.05,0.95,180,0.560674424951275,91,0.945054945054945,1.1213488499025497,1.12134884990255,0.0329670329670329,0.0219780219780219
target_evaluation_shifted,source_holdout_clean,source_only,teff,2035,3.0,0.32,0.6799999999999999,180,139.35836954752813,91,0.4505494505494505,278.71673909505625,278.71673909505625,0.3186813186813186,0.2307692307692307
target_evaluation_shifted,source_holdout_clean,source_only,teff,2035,3.0,0.1,0.9,180,293.00004557291504,91,0.7582417582417582,586.0000911458302,586.0000911458301,0.1428571428571428,0.0989010989010989
target_evaluation_shifted,source_holdout_clean,source_only,teff,2035,3.0,0.05,0.95,180,398.11501424153903,91,0.8461538461538461,796.2300284830783,796.2300284830781,0.1098901098901098,0.0439560439560439
target_evaluation_shifted,source_holdout_clean,source_only,logg,2035,3.0,0.32,0.6799999999999999,180,0.2393697410821893,91,0.6593406593406593,0.4787394821643786,0.4787394821643786,0.1428571428571428,0.1978021978021978
target_evaluation_shifted,source_holdout_clean,source_only,logg,2035,3.0,0.1,0.9,180,0.6909636572003381,91,0.956043956043956,1.381927314400676,1.3819273144006767,0.0329670329670329,0.0109890109890109
target_evaluation_shifted,source_holdout_clean,source_only,logg,2035,3.0,0.05,0.95,180,0.7959183901548386,91,0.978021978021978,1.5918367803096771,1.5918367803096771,0.0219780219780219,0.0
target_evaluation_shifted,source_holdout_clean,source_only,feh,2035,3.0,0.32,0.6799999999999999,180,0.2232781324222622,91,0.5824175824175825,0.4465562648445242,0.4465562648445243,0.1428571428571428,0.2747252747252747
target_evaluation_shifted,source_holdout_clean,source_only,feh,2035,3.0,0.1,0.9,180,0.4521088827618709,91,0.8681318681318682,0.9042177655237414,0.9042177655237418,0.0769230769230769,0.0549450549450549
target_evaluation_shifted,source_holdout_clean,source_only,feh,2035,3.0,0.05,0.95,180,0.5718153978836606,91,0.945054945054945,1.1436307957673215,1.1436307957673213,0.0329670329670329,0.0219780219780219
target_evaluation_shifted,source_holdout_clean,noise_augmented,teff,2035,3.0,0.32,0.6799999999999999,180,141.64256255086366,91,0.5494505494505495,283.2851251017273,283.2851251017273,0.2527472527472527,0.1978021978021978
target_evaluation_shifted,source_holdout_clean,noise_augmented,teff,2035,3.0,0.1,0.9,180,313.24044893391783,91,0.8131868131868132,626.4808978678356,626.4808978678357,0.1318681318681318,0.0549450549450549
target_evaluation_shifted,source_holdout_clean,noise_augmented,teff,2035,3.0,0.05,0.95,180,384.0125500691738,91,0.8571428571428571,768.0251001383475,768.0251001383476,0.1098901098901098,0.0329670329670329
target_evaluation_shifted,source_holdout_clean,noise_augmented,logg,2035,3.0,0.32,0.6799999999999999,180,0.2523691074848191,91,0.7032967032967034,0.5047382149696381,0.5047382149696382,0.1208791208791208,0.1758241758241758
target_evaluation_shifted,source_holdout_clean,noise_augmented,logg,2035,3.0,0.1,0.9,180,0.6203904552658432,91,0.945054945054945,1.2407809105316865,1.2407809105316865,0.0329670329670329,0.0219780219780219
target_evaluation_shifted,source_holdout_clean,noise_augmented,logg,2035,3.0,0.05,0.95,180,0.8079488211572174,91,0.978021978021978,1.6158976423144342,1.615897642314435,0.0219780219780219,0.0
target_evaluation_shifted,source_holdout_clean,noise_augmented,feh,2035,3.0,0.32,0.6799999999999999,180,0.2306790833573395,91,0.6263736263736264,0.4613581667146792,0.4613581667146791,0.1428571428571428,0.2307692307692307
target_evaluation_shifted,source_holdout_clean,noise_augmented,feh,2035,3.0,0.1,0.9,180,0.4386148096919059,91,0.8241758241758241,0.8772296193838117,0.8772296193838118,0.0879120879120879,0.0879120879120879
target_evaluation_shifted,source_holdout_clean,noise_augmented,feh,2035,3.0,0.05,0.95,180,0.560674424951275,91,0.945054945054945,1.1213488499025497,1.12134884990255,0.0329670329670329,0.0219780219780219
