object_id,source_file,sn_r,teff,logg,feh,split,evaluation,model,target,seed,noise_factor,y_true,y_pred,residual,abs_error,ood_score,ood_percentile
39627797555054059,rvspecfit-main-bright-0.fits,25.770039,5933.335,4.3744597,-0.728765,source_holdout,source_holdout_clean,source_only,teff,-1,1.0,5933.3349609375,5876.196621907551,-57.13833902994884,57.13833902994884,4.00415762838823,0.34444444444444444
39627803594854420,rvspecfit-main-bright-0.fits,25.11731,5192.172,4.828961,-0.43341476,source_holdout,source_holdout_clean,source_only,teff,-1,1.0,5192.171875,5266.905714111326,74.73383911132623,74.73383911132623,4.065192161571839,0.34814814814814815
39627797550865084,rvspecfit-main-bright-0.fits,29.18192,5967.2324,4.4568024,-1.0345173,source_holdout,source_holdout_clean,source_only,teff,-1,1.0,5967.232421875,6093.19780497233,125.96538309733023,125.96538309733023,2.2244862736345303,0.016666666666666666
39627803594856578,rvspecfit-main-bright-0.fits,28.47997,5834.933,3.975627,-0.774128,source_holdout,source_holdout_clean,source_only,teff,-1,1.0,5834.93310546875,5937.99256418864,103.05945871989024,103.05945871989024,3.610099231216367,0.23703703703703705
39627803594852215,rvspecfit-main-bright-0.fits,14.196906,3528.8555,4.4331665,-3.1253588e-08,source_holdout,source_holdout_clean,source_only,teff,-1,1.0,3528.85546875,3552.4034549967437,23.547986246743676,23.547986246743676,5.675484035520125,0.5962962962962963
39627803594856334,rvspecfit-main-bright-0.fits,12.765561,5073.9175,4.8069735,-0.7760475,source_holdout,source_holdout_clean,source_only,teff,-1,1.0,5073.91748046875,5212.18070373535,138.2632232666001,138.2632232666001,4.080023372060961,0.35
39627809638843886,rvspecfit-main-bright-0.fits,25.254856,5538.9707,4.6776648,-1.3598263,source_holdout,source_holdout_clean,source_only,teff,-1,1.0,5538.970703125,5882.570080566403,343.5993774414028,343.5993774414028,3.2901626406280866,0.17037037037037037
39627803599052837,rvspecfit-main-bright-0.fits,47.80544,6099.9966,4.5420027,-1.4265354,source_holdout,source_holdout_clean,source_only,teff,-1,1.0,6099.99658203125,6042.38868754069,-57.607894490560284,57.607894490560284,3.0429494789163454,0.12037037037037036
39627809643037702,rvspecfit-main-bright-0.fits,33.05582,5980.165,4.039836,-0.9253463,source_holdout,source_holdout_clean,source_only,teff,-1,1.0,5980.1650390625,5970.9812274169935,-9.183811645506466,9.183811645506466,2.4464015587724552,0.03518518518518519
39627797567638472,rvspecfit-main-bright-0.fits,14.585838,3552.5896,4.827148,-3.1885524e-08,source_holdout,source_holdout_clean,source_only,teff,-1,1.0,3552.589599609375,3528.9430368042,-23.64656280517511,23.64656280517511,4.260574381814355,0.39814814814814814
39627791527841990,rvspecfit-main-bright-0.fits,38.86436,5655.909,4.8632197,-0.7191091,source_holdout,source_holdout_clean,source_only,teff,-1,1.0,5655.9091796875,5637.96171895345,-17.947460734049855,17.947460734049855,2.3025954380854725,0.020370370370370372
39627809638846529,rvspecfit-main-bright-0.fits,18.408873,5130.1846,2.5442505,-0.7162849,source_holdout,source_holdout_clean,source_only,teff,-1,1.0,5130.1845703125,5423.184615885415,293.00004557291504,293.00004557291504,5.297954738596199,0.55
39627803603243052,rvspecfit-main-bright-0.fits,17.307343,4646.6846,4.625856,-0.24500641,source_holdout,source_holdout_clean,source_only,teff,-1,1.0,4646.6845703125,4593.818445638022,-52.86612467447776,52.86612467447776,5.065990324298618,0.5259259259259259
39627809647233020,rvspecfit-main-bright-0.fits,14.275092,5499.999,2.6491766,-1.4284428,source_holdout,source_holdout_clean,source_only,teff,-1,1.0,5499.9990234375,5870.055867919922,370.0568444824221,370.0568444824221,4.8003827540649056,0.48518518518518516
39627791527838252,rvspecfit-main-bright-0.fits,11.030782,4355.712,4.242638,-0.39427254,source_holdout,source_holdout_clean,source_only,teff,-1,1.0,4355.7119140625,4443.003735555015,87.29182149251483,87.29182149251483,3.7481498278420506,0.28888888888888886
39627797563444474,rvspecfit-main-bright-0.fits,27.962894,5314.067,4.968911,-0.29762325,source_holdout,source_holdout_clean,source_only,teff,-1,1.0,5314.06689453125,5380.005313517252,65.93841898600203,65.93841898600203,2.6634596500377126,0.05
39627827775013373,rvspecfit-main-bright-1.fits,39.061436,5582.5454,5.1279864,-0.63674533,source_holdout,source_holdout_clean,source_only,teff,-1,1.0,5582.54541015625,5510.655689290366,-71.88972086588365,71.88972086588365,3.021780863500892,0.11851851851851852
39627815687030584,rvspecfit-main-bright-1.fits,19.394766,4648.9683,4.767465,-0.61063683,source_holdout,source_holdout_clean,source_only,teff,-1,1.0,4648.96826171875,4641.861608276371,-7.106653442378956,7.106653442378956,4.275057240226036,0.40185185185185185
39627815682842837,rvspecfit-main-bright-1.fits,22.882843,5729.2544,4.610091,-1.7405462,source_holdout,source_holdout_clean,source_only,teff,-1,1.0,5729.25439453125,6072.14218078613,342.88778625487976,342.88778625487976,3.371609063160533,0.18703703703703703
39627815682838215,rvspecfit-main-bright-1.fits,14.909275,5200.001,2.6381724,-0.75000024,source_holdout,source_holdout_clean,source_only,teff,-1,1.0,5200.0009765625,5554.08612915039,354.08515258788975,354.08515258788975,4.870134678081449,0.4981481481481482
39627821726832087,rvspecfit-main-bright-1.fits,10.1174965,3990.4856,4.5,-0.5635368,source_holdout,source_holdout_clean,source_only,teff,-1,1.0,3990.485595703125,4113.967166849773,123.4815711466481,123.4815711466481,4.982787811998765,0.5111111111111111
39627821726832204,rvspecfit-main-bright-1.fits,29.541725,5825.152,4.4116573,-0.52552813,source_holdout,source_holdout_clean,source_only,teff,-1,1.0,5825.15185546875,5748.4656262207045,-76.68622924804549,76.68622924804549,3.522634246499504,0.21666666666666667
39627815682840672,rvspecfit-main-bright-1.fits,11.9453945,3733.706,4.725037,-0.24999999,source_holdout,source_holdout_clean,source_only,teff,-1,1.0,3733.7060546875,3789.8623781331366,56.156323445636644,56.156323445636644,6.173714456052079,0.6425925925925926
39627815687034177,rvspecfit-main-bright-1.fits,35.36645,5115.736,4.9753127,-0.39662126,source_holdout,source_holdout_clean,source_only,teff,-1,1.0,5115.73583984375,5095.5925830078095,-20.14325683594052,20.14325683594052,3.039077211624203,0.12037037037037036
39627815687034137,rvspecfit-main-bright-1.fits,19.789078,5419.0073,2.7329383,-0.73714966,source_holdout,source_holdout_clean,source_only,teff,-1,1.0,5419.00732421875,5605.123378601075,186.11605438232527,186.11605438232527,4.605140241591535,0.45925925925925926
39627815687033273,rvspecfit-main-bright-1.fits,19.66653,6126.756,3.9193497,-1.9372989,source_holdout,source_holdout_clean,source_only,teff,-1,1.0,6126.755859375,6105.63155151367,-21.124307861329726,21.124307861329726,3.071333248846105,0.12777777777777777
39627815687035169,rvspecfit-main-bright-1.fits,14.371497,3567.6287,4.767287,-0.50000006,source_holdout,source_holdout_clean,source_only,teff,-1,1.0,3567.628662109375,3601.1615037027996,33.532841593424564,33.532841593424564,5.312319677476914,0.55
39627815691226341,rvspecfit-main-bright-1.fits,18.741198,6087.9946,4.211149,-1.75,source_holdout,source_holdout_clean,source_only,teff,-1,1.0,6087.99462890625,6163.954484456378,75.95985555012794,75.95985555012794,3.181472973306126,0.14444444444444443
39627815703806600,rvspecfit-main-bright-1.fits,20.712364,4876.2544,4.7563953,-0.5194689,source_holdout,source_holdout_clean,source_only,teff,-1,1.0,4876.25439453125,4875.12651163737,-1.127882893880269,1.127882893880269,5.3831338837062335,0.5611111111111111
39627809655620581,rvspecfit-main-bright-1.fits,11.505546,3406.5725,4.3075128,-0.2512675,source_holdout,source_holdout_clean,source_only,teff,-1,1.0,3406.572509765625,3487.5012030029293,80.92869323730429,80.92869323730429,5.717318177366827,0.6018518518518519
39627803615822636,rvspecfit-main-bright-1.fits,27.821482,4130.0557,4.815502,-0.1914478,source_holdout,source_holdout_clean,source_only,teff,-1,1.0,4130.0556640625,4090.0280818684896,-40.02758219401039,40.02758219401039,4.950530593374068,0.5092592592592593
39627821731024722,rvspecfit-main-bright-1.fits,26.488497,3848.8965,4.69977,0.18254822,source_holdout,source_holdout_clean,source_only,teff,-1,1.0,3848.896484375,3866.903570251463,18.007085876462952,18.007085876462952,4.724836587876164,0.4777777777777778
39627821731022359,rvspecfit-main-bright-1.fits,29.06096,4617.5776,4.7657123,-0.7961772,source_holdout,source_holdout_clean,source_only,teff,-1,1.0,4617.57763671875,4768.2616933186855,150.6840565999355,150.6840565999355,4.106202271599413,0.36666666666666664
39627809651426096,rvspecfit-main-bright-1.fits,19.828865,3790.3337,4.5242043,-0.5254817,source_holdout,source_holdout_clean,source_only,teff,-1,1.0,3790.333740234375,3898.0633016967763,107.7295614624013,107.7295614624013,4.75606093292237,0.48333333333333334
39627809626262382,rvspecfit-main-bright-2.fits,13.217915,5880.711,4.6759195,-1.5200524,source_holdout,source_holdout_clean,source_only,teff,-1,1.0,5880.7109375,5842.88704284668,-37.82389465332017,37.82389465332017,4.9218839838117825,0.5037037037037037
39627803586465384,rvspecfit-main-bright-2.fits,20.625483,3849.7017,4.606526,-0.9035652,source_holdout,source_holdout_clean,source_only,teff,-1,1.0,3849.70166015625,4271.026128234863,421.3244680786129,421.3244680786129,4.998533904938815,0.5203703703703704
39627815666062804,rvspecfit-main-bright-2.fits,11.486521,4470.529,4.175713,-0.5429244,source_holdout,source_holdout_clean,source_only,teff,-1,1.0,4470.52880859375,4656.673486328124,186.14467773437445,186.14467773437445,5.505321125601592,0.5722222222222222
39627803590657079,rvspecfit-main-bright-2.fits,15.38988,3419.8584,4.538442,0.019656142,source_holdout,source_holdout_clean,source_only,teff,-1,1.0,3419.8583984375,3479.7506669108056,59.89226847330565,59.89226847330565,6.18963805855389,0.6444444444444445
39627797550860289,rvspecfit-main-bright-2.fits,39.145744,5549.2188,4.636974,-0.3780223,source_holdout,source_holdout_clean,source_only,teff,-1,1.0,5549.21875,5439.327119852703,-109.89163014729729,109.89163014729729,4.331893765648222,0.4148148148148148
39627815674446512,rvspecfit-main-bright-2.fits,13.510458,4757.154,4.668223,-0.7294396,source_holdout,source_holdout_clean,source_only,teff,-1,1.0,4757.15380859375,4854.590243326822,97.43643473307202,97.43643473307202,5.379019539244306,0.5611111111111111
39627821710056081,rvspecfit-main-bright-2.fits,14.372349,5173.5776,4.879602,-0.6280581,source_holdout,source_holdout_clean,source_only,teff,-1,1.0,5173.57763671875,5256.403672892251,82.82603617350105,82.82603617350105,4.783848217400102,0.48333333333333334
39627815670255483,rvspecfit-main-bright-2.fits,18.47636,3264.4692,4.4813795,-0.25,source_holdout,source_holdout_clean,source_only,teff,-1,1.0,3264.46923828125,3395.0481816609695,130.57894337971948,130.57894337971948,5.409861281575124,0.5611111111111111
39627809634652517,rvspecfit-main-bright-2.fits,10.531586,4634.3506,4.654203,-0.66354084,source_holdout,source_holdout_clean,source_only,teff,-1,1.0,4634.3505859375,4715.704701029457,81.35411509195728,81.35411509195728,5.453141353260678,0.5685185185185185
39627815661865775,rvspecfit-main-bright-2.fits,32.139385,5821.82,4.696583,-0.60589206,source_holdout,source_holdout_clean,source_only,teff,-1,1.0,5821.81982421875,5897.964178873696,76.14435465494626,76.14435465494626,2.5349989562004374,0.044444444444444446
39627803594851309,rvspecfit-main-bright-2.fits,16.364233,4039.3142,4.3577476,-0.16311127,source_holdout,source_holdout_clean,source_only,teff,-1,1.0,4039.314208984375,4013.4545628865544,-25.859646097820587,25.859646097820587,5.060244408408235,0.5259259259259259
39627809630456059,rvspecfit-main-bright-2.fits,31.716152,5653.161,4.729489,-0.35176328,source_holdout,source_holdout_clean,source_only,teff,-1,1.0,5653.1611328125,5545.134118448892,-108.02701436360803,108.02701436360803,3.734886932902761,0.2814814814814815
39627809622066920,rvspecfit-main-bright-2.fits,29.56552,4055.8792,4.6014476,-0.20316944,source_holdout,source_holdout_clean,source_only,teff,-1,1.0,4055.879150390625,4071.6737125651034,15.794562174478415,15.794562174478415,3.8042520134622526,0.3037037037037037
39627815666059119,rvspecfit-main-bright-2.fits,16.926617,5386.4546,5.173077,-0.6118051,source_holdout,source_holdout_clean,source_only,teff,-1,1.0,5386.45458984375,5387.4122970581075,0.9577072143574696,0.9577072143574696,3.991925419503649,0.34444444444444444
39627815666060895,rvspecfit-main-bright-2.fits,42.472977,5331.264,4.9324512,-0.4723397,source_holdout,source_holdout_clean,source_only,teff,-1,1.0,5331.26416015625,5357.603918050129,26.339757893879323,26.339757893879323,3.5068345209732,0.2111111111111111
39627809626262364,rvspecfit-main-bright-2.fits,11.426821,3538.3384,4.7990932,-2.37882e-05,source_holdout,source_holdout_clean,source_only,teff,-1,1.0,3538.33837890625,3601.725534769694,63.38715586344415,63.38715586344415,6.3238923243304885,0.6537037037037037
39627809622069969,rvspecfit-main-bright-2.fits,47.146626,3846.7625,4.662172,-0.13872,source_holdout,source_holdout_clean,source_only,teff,-1,1.0,3846.762451171875,3900.4359706624355,53.673519490560466,53.673519490560466,2.6383382669911515,0.05
39627827749848496,rvspecfit-main-bright-2.fits,27.355183,5399.989,3.321622,-1.398623,source_holdout,source_holdout_clean,source_only,teff,-1,1.0,5399.98876953125,5970.000899861654,570.012130330404,570.012130330404,3.4723326074964813,0.20555555555555555
39627821705860820,rvspecfit-main-bright-2.fits,34.099068,5847.3438,4.671578,-1.4983106,source_holdout,source_holdout_clean,source_only,teff,-1,1.0,5847.34375,6056.74910257975,209.4053525797499,209.4053525797499,3.758315965582902,0.28888888888888886
39627815674449581,rvspecfit-main-bright-2.fits,13.48949,5792.788,4.7165213,-0.5580153,source_holdout,source_holdout_clean,source_only,teff,-1,1.0,5792.7880859375,5612.386649169921,-180.40143676757907,180.40143676757907,4.4094465746721765,0.42407407407407405
39627809630459118,rvspecfit-main-bright-2.fits,13.282083,5475.7256,4.8019958,-0.63902676,source_holdout,source_holdout_clean,source_only,teff,-1,1.0,5475.7255859375,5703.1560896809915,227.4305037434915,227.4305037434915,3.9142480932471106,0.32037037037037036
39627809630460912,rvspecfit-main-bright-2.fits,12.179368,3699.9932,5.0507874,0.25,source_holdout,source_holdout_clean,source_only,teff,-1,1.0,3699.9931640625,3604.829143168131,-95.16402089436906,95.16402089436906,6.320413989709843,0.65
39627821710055899,rvspecfit-main-bright-2.fits,24.317644,3424.4392,4.995202,-7.4457542e-09,source_holdout,source_holdout_clean,source_only,teff,-1,1.0,3424.439208984375,3460.5249593098956,36.08575032552062,36.08575032552062,5.073472908940512,0.5259259259259259
39627821710050224,rvspecfit-main-bright-2.fits,13.783821,5930.1323,3.5,-1.442121,source_holdout,source_holdout_clean,source_only,teff,-1,1.0,5930.13232421875,6074.028043416344,143.8957191975942,143.8957191975942,3.8348950883365847,0.31296296296296294
39627815670256958,rvspecfit-main-bright-2.fits,33.17341,3539.3472,4.3192625,-0.24999994,source_holdout,source_holdout_clean,source_only,teff,-1,1.0,3539.34716796875,3579.030731709797,39.68356374104678,39.68356374104678,3.9469088087328705,0.3314814814814815
39627815666064691,rvspecfit-main-bright-2.fits,21.107985,4884.057,4.824358,-0.6790433,source_holdout,source_holdout_clean,source_only,teff,-1,1.0,4884.05712890625,5064.530464070638,180.47333516438812,180.47333516438812,4.277275992013337,0.40185185185185185
39627809622066858,rvspecfit-main-bright-2.fits,11.638368,3941.9397,4.5613294,-0.20976058,source_holdout,source_holdout_clean,source_only,teff,-1,1.0,3941.939697265625,3985.5705636596667,43.63086639404173,43.63086639404173,4.943129344764473,0.5074074074074074
39627821714247491,rvspecfit-main-bright-2.fits,10.511821,6099.9995,3.7331715,-1.5,source_holdout,source_holdout_clean,source_only,teff,-1,1.0,6099.99951171875,6283.751654256182,183.7521425374316,183.7521425374316,4.4140190435424715,0.42592592592592593
39627827749852365,rvspecfit-main-bright-3.fits,22.367079,6430.866,4.4665184,-2.1353698,source_holdout,source_holdout_clean,source_only,teff,-1,1.0,6430.8662109375,6129.284486490887,-301.5817244466134,301.5817244466134,3.1500688545172926,0.14074074074074075
39627827749853791,rvspecfit-main-bright-3.fits,31.061192,5937.0537,4.671657,-0.5924776,source_holdout,source_holdout_clean,source_only,teff,-1,1.0,5937.0537109375,5746.2091998291025,-190.84451110839746,190.84451110839746,3.5858538547643968,0.23333333333333334
39627839842027235,rvspecfit-main-bright-3.fits,10.413524,4255.7646,3.7712116,-0.29332766,source_holdout,source_holdout_clean,source_only,teff,-1,1.0,4255.7646484375,4305.356159362793,49.59151092529282,49.59151092529282,4.877508675752165,0.4981481481481482
39627833802231888,rvspecfit-main-bright-3.fits,13.302268,5252.27,5.0464845,-0.5512155,source_holdout,source_holdout_clean,source_only,teff,-1,1.0,5252.27001953125,5181.274471028645,-70.99554850260483,70.99554850260483,3.9351289077891054,0.3277777777777778
39627827762432886,rvspecfit-main-bright-3.fits,25.138403,3610.7712,4.5477123,-0.25,source_holdout,source_holdout_clean,source_only,teff,-1,1.0,3610.771240234375,3648.182469075522,37.41122884114702,37.41122884114702,4.6562480864762845,0.4685185185185185
39627827762430597,rvspecfit-main-bright-3.fits,26.81591,4245.767,4.2682157,-0.53313196,source_holdout,source_holdout_clean,source_only,teff,-1,1.0,4245.76708984375,4250.957037048341,5.1899472045906805,5.1899472045906805,3.351998481320648,0.18518518518518517
39627827762430329,rvspecfit-main-bright-3.fits,11.366318,3667.8442,4.317511,0.022638885,source_holdout,source_holdout_clean,source_only,teff,-1,1.0,3667.84423828125,3624.367692769368,-43.476545511881795,43.476545511881795,5.553997318932353,0.5814814814814815
39627827758241593,rvspecfit-main-bright-3.fits,48.443775,6033.9634,4.1164794,-0.7366164,source_holdout,source_holdout_clean,source_only,teff,-1,1.0,6033.96337890625,5995.248608601887,-38.7147703043629,38.7147703043629,2.5300470842892286,0.04259259259259259
39627833798038838,rvspecfit-main-bright-3.fits,26.6465,5300.0,2.4999988,-0.9075346,source_holdout,source_holdout_clean,source_only,teff,-1,1.0,5300.0,5864.6441642252585,564.6441642252585,564.6441642252585,3.7259176276653068,0.2777777777777778
39627833798040743,rvspecfit-main-bright-3.fits,10.8702755,5787.8257,3.6668594,-1.0666147,source_holdout,source_holdout_clean,source_only,teff,-1,1.0,5787.82568359375,5643.054639078777,-144.77104451497325,144.77104451497325,4.318917358275433,0.412962962962963
39627833798038375,rvspecfit-main-bright-3.fits,42.17771,3810.08,4.6831303,-0.09721547,source_holdout,source_holdout_clean,source_only,teff,-1,1.0,3810.080078125,3772.1284587605787,-37.951619364421276,37.951619364421276,2.744431069260098,0.06111111111111111
39627827758238307,rvspecfit-main-bright-3.fits,30.130543,5209.673,4.9502754,-0.20569585,source_holdout,source_holdout_clean,source_only,teff,-1,1.0,5209.6728515625,5142.900331929524,-66.77251963297567,66.77251963297567,3.5098658974196715,0.21481481481481482
39627833798034904,rvspecfit-main-bright-3.fits,19.791807,6200.0005,4.559546,-0.6082555,source_holdout,source_holdout_clean,source_only,teff,-1,1.0,6200.00048828125,5864.797534993488,-335.2029532877623,335.2029532877623,3.140989305865477,0.1388888888888889
39627827758237818,rvspecfit-main-bright-3.fits,11.096011,3955.887,4.5,-0.6056033,source_holdout,source_holdout_clean,source_only,teff,-1,1.0,3955.886962890625,4005.6595788574223,49.772615966797275,49.772615966797275,4.0725601457616,0.35
39627833798034580,rvspecfit-main-bright-3.fits,39.440643,4909.12,4.7919583,0.024622975,source_holdout,source_holdout_clean,source_only,teff,-1,1.0,4909.1201171875,4678.24713175456,-230.87298543294037,230.87298543294037,3.2599275165620907,0.15555555555555556
39627833802234127,rvspecfit-main-bright-3.fits,10.664411,5699.997,4.158952,-0.5555121,source_holdout,source_holdout_clean,source_only,teff,-1,1.0,5699.9970703125,5584.105580851236,-115.89148946126443,115.89148946126443,4.645952921467264,0.4685185185185185
39627827754048392,rvspecfit-main-bright-3.fits,13.101346,5350.0044,4.7735944,-1.0826184,source_holdout,source_holdout_clean,source_only,teff,-1,1.0,5350.00439453125,5493.289100341797,143.28470581054717,143.28470581054717,4.539885087103994,0.45185185185185184
39627827754047440,rvspecfit-main-bright-3.fits,40.260468,4438.1562,4.791903,-0.640746,source_holdout,source_holdout_clean,source_only,teff,-1,1.0,4438.15625,4517.434334208171,79.2780842081711,79.2780842081711,3.7647355655506036,0.29259259259259257
39627827766625207,rvspecfit-main-bright-3.fits,16.246984,3727.752,4.7399964,0.13954104,source_holdout,source_holdout_clean,source_only,teff,-1,1.0,3727.751953125,3653.9721510823547,-73.77980204264531,73.77980204264531,4.914234047322443,0.5018518518518519
39627827766626467,rvspecfit-main-bright-3.fits,17.387497,5343.958,2.4479477,-0.96625304,source_holdout,source_holdout_clean,source_only,teff,-1,1.0,5343.9580078125,5562.510759073892,218.55275126139168,218.55275126139168,4.504504173206765,0.44814814814814813
39627815682839146,rvspecfit-main-bright-3.fits,19.975475,3384.267,4.5823526,-0.23283087,source_holdout,source_holdout_clean,source_only,teff,-1,1.0,3384.26708984375,3464.52740620931,80.2603163655599,80.2603163655599,4.757634283866141,0.48333333333333334
39627839842029210,rvspecfit-main-bright-3.fits,10.851574,4815.2705,5.1668177,-0.5689885,source_holdout,source_holdout_clean,source_only,teff,-1,1.0,4815.2705078125,4598.3168563842755,-216.95365142822448,216.95365142822448,5.534233964538277,0.5777777777777777
39627839837831502,rvspecfit-main-bright-3.fits,40.051716,5828.34,4.2675347,-0.6027683,source_holdout,source_holdout_clean,source_only,teff,-1,1.0,5828.33984375,5707.707877400715,-120.631966349285,120.631966349285,3.5044312090164076,0.2111111111111111
39627827758239157,rvspecfit-main-bright-3.fits,21.127378,6272.8467,4.5,-2.8560874,source_holdout,source_holdout_clean,source_only,teff,-1,1.0,6272.8466796875,6477.138720499671,204.29204081217085,204.29204081217085,2.5978420948980294,0.04814814814814815
39627827758240753,rvspecfit-main-bright-3.fits,33.37967,4342.7646,4.34546,0.07007618,source_holdout,source_holdout_clean,source_only,teff,-1,1.0,4342.7646484375,4193.116281534829,-149.6483669026711,149.6483669026711,4.273793225290291,0.40185185185185185
39627827770821661,rvspecfit-main-bright-3.fits,12.498432,3628.0664,4.5405626,-0.19909191,source_holdout,source_holdout_clean,source_only,teff,-1,1.0,3628.06640625,3728.268622538248,100.20221628824811,100.20221628824811,4.67923099753554,0.4703703703703704
39627821722640625,rvspecfit-main-bright-3.fits,20.32441,5134.727,4.907078,-1.1418545,source_holdout,source_holdout_clean,source_only,teff,-1,1.0,5134.72705078125,5516.311408081055,381.58435729980465,381.58435729980465,3.3594653141004867,0.18518518518518517
39627827766625370,rvspecfit-main-bright-3.fits,11.565127,4781.942,4.418274,-0.30361015,source_holdout,source_holdout_clean,source_only,teff,-1,1.0,4781.94189453125,4814.150419921873,32.208525390623436,32.208525390623436,4.645423377796395,0.4666666666666667
39627821718438925,rvspecfit-main-bright-3.fits,39.363716,4162.4067,4.568495,-0.09737198,source_holdout,source_holdout_clean,source_only,teff,-1,1.0,4162.40673828125,4061.731176859539,-100.67556142171088,100.67556142171088,4.502753418421632,0.44814814814814813
39627821743606854,rvspecfit-main-bright-4.fits,14.38144,4920.265,4.6967487,-0.44084737,source_holdout,source_holdout_clean,source_only,teff,-1,1.0,4920.26513671875,5019.821651814778,99.5565150960283,99.5565150960283,3.8446103025467684,0.31296296296296294
39627815703806550,rvspecfit-main-bright-4.fits,35.24997,6514.052,4.4088807,-0.6617047,source_holdout,source_holdout_clean,source_only,teff,-1,1.0,6514.0517578125,6043.320479939776,-470.7312778727237,470.7312778727237,2.615925071644126,0.05
39627821751993331,rvspecfit-main-bright-4.fits,10.845219,3805.717,4.6760206,-0.45505092,source_holdout,source_holdout_clean,source_only,teff,-1,1.0,3805.717041015625,4015.116716613769,209.39967559814386,209.39967559814386,4.649371232960812,0.4685185185185185
39627821739413661,rvspecfit-main-bright-4.fits,49.14275,5999.9966,4.18848,-0.7178064,source_holdout,source_holdout_clean,source_only,teff,-1,1.0,5999.99658203125,5974.966826375324,-25.029755655926238,25.029755655926238,2.5952325056251855,0.04814814814814815
39627827783403836,rvspecfit-main-bright-4.fits,41.574112,4940.296,4.8818107,-0.47206432,source_holdout,source_holdout_clean,source_only,teff,-1,1.0,4940.2958984375,4970.065460611978,29.76956217447787,29.76956217447787,2.833470288932559,0.08148148148148149
39627833827393781,rvspecfit-main-bright-4.fits,13.174223,6420.133,4.8545375,-1.9718909,source_holdout,source_holdout_clean,source_only,teff,-1,1.0,6420.1328125,6317.529167683916,-102.60364481608394,102.60364481608394,3.4287929408782776,0.2
39627827775016893,rvspecfit-main-bright-4.fits,23.18716,3854.7473,4.555817,-0.0035949063,source_holdout,source_holdout_clean,source_only,teff,-1,1.0,3854.747314453125,3709.5436784871413,-145.20363596598372,145.20363596598372,3.954367250745914,0.3314814814814815
39627827775014949,rvspecfit-main-bright-4.fits,29.762403,5213.836,4.819805,-0.3014833,source_holdout,source_holdout_clean,source_only,teff,-1,1.0,5213.8359375,5154.754865722654,-59.08107177734564,59.08107177734564,3.2676071192199028,0.16296296296296298
39627845923770802,rvspecfit-main-bright-5.fits,58.199036,4515.423,4.7505956,-0.5339174,source_holdout,source_holdout_clean,source_only,teff,-1,1.0,4515.4228515625,4478.9448166910815,-36.47803487141846,36.47803487141846,2.309144473021415,0.020370370370370372
39627839879777323,rvspecfit-main-bright-5.fits,20.717304,3352.7651,4.658394,-8.4417335e-09,source_holdout,source_holdout_clean,source_only,teff,-1,1.0,3352.76513671875,3484.567004496255,131.80186777750487,131.80186777750487,6.47830575206705,0.6666666666666666
39627839879777921,rvspecfit-main-bright-5.fits,29.910242,6117.2104,3.8356934,-1.6474502,source_holdout,source_holdout_clean,source_only,teff,-1,1.0,6117.21044921875,6117.08963236491,-0.12081685383964214,0.12081685383964214,2.6975712846338555,0.05185185185185185
39627833839977290,rvspecfit-main-bright-5.fits,38.22706,5169.7407,4.783004,-1.1261021,source_holdout,source_holdout_clean,source_only,teff,-1,1.0,5169.74072265625,5414.570027669271,244.82930501302144,244.82930501302144,2.5693250919424275,0.046296296296296294
39627839879776070,rvspecfit-main-bright-5.fits,21.219952,4032.2673,4.5472283,-0.47774446,source_holdout,source_holdout_clean,source_only,teff,-1,1.0,4032.267333984375,4135.859932759602,103.59259877522709,103.59259877522709,5.371619703405362,0.5611111111111111
39627845919572275,rvspecfit-main-bright-5.fits,42.21428,5829.848,4.7958584,-0.70737684,source_holdout,source_holdout_clean,source_only,teff,-1,1.0,5829.84814453125,5650.30719075521,-179.54095377603971,179.54095377603971,1.8888052492428933,0.0
39627851959371754,rvspecfit-main-bright-5.fits,35.04647,3805.0925,4.542691,-0.24058925,source_holdout,source_holdout_clean,source_only,teff,-1,1.0,3805.092529296875,3774.462670593262,-30.62985870361308,30.62985870361308,2.651662324532724,0.05
39627845911188213,rvspecfit-main-bright-5.fits,12.291788,4816.813,4.759955,-0.4154822,source_holdout,source_holdout_clean,source_only,teff,-1,1.0,4816.81298828125,4820.837719014488,4.024730733238357,4.024730733238357,4.340152517463983,0.4166666666666667
39627851950985990,rvspecfit-main-bright-5.fits,27.416634,3358.4602,4.043012,-0.45926487,source_holdout,source_holdout_clean,source_only,teff,-1,1.0,3358.460205078125,3583.3223452758775,224.86214019775252,224.86214019775252,3.5235126591760912,0.21666666666666667
39627851950983368,rvspecfit-main-bright-5.fits,35.353436,5063.388,5.0673513,-0.53643554,source_holdout,source_holdout_clean,source_only,teff,-1,1.0,5063.38818359375,5051.131124471025,-12.257059122724968,12.257059122724968,2.4305550140200265,0.03518518518518519
39627851950984098,rvspecfit-main-bright-5.fits,21.118452,5144.1636,2.4571316,-0.7537611,source_holdout,source_holdout_clean,source_only,teff,-1,1.0,5144.16357421875,5542.278588460289,398.11501424153903,398.11501424153903,3.723384734603984,0.2777777777777778
39627851955178631,rvspecfit-main-bright-5.fits,66.58304,5432.3857,4.7988577,0.070537545,source_holdout,source_holdout_clean,source_only,teff,-1,1.0,5432.3857421875,5164.942937011718,-267.44280517578227,267.44280517578227,2.426314350042791,0.03518518518518519
39627839875582733,rvspecfit-main-bright-5.fits,15.089906,3493.4248,4.851405,-2.0092371e-05,source_holdout,source_holdout_clean,source_only,teff,-1,1.0,3493.4248046875,3549.1399956258115,55.71519093831148,55.71519093831148,4.922013268989264,0.5037037037037037
39627851950984488,rvspecfit-main-bright-5.fits,26.844744,5348.9736,5.0259514,-0.5760964,source_holdout,source_holdout_clean,source_only,teff,-1,1.0,5348.9736328125,5290.273999430342,-58.69963338215803,58.69963338215803,2.56210180144173,0.046296296296296294
39627845919574013,rvspecfit-main-bright-5.fits,20.59049,3939.1213,4.8171353,-0.11920797,source_holdout,source_holdout_clean,source_only,teff,-1,1.0,3939.121337890625,3919.718331400553,-19.40300649007213,19.40300649007213,3.5804667533062133,0.23333333333333334
39627851950984360,rvspecfit-main-bright-5.fits,11.34787,5878.607,4.6368484,-1.75,source_holdout,source_holdout_clean,source_only,teff,-1,1.0,5878.60693359375,6129.78486022949,251.17792663573982,251.17792663573982,5.290343807601733,0.55
39627845911186372,rvspecfit-main-bright-5.fits,41.981564,3941.9863,4.7310076,-0.3669035,source_holdout,source_holdout_clean,source_only,teff,-1,1.0,3941.986328125,4007.585686747232,65.5993586222321,65.5993586222321,5.02909128828289,0.524074074074074
39627839871386558,rvspecfit-main-bright-5.fits,28.686684,4805.0225,4.729151,-0.044067696,source_holdout,source_holdout_clean,source_only,teff,-1,1.0,4805.0224609375,4584.8816827392575,-220.14077819824251,220.14077819824251,5.143274742104825,0.5351851851851852
39627833839976693,rvspecfit-main-bright-5.fits,12.101598,4565.834,4.9270644,-0.6339082,source_holdout,source_holdout_clean,source_only,teff,-1,1.0,4565.833984375,4555.62149190267,-10.212492472330268,10.212492472330268,6.037558603083212,0.6277777777777778
39627839883969908,rvspecfit-main-bright-5.fits,20.937347,3788.294,4.6444893,-0.380443,source_holdout,source_holdout_clean,source_only,teff,-1,1.0,3788.2939453125,3912.092741800946,123.79879648844599,123.79879648844599,3.075239920790498,0.12777777777777777
39627839883968927,rvspecfit-main-bright-5.fits,35.266613,5325.624,4.885683,-0.19398142,source_holdout,source_holdout_clean,source_only,teff,-1,1.0,5325.6240234375,5208.322881266274,-117.30114217122627,117.30114217122627,2.334476162279502,0.020370370370370372
39627839879778503,rvspecfit-main-bright-5.fits,18.156084,3967.0608,4.3934913,-0.2819738,source_holdout,source_holdout_clean,source_only,teff,-1,1.0,3967.060791015625,4024.9323840332045,57.87159301757947,57.87159301757947,2.7357149741633524,0.06111111111111111
39627839883970590,rvspecfit-main-bright-5.fits,27.931559,5675.8076,4.6245646,-0.5384411,source_holdout,source_holdout_clean,source_only,teff,-1,1.0,5675.8076171875,5558.410121866865,-117.39749532063524,117.39749532063524,2.001024547209679,0.003703703703703704
39627845923770018,rvspecfit-main-bright-5.fits,11.664027,5860.6504,4.622532,-0.6391969,source_holdout,source_holdout_clean,source_only,teff,-1,1.0,5860.650390625,5979.85577758789,119.20538696288986,119.20538696288986,3.7822413717899446,0.2962962962962963
39627851959372671,rvspecfit-main-bright-5.fits,28.040663,4641.6367,4.730126,-0.22783598,source_holdout,source_holdout_clean,source_only,teff,-1,1.0,4641.63671875,4477.5432005818675,-164.0935181681325,164.0935181681325,3.330337564732198,0.1814814814814815
39627839846224263,rvspecfit-main-bright-6.fits,37.68445,3973.9297,4.474684,-0.21151248,source_holdout,source_holdout_clean,source_only,teff,-1,1.0,3973.9296875,3973.64704671224,-0.2826407877601014,0.2826407877601014,3.7810180501641715,0.2962962962962963
39627827770824341,rvspecfit-main-bright-6.fits,39.11204,5971.67,4.228228,-0.75,source_holdout,source_holdout_clean,source_only,teff,-1,1.0,5971.669921875,5856.449793701173,-115.2201281738271,115.2201281738271,3.2807488802871045,0.1648148148148148
39627833810622162,rvspecfit-main-bright-6.fits,14.81044,5158.257,4.8984466,-0.32266006,source_holdout,source_holdout_clean,source_only,teff,-1,1.0,5158.2568359375,5038.285463256839,-119.97137268066126,119.97137268066126,4.235153880397637,0.3925925925925926
39627839842030804,rvspecfit-main-bright-6.fits,14.139059,3973.0508,4.4075265,-0.52608746,source_holdout,source_holdout_clean,source_only,teff,-1,1.0,3973.05078125,4024.5748260498053,51.524044799805324,51.524044799805324,4.266557167345384,0.39814814814814814
39627845890213849,rvspecfit-main-bright-6.fits,29.227415,5672.576,4.8962326,-0.5424338,source_holdout,source_holdout_clean,source_only,teff,-1,1.0,5672.576171875,5543.885844726564,-128.69032714843615,128.69032714843615,3.6109173296830814,0.24074074074074073
39627845890216372,rvspecfit-main-bright-6.fits,16.12363,3854.019,4.7166104,-0.6180201,source_holdout,source_holdout_clean,source_only,teff,-1,1.0,3854.01904296875,4018.720508829753,164.70146586100282,164.70146586100282,4.655584444387981,0.4685185185185185
39627857990784360,rvspecfit-main-bright-7.fits,70.7617,6118.4404,4.3919115,-0.75,source_holdout,source_holdout_clean,source_only,teff,-1,1.0,6118.4404296875,6060.631809895833,-57.8086197916673,57.8086197916673,1.8413353711208817,0.0
39627851950986065,rvspecfit-main-bright-7.fits,52.087753,6169.199,3.8958325,-0.9864679,source_holdout,source_holdout_clean,source_only,teff,-1,1.0,6169.19921875,6014.48482421875,-154.71439453125004,154.71439453125004,2.165033459748623,0.009259259259259259
39627851950984641,rvspecfit-main-bright-7.fits,48.987057,4473.0527,4.6994743,-0.27750236,source_holdout,source_holdout_clean,source_only,teff,-1,1.0,4473.052734375,4321.383509114585,-151.66922526041526,151.66922526041526,2.767277507067113,0.06666666666666667
39627839816860543,rvspecfit-main-bright-8.fits,32.721638,4987.3354,4.8711786,-0.64991444,source_holdout,source_holdout_clean,source_only,teff,-1,1.0,4987.33544921875,5010.162988281249,22.827539062499454,22.827539062499454,4.111473787555762,0.36666666666666664
39627839812672584,rvspecfit-main-bright-8.fits,17.458675,5673.2114,4.6356673,-0.62852657,source_holdout,source_holdout_clean,source_only,teff,-1,1.0,5673.21142578125,5793.673704223637,120.46227844238729,120.46227844238729,3.353744152854158,0.18518518518518517
39627839812670699,rvspecfit-main-bright-8.fits,38.237263,5925.2104,4.751291,-0.46446776,source_holdout,source_holdout_clean,source_only,teff,-1,1.0,5925.21044921875,5734.978322550459,-190.23212666829113,190.23212666829113,2.699160239392119,0.053703703703703705
39627827733070736,rvspecfit-main-bright-8.fits,18.087793,3788.903,4.9236155,0.25,source_holdout,source_holdout_clean,source_only,teff,-1,1.0,3788.903076171875,3699.8512347412093,-89.05184143066572,89.05184143066572,4.778452243092625,0.48333333333333334
39627821693276035,rvspecfit-main-bright-8.fits,32.762997,5969.2407,4.279692,-0.7958698,source_holdout,source_holdout_clean,source_only,teff,-1,1.0,5969.24072265625,5979.624995524082,10.384272867831896,10.384272867831896,2.204636365615881,0.014814814814814815
39627833777065558,rvspecfit-main-bright-8.fits,12.767948,3951.9734,4.758648,0.04707949,source_holdout,source_holdout_clean,source_only,teff,-1,1.0,3951.973388671875,3970.040779724124,18.06739105224915,18.06739105224915,6.1081148301659365,0.6370370370370371
39627827741465882,rvspecfit-main-bright-8.fits,23.349905,4561.071,4.6857567,-0.70336413,source_holdout,source_holdout_clean,source_only,teff,-1,1.0,4561.07080078125,4624.655383605959,63.58458282470929,63.58458282470929,3.7562772771406316,0.28888888888888886
39627839812670659,rvspecfit-main-bright-8.fits,67.747925,5466.345,4.792107,-0.09665485,source_holdout,source_holdout_clean,source_only,teff,-1,1.0,5466.34521484375,5410.891865234376,-55.45334960937362,55.45334960937362,2.611151986924961,0.04814814814814815
39627833772873072,rvspecfit-main-bright-8.fits,11.543327,3344.0674,4.9933977,-6.7715398e-09,source_holdout,source_holdout_clean,source_only,teff,-1,1.0,3344.0673828125,3404.436288452149,60.3689056396488,60.3689056396488,6.257242410516012,0.6481481481481481
39627839812669975,rvspecfit-main-bright-8.fits,29.673326,5147.977,2.2214344,-0.6992384,source_holdout,source_holdout_clean,source_only,teff,-1,1.0,5147.97705078125,5557.58515736898,409.6081065877297,409.6081065877297,4.463519898607786,0.4351851851851852
39627839812672807,rvspecfit-main-bright-8.fits,10.229689,3960.4915,4.523227,-0.5141485,source_holdout,source_holdout_clean,source_only,teff,-1,1.0,3960.491455078125,4424.975162048338,464.48370697021255,464.48370697021255,7.014593820515111,0.7092592592592593
39627839812669309,rvspecfit-main-bright-8.fits,10.041917,5112.64,2.5311203,-0.9058126,source_holdout,source_holdout_clean,source_only,teff,-1,1.0,5112.64013671875,5813.428618774411,700.788482055661,700.788482055661,5.535266987979527,0.5777777777777777
39627833781261616,rvspecfit-main-bright-8.fits,15.462614,5079.574,4.865364,-1.25,source_holdout,source_holdout_clean,source_only,teff,-1,1.0,5079.57421875,6031.390970865884,951.8167521158839,951.8167521158839,4.711833694493071,0.4740740740740741
39627833781257342,rvspecfit-main-bright-8.fits,17.523178,6078.532,4.3207583,-2.889843,source_holdout,source_holdout_clean,source_only,teff,-1,1.0,6078.5322265625,6354.576933593746,276.0447070312457,276.0447070312457,2.7545400652012844,0.06296296296296296
39627839816859844,rvspecfit-main-bright-8.fits,12.712848,3319.7056,4.7985024,-2.5167144e-09,source_holdout,source_holdout_clean,source_only,teff,-1,1.0,3319.70556640625,3373.0077690633125,53.30220265706248,53.30220265706248,5.872375452375968,0.6074074074074074
39627839812672733,rvspecfit-main-bright-8.fits,11.827734,6059.0156,3.7518787,-1.4329317,source_holdout,source_holdout_clean,source_only,teff,-1,1.0,6059.015625,5976.833592122394,-82.1820328776057,82.1820328776057,4.113732157213041,0.36666666666666664
39627821697469375,rvspecfit-main-bright-8.fits,16.405333,3851.9175,4.4098344,-0.5288464,source_holdout,source_holdout_clean,source_only,teff,-1,1.0,3851.91748046875,3964.4732519531262,112.55577148437624,112.55577148437624,4.285244431016248,0.40555555555555556
39627833785450581,rvspecfit-main-bright-8.fits,10.057168,4114.629,4.4509463,-0.55450344,source_holdout,source_holdout_clean,source_only,teff,-1,1.0,4114.62890625,4203.607124837239,88.9782185872391,88.9782185872391,5.459619104790215,0.5685185185185185
39627827745656776,rvspecfit-main-bright-8.fits,10.449086,4146.233,4.3544865,-0.6406455,source_holdout,source_holdout_clean,source_only,teff,-1,1.0,4146.23291015625,4178.998860778811,32.76595062256092,32.76595062256092,4.644274235184281,0.4666666666666667
39627827741465156,rvspecfit-main-bright-8.fits,15.143387,4925.3823,4.671121,-0.60524035,source_holdout,source_holdout_clean,source_only,teff,-1,1.0,4925.38232421875,5087.83985148112,162.4575272623697,162.4575272623697,3.705813079188248,0.2759259259259259
39627827733077165,rvspecfit-main-bright-8.fits,13.501539,5799.9956,3.949236,-1.9999129,source_holdout,source_holdout_clean,source_only,teff,-1,1.0,5799.99560546875,5918.337742919918,118.34213745116813,118.34213745116813,3.379515294537183,0.1925925925925926
39627827733070202,rvspecfit-main-bright-8.fits,22.563013,5515.5884,4.840002,-0.5918392,source_holdout,source_holdout_clean,source_only,teff,-1,1.0,5515.58837890625,5497.377854410808,-18.21052449544186,18.21052449544186,2.715290057327702,0.05740740740740741
39627821697472553,rvspecfit-main-bright-8.fits,21.351917,6462.012,4.279024,-2.8977134,source_holdout,source_holdout_clean,source_only,teff,-1,1.0,6462.01220703125,6270.54221659342,-191.46999043783035,191.46999043783035,2.4280221193230176,0.03518518518518519
39627857948838840,rvspecfit-main-bright-9.fits,47.78757,5887.5474,3.5600655,-1.83259,source_holdout,source_holdout_clean,source_only,teff,-1,1.0,5887.54736328125,6083.838427530923,196.29106424967267,196.29106424967267,1.6795865998498662,0.0
39627851909044289,rvspecfit-main-bright-9.fits,28.965052,5779.702,4.6419196,-0.9400689,source_holdout,source_holdout_clean,source_only,teff,-1,1.0,5779.7021484375,5903.768666178385,124.06651774088459,124.06651774088459,2.43014075225124,0.03518518518518519
39627851909041816,rvspecfit-main-bright-9.fits,37.74704,5649.3677,4.585278,-0.36139774,source_holdout,source_holdout_clean,source_only,teff,-1,1.0,5649.36767578125,5540.528537597656,-108.8391381835936,108.8391381835936,2.278785865141634,0.020370370370370372
39627827749850242,rvspecfit-main-bright-9.fits,13.389119,4829.231,4.831749,-0.58654714,source_holdout,source_holdout_clean,source_only,teff,-1,1.0,4829.23095703125,4883.659708353681,54.4287513224308,54.4287513224308,5.510079378049469,0.5722222222222222
39627845860854223,rvspecfit-main-bright-9.fits,21.683558,5312.3267,4.749075,-0.7059915,source_holdout,source_holdout_clean,source_only,teff,-1,1.0,5312.32666015625,5410.670595906574,98.34393575032391,98.34393575032391,3.5500493739111483,0.22777777777777777
39627839816865025,rvspecfit-main-bright-9.fits,14.405075,4559.9023,4.6895595,-0.6846649,source_holdout,source_holdout_clean,source_only,teff,-1,1.0,4559.90234375,4570.120634053546,10.218290303546382,10.218290303546382,3.7487050653387888,0.28888888888888886
39627839825248751,rvspecfit-main-bright-9.fits,16.708359,5623.7134,3.8698251,-0.6395888,source_holdout,source_holdout_clean,source_only,teff,-1,1.0,5623.71337890625,5763.071748453778,139.35836954752813,139.35836954752813,3.2292186343808296,0.15185185185185185
39627845865047209,rvspecfit-main-bright-9.fits,17.137741,5721.9053,5.087989,-0.47012925,source_holdout,source_holdout_clean,source_only,teff,-1,1.0,5721.9052734375,5447.621894734703,-274.28337870279665,274.28337870279665,3.3580304653598616,0.18518518518518517
39627839821054819,rvspecfit-main-bright-9.fits,18.219913,5742.3164,4.830802,-1.4137065,source_holdout,source_holdout_clean,source_only,teff,-1,1.0,5742.31640625,6048.76605061849,306.4496443684902,306.4496443684902,3.849161367916644,0.31296296296296294
39627839825255430,rvspecfit-main-bright-9.fits,35.821304,3585.594,5.0,0.25,source_holdout,source_holdout_clean,source_only,teff,-1,1.0,3585.593994140625,3503.4387544759106,-82.15523966471437,82.15523966471437,3.153984939395299,0.1425925925925926
39627845865048506,rvspecfit-main-bright-9.fits,13.513905,3639.334,4.6771107,-0.49999994,source_holdout,source_holdout_clean,source_only,teff,-1,1.0,3639.333984375,3751.070699259441,111.73671488444097,111.73671488444097,4.081795580609974,0.3537037037037037
39627845860853149,rvspecfit-main-bright-9.fits,29.972689,5548.4204,4.7709064,-0.5177367,source_holdout,source_holdout_clean,source_only,teff,-1,1.0,5548.42041015625,5576.390977579754,27.97056742350378,27.97056742350378,2.368904912911049,0.022222222222222223
39627833785457292,rvspecfit-main-bright-9.fits,23.886591,5238.164,5.034228,-0.68437576,source_holdout,source_holdout_clean,source_only,teff,-1,1.0,5238.1640625,5371.672216186524,133.50815368652366,133.50815368652366,3.3894047016169964,0.19444444444444445
39627851909043665,rvspecfit-main-bright-9.fits,15.489862,5427.4233,4.863215,-0.6448708,source_holdout,source_holdout_clean,source_only,teff,-1,1.0,5427.42333984375,5460.859134724935,33.43579488118485,33.43579488118485,2.7973688672431325,0.07222222222222222
39627851909044675,rvspecfit-main-bright-9.fits,20.760723,3639.1091,5.025338,0.0017295798,source_holdout,source_holdout_clean,source_only,teff,-1,1.0,3639.109130859375,3543.260469055175,-95.84866180420022,95.84866180420022,4.4770026607876865,0.4351851851851852
39627851909044612,rvspecfit-main-bright-9.fits,31.152905,4570.983,4.6626415,-0.29414445,source_holdout,source_holdout_clean,source_only,teff,-1,1.0,4570.98291015625,4472.154222513833,-98.82868764241721,98.82868764241721,2.624505245422239,0.05
39627851909043394,rvspecfit-main-bright-9.fits,12.160615,3944.3706,4.8714595,0.055278786,source_holdout,source_holdout_clean,source_only,teff,-1,1.0,3944.37060546875,3833.893695678713,-110.4769097900371,110.4769097900371,4.1898729273350925,0.38333333333333336
39627833793840290,rvspecfit-main-bright-9.fits,15.472251,3983.3274,4.6827335,-0.49333048,source_holdout,source_holdout_clean,source_only,teff,-1,1.0,3983.327392578125,4106.610136617022,123.28274403889736,123.28274403889736,4.077893127513975,0.35
39627845873440153,rvspecfit-main-bright-9.fits,22.347937,5166.9233,4.778177,-0.61190706,source_holdout,source_holdout_clean,source_only,teff,-1,1.0,5166.92333984375,5318.284211018882,151.36087117513216,151.36087117513216,2.7452065790909015,0.06111111111111111
39627845869244690,rvspecfit-main-bright-9.fits,12.694894,4903.843,4.6446977,-0.32488066,source_holdout,source_holdout_clean,source_only,teff,-1,1.0,4903.8427734375,5094.108576049804,190.26580261230356,190.26580261230356,4.676089295966878,0.4685185185185185
39627851909043268,rvspecfit-main-bright-9.fits,18.954782,4519.214,4.247784,0.080730714,source_holdout,source_holdout_clean,source_only,teff,-1,1.0,4519.2138671875,4333.248920898437,-185.96494628906294,185.96494628906294,3.6749356001306186,0.26296296296296295
39627851904848181,rvspecfit-main-bright-9.fits,16.895277,4244.756,4.1136284,-0.43229502,source_holdout,source_holdout_clean,source_only,teff,-1,1.0,4244.755859375,4260.488537394207,15.732678019207015,15.732678019207015,4.8002881080189965,0.48518518518518516
39627851909039771,rvspecfit-main-bright-9.fits,26.112993,3953.2205,4.5920477,-0.39715976,source_holdout,source_holdout_clean,source_only,teff,-1,1.0,3953.220458984375,4015.8153813680024,62.59492238362736,62.59492238362736,3.2196695633972565,0.15
39627845869241040,rvspecfit-main-bright-9.fits,16.293951,3472.3618,4.595129,-0.18733022,source_holdout,source_holdout_clean,source_only,teff,-1,1.0,3472.36181640625,3532.974141845704,60.6123254394538,60.6123254394538,4.612604613040699,0.46111111111111114
39627797555054059,rvspecfit-main-bright-0.fits,25.770039,5933.335,4.3744597,-0.728765,source_holdout,source_holdout_clean,source_only,logg,-1,1.0,4.374459743499756,4.404302903910479,0.029843160410723435,0.029843160410723435,4.00415762838823,0.34444444444444444
39627803594854420,rvspecfit-main-bright-0.fits,25.11731,5192.172,4.828961,-0.43341476,source_holdout,source_holdout_clean,source_only,logg,-1,1.0,4.82896089553833,4.84341663936774,0.014455743829409506,0.014455743829409506,4.065192161571839,0.34814814814814815
39627797550865084,rvspecfit-main-bright-0.fits,29.18192,5967.2324,4.4568024,-1.0345173,source_holdout,source_holdout_clean,source_only,logg,-1,1.0,4.4568023681640625,4.337971885402997,-0.11883048276106578,0.11883048276106578,2.2244862736345303,0.016666666666666666
39627803594856578,rvspecfit-main-bright-0.fits,28.47997,5834.933,3.975627,-0.774128,source_holdout,source_holdout_clean,source_only,logg,-1,1.0,3.9756269454956055,4.468641250928243,0.4930143054326379,0.4930143054326379,3.610099231216367,0.23703703703703705
39627803594852215,rvspecfit-main-bright-0.fits,14.196906,3528.8555,4.4331665,-3.1253588e-08,source_holdout,source_holdout_clean,source_only,logg,-1,1.0,4.43316650390625,4.648226106961567,0.2150596030553169,0.2150596030553169,5.675484035520125,0.5962962962962963
39627803594856334,rvspecfit-main-bright-0.fits,12.765561,5073.9175,4.8069735,-0.7760475,source_holdout,source_holdout_clean,source_only,logg,-1,1.0,4.806973457336426,4.7289748319983484,-0.07799862533807733,0.07799862533807733,4.080023372060961,0.35
39627809638843886,rvspecfit-main-bright-0.fits,25.254856,5538.9707,4.6776648,-1.3598263,source_holdout,source_holdout_clean,source_only,logg,-1,1.0,4.677664756774902,3.919766980310277,-0.7578977764646253,0.7578977764646253,3.2901626406280866,0.17037037037037037
39627803599052837,rvspecfit-main-bright-0.fits,47.80544,6099.9966,4.5420027,-1.4265354,source_holdout,source_holdout_clean,source_only,logg,-1,1.0,4.5420026779174805,4.3376171990235655,-0.204385478893915,0.204385478893915,3.0429494789163454,0.12037037037037036
39627809643037702,rvspecfit-main-bright-0.fits,33.05582,5980.165,4.039836,-0.9253463,source_holdout,source_holdout_clean,source_only,logg,-1,1.0,4.0398359298706055,4.518452437122664,0.47861650725205873,0.47861650725205873,2.4464015587724552,0.03518518518518519
39627797567638472,rvspecfit-main-bright-0.fits,14.585838,3552.5896,4.827148,-3.1885524e-08,source_holdout,source_holdout_clean,source_only,logg,-1,1.0,4.827147960662842,4.642397509515285,-0.18475045114755684,0.18475045114755684,4.260574381814355,0.39814814814814814
39627791527841990,rvspecfit-main-bright-0.fits,38.86436,5655.909,4.8632197,-0.7191091,source_holdout,source_holdout_clean,source_only,logg,-1,1.0,4.863219738006592,4.638876525561014,-0.22434321244557776,0.22434321244557776,2.3025954380854725,0.020370370370370372
39627809638846529,rvspecfit-main-bright-0.fits,18.408873,5130.1846,2.5442505,-0.7162849,source_holdout,source_holdout_clean,source_only,logg,-1,1.0,2.54425048828125,3.279859012266001,0.7356085239847512,0.7356085239847512,5.297954738596199,0.55
39627803603243052,rvspecfit-main-bright-0.fits,17.307343,4646.6846,4.625856,-0.24500641,source_holdout,source_holdout_clean,source_only,logg,-1,1.0,4.625855922698975,4.625759664475916,-9.625822305903142e-05,9.625822305903142e-05,5.065990324298618,0.5259259259259259
39627809647233020,rvspecfit-main-bright-0.fits,14.275092,5499.999,2.6491766,-1.4284428,source_holdout,source_holdout_clean,source_only,logg,-1,1.0,2.649176597595215,3.84046049942573,1.191283901830515,1.191283901830515,4.8003827540649056,0.48518518518518516
39627791527838252,rvspecfit-main-bright-0.fits,11.030782,4355.712,4.242638,-0.39427254,source_holdout,source_holdout_clean,source_only,logg,-1,1.0,4.242638111114502,4.599214361310005,0.356576250195503,0.356576250195503,3.7481498278420506,0.28888888888888886
39627797563444474,rvspecfit-main-bright-0.fits,27.962894,5314.067,4.968911,-0.29762325,source_holdout,source_holdout_clean,source_only,logg,-1,1.0,4.968911170959473,4.788700791200004,-0.18021037975946896,0.18021037975946896,2.6634596500377126,0.05
39627827775013373,rvspecfit-main-bright-1.fits,39.061436,5582.5454,5.1279864,-0.63674533,source_holdout,source_holdout_clean,source_only,logg,-1,1.0,5.127986431121826,4.92255999684334,-0.20542643427848617,0.20542643427848617,3.021780863500892,0.11851851851851852
39627815687030584,rvspecfit-main-bright-1.fits,19.394766,4648.9683,4.767465,-0.61063683,source_holdout,source_holdout_clean,source_only,logg,-1,1.0,4.767465114593506,4.715808591345948,-0.05165652324755765,0.05165652324755765,4.275057240226036,0.40185185185185185
39627815682842837,rvspecfit-main-bright-1.fits,22.882843,5729.2544,4.610091,-1.7405462,source_holdout,source_holdout_clean,source_only,logg,-1,1.0,4.610091209411621,4.283806687196094,-0.32628452221552706,0.32628452221552706,3.371609063160533,0.18703703703703703
39627815682838215,rvspecfit-main-bright-1.fits,14.909275,5200.001,2.6381724,-0.75000024,source_holdout,source_holdout_clean,source_only,logg,-1,1.0,2.6381723880767822,3.3291360452771204,0.6909636572003381,0.6909636572003381,4.870134678081449,0.4981481481481482
39627821726832087,rvspecfit-main-bright-1.fits,10.1174965,3990.4856,4.5,-0.5635368,source_holdout,source_holdout_clean,source_only,logg,-1,1.0,4.5,4.632050043543181,0.13205004354318106,0.13205004354318106,4.982787811998765,0.5111111111111111
39627821726832204,rvspecfit-main-bright-1.fits,29.541725,5825.152,4.4116573,-0.52552813,source_holdout,source_holdout_clean,source_only,logg,-1,1.0,4.411657333374023,4.629101376136145,0.21744404276212137,0.21744404276212137,3.522634246499504,0.21666666666666667
39627815682840672,rvspecfit-main-bright-1.fits,11.9453945,3733.706,4.725037,-0.24999999,source_holdout,source_holdout_clean,source_only,logg,-1,1.0,4.725037097930908,4.5433375669519105,-0.18169953097899771,0.18169953097899771,6.173714456052079,0.6425925925925926
39627815687034177,rvspecfit-main-bright-1.fits,35.36645,5115.736,4.9753127,-0.39662126,source_holdout,source_holdout_clean,source_only,logg,-1,1.0,4.97531270980835,4.915647532343867,-0.059665177464482966,0.059665177464482966,3.039077211624203,0.12037037037037036
39627815687034137,rvspecfit-main-bright-1.fits,19.789078,5419.0073,2.7329383,-0.73714966,source_holdout,source_holdout_clean,source_only,logg,-1,1.0,2.732938289642334,3.5288566797971725,0.7959183901548386,0.7959183901548386,4.605140241591535,0.45925925925925926
39627815687033273,rvspecfit-main-bright-1.fits,19.66653,6126.756,3.9193497,-1.9372989,source_holdout,source_holdout_clean,source_only,logg,-1,1.0,3.9193496704101562,4.141192580759526,0.22184291034936976,0.22184291034936976,3.071333248846105,0.12777777777777777
39627815687035169,rvspecfit-main-bright-1.fits,14.371497,3567.6287,4.767287,-0.50000006,source_holdout,source_holdout_clean,source_only,logg,-1,1.0,4.767286777496338,4.6961685842275624,-0.07111819326877544,0.07111819326877544,5.312319677476914,0.55
39627815691226341,rvspecfit-main-bright-1.fits,18.741198,6087.9946,4.211149,-1.75,source_holdout,source_holdout_clean,source_only,logg,-1,1.0,4.211149215698242,4.172284870445728,-0.03886434525251392,0.03886434525251392,3.181472973306126,0.14444444444444443
39627815703806600,rvspecfit-main-bright-1.fits,20.712364,4876.2544,4.7563953,-0.5194689,source_holdout,source_holdout_clean,source_only,logg,-1,1.0,4.75639533996582,4.67459692011277,-0.08179841985305014,0.08179841985305014,5.3831338837062335,0.5611111111111111
39627809655620581,rvspecfit-main-bright-1.fits,11.505546,3406.5725,4.3075128,-0.2512675,source_holdout,source_holdout_clean,source_only,logg,-1,1.0,4.3075127601623535,4.646371217469374,0.3388584573070208,0.3388584573070208,5.717318177366827,0.6018518518518519
39627803615822636,rvspecfit-main-bright-1.fits,27.821482,4130.0557,4.815502,-0.1914478,source_holdout,source_holdout_clean,source_only,logg,-1,1.0,4.815502166748047,4.57403464158376,-0.24146752516428727,0.24146752516428727,4.950530593374068,0.5092592592592593
39627821731024722,rvspecfit-main-bright-1.fits,26.488497,3848.8965,4.69977,0.18254822,source_holdout,source_holdout_clean,source_only,logg,-1,1.0,4.699769973754883,4.539852346579236,-0.15991762717564662,0.15991762717564662,4.724836587876164,0.4777777777777778
39627821731022359,rvspecfit-main-bright-1.fits,29.06096,4617.5776,4.7657123,-0.7961772,source_holdout,source_holdout_clean,source_only,logg,-1,1.0,4.765712261199951,4.780536385476587,0.014824124276636041,0.014824124276636041,4.106202271599413,0.36666666666666664
39627809651426096,rvspecfit-main-bright-1.fits,19.828865,3790.3337,4.5242043,-0.5254817,source_holdout,source_holdout_clean,source_only,logg,-1,1.0,4.524204254150391,4.618867068390053,0.09466281423966194,0.09466281423966194,4.75606093292237,0.48333333333333334
39627809626262382,rvspecfit-main-bright-2.fits,13.217915,5880.711,4.6759195,-1.5200524,source_holdout,source_holdout_clean,source_only,logg,-1,1.0,4.675919532775879,4.194336744646231,-0.48158278812964816,0.48158278812964816,4.9218839838117825,0.5037037037037037
39627803586465384,rvspecfit-main-bright-2.fits,20.625483,3849.7017,4.606526,-0.9035652,source_holdout,source_holdout_clean,source_only,logg,-1,1.0,4.606525897979736,4.5522540447115905,-0.054271853268145875,0.054271853268145875,4.998533904938815,0.5203703703703704
39627815666062804,rvspecfit-main-bright-2.fits,11.486521,4470.529,4.175713,-0.5429244,source_holdout,source_holdout_clean,source_only,logg,-1,1.0,4.175713062286377,4.711382877727349,0.535669815440972,0.535669815440972,5.505321125601592,0.5722222222222222
39627803590657079,rvspecfit-main-bright-2.fits,15.38988,3419.8584,4.538442,0.019656142,source_holdout,source_holdout_clean,source_only,logg,-1,1.0,4.538442134857178,4.698540696998435,0.16009856214125762,0.16009856214125762,6.18963805855389,0.6444444444444445
39627797550860289,rvspecfit-main-bright-2.fits,39.145744,5549.2188,4.636974,-0.3780223,source_holdout,source_holdout_clean,source_only,logg,-1,1.0,4.636973857879639,4.818994949062665,0.18202109118302623,0.18202109118302623,4.331893765648222,0.4148148148148148
39627815674446512,rvspecfit-main-bright-2.fits,13.510458,4757.154,4.668223,-0.7294396,source_holdout,source_holdout_clean,source_only,logg,-1,1.0,4.668222904205322,4.633892127573489,-0.03433077663183326,0.03433077663183326,5.379019539244306,0.5611111111111111
39627821710056081,rvspecfit-main-bright-2.fits,14.372349,5173.5776,4.879602,-0.6280581,source_holdout,source_holdout_clean,source_only,logg,-1,1.0,4.879601955413818,4.778388767937818,-0.1012131874760005,0.1012131874760005,4.783848217400102,0.48333333333333334
39627815670255483,rvspecfit-main-bright-2.fits,18.47636,3264.4692,4.4813795,-0.25,source_holdout,source_holdout_clean,source_only,logg,-1,1.0,4.481379508972168,4.650452369054158,0.1690728600819904,0.1690728600819904,5.409861281575124,0.5611111111111111
39627809634652517,rvspecfit-main-bright-2.fits,10.531586,4634.3506,4.654203,-0.66354084,source_holdout,source_holdout_clean,source_only,logg,-1,1.0,4.654202938079834,4.651401548683642,-0.002801389396191567,0.002801389396191567,5.453141353260678,0.5685185185185185
39627815661865775,rvspecfit-main-bright-2.fits,32.139385,5821.82,4.696583,-0.60589206,source_holdout,source_holdout_clean,source_only,logg,-1,1.0,4.696582794189453,4.497082070708276,-0.19950072348117676,0.19950072348117676,2.5349989562004374,0.044444444444444446
39627803594851309,rvspecfit-main-bright-2.fits,16.364233,4039.3142,4.3577476,-0.16311127,source_holdout,source_holdout_clean,source_only,logg,-1,1.0,4.357747554779053,4.595963940521082,0.23821638574202897,0.23821638574202897,5.060244408408235,0.5259259259259259
39627809630456059,rvspecfit-main-bright-2.fits,31.716152,5653.161,4.729489,-0.35176328,source_holdout,source_holdout_clean,source_only,logg,-1,1.0,4.729488849639893,4.797168370584645,0.06767952094475227,0.06767952094475227,3.734886932902761,0.2814814814814815
39627809622066920,rvspecfit-main-bright-2.fits,29.56552,4055.8792,4.6014476,-0.20316944,source_holdout,source_holdout_clean,source_only,logg,-1,1.0,4.601447582244873,4.596904588838418,-0.004542993406454698,0.004542993406454698,3.8042520134622526,0.3037037037037037
39627815666059119,rvspecfit-main-bright-2.fits,16.926617,5386.4546,5.173077,-0.6118051,source_holdout,source_holdout_clean,source_only,logg,-1,1.0,5.17307710647583,4.877663296858469,-0.29541380961736063,0.29541380961736063,3.991925419503649,0.34444444444444444
39627815666060895,rvspecfit-main-bright-2.fits,42.472977,5331.264,4.9324512,-0.4723397,source_holdout,source_holdout_clean,source_only,logg,-1,1.0,4.932451248168945,4.87940797497829,-0.053043273190655604,0.053043273190655604,3.5068345209732,0.2111111111111111
39627809626262364,rvspecfit-main-bright-2.fits,11.426821,3538.3384,4.7990932,-2.37882e-05,source_holdout,source_holdout_clean,source_only,logg,-1,1.0,4.799093246459961,4.6443934408823635,-0.15469980557759744,0.15469980557759744,6.3238923243304885,0.6537037037037037
39627809622069969,rvspecfit-main-bright-2.fits,47.146626,3846.7625,4.662172,-0.13872,source_holdout,source_holdout_clean,source_only,logg,-1,1.0,4.662171840667725,4.70813377757867,0.04596193691094541,0.04596193691094541,2.6383382669911515,0.05
39627827749848496,rvspecfit-main-bright-2.fits,27.355183,5399.989,3.321622,-1.398623,source_holdout,source_holdout_clean,source_only,logg,-1,1.0,3.321621894836426,4.415855926275253,1.0942340314388268,1.0942340314388268,3.4723326074964813,0.20555555555555555
39627821705860820,rvspecfit-main-bright-2.fits,34.099068,5847.3438,4.671578,-1.4983106,source_holdout,source_holdout_clean,source_only,logg,-1,1.0,4.6715779304504395,4.277248639861742,-0.39432929058869703,0.39432929058869703,3.758315965582902,0.28888888888888886
39627815674449581,rvspecfit-main-bright-2.fits,13.48949,5792.788,4.7165213,-0.5580153,source_holdout,source_holdout_clean,source_only,logg,-1,1.0,4.716521263122559,4.5695655936002755,-0.14695566952228312,0.14695566952228312,4.4094465746721765,0.42407407407407405
39627809630459118,rvspecfit-main-bright-2.fits,13.282083,5475.7256,4.8019958,-0.63902676,source_holdout,source_holdout_clean,source_only,logg,-1,1.0,4.801995754241943,4.753029987017315,-0.04896576722462864,0.04896576722462864,3.9142480932471106,0.32037037037037036
39627809630460912,rvspecfit-main-bright-2.fits,12.179368,3699.9932,5.0507874,0.25,source_holdout,source_holdout_clean,source_only,logg,-1,1.0,5.050787448883057,4.515499390165012,-0.5352880587180451,0.5352880587180451,6.320413989709843,0.65
39627821710055899,rvspecfit-main-bright-2.fits,24.317644,3424.4392,4.995202,-7.4457542e-09,source_holdout,source_holdout_clean,source_only,logg,-1,1.0,4.99520206451416,4.633466547826924,-0.36173551668723647,0.36173551668723647,5.073472908940512,0.5259259259259259
39627821710050224,rvspecfit-main-bright-2.fits,13.783821,5930.1323,3.5,-1.442121,source_holdout,source_holdout_clean,source_only,logg,-1,1.0,3.5,4.2194738291700675,0.7194738291700675,0.7194738291700675,3.8348950883365847,0.31296296296296294
39627815670256958,rvspecfit-main-bright-2.fits,33.17341,3539.3472,4.3192625,-0.24999994,source_holdout,source_holdout_clean,source_only,logg,-1,1.0,4.319262504577637,4.631536916097004,0.3122744115193674,0.3122744115193674,3.9469088087328705,0.3314814814814815
39627815666064691,rvspecfit-main-bright-2.fits,21.107985,4884.057,4.824358,-0.6790433,source_holdout,source_holdout_clean,source_only,logg,-1,1.0,4.824357986450195,4.864379433492818,0.04002144704262278,0.04002144704262278,4.277275992013337,0.40185185185185185
39627809622066858,rvspecfit-main-bright-2.fits,11.638368,3941.9397,4.5613294,-0.20976058,source_holdout,source_holdout_clean,source_only,logg,-1,1.0,4.561329364776611,4.652314871847629,0.09098550707101793,0.09098550707101793,4.943129344764473,0.5074074074074074
39627821714247491,rvspecfit-main-bright-2.fits,10.511821,6099.9995,3.7331715,-1.5,source_holdout,source_holdout_clean,source_only,logg,-1,1.0,3.7331714630126953,4.124757762352623,0.3915862993399273,0.3915862993399273,4.4140190435424715,0.42592592592592593
39627827749852365,rvspecfit-main-bright-3.fits,22.367079,6430.866,4.4665184,-2.1353698,source_holdout,source_holdout_clean,source_only,logg,-1,1.0,4.466518402099609,4.231612264017264,-0.23490613808234517,0.23490613808234517,3.1500688545172926,0.14074074074074075
39627827749853791,rvspecfit-main-bright-3.fits,31.061192,5937.0537,4.671657,-0.5924776,source_holdout,source_holdout_clean,source_only,logg,-1,1.0,4.671657085418701,4.666922694941363,-0.004734390477338479,0.004734390477338479,3.5858538547643968,0.23333333333333334
39627839842027235,rvspecfit-main-bright-3.fits,10.413524,4255.7646,3.7712116,-0.29332766,source_holdout,source_holdout_clean,source_only,logg,-1,1.0,3.771211624145508,4.533442057867844,0.762230433722336,0.762230433722336,4.877508675752165,0.4981481481481482
39627833802231888,rvspecfit-main-bright-3.fits,13.302268,5252.27,5.0464845,-0.5512155,source_holdout,source_holdout_clean,source_only,logg,-1,1.0,5.046484470367432,4.807114729285242,-0.23936974108218934,0.23936974108218934,3.9351289077891054,0.3277777777777778
39627827762432886,rvspecfit-main-bright-3.fits,25.138403,3610.7712,4.5477123,-0.25,source_holdout,source_holdout_clean,source_only,logg,-1,1.0,4.547712326049805,4.595459135870137,0.047746809820332636,0.047746809820332636,4.6562480864762845,0.4685185185185185
39627827762430597,rvspecfit-main-bright-3.fits,26.81591,4245.767,4.2682157,-0.53313196,source_holdout,source_holdout_clean,source_only,logg,-1,1.0,4.268215656280518,4.548688824574154,0.28047316829363655,0.28047316829363655,3.351998481320648,0.18518518518518517
39627827762430329,rvspecfit-main-bright-3.fits,11.366318,3667.8442,4.317511,0.022638885,source_holdout,source_holdout_clean,source_only,logg,-1,1.0,4.317511081695557,4.583345603545508,0.2658345218499516,0.2658345218499516,5.553997318932353,0.5814814814814815
39627827758241593,rvspecfit-main-bright-3.fits,48.443775,6033.9634,4.1164794,-0.7366164,source_holdout,source_holdout_clean,source_only,logg,-1,1.0,4.116479396820068,4.449319988687834,0.3328405918677655,0.3328405918677655,2.5300470842892286,0.04259259259259259
39627833798038838,rvspecfit-main-bright-3.fits,26.6465,5300.0,2.4999988,-0.9075346,source_holdout,source_holdout_clean,source_only,logg,-1,1.0,2.4999988079071045,3.873417030374209,1.3734182224671043,1.3734182224671043,3.7259176276653068,0.2777777777777778
39627833798040743,rvspecfit-main-bright-3.fits,10.8702755,5787.8257,3.6668594,-1.0666147,source_holdout,source_holdout_clean,source_only,logg,-1,1.0,3.6668593883514404,4.451029698451359,0.7841703100999187,0.7841703100999187,4.318917358275433,0.412962962962963
39627833798038375,rvspecfit-main-bright-3.fits,42.17771,3810.08,4.6831303,-0.09721547,source_holdout,source_holdout_clean,source_only,logg,-1,1.0,4.683130264282227,4.658693534731866,-0.024436729550360248,0.024436729550360248,2.744431069260098,0.06111111111111111
39627827758238307,rvspecfit-main-bright-3.fits,30.130543,5209.673,4.9502754,-0.20569585,source_holdout,source_holdout_clean,source_only,logg,-1,1.0,4.950275421142578,4.824863289992015,-0.12541213115056316,0.12541213115056316,3.5098658974196715,0.21481481481481482
39627833798034904,rvspecfit-main-bright-3.fits,19.791807,6200.0005,4.559546,-0.6082555,source_holdout,source_holdout_clean,source_only,logg,-1,1.0,4.559545993804932,4.512053238948187,-0.04749275485674431,0.04749275485674431,3.140989305865477,0.1388888888888889
39627827758237818,rvspecfit-main-bright-3.fits,11.096011,3955.887,4.5,-0.6056033,source_holdout,source_holdout_clean,source_only,logg,-1,1.0,4.5,4.626602284709612,0.12660228470961243,0.12660228470961243,4.0725601457616,0.35
39627833798034580,rvspecfit-main-bright-3.fits,39.440643,4909.12,4.7919583,0.024622975,source_holdout,source_holdout_clean,source_only,logg,-1,1.0,4.791958332061768,4.671511086026826,-0.12044724603494128,0.12044724603494128,3.2599275165620907,0.15555555555555556
39627833802234127,rvspecfit-main-bright-3.fits,10.664411,5699.997,4.158952,-0.5555121,source_holdout,source_holdout_clean,source_only,logg,-1,1.0,4.158952236175537,4.658449973165987,0.49949773699044986,0.49949773699044986,4.645952921467264,0.4685185185185185
39627827754048392,rvspecfit-main-bright-3.fits,13.101346,5350.0044,4.7735944,-1.0826184,source_holdout,source_holdout_clean,source_only,logg,-1,1.0,4.773594379425049,3.958507524828115,-0.8150868545969336,0.8150868545969336,4.539885087103994,0.45185185185185184
39627827754047440,rvspecfit-main-bright-3.fits,40.260468,4438.1562,4.791903,-0.640746,source_holdout,source_holdout_clean,source_only,logg,-1,1.0,4.791903018951416,4.60804995735486,-0.18385306159655634,0.18385306159655634,3.7647355655506036,0.29259259259259257
39627827766625207,rvspecfit-main-bright-3.fits,16.246984,3727.752,4.7399964,0.13954104,source_holdout,source_holdout_clean,source_only,logg,-1,1.0,4.739996433258057,4.584408921102684,-0.15558751215537292,0.15558751215537292,4.914234047322443,0.5018518518518519
39627827766626467,rvspecfit-main-bright-3.fits,17.387497,5343.958,2.4479477,-0.96625304,source_holdout,source_holdout_clean,source_only,logg,-1,1.0,2.4479477405548096,3.5734593960642824,1.1255116555094729,1.1255116555094729,4.504504173206765,0.44814814814814813
39627815682839146,rvspecfit-main-bright-3.fits,19.975475,3384.267,4.5823526,-0.23283087,source_holdout,source_holdout_clean,source_only,logg,-1,1.0,4.582352638244629,4.695353159606458,0.11300052136182881,0.11300052136182881,4.757634283866141,0.48333333333333334
39627839842029210,rvspecfit-main-bright-3.fits,10.851574,4815.2705,5.1668177,-0.5689885,source_holdout,source_holdout_clean,source_only,logg,-1,1.0,5.166817665100098,4.664467528661093,-0.5023501364390048,0.5023501364390048,5.534233964538277,0.5777777777777777
39627839837831502,rvspecfit-main-bright-3.fits,40.051716,5828.34,4.2675347,-0.6027683,source_holdout,source_holdout_clean,source_only,logg,-1,1.0,4.2675347328186035,4.722006918191908,0.45447218537330425,0.45447218537330425,3.5044312090164076,0.2111111111111111
39627827758239157,rvspecfit-main-bright-3.fits,21.127378,6272.8467,4.5,-2.8560874,source_holdout,source_holdout_clean,source_only,logg,-1,1.0,4.5,4.075844725370406,-0.42415527462959357,0.42415527462959357,2.5978420948980294,0.04814814814814815
39627827758240753,rvspecfit-main-bright-3.fits,33.37967,4342.7646,4.34546,0.07007618,source_holdout,source_holdout_clean,source_only,logg,-1,1.0,4.345459938049316,4.569745136102042,0.2242851980527254,0.2242851980527254,4.273793225290291,0.40185185185185185
39627827770821661,rvspecfit-main-bright-3.fits,12.498432,3628.0664,4.5405626,-0.19909191,source_holdout,source_holdout_clean,source_only,logg,-1,1.0,4.540562629699707,4.674123458564281,0.13356082886457354,0.13356082886457354,4.67923099753554,0.4703703703703704
39627821722640625,rvspecfit-main-bright-3.fits,20.32441,5134.727,4.907078,-1.1418545,source_holdout,source_holdout_clean,source_only,logg,-1,1.0,4.907077789306641,4.790676216582456,-0.11640157272418428,0.11640157272418428,3.3594653141004867,0.18518518518518517
39627827766625370,rvspecfit-main-bright-3.fits,11.565127,4781.942,4.418274,-0.30361015,source_holdout,source_holdout_clean,source_only,logg,-1,1.0,4.41827392578125,4.732062683105466,0.3137887573242164,0.3137887573242164,4.645423377796395,0.4666666666666667
39627821718438925,rvspecfit-main-bright-3.fits,39.363716,4162.4067,4.568495,-0.09737198,source_holdout,source_holdout_clean,source_only,logg,-1,1.0,4.56849479675293,4.607906278173131,0.0394114814202009,0.0394114814202009,4.502753418421632,0.44814814814814813
39627821743606854,rvspecfit-main-bright-4.fits,14.38144,4920.265,4.6967487,-0.44084737,source_holdout,source_holdout_clean,source_only,logg,-1,1.0,4.696748733520508,4.797291852533816,0.10054311901330859,0.10054311901330859,3.8446103025467684,0.31296296296296294
39627815703806550,rvspecfit-main-bright-4.fits,35.24997,6514.052,4.4088807,-0.6617047,source_holdout,source_holdout_clean,source_only,logg,-1,1.0,4.408880710601807,4.301429277459779,-0.10745143314202732,0.10745143314202732,2.615925071644126,0.05
39627821751993331,rvspecfit-main-bright-4.fits,10.845219,3805.717,4.6760206,-0.45505092,source_holdout,source_holdout_clean,source_only,logg,-1,1.0,4.676020622253418,4.586527194480101,-0.08949342777331726,0.08949342777331726,4.649371232960812,0.4685185185185185
39627821739413661,rvspecfit-main-bright-4.fits,49.14275,5999.9966,4.18848,-0.7178064,source_holdout,source_holdout_clean,source_only,logg,-1,1.0,4.188479900360107,4.394516643881797,0.20603674352168966,0.20603674352168966,2.5952325056251855,0.04814814814814815
39627827783403836,rvspecfit-main-bright-4.fits,41.574112,4940.296,4.8818107,-0.47206432,source_holdout,source_holdout_clean,source_only,logg,-1,1.0,4.881810665130615,4.839130449295042,-0.04268021583557324,0.04268021583557324,2.833470288932559,0.08148148148148149
39627833827393781,rvspecfit-main-bright-4.fits,13.174223,6420.133,4.8545375,-1.9718909,source_holdout,source_holdout_clean,source_only,logg,-1,1.0,4.854537487030029,4.0763771221041685,-0.7781603649258608,0.7781603649258608,3.4287929408782776,0.2
39627827775016893,rvspecfit-main-bright-4.fits,23.18716,3854.7473,4.555817,-0.0035949063,source_holdout,source_holdout_clean,source_only,logg,-1,1.0,4.555817127227783,4.685940305590629,0.1301231783628456,0.1301231783628456,3.954367250745914,0.3314814814814815
39627827775014949,rvspecfit-main-bright-4.fits,29.762403,5213.836,4.819805,-0.3014833,source_holdout,source_holdout_clean,source_only,logg,-1,1.0,4.819805145263672,4.865581219991046,0.04577607472737455,0.04577607472737455,3.2676071192199028,0.16296296296296298
39627845923770802,rvspecfit-main-bright-5.fits,58.199036,4515.423,4.7505956,-0.5339174,source_holdout,source_holdout_clean,source_only,logg,-1,1.0,4.750595569610596,4.620352641840778,-0.13024292776981738,0.13024292776981738,2.309144473021415,0.020370370370370372
39627839879777323,rvspecfit-main-bright-5.fits,20.717304,3352.7651,4.658394,-8.4417335e-09,source_holdout,source_holdout_clean,source_only,logg,-1,1.0,4.658393859863281,4.701782548526922,0.043388688663640984,0.043388688663640984,6.47830575206705,0.6666666666666666
39627839879777921,rvspecfit-main-bright-5.fits,29.910242,6117.2104,3.8356934,-1.6474502,source_holdout,source_holdout_clean,source_only,logg,-1,1.0,3.835693359375,4.238305545647937,0.40261218627293704,0.40261218627293704,2.6975712846338555,0.05185185185185185
39627833839977290,rvspecfit-main-bright-5.fits,38.22706,5169.7407,4.783004,-1.1261021,source_holdout,source_holdout_clean,source_only,logg,-1,1.0,4.783003807067871,4.659047438303628,-0.12395636876424287,0.12395636876424287,2.5693250919424275,0.046296296296296294
39627839879776070,rvspecfit-main-bright-5.fits,21.219952,4032.2673,4.5472283,-0.47774446,source_holdout,source_holdout_clean,source_only,logg,-1,1.0,4.5472283363342285,4.639050062298776,0.09182172596454752,0.09182172596454752,5.371619703405362,0.5611111111111111
39627845919572275,rvspecfit-main-bright-5.fits,42.21428,5829.848,4.7958584,-0.70737684,source_holdout,source_holdout_clean,source_only,logg,-1,1.0,4.795858383178711,4.707533175647258,-0.08832520753145268,0.08832520753145268,1.8888052492428933,0.0
39627851959371754,rvspecfit-main-bright-5.fits,35.04647,3805.0925,4.542691,-0.24058925,source_holdout,source_holdout_clean,source_only,logg,-1,1.0,4.542691230773926,4.642674787441888,0.09998355666796233,0.09998355666796233,2.651662324532724,0.05
39627845911188213,rvspecfit-main-bright-5.fits,12.291788,4816.813,4.759955,-0.4154822,source_holdout,source_holdout_clean,source_only,logg,-1,1.0,4.759954929351807,4.7451565084854765,-0.014798420866330098,0.014798420866330098,4.340152517463983,0.4166666666666667
39627851950985990,rvspecfit-main-bright-5.fits,27.416634,3358.4602,4.043012,-0.45926487,source_holdout,source_holdout_clean,source_only,logg,-1,1.0,4.0430121421813965,4.591512811779973,0.5485006695985764,0.5485006695985764,3.5235126591760912,0.21666666666666667
39627851950983368,rvspecfit-main-bright-5.fits,35.353436,5063.388,5.0673513,-0.53643554,source_holdout,source_holdout_clean,source_only,logg,-1,1.0,5.067351341247559,4.881798375050225,-0.1855529661973332,0.1855529661973332,2.4305550140200265,0.03518518518518519
39627851950984098,rvspecfit-main-bright-5.fits,21.118452,5144.1636,2.4571316,-0.7537611,source_holdout,source_holdout_clean,source_only,logg,-1,1.0,2.4571316242218018,3.2509395847717912,0.7938079605499895,0.7938079605499895,3.723384734603984,0.2777777777777778
39627851955178631,rvspecfit-main-bright-5.fits,66.58304,5432.3857,4.7988577,0.070537545,source_holdout,source_holdout_clean,source_only,logg,-1,1.0,4.798857688903809,4.904659518996876,0.10580183009306765,0.10580183009306765,2.426314350042791,0.03518518518518519
39627839875582733,rvspecfit-main-bright-5.fits,15.089906,3493.4248,4.851405,-2.0092371e-05,source_holdout,source_holdout_clean,source_only,logg,-1,1.0,4.851405143737793,4.651547451118628,-0.1998576926191653,0.1998576926191653,4.922013268989264,0.5037037037037037
39627851950984488,rvspecfit-main-bright-5.fits,26.844744,5348.9736,5.0259514,-0.5760964,source_holdout,source_holdout_clean,source_only,logg,-1,1.0,5.025951385498047,4.865194218556086,-0.16075716694196096,0.16075716694196096,2.56210180144173,0.046296296296296294
39627845919574013,rvspecfit-main-bright-5.fits,20.59049,3939.1213,4.8171353,-0.11920797,source_holdout,source_holdout_clean,source_only,logg,-1,1.0,4.817135334014893,4.6582685394088434,-0.15886679460604913,0.15886679460604913,3.5804667533062133,0.23333333333333334
39627851950984360,rvspecfit-main-bright-5.fits,11.34787,5878.607,4.6368484,-1.75,source_holdout,source_holdout_clean,source_only,logg,-1,1.0,4.636848449707031,4.04917560527722,-0.5876728444298109,0.5876728444298109,5.290343807601733,0.55
39627845911186372,rvspecfit-main-bright-5.fits,41.981564,3941.9863,4.7310076,-0.3669035,source_holdout,source_holdout_clean,source_only,logg,-1,1.0,4.7310075759887695,4.611708206931749,-0.11929936905702032,0.11929936905702032,5.02909128828289,0.524074074074074
39627839871386558,rvspecfit-main-bright-5.fits,28.686684,4805.0225,4.729151,-0.044067696,source_holdout,source_holdout_clean,source_only,logg,-1,1.0,4.729150772094727,4.697042017380397,-0.03210875471432928,0.03210875471432928,5.143274742104825,0.5351851851851852
39627833839976693,rvspecfit-main-bright-5.fits,12.101598,4565.834,4.9270644,-0.6339082,source_holdout,source_holdout_clean,source_only,logg,-1,1.0,4.927064418792725,4.673534895181656,-0.2535295236110686,0.2535295236110686,6.037558603083212,0.6277777777777778
39627839883969908,rvspecfit-main-bright-5.fits,20.937347,3788.294,4.6444893,-0.380443,source_holdout,source_holdout_clean,source_only,logg,-1,1.0,4.644489288330078,4.663592358430226,0.019103070100148223,0.019103070100148223,3.075239920790498,0.12777777777777777
39627839883968927,rvspecfit-main-bright-5.fits,35.266613,5325.624,4.885683,-0.19398142,source_holdout,source_holdout_clean,source_only,logg,-1,1.0,4.885683059692383,4.847972903649016,-0.03771015604336725,0.03771015604336725,2.334476162279502,0.020370370370370372
39627839879778503,rvspecfit-main-bright-5.fits,18.156084,3967.0608,4.3934913,-0.2819738,source_holdout,source_holdout_clean,source_only,logg,-1,1.0,4.393491268157959,4.679852708677451,0.2863614405194923,0.2863614405194923,2.7357149741633524,0.06111111111111111
39627839883970590,rvspecfit-main-bright-5.fits,27.931559,5675.8076,4.6245646,-0.5384411,source_holdout,source_holdout_clean,source_only,logg,-1,1.0,4.6245646476745605,4.80879423648119,0.18422958880662943,0.18422958880662943,2.001024547209679,0.003703703703703704
39627845923770018,rvspecfit-main-bright-5.fits,11.664027,5860.6504,4.622532,-0.6391969,source_holdout,source_holdout_clean,source_only,logg,-1,1.0,4.622531890869141,4.453599415620168,-0.16893247524897248,0.16893247524897248,3.7822413717899446,0.2962962962962963
39627851959372671,rvspecfit-main-bright-5.fits,28.040663,4641.6367,4.730126,-0.22783598,source_holdout,source_holdout_clean,source_only,logg,-1,1.0,4.730125904083252,4.656178839107354,-0.07394706497589798,0.07394706497589798,3.330337564732198,0.1814814814814815
39627839846224263,rvspecfit-main-bright-6.fits,37.68445,3973.9297,4.474684,-0.21151248,source_holdout,source_holdout_clean,source_only,logg,-1,1.0,4.47468376159668,4.665019600888096,0.19033583929141606,0.19033583929141606,3.7810180501641715,0.2962962962962963
39627827770824341,rvspecfit-main-bright-6.fits,39.11204,5971.67,4.228228,-0.75,source_holdout,source_holdout_clean,source_only,logg,-1,1.0,4.2282280921936035,4.132413573364417,-0.09581451882918657,0.09581451882918657,3.2807488802871045,0.1648148148148148
39627833810622162,rvspecfit-main-bright-6.fits,14.81044,5158.257,4.8984466,-0.32266006,source_holdout,source_holdout_clean,source_only,logg,-1,1.0,4.898446559906006,4.840313593844575,-0.05813296606143048,0.05813296606143048,4.235153880397637,0.3925925925925926
39627839842030804,rvspecfit-main-bright-6.fits,14.139059,3973.0508,4.4075265,-0.52608746,source_holdout,source_holdout_clean,source_only,logg,-1,1.0,4.40752649307251,4.623725526332856,0.21619903326034606,0.21619903326034606,4.266557167345384,0.39814814814814814
39627845890213849,rvspecfit-main-bright-6.fits,29.227415,5672.576,4.8962326,-0.5424338,source_holdout,source_holdout_clean,source_only,logg,-1,1.0,4.896232604980469,4.881125797033309,-0.015106807947160128,0.015106807947160128,3.6109173296830814,0.24074074074074073
39627845890216372,rvspecfit-main-bright-6.fits,16.12363,3854.019,4.7166104,-0.6180201,source_holdout,source_holdout_clean,source_only,logg,-1,1.0,4.716610431671143,4.657890829841296,-0.05871960182984637,0.05871960182984637,4.655584444387981,0.4685185185185185
39627857990784360,rvspecfit-main-bright-7.fits,70.7617,6118.4404,4.3919115,-0.75,source_holdout,source_holdout_clean,source_only,logg,-1,1.0,4.391911506652832,4.464985085825126,0.07307357917229407,0.07307357917229407,1.8413353711208817,0.0
39627851950986065,rvspecfit-main-bright-7.fits,52.087753,6169.199,3.8958325,-0.9864679,source_holdout,source_holdout_clean,source_only,logg,-1,1.0,3.8958325386047363,4.2043133236964545,0.30848078509171817,0.30848078509171817,2.165033459748623,0.009259259259259259
39627851950984641,rvspecfit-main-bright-7.fits,48.987057,4473.0527,4.6994743,-0.27750236,source_holdout,source_holdout_clean,source_only,logg,-1,1.0,4.699474334716797,4.619236815770465,-0.08023751894633158,0.08023751894633158,2.767277507067113,0.06666666666666667
39627839816860543,rvspecfit-main-bright-8.fits,32.721638,4987.3354,4.8711786,-0.64991444,source_holdout,source_holdout_clean,source_only,logg,-1,1.0,4.87117862701416,4.704659782946108,-0.16651884406805184,0.16651884406805184,4.111473787555762,0.36666666666666664
39627839812672584,rvspecfit-main-bright-8.fits,17.458675,5673.2114,4.6356673,-0.62852657,source_holdout,source_holdout_clean,source_only,logg,-1,1.0,4.635667324066162,4.676100603342055,0.04043327927589324,0.04043327927589324,3.353744152854158,0.18518518518518517
39627839812670699,rvspecfit-main-bright-8.fits,38.237263,5925.2104,4.751291,-0.46446776,source_holdout,source_holdout_clean,source_only,logg,-1,1.0,4.751290798187256,4.745671431024869,-0.005619367162386979,0.005619367162386979,2.699160239392119,0.053703703703703705
39627827733070736,rvspecfit-main-bright-8.fits,18.087793,3788.903,4.9236155,0.25,source_holdout,source_holdout_clean,source_only,logg,-1,1.0,4.923615455627441,4.610061904589334,-0.31355355103810734,0.31355355103810734,4.778452243092625,0.48333333333333334
39627821693276035,rvspecfit-main-bright-8.fits,32.762997,5969.2407,4.279692,-0.7958698,source_holdout,source_holdout_clean,source_only,logg,-1,1.0,4.27969217300415,4.389382036427655,0.10968986342350462,0.10968986342350462,2.204636365615881,0.014814814814814815
39627833777065558,rvspecfit-main-bright-8.fits,12.767948,3951.9734,4.758648,0.04707949,source_holdout,source_holdout_clean,source_only,logg,-1,1.0,4.758647918701172,4.629262225826582,-0.12938569287458979,0.12938569287458979,6.1081148301659365,0.6370370370370371
39627827741465882,rvspecfit-main-bright-8.fits,23.349905,4561.071,4.6857567,-0.70336413,source_holdout,source_holdout_clean,source_only,logg,-1,1.0,4.685756683349609,4.686168364485101,0.000411681135491726,0.000411681135491726,3.7562772771406316,0.28888888888888886
39627839812670659,rvspecfit-main-bright-8.fits,67.747925,5466.345,4.792107,-0.09665485,source_holdout,source_holdout_clean,source_only,logg,-1,1.0,4.792107105255127,4.875683598121009,0.0835764928658822,0.0835764928658822,2.611151986924961,0.04814814814814815
39627833772873072,rvspecfit-main-bright-8.fits,11.543327,3344.0674,4.9933977,-6.7715398e-09,source_holdout,source_holdout_clean,source_only,logg,-1,1.0,4.9933977127075195,4.788131353457769,-0.20526635924975078,0.20526635924975078,6.257242410516012,0.6481481481481481
39627839812669975,rvspecfit-main-bright-8.fits,29.673326,5147.977,2.2214344,-0.6992384,source_holdout,source_holdout_clean,source_only,logg,-1,1.0,2.2214343547821045,3.422157473564148,1.2007231187820433,1.2007231187820433,4.463519898607786,0.4351851851851852
39627839812672807,rvspecfit-main-bright-8.fits,10.229689,3960.4915,4.523227,-0.5141485,source_holdout,source_holdout_clean,source_only,logg,-1,1.0,4.523227214813232,4.58345171759526,0.0602245027820274,0.0602245027820274,7.014593820515111,0.7092592592592593
39627839812669309,rvspecfit-main-bright-8.fits,10.041917,5112.64,2.5311203,-0.9058126,source_holdout,source_holdout_clean,source_only,logg,-1,1.0,2.5311203002929688,3.539279262920221,1.0081589626272525,1.0081589626272525,5.535266987979527,0.5777777777777777
39627833781261616,rvspecfit-main-bright-8.fits,15.462614,5079.574,4.865364,-1.25,source_holdout,source_holdout_clean,source_only,logg,-1,1.0,4.865364074707031,4.214689619342486,-0.6506744553645456,0.6506744553645456,4.711833694493071,0.4740740740740741
39627833781257342,rvspecfit-main-bright-8.fits,17.523178,6078.532,4.3207583,-2.889843,source_holdout,source_holdout_clean,source_only,logg,-1,1.0,4.32075834274292,4.286766569316387,-0.03399177342653292,0.03399177342653292,2.7545400652012844,0.06296296296296296
39627839816859844,rvspecfit-main-bright-8.fits,12.712848,3319.7056,4.7985024,-2.5167144e-09,source_holdout,source_holdout_clean,source_only,logg,-1,1.0,4.798502445220947,4.767640092670915,-0.030862352550032668,0.030862352550032668,5.872375452375968,0.6074074074074074
39627839812672733,rvspecfit-main-bright-8.fits,11.827734,6059.0156,3.7518787,-1.4329317,source_holdout,source_holdout_clean,source_only,logg,-1,1.0,3.7518787384033203,3.9825118373831105,0.23063309897979023,0.23063309897979023,4.113732157213041,0.36666666666666664
39627821697469375,rvspecfit-main-bright-8.fits,16.405333,3851.9175,4.4098344,-0.5288464,source_holdout,source_holdout_clean,source_only,logg,-1,1.0,4.409834384918213,4.628020577629406,0.218186192711193,0.218186192711193,4.285244431016248,0.40555555555555556
39627833785450581,rvspecfit-main-bright-8.fits,10.057168,4114.629,4.4509463,-0.55450344,source_holdout,source_holdout_clean,source_only,logg,-1,1.0,4.45094633102417,4.591489124099414,0.14054279307524364,0.14054279307524364,5.459619104790215,0.5685185185185185
39627827745656776,rvspecfit-main-bright-8.fits,10.449086,4146.233,4.3544865,-0.6406455,source_holdout,source_holdout_clean,source_only,logg,-1,1.0,4.354486465454102,4.61315722068151,0.2586707552274081,0.2586707552274081,4.644274235184281,0.4666666666666667
39627827741465156,rvspecfit-main-bright-8.fits,15.143387,4925.3823,4.671121,-0.60524035,source_holdout,source_holdout_clean,source_only,logg,-1,1.0,4.671121120452881,4.8711856367190665,0.2000645162661856,0.2000645162661856,3.705813079188248,0.2759259259259259
39627827733077165,rvspecfit-main-bright-8.fits,13.501539,5799.9956,3.949236,-1.9999129,source_holdout,source_holdout_clean,source_only,logg,-1,1.0,3.9492359161376953,3.9376825181643174,-0.011553397973377955,0.011553397973377955,3.379515294537183,0.1925925925925926
39627827733070202,rvspecfit-main-bright-8.fits,22.563013,5515.5884,4.840002,-0.5918392,source_holdout,source_holdout_clean,source_only,logg,-1,1.0,4.840002059936523,4.7551577111085255,-0.08484434882799796,0.08484434882799796,2.715290057327702,0.05740740740740741
39627821697472553,rvspecfit-main-bright-8.fits,21.351917,6462.012,4.279024,-2.8977134,source_holdout,source_holdout_clean,source_only,logg,-1,1.0,4.279024124145508,4.299917183319727,0.020893059174219353,0.020893059174219353,2.4280221193230176,0.03518518518518519
39627857948838840,rvspecfit-main-bright-9.fits,47.78757,5887.5474,3.5600655,-1.83259,source_holdout,source_holdout_clean,source_only,logg,-1,1.0,3.560065507888794,4.363749189178145,0.8036836812893506,0.8036836812893506,1.6795865998498662,0.0
39627851909044289,rvspecfit-main-bright-9.fits,28.965052,5779.702,4.6419196,-0.9400689,source_holdout,source_holdout_clean,source_only,logg,-1,1.0,4.6419196128845215,4.478196400503318,-0.16372321238120335,0.16372321238120335,2.43014075225124,0.03518518518518519
39627851909041816,rvspecfit-main-bright-9.fits,37.74704,5649.3677,4.585278,-0.36139774,source_holdout,source_holdout_clean,source_only,logg,-1,1.0,4.585278034210205,4.852017372349899,0.2667393381396943,0.2667393381396943,2.278785865141634,0.020370370370370372
39627827749850242,rvspecfit-main-bright-9.fits,13.389119,4829.231,4.831749,-0.58654714,source_holdout,source_holdout_clean,source_only,logg,-1,1.0,4.831748962402344,4.714309320946535,-0.11743964145580854,0.11743964145580854,5.510079378049469,0.5722222222222222
39627845860854223,rvspecfit-main-bright-9.fits,21.683558,5312.3267,4.749075,-0.7059915,source_holdout,source_holdout_clean,source_only,logg,-1,1.0,4.749074935913086,4.574036726355554,-0.17503820955753202,0.17503820955753202,3.5500493739111483,0.22777777777777777
39627839816865025,rvspecfit-main-bright-9.fits,14.405075,4559.9023,4.6895595,-0.6846649,source_holdout,source_holdout_clean,source_only,logg,-1,1.0,4.689559459686279,4.706331073641774,0.016771613955494757,0.016771613955494757,3.7487050653387888,0.28888888888888886
39627839825248751,rvspecfit-main-bright-9.fits,16.708359,5623.7134,3.8698251,-0.6395888,source_holdout,source_holdout_clean,source_only,logg,-1,1.0,3.8698251247406006,4.5594025892019285,0.689577464461328,0.689577464461328,3.2292186343808296,0.15185185185185185
39627845865047209,rvspecfit-main-bright-9.fits,17.137741,5721.9053,5.087989,-0.47012925,source_holdout,source_holdout_clean,source_only,logg,-1,1.0,5.08798885345459,4.8213084108630815,-0.26668044259150836,0.26668044259150836,3.3580304653598616,0.18518518518518517
39627839821054819,rvspecfit-main-bright-9.fits,18.219913,5742.3164,4.830802,-1.4137065,source_holdout,source_holdout_clean,source_only,logg,-1,1.0,4.830801963806152,4.133730884889759,-0.6970710789163936,0.6970710789163936,3.849161367916644,0.31296296296296294
39627839825255430,rvspecfit-main-bright-9.fits,35.821304,3585.594,5.0,0.25,source_holdout,source_holdout_clean,source_only,logg,-1,1.0,5.0,4.643799892465275,-0.3562001075347254,0.3562001075347254,3.153984939395299,0.1425925925925926
39627845865048506,rvspecfit-main-bright-9.fits,13.513905,3639.334,4.6771107,-0.49999994,source_holdout,source_holdout_clean,source_only,logg,-1,1.0,4.67711067199707,4.681317286988101,0.004206614991030477,0.004206614991030477,4.081795580609974,0.3537037037037037
39627845860853149,rvspecfit-main-bright-9.fits,29.972689,5548.4204,4.7709064,-0.5177367,source_holdout,source_holdout_clean,source_only,logg,-1,1.0,4.770906448364258,4.8386234173178675,0.06771696895360968,0.06771696895360968,2.368904912911049,0.022222222222222223
39627833785457292,rvspecfit-main-bright-9.fits,23.886591,5238.164,5.034228,-0.68437576,source_holdout,source_holdout_clean,source_only,logg,-1,1.0,5.0342278480529785,4.830982962350052,-0.20324488570292676,0.20324488570292676,3.3894047016169964,0.19444444444444445
39627851909043665,rvspecfit-main-bright-9.fits,15.489862,5427.4233,4.863215,-0.6448708,source_holdout,source_holdout_clean,source_only,logg,-1,1.0,4.86321496963501,4.7479922101895005,-0.1152227594455093,0.1152227594455093,2.7973688672431325,0.07222222222222222
39627851909044675,rvspecfit-main-bright-9.fits,20.760723,3639.1091,5.025338,0.0017295798,source_holdout,source_holdout_clean,source_only,logg,-1,1.0,5.025338172912598,4.667525080045066,-0.3578130928675316,0.3578130928675316,4.4770026607876865,0.4351851851851852
39627851909044612,rvspecfit-main-bright-9.fits,31.152905,4570.983,4.6626415,-0.29414445,source_holdout,source_holdout_clean,source_only,logg,-1,1.0,4.662641525268555,4.646455000539621,-0.01618652472893345,0.01618652472893345,2.624505245422239,0.05
39627851909043394,rvspecfit-main-bright-9.fits,12.160615,3944.3706,4.8714595,0.055278786,source_holdout,source_holdout_clean,source_only,logg,-1,1.0,4.871459484100342,4.638290035525958,-0.23316944857438404,0.23316944857438404,4.1898729273350925,0.38333333333333336
39627833793840290,rvspecfit-main-bright-9.fits,15.472251,3983.3274,4.6827335,-0.49333048,source_holdout,source_holdout_clean,source_only,logg,-1,1.0,4.682733535766602,4.523944746851919,-0.1587887889146824,0.1587887889146824,4.077893127513975,0.35
39627845873440153,rvspecfit-main-bright-9.fits,22.347937,5166.9233,4.778177,-0.61190706,source_holdout,source_holdout_clean,source_only,logg,-1,1.0,4.778176784515381,4.8824965296189,0.10431974510351871,0.10431974510351871,2.7452065790909015,0.06111111111111111
39627845869244690,rvspecfit-main-bright-9.fits,12.694894,4903.843,4.6446977,-0.32488066,source_holdout,source_holdout_clean,source_only,logg,-1,1.0,4.644697666168213,4.766767356693747,0.12206969052553429,0.12206969052553429,4.676089295966878,0.4685185185185185
39627851909043268,rvspecfit-main-bright-9.fits,18.954782,4519.214,4.247784,0.080730714,source_holdout,source_holdout_clean,source_only,logg,-1,1.0,4.24778413772583,4.645258999466897,0.39747486174106683,0.39747486174106683,3.6749356001306186,0.26296296296296295
39627851904848181,rvspecfit-main-bright-9.fits,16.895277,4244.756,4.1136284,-0.43229502,source_holdout,source_holdout_clean,source_only,logg,-1,1.0,4.113628387451172,4.58406504313151,0.4704366556803379,0.4704366556803379,4.8002881080189965,0.48518518518518516
39627851909039771,rvspecfit-main-bright-9.fits,26.112993,3953.2205,4.5920477,-0.39715976,source_holdout,source_holdout_clean,source_only,logg,-1,1.0,4.592047691345215,4.632024784386158,0.03997709304094332,0.03997709304094332,3.2196695633972565,0.15
39627845869241040,rvspecfit-main-bright-9.fits,16.293951,3472.3618,4.595129,-0.18733022,source_holdout,source_holdout_clean,source_only,logg,-1,1.0,4.595129013061523,4.6552017904321366,0.06007277737061312,0.06007277737061312,4.612604613040699,0.46111111111111114
39627797555054059,rvspecfit-main-bright-0.fits,25.770039,5933.335,4.3744597,-0.728765,source_holdout,source_holdout_clean,source_only,feh,-1,1.0,-0.7287650108337402,-0.5865945562813435,0.14217045455239674,0.14217045455239674,4.00415762838823,0.34444444444444444
39627803594854420,rvspecfit-main-bright-0.fits,25.11731,5192.172,4.828961,-0.43341476,source_holdout,source_holdout_clean,source_only,feh,-1,1.0,-0.4334147572517395,-0.46331742036932444,-0.029902663117584938,0.029902663117584938,4.065192161571839,0.34814814814814815
39627797550865084,rvspecfit-main-bright-0.fits,29.18192,5967.2324,4.4568024,-1.0345173,source_holdout,source_holdout_clean,source_only,feh,-1,1.0,-1.0345172882080078,-0.8336046621079249,0.20091262610008287,0.20091262610008287,2.2244862736345303,0.016666666666666666
39627803594856578,rvspecfit-main-bright-0.fits,28.47997,5834.933,3.975627,-0.774128,source_holdout,source_holdout_clean,source_only,feh,-1,1.0,-0.7741280198097229,-0.8042073163452244,-0.030079296535501454,0.030079296535501454,3.610099231216367,0.23703703703703705
39627803594852215,rvspecfit-main-bright-0.fits,14.196906,3528.8555,4.4331665,-3.1253588e-08,source_holdout,source_holdout_clean,source_only,feh,-1,1.0,-3.125358816191692e-08,-0.06293648112694245,-0.06293644987335428,0.06293644987335428,5.675484035520125,0.5962962962962963
39627803594856334,rvspecfit-main-bright-0.fits,12.765561,5073.9175,4.8069735,-0.7760475,source_holdout,source_holdout_clean,source_only,feh,-1,1.0,-0.7760475277900696,-0.48695046029326183,0.28909706749680775,0.28909706749680775,4.080023372060961,0.35
39627809638843886,rvspecfit-main-bright-0.fits,25.254856,5538.9707,4.6776648,-1.3598263,source_holdout,source_holdout_clean,source_only,feh,-1,1.0,-1.3598263263702393,-1.1695101193586988,0.1903162070115405,0.1903162070115405,3.2901626406280866,0.17037037037037037
39627803599052837,rvspecfit-main-bright-0.fits,47.80544,6099.9966,4.5420027,-1.4265354,source_holdout,source_holdout_clean,source_only,feh,-1,1.0,-1.4265353679656982,-1.3629541496559974,0.06358121830970087,0.06358121830970087,3.0429494789163454,0.12037037037037036
39627809643037702,rvspecfit-main-bright-0.fits,33.05582,5980.165,4.039836,-0.9253463,source_holdout,source_holdout_clean,source_only,feh,-1,1.0,-0.925346314907074,-0.7129720890584095,0.2123742258486645,0.2123742258486645,2.4464015587724552,0.03518518518518519
39627797567638472,rvspecfit-main-bright-0.fits,14.585838,3552.5896,4.827148,-3.1885524e-08,source_holdout,source_holdout_clean,source_only,feh,-1,1.0,-3.1885523554819883e-08,-0.09978755181191369,-0.09978751992639014,0.09978751992639014,4.260574381814355,0.39814814814814814
39627791527841990,rvspecfit-main-bright-0.fits,38.86436,5655.909,4.8632197,-0.7191091,source_holdout,source_holdout_clean,source_only,feh,-1,1.0,-0.7191091179847717,-0.6814353501511483,0.03767376783362342,0.03767376783362342,2.3025954380854725,0.020370370370370372
39627809638846529,rvspecfit-main-bright-0.fits,18.408873,5130.1846,2.5442505,-0.7162849,source_holdout,source_holdout_clean,source_only,feh,-1,1.0,-0.7162848711013794,-1.070030797747895,-0.3537459266465155,0.3537459266465155,5.297954738596199,0.55
39627803603243052,rvspecfit-main-bright-0.fits,17.307343,4646.6846,4.625856,-0.24500641,source_holdout,source_holdout_clean,source_only,feh,-1,1.0,-0.24500641226768494,-0.22915293946707002,0.015853472800614915,0.015853472800614915,5.065990324298618,0.5259259259259259
39627809647233020,rvspecfit-main-bright-0.fits,14.275092,5499.999,2.6491766,-1.4284428,source_holdout,source_holdout_clean,source_only,feh,-1,1.0,-1.4284428358078003,-1.3428127555828544,0.08563008022494589,0.08563008022494589,4.8003827540649056,0.48518518518518516
39627791527838252,rvspecfit-main-bright-0.fits,11.030782,4355.712,4.242638,-0.39427254,source_holdout,source_holdout_clean,source_only,feh,-1,1.0,-0.3942725360393524,-0.42677713801773876,-0.03250460197838634,0.03250460197838634,3.7481498278420506,0.28888888888888886
39627797563444474,rvspecfit-main-bright-0.fits,27.962894,5314.067,4.968911,-0.29762325,source_holdout,source_holdout_clean,source_only,feh,-1,1.0,-0.29762324690818787,-0.4453018126810033,-0.1476785657728154,0.1476785657728154,2.6634596500377126,0.05
39627827775013373,rvspecfit-main-bright-1.fits,39.061436,5582.5454,5.1279864,-0.63674533,source_holdout,source_holdout_clean,source_only,feh,-1,1.0,-0.6367453336715698,-0.5291448243257281,0.10760050934584175,0.10760050934584175,3.021780863500892,0.11851851851851852
39627815687030584,rvspecfit-main-bright-1.fits,19.394766,4648.9683,4.767465,-0.61063683,source_holdout,source_holdout_clean,source_only,feh,-1,1.0,-0.610636830329895,-0.44855373422500316,0.16208309610489186,0.16208309610489186,4.275057240226036,0.40185185185185185
39627815682842837,rvspecfit-main-bright-1.fits,22.882843,5729.2544,4.610091,-1.7405462,source_holdout,source_holdout_clean,source_only,feh,-1,1.0,-1.7405462265014648,-1.2546007637913958,0.485945462710069,0.485945462710069,3.371609063160533,0.18703703703703703
39627815682838215,rvspecfit-main-bright-1.fits,14.909275,5200.001,2.6381724,-0.75000024,source_holdout,source_holdout_clean,source_only,feh,-1,1.0,-0.7500002384185791,-1.1246428017165753,-0.37464256329799617,0.37464256329799617,4.870134678081449,0.4981481481481482
39627821726832087,rvspecfit-main-bright-1.fits,10.1174965,3990.4856,4.5,-0.5635368,source_holdout,source_holdout_clean,source_only,feh,-1,1.0,-0.5635368227958679,-0.343609479449395,0.2199273433464729,0.2199273433464729,4.982787811998765,0.5111111111111111
39627821726832204,rvspecfit-main-bright-1.fits,29.541725,5825.152,4.4116573,-0.52552813,source_holdout,source_holdout_clean,source_only,feh,-1,1.0,-0.5255281329154968,-0.70346938490421,-0.17794125198871313,0.17794125198871313,3.522634246499504,0.21666666666666667
39627815682840672,rvspecfit-main-bright-1.fits,11.9453945,3733.706,4.725037,-0.24999999,source_holdout,source_holdout_clean,source_only,feh,-1,1.0,-0.2499999850988388,-0.3159969568759735,-0.0659969717771347,0.0659969717771347,6.173714456052079,0.6425925925925926
39627815687034177,rvspecfit-main-bright-1.fits,35.36645,5115.736,4.9753127,-0.39662126,source_holdout,source_holdout_clean,source_only,feh,-1,1.0,-0.3966212570667267,-0.38589208842410394,0.010729168642622744,0.010729168642622744,3.039077211624203,0.12037037037037036
39627815687034137,rvspecfit-main-bright-1.fits,19.789078,5419.0073,2.7329383,-0.73714966,source_holdout,source_holdout_clean,source_only,feh,-1,1.0,-0.7371496558189392,-1.103518547092875,-0.3663688912739358,0.3663688912739358,4.605140241591535,0.45925925925925926
39627815687033273,rvspecfit-main-bright-1.fits,19.66653,6126.756,3.9193497,-1.9372989,source_holdout,source_holdout_clean,source_only,feh,-1,1.0,-1.9372988939285278,-1.288731531649828,0.6485673622786998,0.6485673622786998,3.071333248846105,0.12777777777777777
39627815687035169,rvspecfit-main-bright-1.fits,14.371497,3567.6287,4.767287,-0.50000006,source_holdout,source_holdout_clean,source_only,feh,-1,1.0,-0.5000000596046448,-0.13618035216070307,0.3638197074439417,0.3638197074439417,5.312319677476914,0.55
39627815691226341,rvspecfit-main-bright-1.fits,18.741198,6087.9946,4.211149,-1.75,source_holdout,source_holdout_clean,source_only,feh,-1,1.0,-1.75,-1.1756133050036928,0.5743866949963072,0.5743866949963072,3.181472973306126,0.14444444444444443
39627815703806600,rvspecfit-main-bright-1.fits,20.712364,4876.2544,4.7563953,-0.5194689,source_holdout,source_holdout_clean,source_only,feh,-1,1.0,-0.5194689035415649,-0.5212033186166172,-0.0017344150750522314,0.0017344150750522314,5.3831338837062335,0.5611111111111111
39627809655620581,rvspecfit-main-bright-1.fits,11.505546,3406.5725,4.3075128,-0.2512675,source_holdout,source_holdout_clean,source_only,feh,-1,1.0,-0.2512674927711487,-0.04753088035433563,0.20373661241681307,0.20373661241681307,5.717318177366827,0.6018518518518519
39627803615822636,rvspecfit-main-bright-1.fits,27.821482,4130.0557,4.815502,-0.1914478,source_holdout,source_holdout_clean,source_only,feh,-1,1.0,-0.19144779443740845,-0.27705000410868313,-0.08560220967127469,0.08560220967127469,4.950530593374068,0.5092592592592593
39627821731024722,rvspecfit-main-bright-1.fits,26.488497,3848.8965,4.69977,0.18254822,source_holdout,source_holdout_clean,source_only,feh,-1,1.0,0.18254822492599487,-0.338002279004639,-0.5205505039306338,0.5205505039306338,4.724836587876164,0.4777777777777778
39627821731022359,rvspecfit-main-bright-1.fits,29.06096,4617.5776,4.7657123,-0.7961772,source_holdout,source_holdout_clean,source_only,feh,-1,1.0,-0.7961772084236145,-0.5217908984345074,0.27438630998910707,0.27438630998910707,4.106202271599413,0.36666666666666664
39627809651426096,rvspecfit-main-bright-1.fits,19.828865,3790.3337,4.5242043,-0.5254817,source_holdout,source_holdout_clean,source_only,feh,-1,1.0,-0.5254817008972168,-0.26202686013635096,0.26345484076086584,0.26345484076086584,4.75606093292237,0.48333333333333334
39627809626262382,rvspecfit-main-bright-2.fits,13.217915,5880.711,4.6759195,-1.5200524,source_holdout,source_holdout_clean,source_only,feh,-1,1.0,-1.520052433013916,-1.255658527463674,0.264393905550242,0.264393905550242,4.9218839838117825,0.5037037037037037
39627803586465384,rvspecfit-main-bright-2.fits,20.625483,3849.7017,4.606526,-0.9035652,source_holdout,source_holdout_clean,source_only,feh,-1,1.0,-0.9035652279853821,-0.42808709582211646,0.4754781321632656,0.4754781321632656,4.998533904938815,0.5203703703703704
39627815666062804,rvspecfit-main-bright-2.fits,11.486521,4470.529,4.175713,-0.5429244,source_holdout,source_holdout_clean,source_only,feh,-1,1.0,-0.5429244041442871,-0.4143960422246406,0.1285283619196465,0.1285283619196465,5.505321125601592,0.5722222222222222
39627803590657079,rvspecfit-main-bright-2.fits,15.38988,3419.8584,4.538442,0.019656142,source_holdout,source_holdout_clean,source_only,feh,-1,1.0,0.019656142219901085,-0.0019273911789057308,-0.021583533398806816,0.021583533398806816,6.18963805855389,0.6444444444444445
39627797550860289,rvspecfit-main-bright-2.fits,39.145744,5549.2188,4.636974,-0.3780223,source_holdout,source_holdout_clean,source_only,feh,-1,1.0,-0.37802231311798096,-0.49669691262456256,-0.1186745995065816,0.1186745995065816,4.331893765648222,0.4148148148148148
39627815674446512,rvspecfit-main-bright-2.fits,13.510458,4757.154,4.668223,-0.7294396,source_holdout,source_holdout_clean,source_only,feh,-1,1.0,-0.7294396162033081,-0.5380717206746017,0.19136789552870637,0.19136789552870637,5.379019539244306,0.5611111111111111
39627821710056081,rvspecfit-main-bright-2.fits,14.372349,5173.5776,4.879602,-0.6280581,source_holdout,source_holdout_clean,source_only,feh,-1,1.0,-0.6280580759048462,-0.4766383183545746,0.1514197575502716,0.1514197575502716,4.783848217400102,0.48333333333333334
39627815670255483,rvspecfit-main-bright-2.fits,18.47636,3264.4692,4.4813795,-0.25,source_holdout,source_holdout_clean,source_only,feh,-1,1.0,-0.25,-0.0527791187999773,0.1972208812000227,0.1972208812000227,5.409861281575124,0.5611111111111111
39627809634652517,rvspecfit-main-bright-2.fits,10.531586,4634.3506,4.654203,-0.66354084,source_holdout,source_holdout_clean,source_only,feh,-1,1.0,-0.6635408401489258,-0.3973906464828179,0.26615019366610787,0.26615019366610787,5.453141353260678,0.5685185185185185
39627815661865775,rvspecfit-main-bright-2.fits,32.139385,5821.82,4.696583,-0.60589206,source_holdout,source_holdout_clean,source_only,feh,-1,1.0,-0.6058920621871948,-0.6136846975314741,-0.0077926353442793195,0.0077926353442793195,2.5349989562004374,0.044444444444444446
39627803594851309,rvspecfit-main-bright-2.fits,16.364233,4039.3142,4.3577476,-0.16311127,source_holdout,source_holdout_clean,source_only,feh,-1,1.0,-0.16311126947402954,-0.377176943997912,-0.21406567452388248,0.21406567452388248,5.060244408408235,0.5259259259259259
39627809630456059,rvspecfit-main-bright-2.fits,31.716152,5653.161,4.729489,-0.35176328,source_holdout,source_holdout_clean,source_only,feh,-1,1.0,-0.3517632782459259,-0.5351842481064858,-0.1834209698605599,0.1834209698605599,3.734886932902761,0.2814814814814815
39627809622066920,rvspecfit-main-bright-2.fits,29.56552,4055.8792,4.6014476,-0.20316944,source_holdout,source_holdout_clean,source_only,feh,-1,1.0,-0.20316943526268005,-0.25818879764106784,-0.05501936237838778,0.05501936237838778,3.8042520134622526,0.3037037037037037
39627815666059119,rvspecfit-main-bright-2.fits,16.926617,5386.4546,5.173077,-0.6118051,source_holdout,source_holdout_clean,source_only,feh,-1,1.0,-0.6118050813674927,-0.5588395041087643,0.052965577258728413,0.052965577258728413,3.991925419503649,0.34444444444444444
39627815666060895,rvspecfit-main-bright-2.fits,42.472977,5331.264,4.9324512,-0.4723397,source_holdout,source_holdout_clean,source_only,feh,-1,1.0,-0.4723396897315979,-0.46346682121356336,0.008872868518034538,0.008872868518034538,3.5068345209732,0.2111111111111111
39627809626262364,rvspecfit-main-bright-2.fits,11.426821,3538.3384,4.7990932,-2.37882e-05,source_holdout,source_holdout_clean,source_only,feh,-1,1.0,-2.378819954174105e-05,-0.08878776259697622,-0.08876397439743448,0.08876397439743448,6.3238923243304885,0.6537037037037037
39627809622069969,rvspecfit-main-bright-2.fits,47.146626,3846.7625,4.662172,-0.13872,source_holdout,source_holdout_clean,source_only,feh,-1,1.0,-0.13872000575065613,-0.18010399686631828,-0.041383991115662155,0.041383991115662155,2.6383382669911515,0.05
39627827749848496,rvspecfit-main-bright-2.fits,27.355183,5399.989,3.321622,-1.398623,source_holdout,source_holdout_clean,source_only,feh,-1,1.0,-1.398622989654541,-0.8268075917708804,0.5718153978836606,0.5718153978836606,3.4723326074964813,0.20555555555555555
39627821705860820,rvspecfit-main-bright-2.fits,34.099068,5847.3438,4.671578,-1.4983106,source_holdout,source_holdout_clean,source_only,feh,-1,1.0,-1.4983105659484863,-1.1685666065520344,0.32974395939645196,0.32974395939645196,3.758315965582902,0.28888888888888886
39627815674449581,rvspecfit-main-bright-2.fits,13.48949,5792.788,4.7165213,-0.5580153,source_holdout,source_holdout_clean,source_only,feh,-1,1.0,-0.5580152869224548,-0.6615775179229074,-0.10356223100045259,0.10356223100045259,4.4094465746721765,0.42407407407407405
39627809630459118,rvspecfit-main-bright-2.fits,13.282083,5475.7256,4.8019958,-0.63902676,source_holdout,source_holdout_clean,source_only,feh,-1,1.0,-0.6390267610549927,-0.6110983347302923,0.027928426324700384,0.027928426324700384,3.9142480932471106,0.32037037037037036
39627809630460912,rvspecfit-main-bright-2.fits,12.179368,3699.9932,5.0507874,0.25,source_holdout,source_holdout_clean,source_only,feh,-1,1.0,0.25,-0.21254685573645432,-0.4625468557364543,0.4625468557364543,6.320413989709843,0.65
39627821710055899,rvspecfit-main-bright-2.fits,24.317644,3424.4392,4.995202,-7.4457542e-09,source_holdout,source_holdout_clean,source_only,feh,-1,1.0,-7.445754235391178e-09,-0.0447362743796569,-0.04473626693390267,0.04473626693390267,5.073472908940512,0.5259259259259259
39627821710050224,rvspecfit-main-bright-2.fits,13.783821,5930.1323,3.5,-1.442121,source_holdout,source_holdout_clean,source_only,feh,-1,1.0,-1.4421210289001465,-1.3846273492400847,0.0574936796600618,0.0574936796600618,3.8348950883365847,0.31296296296296294
39627815670256958,rvspecfit-main-bright-2.fits,33.17341,3539.3472,4.3192625,-0.24999994,source_holdout,source_holdout_clean,source_only,feh,-1,1.0,-0.24999994039535522,-0.22318111757314463,0.026818822822210597,0.026818822822210597,3.9469088087328705,0.3314814814814815
39627815666064691,rvspecfit-main-bright-2.fits,21.107985,4884.057,4.824358,-0.6790433,source_holdout,source_holdout_clean,source_only,feh,-1,1.0,-0.6790432929992676,-0.4519666042784229,0.2270766887208447,0.2270766887208447,4.277275992013337,0.40185185185185185
39627809622066858,rvspecfit-main-bright-2.fits,11.638368,3941.9397,4.5613294,-0.20976058,source_holdout,source_holdout_clean,source_only,feh,-1,1.0,-0.20976057648658752,-0.3597842030830333,-0.1500236265964458,0.1500236265964458,4.943129344764473,0.5074074074074074
39627821714247491,rvspecfit-main-bright-2.fits,10.511821,6099.9995,3.7331715,-1.5,source_holdout,source_holdout_clean,source_only,feh,-1,1.0,-1.5,-1.4795971211542687,0.02040287884573133,0.02040287884573133,4.4140190435424715,0.42592592592592593
39627827749852365,rvspecfit-main-bright-3.fits,22.367079,6430.866,4.4665184,-2.1353698,source_holdout,source_holdout_clean,source_only,feh,-1,1.0,-2.1353697776794434,-1.5673595705380046,0.5680102071414388,0.5680102071414388,3.1500688545172926,0.14074074074074075
39627827749853791,rvspecfit-main-bright-3.fits,31.061192,5937.0537,4.671657,-0.5924776,source_holdout,source_holdout_clean,source_only,feh,-1,1.0,-0.5924776196479797,-0.6251274239227134,-0.03264980427473363,0.03264980427473363,3.5858538547643968,0.23333333333333334
39627839842027235,rvspecfit-main-bright-3.fits,10.413524,4255.7646,3.7712116,-0.29332766,source_holdout,source_holdout_clean,source_only,feh,-1,1.0,-0.293327659368515,-0.43444271726720013,-0.14111505789868511,0.14111505789868511,4.877508675752165,0.4981481481481482
39627833802231888,rvspecfit-main-bright-3.fits,13.302268,5252.27,5.0464845,-0.5512155,source_holdout,source_holdout_clean,source_only,feh,-1,1.0,-0.5512155294418335,-0.4836498922249303,0.06756563721690317,0.06756563721690317,3.9351289077891054,0.3277777777777778
39627827762432886,rvspecfit-main-bright-3.fits,25.138403,3610.7712,4.5477123,-0.25,source_holdout,source_holdout_clean,source_only,feh,-1,1.0,-0.25,-0.2956596685227486,-0.04565966852274861,0.04565966852274861,4.6562480864762845,0.4685185185185185
39627827762430597,rvspecfit-main-bright-3.fits,26.81591,4245.767,4.2682157,-0.53313196,source_holdout,source_holdout_clean,source_only,feh,-1,1.0,-0.5331319570541382,-0.4176309847377797,0.11550097231635847,0.11550097231635847,3.351998481320648,0.18518518518518517
39627827762430329,rvspecfit-main-bright-3.fits,11.366318,3667.8442,4.317511,0.022638885,source_holdout,source_holdout_clean,source_only,feh,-1,1.0,0.02263888530433178,-0.2291504748553959,-0.2517893601597277,0.2517893601597277,5.553997318932353,0.5814814814814815
39627827758241593,rvspecfit-main-bright-3.fits,48.443775,6033.9634,4.1164794,-0.7366164,source_holdout,source_holdout_clean,source_only,feh,-1,1.0,-0.7366163730621338,-0.7068918024220814,0.029724570640052406,0.029724570640052406,2.5300470842892286,0.04259259259259259
39627833798038838,rvspecfit-main-bright-3.fits,26.6465,5300.0,2.4999988,-0.9075346,source_holdout,source_holdout_clean,source_only,feh,-1,1.0,-0.9075345993041992,-1.3543250281612071,-0.4467904288570079,0.4467904288570079,3.7259176276653068,0.2777777777777778
39627833798040743,rvspecfit-main-bright-3.fits,10.8702755,5787.8257,3.6668594,-1.0666147,source_holdout,source_holdout_clean,source_only,feh,-1,1.0,-1.0666147470474243,-0.8115819993956639,0.2550327476517604,0.2550327476517604,4.318917358275433,0.412962962962963
39627833798038375,rvspecfit-main-bright-3.fits,42.17771,3810.08,4.6831303,-0.09721547,source_holdout,source_holdout_clean,source_only,feh,-1,1.0,-0.09721547365188599,-0.26383934602023024,-0.16662387236834425,0.16662387236834425,2.744431069260098,0.06111111111111111
39627827758238307,rvspecfit-main-bright-3.fits,30.130543,5209.673,4.9502754,-0.20569585,source_holdout,source_holdout_clean,source_only,feh,-1,1.0,-0.20569585263729095,-0.3054164606441434,-0.09972060800685245,0.09972060800685245,3.5098658974196715,0.21481481481481482
39627833798034904,rvspecfit-main-bright-3.fits,19.791807,6200.0005,4.559546,-0.6082555,source_holdout,source_holdout_clean,source_only,feh,-1,1.0,-0.6082555055618286,-0.7893409426013628,-0.18108543703953417,0.18108543703953417,3.140989305865477,0.1388888888888889
39627827758237818,rvspecfit-main-bright-3.fits,11.096011,3955.887,4.5,-0.6056033,source_holdout,source_holdout_clean,source_only,feh,-1,1.0,-0.6056032776832581,-0.37314341804700346,0.2324598596362546,0.2324598596362546,4.0725601457616,0.35
39627833798034580,rvspecfit-main-bright-3.fits,39.440643,4909.12,4.7919583,0.024622975,source_holdout,source_holdout_clean,source_only,feh,-1,1.0,0.024622974917292595,-0.32606458049733184,-0.35068755541462443,0.35068755541462443,3.2599275165620907,0.15555555555555556
39627833802234127,rvspecfit-main-bright-3.fits,10.664411,5699.997,4.158952,-0.5555121,source_holdout,source_holdout_clean,source_only,feh,-1,1.0,-0.5555120706558228,-0.6766800580965353,-0.12116798744071255,0.12116798744071255,4.645952921467264,0.4685185185185185
39627827754048392,rvspecfit-main-bright-3.fits,13.101346,5350.0044,4.7735944,-1.0826184,source_holdout,source_holdout_clean,source_only,feh,-1,1.0,-1.0826183557510376,-1.2804283135384322,-0.19780995778739463,0.19780995778739463,4.539885087103994,0.45185185185185184
39627827754047440,rvspecfit-main-bright-3.fits,40.260468,4438.1562,4.791903,-0.640746,source_holdout,source_holdout_clean,source_only,feh,-1,1.0,-0.640745997428894,-0.42822704113709426,0.2125189562917998,0.2125189562917998,3.7647355655506036,0.29259259259259257
39627827766625207,rvspecfit-main-bright-3.fits,16.246984,3727.752,4.7399964,0.13954104,source_holdout,source_holdout_clean,source_only,feh,-1,1.0,0.13954104483127594,-0.1259749406101384,-0.2655159854414143,0.2655159854414143,4.914234047322443,0.5018518518518519
39627827766626467,rvspecfit-main-bright-3.fits,17.387497,5343.958,2.4479477,-0.96625304,source_holdout,source_holdout_clean,source_only,feh,-1,1.0,-0.9662530422210693,-1.0742819829539254,-0.10802894073285607,0.10802894073285607,4.504504173206765,0.44814814814814813
39627815682839146,rvspecfit-main-bright-3.fits,19.975475,3384.267,4.5823526,-0.23283087,source_holdout,source_holdout_clean,source_only,feh,-1,1.0,-0.23283086717128754,-0.044152027443822316,0.18867883972746521,0.18867883972746521,4.757634283866141,0.48333333333333334
39627839842029210,rvspecfit-main-bright-3.fits,10.851574,4815.2705,5.1668177,-0.5689885,source_holdout,source_holdout_clean,source_only,feh,-1,1.0,-0.5689885020256042,-0.49800543289010735,0.0709830691354969,0.0709830691354969,5.534233964538277,0.5777777777777777
39627839837831502,rvspecfit-main-bright-3.fits,40.051716,5828.34,4.2675347,-0.6027683,source_holdout,source_holdout_clean,source_only,feh,-1,1.0,-0.6027683019638062,-0.573015457073537,0.029752844890269192,0.029752844890269192,3.5044312090164076,0.2111111111111111
39627827758239157,rvspecfit-main-bright-3.fits,21.127378,6272.8467,4.5,-2.8560874,source_holdout,source_holdout_clean,source_only,feh,-1,1.0,-2.8560874462127686,-1.397471132576466,1.4586163136363026,1.4586163136363026,2.5978420948980294,0.04814814814814815
39627827758240753,rvspecfit-main-bright-3.fits,33.37967,4342.7646,4.34546,0.07007618,source_holdout,source_holdout_clean,source_only,feh,-1,1.0,0.07007618248462677,-0.330625989558166,-0.4007021720427928,0.4007021720427928,4.273793225290291,0.40185185185185185
39627827770821661,rvspecfit-main-bright-3.fits,12.498432,3628.0664,4.5405626,-0.19909191,source_holdout,source_holdout_clean,source_only,feh,-1,1.0,-0.19909191131591797,-0.2629294249664941,-0.0638375136505761,0.0638375136505761,4.67923099753554,0.4703703703703704
39627821722640625,rvspecfit-main-bright-3.fits,20.32441,5134.727,4.907078,-1.1418545,source_holdout,source_holdout_clean,source_only,feh,-1,1.0,-1.1418545246124268,-0.5636406618822366,0.5782138627301902,0.5782138627301902,3.3594653141004867,0.18518518518518517
39627827766625370,rvspecfit-main-bright-3.fits,11.565127,4781.942,4.418274,-0.30361015,source_holdout,source_holdout_clean,source_only,feh,-1,1.0,-0.3036101460456848,-0.4245188180046779,-0.12090867195899307,0.12090867195899307,4.645423377796395,0.4666666666666667
39627821718438925,rvspecfit-main-bright-3.fits,39.363716,4162.4067,4.568495,-0.09737198,source_holdout,source_holdout_clean,source_only,feh,-1,1.0,-0.09737198054790497,-0.3084716926221126,-0.21109971207420763,0.21109971207420763,4.502753418421632,0.44814814814814813
39627821743606854,rvspecfit-main-bright-4.fits,14.38144,4920.265,4.6967487,-0.44084737,source_holdout,source_holdout_clean,source_only,feh,-1,1.0,-0.44084736704826355,-0.48012847906133777,-0.039281112013074215,0.039281112013074215,3.8446103025467684,0.31296296296296294
39627815703806550,rvspecfit-main-bright-4.fits,35.24997,6514.052,4.4088807,-0.6617047,source_holdout,source_holdout_clean,source_only,feh,-1,1.0,-0.6617047190666199,-1.1001195510104298,-0.4384148319438099,0.4384148319438099,2.615925071644126,0.05
39627821751993331,rvspecfit-main-bright-4.fits,10.845219,3805.717,4.6760206,-0.45505092,source_holdout,source_holdout_clean,source_only,feh,-1,1.0,-0.45505091547966003,-0.2899225736960712,0.16512834178358882,0.16512834178358882,4.649371232960812,0.4685185185185185
39627821739413661,rvspecfit-main-bright-4.fits,49.14275,5999.9966,4.18848,-0.7178064,source_holdout,source_holdout_clean,source_only,feh,-1,1.0,-0.7178063988685608,-0.7177423056711756,6.409319738520658e-05,6.409319738520658e-05,2.5952325056251855,0.04814814814814815
39627827783403836,rvspecfit-main-bright-4.fits,41.574112,4940.296,4.8818107,-0.47206432,source_holdout,source_holdout_clean,source_only,feh,-1,1.0,-0.4720643162727356,-0.44211065297325447,0.029953663299481126,0.029953663299481126,2.833470288932559,0.08148148148148149
39627833827393781,rvspecfit-main-bright-4.fits,13.174223,6420.133,4.8545375,-1.9718909,source_holdout,source_holdout_clean,source_only,feh,-1,1.0,-1.971890926361084,-1.484325225378076,0.4875657009830079,0.4875657009830079,3.4287929408782776,0.2
39627827775016893,rvspecfit-main-bright-4.fits,23.18716,3854.7473,4.555817,-0.0035949063,source_holdout,source_holdout_clean,source_only,feh,-1,1.0,-0.0035949063021689653,-0.2777010975764938,-0.27410619127432484,0.27410619127432484,3.954367250745914,0.3314814814814815
39627827775014949,rvspecfit-main-bright-4.fits,29.762403,5213.836,4.819805,-0.3014833,source_holdout,source_holdout_clean,source_only,feh,-1,1.0,-0.30148330330848694,-0.44200500866941483,-0.1405217053609279,0.1405217053609279,3.2676071192199028,0.16296296296296298
39627845923770802,rvspecfit-main-bright-5.fits,58.199036,4515.423,4.7505956,-0.5339174,source_holdout,source_holdout_clean,source_only,feh,-1,1.0,-0.5339174270629883,-0.3934104972394802,0.1405069298235081,0.1405069298235081,2.309144473021415,0.020370370370370372
39627839879777323,rvspecfit-main-bright-5.fits,20.717304,3352.7651,4.658394,-8.4417335e-09,source_holdout,source_holdout_clean,source_only,feh,-1,1.0,-8.441733534425566e-09,0.017294863430388403,0.017294871872121937,0.017294871872121937,6.47830575206705,0.6666666666666666
39627839879777921,rvspecfit-main-bright-5.fits,29.910242,6117.2104,3.8356934,-1.6474502,source_holdout,source_holdout_clean,source_only,feh,-1,1.0,-1.6474502086639404,-1.4121865812689065,0.23526362739503393,0.23526362739503393,2.6975712846338555,0.05185185185185185
39627833839977290,rvspecfit-main-bright-5.fits,38.22706,5169.7407,4.783004,-1.1261021,source_holdout,source_holdout_clean,source_only,feh,-1,1.0,-1.126102089881897,-0.6431193925657618,0.4829826973161352,0.4829826973161352,2.5693250919424275,0.046296296296296294
39627839879776070,rvspecfit-main-bright-5.fits,21.219952,4032.2673,4.5472283,-0.47774446,source_holdout,source_holdout_clean,source_only,feh,-1,1.0,-0.477744460105896,-0.31112420518697986,0.16662025491891613,0.16662025491891613,5.371619703405362,0.5611111111111111
39627845919572275,rvspecfit-main-bright-5.fits,42.21428,5829.848,4.7958584,-0.70737684,source_holdout,source_holdout_clean,source_only,feh,-1,1.0,-0.7073768377304077,-0.5735964564823858,0.13378038124802194,0.13378038124802194,1.8888052492428933,0.0
39627851959371754,rvspecfit-main-bright-5.fits,35.04647,3805.0925,4.542691,-0.24058925,source_holdout,source_holdout_clean,source_only,feh,-1,1.0,-0.24058924615383148,-0.2937725126215212,-0.05318326646768973,0.05318326646768973,2.651662324532724,0.05
39627845911188213,rvspecfit-main-bright-5.fits,12.291788,4816.813,4.759955,-0.4154822,source_holdout,source_holdout_clean,source_only,feh,-1,1.0,-0.41548219323158264,-0.465842109820029,-0.05035991658844635,0.05035991658844635,4.340152517463983,0.4166666666666667
39627851950985990,rvspecfit-main-bright-5.fits,27.416634,3358.4602,4.043012,-0.45926487,source_holdout,source_holdout_clean,source_only,feh,-1,1.0,-0.459264874458313,-0.1991889138129613,0.26007596064535166,0.26007596064535166,3.5235126591760912,0.21666666666666667
39627851950983368,rvspecfit-main-bright-5.fits,35.353436,5063.388,5.0673513,-0.53643554,source_holdout,source_holdout_clean,source_only,feh,-1,1.0,-0.5364355444908142,-0.4607436968479307,0.0756918476428835,0.0756918476428835,2.4305550140200265,0.03518518518518519
39627851950984098,rvspecfit-main-bright-5.fits,21.118452,5144.1636,2.4571316,-0.7537611,source_holdout,source_holdout_clean,source_only,feh,-1,1.0,-0.7537611126899719,-1.1217660220712427,-0.36800490938127073,0.36800490938127073,3.723384734603984,0.2777777777777778
39627851955178631,rvspecfit-main-bright-5.fits,66.58304,5432.3857,4.7988577,0.070537545,source_holdout,source_holdout_clean,source_only,feh,-1,1.0,0.07053754478693008,-0.43629843848757427,-0.5068359832745044,0.5068359832745044,2.426314350042791,0.03518518518518519
39627839875582733,rvspecfit-main-bright-5.fits,15.089906,3493.4248,4.851405,-2.0092371e-05,source_holdout,source_holdout_clean,source_only,feh,-1,1.0,-2.009237141464837e-05,-0.0922795118462415,-0.09225941947482685,0.09225941947482685,4.922013268989264,0.5037037037037037
39627851950984488,rvspecfit-main-bright-5.fits,26.844744,5348.9736,5.0259514,-0.5760964,source_holdout,source_holdout_clean,source_only,feh,-1,1.0,-0.5760964155197144,-0.5240710427938031,0.052025372725911234,0.052025372725911234,2.56210180144173,0.046296296296296294
39627845919574013,rvspecfit-main-bright-5.fits,20.59049,3939.1213,4.8171353,-0.11920797,source_holdout,source_holdout_clean,source_only,feh,-1,1.0,-0.1192079707980156,-0.24969150738122106,-0.13048353658320547,0.13048353658320547,3.5804667533062133,0.23333333333333334
39627851950984360,rvspecfit-main-bright-5.fits,11.34787,5878.607,4.6368484,-1.75,source_holdout,source_holdout_clean,source_only,feh,-1,1.0,-1.75,-1.3844883610929046,0.36551163890709537,0.36551163890709537,5.290343807601733,0.55
39627845911186372,rvspecfit-main-bright-5.fits,41.981564,3941.9863,4.7310076,-0.3669035,source_holdout,source_holdout_clean,source_only,feh,-1,1.0,-0.36690351366996765,-0.3398755289185451,0.02702798475142254,0.02702798475142254,5.02909128828289,0.524074074074074
39627839871386558,rvspecfit-main-bright-5.fits,28.686684,4805.0225,4.729151,-0.044067696,source_holdout,source_holdout_clean,source_only,feh,-1,1.0,-0.04406769573688507,-0.4239921232492372,-0.3799244275123521,0.3799244275123521,5.143274742104825,0.5351851851851852
39627833839976693,rvspecfit-main-bright-5.fits,12.101598,4565.834,4.9270644,-0.6339082,source_holdout,source_holdout_clean,source_only,feh,-1,1.0,-0.633908212184906,-0.45771048688329735,0.17619772530160865,0.17619772530160865,6.037558603083212,0.6277777777777778
39627839883969908,rvspecfit-main-bright-5.fits,20.937347,3788.294,4.6444893,-0.380443,source_holdout,source_holdout_clean,source_only,feh,-1,1.0,-0.3804430067539215,-0.24003650759706102,0.1404064991568605,0.1404064991568605,3.075239920790498,0.12777777777777777
39627839883968927,rvspecfit-main-bright-5.fits,35.266613,5325.624,4.885683,-0.19398142,source_holdout,source_holdout_clean,source_only,feh,-1,1.0,-0.19398142397403717,-0.45422484141308794,-0.2602434174390508,0.2602434174390508,2.334476162279502,0.020370370370370372
39627839879778503,rvspecfit-main-bright-5.fits,18.156084,3967.0608,4.3934913,-0.2819738,source_holdout,source_holdout_clean,source_only,feh,-1,1.0,-0.28197380900382996,-0.25714832843857766,0.0248254805652523,0.0248254805652523,2.7357149741633524,0.06111111111111111
39627839883970590,rvspecfit-main-bright-5.fits,27.931559,5675.8076,4.6245646,-0.5384411,source_holdout,source_holdout_clean,source_only,feh,-1,1.0,-0.5384411215782166,-0.5886106579843908,-0.050169536406174275,0.050169536406174275,2.001024547209679,0.003703703703703704
39627845923770018,rvspecfit-main-bright-5.fits,11.664027,5860.6504,4.622532,-0.6391969,source_holdout,source_holdout_clean,source_only,feh,-1,1.0,-0.6391968727111816,-0.6449625986209142,-0.005765725909732566,0.005765725909732566,3.7822413717899446,0.2962962962962963
39627851959372671,rvspecfit-main-bright-5.fits,28.040663,4641.6367,4.730126,-0.22783598,source_holdout,source_holdout_clean,source_only,feh,-1,1.0,-0.2278359830379486,-0.33137576025641235,-0.10353977721846375,0.10353977721846375,3.330337564732198,0.1814814814814815
39627839846224263,rvspecfit-main-bright-6.fits,37.68445,3973.9297,4.474684,-0.21151248,source_holdout,source_holdout_clean,source_only,feh,-1,1.0,-0.2115124762058258,-0.3085206421479467,-0.09700816594212092,0.09700816594212092,3.7810180501641715,0.2962962962962963
39627827770824341,rvspecfit-main-bright-6.fits,39.11204,5971.67,4.228228,-0.75,source_holdout,source_holdout_clean,source_only,feh,-1,1.0,-0.75,-1.0694726813310864,-0.3194726813310864,0.3194726813310864,3.2807488802871045,0.1648148148148148
39627833810622162,rvspecfit-main-bright-6.fits,14.81044,5158.257,4.8984466,-0.32266006,source_holdout,source_holdout_clean,source_only,feh,-1,1.0,-0.32266005873680115,-0.478133869888114,-0.15547381115131287,0.15547381115131287,4.235153880397637,0.3925925925925926
39627839842030804,rvspecfit-main-bright-6.fits,14.139059,3973.0508,4.4075265,-0.52608746,source_holdout,source_holdout_clean,source_only,feh,-1,1.0,-0.5260874629020691,-0.33931564815663573,0.18677181474543336,0.18677181474543336,4.266557167345384,0.39814814814814814
39627845890213849,rvspecfit-main-bright-6.fits,29.227415,5672.576,4.8962326,-0.5424338,source_holdout,source_holdout_clean,source_only,feh,-1,1.0,-0.5424337983131409,-0.3687305052531881,0.17370329305995275,0.17370329305995275,3.6109173296830814,0.24074074074074073
39627845890216372,rvspecfit-main-bright-6.fits,16.12363,3854.019,4.7166104,-0.6180201,source_holdout,source_holdout_clean,source_only,feh,-1,1.0,-0.6180201172828674,-0.3521890210237912,0.26583109625907625,0.26583109625907625,4.655584444387981,0.4685185185185185
39627857990784360,rvspecfit-main-bright-7.fits,70.7617,6118.4404,4.3919115,-0.75,source_holdout,source_holdout_clean,source_only,feh,-1,1.0,-0.75,-0.7746315818776689,-0.024631581877668896,0.024631581877668896,1.8413353711208817,0.0
39627851950986065,rvspecfit-main-bright-7.fits,52.087753,6169.199,3.8958325,-0.9864679,source_holdout,source_holdout_clean,source_only,feh,-1,1.0,-0.9864678978919983,-1.029999054980775,-0.04353115708877664,0.04353115708877664,2.165033459748623,0.009259259259259259
39627851950984641,rvspecfit-main-bright-7.fits,48.987057,4473.0527,4.6994743,-0.27750236,source_holdout,source_holdout_clean,source_only,feh,-1,1.0,-0.2775023579597473,-0.3592313454532996,-0.08172898749355229,0.08172898749355229,2.767277507067113,0.06666666666666667
39627839816860543,rvspecfit-main-bright-8.fits,32.721638,4987.3354,4.8711786,-0.64991444,source_holdout,source_holdout_clean,source_only,feh,-1,1.0,-0.6499144434928894,-0.606079916495002,0.04383452699788737,0.04383452699788737,4.111473787555762,0.36666666666666664
39627839812672584,rvspecfit-main-bright-8.fits,17.458675,5673.2114,4.6356673,-0.62852657,source_holdout,source_holdout_clean,source_only,feh,-1,1.0,-0.6285265684127808,-0.6643918818988215,-0.03586531348604072,0.03586531348604072,3.353744152854158,0.18518518518518517
39627839812670699,rvspecfit-main-bright-8.fits,38.237263,5925.2104,4.751291,-0.46446776,source_holdout,source_holdout_clean,source_only,feh,-1,1.0,-0.46446776390075684,-0.5584429684964318,-0.09397520459567499,0.09397520459567499,2.699160239392119,0.053703703703703705
39627827733070736,rvspecfit-main-bright-8.fits,18.087793,3788.903,4.9236155,0.25,source_holdout,source_holdout_clean,source_only,feh,-1,1.0,0.25,-0.16493820352119448,-0.4149382035211945,0.4149382035211945,4.778452243092625,0.48333333333333334
39627821693276035,rvspecfit-main-bright-8.fits,32.762997,5969.2407,4.279692,-0.7958698,source_holdout,source_holdout_clean,source_only,feh,-1,1.0,-0.7958698272705078,-0.906751321641108,-0.11088149437060024,0.11088149437060024,2.204636365615881,0.014814814814814815
39627833777065558,rvspecfit-main-bright-8.fits,12.767948,3951.9734,4.758648,0.04707949,source_holdout,source_holdout_clean,source_only,feh,-1,1.0,0.04707948863506317,-0.35262453912260094,-0.3997040277576641,0.3997040277576641,6.1081148301659365,0.6370370370370371
39627827741465882,rvspecfit-main-bright-8.fits,23.349905,4561.071,4.6857567,-0.70336413,source_holdout,source_holdout_clean,source_only,feh,-1,1.0,-0.7033641338348389,-0.4908689724910134,0.21249516134382546,0.21249516134382546,3.7562772771406316,0.28888888888888886
39627839812670659,rvspecfit-main-bright-8.fits,67.747925,5466.345,4.792107,-0.09665485,source_holdout,source_holdout_clean,source_only,feh,-1,1.0,-0.09665484726428986,-0.5289692690937465,-0.4323144218294567,0.4323144218294567,2.611151986924961,0.04814814814814815
39627833772873072,rvspecfit-main-bright-8.fits,11.543327,3344.0674,4.9933977,-6.7715398e-09,source_holdout,source_holdout_clean,source_only,feh,-1,1.0,-6.771539773353652e-09,0.03255817172085403,0.032558178492393806,0.032558178492393806,6.257242410516012,0.6481481481481481
39627839812669975,rvspecfit-main-bright-8.fits,29.673326,5147.977,2.2214344,-0.6992384,source_holdout,source_holdout_clean,source_only,feh,-1,1.0,-0.6992384195327759,-1.1513473022946468,-0.4521088827618709,0.4521088827618709,4.463519898607786,0.4351851851851852
39627839812672807,rvspecfit-main-bright-8.fits,10.229689,3960.4915,4.523227,-0.5141485,source_holdout,source_holdout_clean,source_only,feh,-1,1.0,-0.514148473739624,-0.42056851897129055,0.09357995476833347,0.09357995476833347,7.014593820515111,0.7092592592592593
39627839812669309,rvspecfit-main-bright-8.fits,10.041917,5112.64,2.5311203,-0.9058126,source_holdout,source_holdout_clean,source_only,feh,-1,1.0,-0.9058126211166382,-1.243227950896797,-0.33741532978015876,0.33741532978015876,5.535266987979527,0.5777777777777777
39627833781261616,rvspecfit-main-bright-8.fits,15.462614,5079.574,4.865364,-1.25,source_holdout,source_holdout_clean,source_only,feh,-1,1.0,-1.25,-1.463490706533194,-0.2134907065331939,0.2134907065331939,4.711833694493071,0.4740740740740741
39627833781257342,rvspecfit-main-bright-8.fits,17.523178,6078.532,4.3207583,-2.889843,source_holdout,source_holdout_clean,source_only,feh,-1,1.0,-2.889842987060547,-1.3391978046790631,1.5506451823814837,1.5506451823814837,2.7545400652012844,0.06296296296296296
39627839816859844,rvspecfit-main-bright-8.fits,12.712848,3319.7056,4.7985024,-2.5167144e-09,source_holdout,source_holdout_clean,source_only,feh,-1,1.0,-2.5167143924420543e-09,-0.024073158179964214,-0.024073155663249822,0.024073155663249822,5.872375452375968,0.6074074074074074
39627839812672733,rvspecfit-main-bright-8.fits,11.827734,6059.0156,3.7518787,-1.4329317,source_holdout,source_holdout_clean,source_only,feh,-1,1.0,-1.432931661605835,-1.4013372657603274,0.031594395845507606,0.031594395845507606,4.113732157213041,0.36666666666666664
39627821697469375,rvspecfit-main-bright-8.fits,16.405333,3851.9175,4.4098344,-0.5288464,source_holdout,source_holdout_clean,source_only,feh,-1,1.0,-0.5288463830947876,-0.3545709485861444,0.1742754345086432,0.1742754345086432,4.285244431016248,0.40555555555555556
39627833785450581,rvspecfit-main-bright-8.fits,10.057168,4114.629,4.4509463,-0.55450344,source_holdout,source_holdout_clean,source_only,feh,-1,1.0,-0.5545034408569336,-0.3312253084346714,0.2232781324222622,0.2232781324222622,5.459619104790215,0.5685185185185185
39627827745656776,rvspecfit-main-bright-8.fits,10.449086,4146.233,4.3544865,-0.6406455,source_holdout,source_holdout_clean,source_only,feh,-1,1.0,-0.6406455039978027,-0.48481833702526744,0.1558271669725353,0.1558271669725353,4.644274235184281,0.4666666666666667
39627827741465156,rvspecfit-main-bright-8.fits,15.143387,4925.3823,4.671121,-0.60524035,source_holdout,source_holdout_clean,source_only,feh,-1,1.0,-0.6052403450012207,-0.45893536128414175,0.14630498371707895,0.14630498371707895,3.705813079188248,0.2759259259259259
39627827733077165,rvspecfit-main-bright-8.fits,13.501539,5799.9956,3.949236,-1.9999129,source_holdout,source_holdout_clean,source_only,feh,-1,1.0,-1.9999128580093384,-1.3535309086367497,0.6463819493725886,0.6463819493725886,3.379515294537183,0.1925925925925926
39627827733070202,rvspecfit-main-bright-8.fits,22.563013,5515.5884,4.840002,-0.5918392,source_holdout,source_holdout_clean,source_only,feh,-1,1.0,-0.5918391942977905,-0.5388297180132942,0.05300947628449637,0.05300947628449637,2.715290057327702,0.05740740740740741
39627821697472553,rvspecfit-main-bright-8.fits,21.351917,6462.012,4.279024,-2.8977134,source_holdout,source_holdout_clean,source_only,feh,-1,1.0,-2.8977134227752686,-1.373593574961027,1.5241198478142415,1.5241198478142415,2.4280221193230176,0.03518518518518519
39627857948838840,rvspecfit-main-bright-9.fits,47.78757,5887.5474,3.5600655,-1.83259,source_holdout,source_holdout_clean,source_only,feh,-1,1.0,-1.8325899839401245,-1.109510082639754,0.7230799013003706,0.7230799013003706,1.6795865998498662,0.0
39627851909044289,rvspecfit-main-bright-9.fits,28.965052,5779.702,4.6419196,-0.9400689,source_holdout,source_holdout_clean,source_only,feh,-1,1.0,-0.9400689005851746,-0.6284693654129903,0.3115995351721843,0.3115995351721843,2.43014075225124,0.03518518518518519
39627851909041816,rvspecfit-main-bright-9.fits,37.74704,5649.3677,4.585278,-0.36139774,source_holdout,source_holdout_clean,source_only,feh,-1,1.0,-0.36139774322509766,-0.5162971048848705,-0.1548993616597728,0.1548993616597728,2.278785865141634,0.020370370370370372
39627827749850242,rvspecfit-main-bright-9.fits,13.389119,4829.231,4.831749,-0.58654714,source_holdout,source_holdout_clean,source_only,feh,-1,1.0,-0.5865471363067627,-0.4721563016382514,0.1143908346685113,0.1143908346685113,5.510079378049469,0.5722222222222222
39627845860854223,rvspecfit-main-bright-9.fits,21.683558,5312.3267,4.749075,-0.7059915,source_holdout,source_holdout_clean,source_only,feh,-1,1.0,-0.7059915065765381,-0.7815334747638559,-0.07554196818731784,0.07554196818731784,3.5500493739111483,0.22777777777777777
39627839816865025,rvspecfit-main-bright-9.fits,14.405075,4559.9023,4.6895595,-0.6846649,source_holdout,source_holdout_clean,source_only,feh,-1,1.0,-0.6846649050712585,-0.4268438577434668,0.25782104732779176,0.25782104732779176,3.7487050653387888,0.28888888888888886
39627839825248751,rvspecfit-main-bright-9.fits,16.708359,5623.7134,3.8698251,-0.6395888,source_holdout,source_holdout_clean,source_only,feh,-1,1.0,-0.6395887732505798,-0.6865881735226139,-0.046999400272034086,0.046999400272034086,3.2292186343808296,0.15185185185185185
39627845865047209,rvspecfit-main-bright-9.fits,17.137741,5721.9053,5.087989,-0.47012925,source_holdout,source_holdout_clean,source_only,feh,-1,1.0,-0.47012925148010254,-0.5993612851807848,-0.12923203370068226,0.12923203370068226,3.3580304653598616,0.18518518518518517
39627839821054819,rvspecfit-main-bright-9.fits,18.219913,5742.3164,4.830802,-1.4137065,source_holdout,source_holdout_clean,source_only,feh,-1,1.0,-1.4137065410614014,-1.4412417058274147,-0.027535164766013365,0.027535164766013365,3.849161367916644,0.31296296296296294
39627839825255430,rvspecfit-main-bright-9.fits,35.821304,3585.594,5.0,0.25,source_holdout,source_holdout_clean,source_only,feh,-1,1.0,0.25,-0.08448160913377413,-0.3344816091337741,0.3344816091337741,3.153984939395299,0.1425925925925926
39627845865048506,rvspecfit-main-bright-9.fits,13.513905,3639.334,4.6771107,-0.49999994,source_holdout,source_holdout_clean,source_only,feh,-1,1.0,-0.4999999403953552,-0.16861993080976523,0.33138000958559,0.33138000958559,4.081795580609974,0.3537037037037037
39627845860853149,rvspecfit-main-bright-9.fits,29.972689,5548.4204,4.7709064,-0.5177367,source_holdout,source_holdout_clean,source_only,feh,-1,1.0,-0.5177366733551025,-0.5218496529054181,-0.004112979550315532,0.004112979550315532,2.368904912911049,0.022222222222222223
39627833785457292,rvspecfit-main-bright-9.fits,23.886591,5238.164,5.034228,-0.68437576,source_holdout,source_holdout_clean,source_only,feh,-1,1.0,-0.6843757629394531,-0.5046496259048581,0.17972613703459506,0.17972613703459506,3.3894047016169964,0.19444444444444445
39627851909043665,rvspecfit-main-bright-9.fits,15.489862,5427.4233,4.863215,-0.6448708,source_holdout,source_holdout_clean,source_only,feh,-1,1.0,-0.6448708176612854,-0.5812231888233991,0.06364762883788633,0.06364762883788633,2.7973688672431325,0.07222222222222222
39627851909044675,rvspecfit-main-bright-9.fits,20.760723,3639.1091,5.025338,0.0017295798,source_holdout,source_holdout_clean,source_only,feh,-1,1.0,0.0017295797588303685,-0.03574257158184537,-0.03747215134067574,0.03747215134067574,4.4770026607876865,0.4351851851851852
39627851909044612,rvspecfit-main-bright-9.fits,31.152905,4570.983,4.6626415,-0.29414445,source_holdout,source_holdout_clean,source_only,feh,-1,1.0,-0.2941444516181946,-0.31161273501971437,-0.01746828340151979,0.01746828340151979,2.624505245422239,0.05
39627851909043394,rvspecfit-main-bright-9.fits,12.160615,3944.3706,4.8714595,0.055278786,source_holdout,source_holdout_clean,source_only,feh,-1,1.0,0.05527878552675247,-0.27556027401891287,-0.33083905954566534,0.33083905954566534,4.1898729273350925,0.38333333333333336
39627833793840290,rvspecfit-main-bright-9.fits,15.472251,3983.3274,4.6827335,-0.49333048,source_holdout,source_holdout_clean,source_only,feh,-1,1.0,-0.4933304786682129,-0.34855680269625755,0.14477367597195534,0.14477367597195534,4.077893127513975,0.35
39627845873440153,rvspecfit-main-bright-9.fits,22.347937,5166.9233,4.778177,-0.61190706,source_holdout,source_holdout_clean,source_only,feh,-1,1.0,-0.6119070649147034,-0.5394605849838507,0.07244647993085263,0.07244647993085263,2.7452065790909015,0.06111111111111111
39627845869244690,rvspecfit-main-bright-9.fits,12.694894,4903.843,4.6446977,-0.32488066,source_holdout,source_holdout_clean,source_only,feh,-1,1.0,-0.3248806595802307,-0.43028826182473795,-0.10540760224450724,0.10540760224450724,4.676089295966878,0.4685185185185185
39627851909043268,rvspecfit-main-bright-9.fits,18.954782,4519.214,4.247784,0.080730714,source_holdout,source_holdout_clean,source_only,feh,-1,1.0,0.08073071390390396,-0.3542495020331505,-0.43498021593705444,0.43498021593705444,3.6749356001306186,0.26296296296296295
39627851904848181,rvspecfit-main-bright-9.fits,16.895277,4244.756,4.1136284,-0.43229502,source_holdout,source_holdout_clean,source_only,feh,-1,1.0,-0.432295024394989,-0.41472287321745255,0.017572151177536466,0.017572151177536466,4.8002881080189965,0.48518518518518516
39627851909039771,rvspecfit-main-bright-9.fits,26.112993,3953.2205,4.5920477,-0.39715976,source_holdout,source_holdout_clean,source_only,feh,-1,1.0,-0.39715975522994995,-0.32368160851096944,0.07347814671898051,0.07347814671898051,3.2196695633972565,0.15
39627845869241040,rvspecfit-main-bright-9.fits,16.293951,3472.3618,4.595129,-0.18733022,source_holdout,source_holdout_clean,source_only,feh,-1,1.0,-0.1873302161693573,-0.08990354851983205,0.09742666764952525,0.09742666764952525,4.612604613040699,0.46111111111111114
39627797555054059,rvspecfit-main-bright-0.fits,25.770039,5933.335,4.3744597,-0.728765,source_holdout,source_holdout_clean,noise_augmented,teff,-1,1.0,5933.3349609375,5858.145375040691,-75.18958589680915,75.18958589680915,4.00415762838823,0.34444444444444444
39627803594854420,rvspecfit-main-bright-0.fits,25.11731,5192.172,4.828961,-0.43341476,source_holdout,source_holdout_clean,noise_augmented,teff,-1,1.0,5192.171875,5248.26255682373,56.09068182372994,56.09068182372994,4.065192161571839,0.34814814814814815
39627797550865084,rvspecfit-main-bright-0.fits,29.18192,5967.2324,4.4568024,-1.0345173,source_holdout,source_holdout_clean,noise_augmented,teff,-1,1.0,5967.232421875,6076.1027179565435,108.87029608154353,108.87029608154353,2.2244862736345303,0.016666666666666666
39627803594856578,rvspecfit-main-bright-0.fits,28.47997,5834.933,3.975627,-0.774128,source_holdout,source_holdout_clean,noise_augmented,teff,-1,1.0,5834.93310546875,5916.592462178549,81.65935670979889,81.65935670979889,3.610099231216367,0.23703703703703705
39627803594852215,rvspecfit-main-bright-0.fits,14.196906,3528.8555,4.4331665,-3.1253588e-08,source_holdout,source_holdout_clean,noise_augmented,teff,-1,1.0,3528.85546875,3516.6905168457033,-12.164951904296686,12.164951904296686,5.675484035520125,0.5962962962962963
39627803594856334,rvspecfit-main-bright-0.fits,12.765561,5073.9175,4.8069735,-0.7760475,source_holdout,source_holdout_clean,noise_augmented,teff,-1,1.0,5073.91748046875,5274.2229574584935,200.3054769897435,200.3054769897435,4.080023372060961,0.35
39627809638843886,rvspecfit-main-bright-0.fits,25.254856,5538.9707,4.6776648,-1.3598263,source_holdout,source_holdout_clean,noise_augmented,teff,-1,1.0,5538.970703125,5990.709265563964,451.73856243896444,451.73856243896444,3.2901626406280866,0.17037037037037037
39627803599052837,rvspecfit-main-bright-0.fits,47.80544,6099.9966,4.5420027,-1.4265354,source_holdout,source_holdout_clean,noise_augmented,teff,-1,1.0,6099.99658203125,6097.345614481609,-2.6509675496408818,2.6509675496408818,3.0429494789163454,0.12037037037037036
39627809643037702,rvspecfit-main-bright-0.fits,33.05582,5980.165,4.039836,-0.9253463,source_holdout,source_holdout_clean,noise_augmented,teff,-1,1.0,5980.1650390625,5982.349213663735,2.1841746012350995,2.1841746012350995,2.4464015587724552,0.03518518518518519
39627797567638472,rvspecfit-main-bright-0.fits,14.585838,3552.5896,4.827148,-3.1885524e-08,source_holdout,source_holdout_clean,noise_augmented,teff,-1,1.0,3552.589599609375,3527.56522942098,-25.024370188395096,25.024370188395096,4.260574381814355,0.39814814814814814
39627791527841990,rvspecfit-main-bright-0.fits,38.86436,5655.909,4.8632197,-0.7191091,source_holdout,source_holdout_clean,noise_augmented,teff,-1,1.0,5655.9091796875,5663.297293782554,7.388114095054334,7.388114095054334,2.3025954380854725,0.020370370370370372
39627809638846529,rvspecfit-main-bright-0.fits,18.408873,5130.1846,2.5442505,-0.7162849,source_holdout,source_holdout_clean,noise_augmented,teff,-1,1.0,5130.1845703125,5469.92672458903,339.7421542765296,339.7421542765296,5.297954738596199,0.55
39627803603243052,rvspecfit-main-bright-0.fits,17.307343,4646.6846,4.625856,-0.24500641,source_holdout,source_holdout_clean,noise_augmented,teff,-1,1.0,4646.6845703125,4595.876773610431,-50.80779670206903,50.80779670206903,5.065990324298618,0.5259259259259259
39627809647233020,rvspecfit-main-bright-0.fits,14.275092,5499.999,2.6491766,-1.4284428,source_holdout,source_holdout_clean,noise_augmented,teff,-1,1.0,5499.9990234375,5813.239472371418,313.24044893391783,313.24044893391783,4.8003827540649056,0.48518518518518516
39627791527838252,rvspecfit-main-bright-0.fits,11.030782,4355.712,4.242638,-0.39427254,source_holdout,source_holdout_clean,noise_augmented,teff,-1,1.0,4355.7119140625,4469.216095113117,113.50418105061726,113.50418105061726,3.7481498278420506,0.28888888888888886
39627797563444474,rvspecfit-main-bright-0.fits,27.962894,5314.067,4.968911,-0.29762325,source_holdout,source_holdout_clean,noise_augmented,teff,-1,1.0,5314.06689453125,5386.618575185137,72.55168065388716,72.55168065388716,2.6634596500377126,0.05
39627827775013373,rvspecfit-main-bright-1.fits,39.061436,5582.5454,5.1279864,-0.63674533,source_holdout,source_holdout_clean,noise_augmented,teff,-1,1.0,5582.54541015625,5513.615289916992,-68.93012023925803,68.93012023925803,3.021780863500892,0.11851851851851852
39627815687030584,rvspecfit-main-bright-1.fits,19.394766,4648.9683,4.767465,-0.61063683,source_holdout,source_holdout_clean,noise_augmented,teff,-1,1.0,4648.96826171875,4630.450371490479,-18.517890228271426,18.517890228271426,4.275057240226036,0.40185185185185185
39627815682842837,rvspecfit-main-bright-1.fits,22.882843,5729.2544,4.610091,-1.7405462,source_holdout,source_holdout_clean,noise_augmented,teff,-1,1.0,5729.25439453125,6081.1942298584,351.9398353271499,351.9398353271499,3.371609063160533,0.18703703703703703
39627815682838215,rvspecfit-main-bright-1.fits,14.909275,5200.001,2.6381724,-0.75000024,source_holdout,source_holdout_clean,noise_augmented,teff,-1,1.0,5200.0009765625,5556.788075215656,356.78709865315614,356.78709865315614,4.870134678081449,0.4981481481481482
39627821726832087,rvspecfit-main-bright-1.fits,10.1174965,3990.4856,4.5,-0.5635368,source_holdout,source_holdout_clean,noise_augmented,teff,-1,1.0,3990.485595703125,4107.342898915609,116.85730321248411,116.85730321248411,4.982787811998765,0.5111111111111111
39627821726832204,rvspecfit-main-bright-1.fits,29.541725,5825.152,4.4116573,-0.52552813,source_holdout,source_holdout_clean,noise_augmented,teff,-1,1.0,5825.15185546875,5754.714400960287,-70.4374545084629,70.4374545084629,3.522634246499504,0.21666666666666667
39627815682840672,rvspecfit-main-bright-1.fits,11.9453945,3733.706,4.725037,-0.24999999,source_holdout,source_holdout_clean,noise_augmented,teff,-1,1.0,3733.7060546875,3704.3956536356623,-29.310401051837744,29.310401051837744,6.173714456052079,0.6425925925925926
39627815687034177,rvspecfit-main-bright-1.fits,35.36645,5115.736,4.9753127,-0.39662126,source_holdout,source_holdout_clean,noise_augmented,teff,-1,1.0,5115.73583984375,5086.740825866696,-28.99501397705444,28.99501397705444,3.039077211624203,0.12037037037037036
39627815687034137,rvspecfit-main-bright-1.fits,19.789078,5419.0073,2.7329383,-0.73714966,source_holdout,source_holdout_clean,noise_augmented,teff,-1,1.0,5419.00732421875,5648.265734558103,229.25841033935285,229.25841033935285,4.605140241591535,0.45925925925925926
39627815687033273,rvspecfit-main-bright-1.fits,19.66653,6126.756,3.9193497,-1.9372989,source_holdout,source_holdout_clean,noise_augmented,teff,-1,1.0,6126.755859375,6142.356251403807,15.60039202880671,15.60039202880671,3.071333248846105,0.12777777777777777
39627815687035169,rvspecfit-main-bright-1.fits,14.371497,3567.6287,4.767287,-0.50000006,source_holdout,source_holdout_clean,noise_augmented,teff,-1,1.0,3567.628662109375,3589.1040100809755,21.475347971600513,21.475347971600513,5.312319677476914,0.55
39627815691226341,rvspecfit-main-bright-1.fits,18.741198,6087.9946,4.211149,-1.75,source_holdout,source_holdout_clean,noise_augmented,teff,-1,1.0,6087.99462890625,6202.029192810058,114.0345639038078,114.0345639038078,3.181472973306126,0.14444444444444443
39627815703806600,rvspecfit-main-bright-1.fits,20.712364,4876.2544,4.7563953,-0.5194689,source_holdout,source_holdout_clean,noise_augmented,teff,-1,1.0,4876.25439453125,4892.182180043537,15.9277855122873,15.9277855122873,5.3831338837062335,0.5611111111111111
39627809655620581,rvspecfit-main-bright-1.fits,11.505546,3406.5725,4.3075128,-0.2512675,source_holdout,source_holdout_clean,noise_augmented,teff,-1,1.0,3406.572509765625,3475.492121297199,68.91961153157399,68.91961153157399,5.717318177366827,0.6018518518518519
39627803615822636,rvspecfit-main-bright-1.fits,27.821482,4130.0557,4.815502,-0.1914478,source_holdout,source_holdout_clean,noise_augmented,teff,-1,1.0,4130.0556640625,4088.3492236938473,-41.70644036865269,41.70644036865269,4.950530593374068,0.5092592592592593
39627821731024722,rvspecfit-main-bright-1.fits,26.488497,3848.8965,4.69977,0.18254822,source_holdout,source_holdout_clean,noise_augmented,teff,-1,1.0,3848.896484375,3756.2408831481944,-92.65560122680563,92.65560122680563,4.724836587876164,0.4777777777777778
39627821731022359,rvspecfit-main-bright-1.fits,29.06096,4617.5776,4.7657123,-0.7961772,source_holdout,source_holdout_clean,noise_augmented,teff,-1,1.0,4617.57763671875,4734.35699359131,116.77935687256013,116.77935687256013,4.106202271599413,0.36666666666666664
39627809651426096,rvspecfit-main-bright-1.fits,19.828865,3790.3337,4.5242043,-0.5254817,source_holdout,source_holdout_clean,noise_augmented,teff,-1,1.0,3790.333740234375,3874.7824866536457,84.44874641927072,84.44874641927072,4.75606093292237,0.48333333333333334
39627809626262382,rvspecfit-main-bright-2.fits,13.217915,5880.711,4.6759195,-1.5200524,source_holdout,source_holdout_clean,noise_augmented,teff,-1,1.0,5880.7109375,5870.104334513349,-10.606602986650614,10.606602986650614,4.9218839838117825,0.5037037037037037
39627803586465384,rvspecfit-main-bright-2.fits,20.625483,3849.7017,4.606526,-0.9035652,source_holdout,source_holdout_clean,noise_augmented,teff,-1,1.0,3849.70166015625,4172.754003550211,323.05234339396065,323.05234339396065,4.998533904938815,0.5203703703703704
39627815666062804,rvspecfit-main-bright-2.fits,11.486521,4470.529,4.175713,-0.5429244,source_holdout,source_holdout_clean,noise_augmented,teff,-1,1.0,4470.52880859375,4641.111953033447,170.5831444396972,170.5831444396972,5.505321125601592,0.5722222222222222
39627803590657079,rvspecfit-main-bright-2.fits,15.38988,3419.8584,4.538442,0.019656142,source_holdout,source_holdout_clean,noise_augmented,teff,-1,1.0,3419.8583984375,3452.657813476561,32.79941503906093,32.79941503906093,6.18963805855389,0.6444444444444445
39627797550860289,rvspecfit-main-bright-2.fits,39.145744,5549.2188,4.636974,-0.3780223,source_holdout,source_holdout_clean,noise_augmented,teff,-1,1.0,5549.21875,5490.404823791503,-58.81392620849692,58.81392620849692,4.331893765648222,0.4148148148148148
39627815674446512,rvspecfit-main-bright-2.fits,13.510458,4757.154,4.668223,-0.7294396,source_holdout,source_holdout_clean,noise_augmented,teff,-1,1.0,4757.15380859375,4874.575277893068,117.42146929931823,117.42146929931823,5.379019539244306,0.5611111111111111
39627821710056081,rvspecfit-main-bright-2.fits,14.372349,5173.5776,4.879602,-0.6280581,source_holdout,source_holdout_clean,noise_augmented,teff,-1,1.0,5173.57763671875,5269.287142903647,95.70950618489678,95.70950618489678,4.783848217400102,0.48333333333333334
39627815670255483,rvspecfit-main-bright-2.fits,18.47636,3264.4692,4.4813795,-0.25,source_holdout,source_holdout_clean,noise_augmented,teff,-1,1.0,3264.46923828125,3391.9455147196463,127.47627643839633,127.47627643839633,5.409861281575124,0.5611111111111111
39627809634652517,rvspecfit-main-bright-2.fits,10.531586,4634.3506,4.654203,-0.66354084,source_holdout,source_holdout_clean,noise_augmented,teff,-1,1.0,4634.3505859375,4775.993148488364,141.64256255086366,141.64256255086366,5.453141353260678,0.5685185185185185
39627815661865775,rvspecfit-main-bright-2.fits,32.139385,5821.82,4.696583,-0.60589206,source_holdout,source_holdout_clean,noise_augmented,teff,-1,1.0,5821.81982421875,5884.790687784833,62.9708635660827,62.9708635660827,2.5349989562004374,0.044444444444444446
39627803594851309,rvspecfit-main-bright-2.fits,16.364233,4039.3142,4.3577476,-0.16311127,source_holdout,source_holdout_clean,noise_augmented,teff,-1,1.0,4039.314208984375,3989.175921579997,-50.138287404377934,50.138287404377934,5.060244408408235,0.5259259259259259
39627809630456059,rvspecfit-main-bright-2.fits,31.716152,5653.161,4.729489,-0.35176328,source_holdout,source_holdout_clean,noise_augmented,teff,-1,1.0,5653.1611328125,5591.289907023111,-61.87122578938943,61.87122578938943,3.734886932902761,0.2814814814814815
39627809622066920,rvspecfit-main-bright-2.fits,29.56552,4055.8792,4.6014476,-0.20316944,source_holdout,source_holdout_clean,noise_augmented,teff,-1,1.0,4055.879150390625,4070.8977637023913,15.01861331176633,15.01861331176633,3.8042520134622526,0.3037037037037037
39627815666059119,rvspecfit-main-bright-2.fits,16.926617,5386.4546,5.173077,-0.6118051,source_holdout,source_holdout_clean,noise_augmented,teff,-1,1.0,5386.45458984375,5404.66914770508,18.214557861329922,18.214557861329922,3.991925419503649,0.34444444444444444
39627815666060895,rvspecfit-main-bright-2.fits,42.472977,5331.264,4.9324512,-0.4723397,source_holdout,source_holdout_clean,noise_augmented,teff,-1,1.0,5331.26416015625,5366.105574259442,34.84141410319171,34.84141410319171,3.5068345209732,0.2111111111111111
39627809626262364,rvspecfit-main-bright-2.fits,11.426821,3538.3384,4.7990932,-2.37882e-05,source_holdout,source_holdout_clean,noise_augmented,teff,-1,1.0,3538.33837890625,3569.646332651775,31.307953745525083,31.307953745525083,6.3238923243304885,0.6537037037037037
39627809622069969,rvspecfit-main-bright-2.fits,47.146626,3846.7625,4.662172,-0.13872,source_holdout,source_holdout_clean,noise_augmented,teff,-1,1.0,3846.762451171875,3902.542967152914,55.780515981039116,55.780515981039116,2.6383382669911515,0.05
39627827749848496,rvspecfit-main-bright-2.fits,27.355183,5399.989,3.321622,-1.398623,source_holdout,source_holdout_clean,noise_augmented,teff,-1,1.0,5399.98876953125,5986.252487243652,586.2637177124016,586.2637177124016,3.4723326074964813,0.20555555555555555
39627821705860820,rvspecfit-main-bright-2.fits,34.099068,5847.3438,4.671578,-1.4983106,source_holdout,source_holdout_clean,noise_augmented,teff,-1,1.0,5847.34375,6050.875112426755,203.53136242675464,203.53136242675464,3.758315965582902,0.28888888888888886
39627815674449581,rvspecfit-main-bright-2.fits,13.48949,5792.788,4.7165213,-0.5580153,source_holdout,source_holdout_clean,noise_augmented,teff,-1,1.0,5792.7880859375,5727.188194864911,-65.59989107258934,65.59989107258934,4.4094465746721765,0.42407407407407405
39627809630459118,rvspecfit-main-bright-2.fits,13.282083,5475.7256,4.8019958,-0.63902676,source_holdout,source_holdout_clean,noise_augmented,teff,-1,1.0,5475.7255859375,5711.9386680704765,236.21308213297652,236.21308213297652,3.9142480932471106,0.32037037037037036
39627809630460912,rvspecfit-main-bright-2.fits,12.179368,3699.9932,5.0507874,0.25,source_holdout,source_holdout_clean,noise_augmented,teff,-1,1.0,3699.9931640625,3577.079734537759,-122.91342952474088,122.91342952474088,6.320413989709843,0.65
39627821710055899,rvspecfit-main-bright-2.fits,24.317644,3424.4392,4.995202,-7.4457542e-09,source_holdout,source_holdout_clean,noise_augmented,teff,-1,1.0,3424.439208984375,3464.740747060141,40.301538075766075,40.301538075766075,5.073472908940512,0.5259259259259259
39627821710050224,rvspecfit-main-bright-2.fits,13.783821,5930.1323,3.5,-1.442121,source_holdout,source_holdout_clean,noise_augmented,teff,-1,1.0,5930.13232421875,6073.052327270504,142.92000305175407,142.92000305175407,3.8348950883365847,0.31296296296296294
39627815670256958,rvspecfit-main-bright-2.fits,33.17341,3539.3472,4.3192625,-0.24999994,source_holdout,source_holdout_clean,noise_augmented,teff,-1,1.0,3539.34716796875,3581.333521209717,41.98635324096722,41.98635324096722,3.9469088087328705,0.3314814814814815
39627815666064691,rvspecfit-main-bright-2.fits,21.107985,4884.057,4.824358,-0.6790433,source_holdout,source_holdout_clean,noise_augmented,teff,-1,1.0,4884.05712890625,5065.731026814776,181.67389790852576,181.67389790852576,4.277275992013337,0.40185185185185185
39627809622066858,rvspecfit-main-bright-2.fits,11.638368,3941.9397,4.5613294,-0.20976058,source_holdout,source_holdout_clean,noise_augmented,teff,-1,1.0,3941.939697265625,3977.1129673563623,35.17327009073733,35.17327009073733,4.943129344764473,0.5074074074074074
39627821714247491,rvspecfit-main-bright-2.fits,10.511821,6099.9995,3.7331715,-1.5,source_holdout,source_holdout_clean,noise_augmented,teff,-1,1.0,6099.99951171875,6106.712342590332,6.7128308715819,6.7128308715819,4.4140190435424715,0.42592592592592593
39627827749852365,rvspecfit-main-bright-3.fits,22.367079,6430.866,4.4665184,-2.1353698,source_holdout,source_holdout_clean,noise_augmented,teff,-1,1.0,6430.8662109375,6148.305390421546,-282.5608205159542,282.5608205159542,3.1500688545172926,0.14074074074074075
39627827749853791,rvspecfit-main-bright-3.fits,31.061192,5937.0537,4.671657,-0.5924776,source_holdout,source_holdout_clean,noise_augmented,teff,-1,1.0,5937.0537109375,5782.070506225588,-154.98320471191164,154.98320471191164,3.5858538547643968,0.23333333333333334
39627839842027235,rvspecfit-main-bright-3.fits,10.413524,4255.7646,3.7712116,-0.29332766,source_holdout,source_holdout_clean,noise_augmented,teff,-1,1.0,4255.7646484375,4270.359806976319,14.595158538819305,14.595158538819305,4.877508675752165,0.4981481481481482
39627833802231888,rvspecfit-main-bright-3.fits,13.302268,5252.27,5.0464845,-0.5512155,source_holdout,source_holdout_clean,noise_augmented,teff,-1,1.0,5252.27001953125,5258.015104105634,5.7450845743842365,5.7450845743842365,3.9351289077891054,0.3277777777777778
39627827762432886,rvspecfit-main-bright-3.fits,25.138403,3610.7712,4.5477123,-0.25,source_holdout,source_holdout_clean,noise_augmented,teff,-1,1.0,3610.771240234375,3648.0624722086573,37.291231974282255,37.291231974282255,4.6562480864762845,0.4685185185185185
39627827762430597,rvspecfit-main-bright-3.fits,26.81591,4245.767,4.2682157,-0.53313196,source_holdout,source_holdout_clean,noise_augmented,teff,-1,1.0,4245.76708984375,4272.659918518066,26.89282867431575,26.89282867431575,3.351998481320648,0.18518518518518517
39627827762430329,rvspecfit-main-bright-3.fits,11.366318,3667.8442,4.317511,0.022638885,source_holdout,source_holdout_clean,noise_augmented,teff,-1,1.0,3667.84423828125,3604.825847086588,-63.018391194661945,63.018391194661945,5.553997318932353,0.5814814814814815
39627827758241593,rvspecfit-main-bright-3.fits,48.443775,6033.9634,4.1164794,-0.7366164,source_holdout,source_holdout_clean,noise_augmented,teff,-1,1.0,6033.96337890625,6005.133461222328,-28.82991768392185,28.82991768392185,2.5300470842892286,0.04259259259259259
39627833798038838,rvspecfit-main-bright-3.fits,26.6465,5300.0,2.4999988,-0.9075346,source_holdout,source_holdout_clean,noise_augmented,teff,-1,1.0,5300.0,5978.388713134764,678.3887131347637,678.3887131347637,3.7259176276653068,0.2777777777777778
39627833798040743,rvspecfit-main-bright-3.fits,10.8702755,5787.8257,3.6668594,-1.0666147,source_holdout,source_holdout_clean,noise_augmented,teff,-1,1.0,5787.82568359375,5734.072440266927,-53.753243326823394,53.753243326823394,4.318917358275433,0.412962962962963
39627833798038375,rvspecfit-main-bright-3.fits,42.17771,3810.08,4.6831303,-0.09721547,source_holdout,source_holdout_clean,noise_augmented,teff,-1,1.0,3810.080078125,3759.9662954101555,-50.11378271484455,50.11378271484455,2.744431069260098,0.06111111111111111
39627827758238307,rvspecfit-main-bright-3.fits,30.130543,5209.673,4.9502754,-0.20569585,source_holdout,source_holdout_clean,noise_augmented,teff,-1,1.0,5209.6728515625,5154.723682698567,-54.949168863932755,54.949168863932755,3.5098658974196715,0.21481481481481482
39627833798034904,rvspecfit-main-bright-3.fits,19.791807,6200.0005,4.559546,-0.6082555,source_holdout,source_holdout_clean,noise_augmented,teff,-1,1.0,6200.00048828125,5880.9785205485005,-319.02196773274954,319.02196773274954,3.140989305865477,0.1388888888888889
39627827758237818,rvspecfit-main-bright-3.fits,11.096011,3955.887,4.5,-0.6056033,source_holdout,source_holdout_clean,noise_augmented,teff,-1,1.0,3955.886962890625,3959.6517981262205,3.7648352355954557,3.7648352355954557,4.0725601457616,0.35
39627833798034580,rvspecfit-main-bright-3.fits,39.440643,4909.12,4.7919583,0.024622975,source_holdout,source_holdout_clean,noise_augmented,teff,-1,1.0,4909.1201171875,4668.647570332846,-240.47254685465396,240.47254685465396,3.2599275165620907,0.15555555555555556
39627833802234127,rvspecfit-main-bright-3.fits,10.664411,5699.997,4.158952,-0.5555121,source_holdout,source_holdout_clean,noise_augmented,teff,-1,1.0,5699.9970703125,5727.759322001141,27.7622516886413,27.7622516886413,4.645952921467264,0.4685185185185185
39627827754048392,rvspecfit-main-bright-3.fits,13.101346,5350.0044,4.7735944,-1.0826184,source_holdout,source_holdout_clean,noise_augmented,teff,-1,1.0,5350.00439453125,5574.457980428062,224.453585896812,224.453585896812,4.539885087103994,0.45185185185185184
39627827754047440,rvspecfit-main-bright-3.fits,40.260468,4438.1562,4.791903,-0.640746,source_holdout,source_holdout_clean,noise_augmented,teff,-1,1.0,4438.15625,4521.411583028158,83.25533302815802,83.25533302815802,3.7647355655506036,0.29259259259259257
39627827766625207,rvspecfit-main-bright-3.fits,16.246984,3727.752,4.7399964,0.13954104,source_holdout,source_holdout_clean,noise_augmented,teff,-1,1.0,3727.751953125,3628.9546470845544,-98.79730604044562,98.79730604044562,4.914234047322443,0.5018518518518519
39627827766626467,rvspecfit-main-bright-3.fits,17.387497,5343.958,2.4479477,-0.96625304,source_holdout,source_holdout_clean,noise_augmented,teff,-1,1.0,5343.9580078125,5597.2446088867155,253.28660107421547,253.28660107421547,4.504504173206765,0.44814814814814813
39627815682839146,rvspecfit-main-bright-3.fits,19.975475,3384.267,4.5823526,-0.23283087,source_holdout,source_holdout_clean,noise_augmented,teff,-1,1.0,3384.26708984375,3477.273229085287,93.00613924153686,93.00613924153686,4.757634283866141,0.48333333333333334
39627839842029210,rvspecfit-main-bright-3.fits,10.851574,4815.2705,5.1668177,-0.5689885,source_holdout,source_holdout_clean,noise_augmented,teff,-1,1.0,4815.2705078125,4553.292309692383,-261.97819812011676,261.97819812011676,5.534233964538277,0.5777777777777777
39627839837831502,rvspecfit-main-bright-3.fits,40.051716,5828.34,4.2675347,-0.6027683,source_holdout,source_holdout_clean,noise_augmented,teff,-1,1.0,5828.33984375,5716.324871663414,-112.01497208658566,112.01497208658566,3.5044312090164076,0.2111111111111111
39627827758239157,rvspecfit-main-bright-3.fits,21.127378,6272.8467,4.5,-2.8560874,source_holdout,source_holdout_clean,noise_augmented,teff,-1,1.0,6272.8466796875,6229.577143025713,-43.26953666178724,43.26953666178724,2.5978420948980294,0.04814814814814815
39627827758240753,rvspecfit-main-bright-3.fits,33.37967,4342.7646,4.34546,0.07007618,source_holdout,source_holdout_clean,noise_augmented,teff,-1,1.0,4342.7646484375,4178.14680773926,-164.6178406982399,164.6178406982399,4.273793225290291,0.40185185185185185
39627827770821661,rvspecfit-main-bright-3.fits,12.498432,3628.0664,4.5405626,-0.19909191,source_holdout,source_holdout_clean,noise_augmented,teff,-1,1.0,3628.06640625,3706.3294691263827,78.26306287638272,78.26306287638272,4.67923099753554,0.4703703703703704
39627821722640625,rvspecfit-main-bright-3.fits,20.32441,5134.727,4.907078,-1.1418545,source_holdout,source_holdout_clean,noise_augmented,teff,-1,1.0,5134.72705078125,5538.203291625975,403.476240844725,403.476240844725,3.3594653141004867,0.18518518518518517
39627827766625370,rvspecfit-main-bright-3.fits,11.565127,4781.942,4.418274,-0.30361015,source_holdout,source_holdout_clean,noise_augmented,teff,-1,1.0,4781.94189453125,4809.914205596923,27.97231106567324,27.97231106567324,4.645423377796395,0.4666666666666667
39627821718438925,rvspecfit-main-bright-3.fits,39.363716,4162.4067,4.568495,-0.09737198,source_holdout,source_holdout_clean,noise_augmented,teff,-1,1.0,4162.40673828125,4066.801737192793,-95.6050010884569,95.6050010884569,4.502753418421632,0.44814814814814813
39627821743606854,rvspecfit-main-bright-4.fits,14.38144,4920.265,4.6967487,-0.44084737,source_holdout,source_holdout_clean,noise_augmented,teff,-1,1.0,4920.26513671875,5049.876444010416,129.61130729166598,129.61130729166598,3.8446103025467684,0.31296296296296294
39627815703806550,rvspecfit-main-bright-4.fits,35.24997,6514.052,4.4088807,-0.6617047,source_holdout,source_holdout_clean,noise_augmented,teff,-1,1.0,6514.0517578125,6047.217320800781,-466.8344370117193,466.8344370117193,2.615925071644126,0.05
39627821751993331,rvspecfit-main-bright-4.fits,10.845219,3805.717,4.6760206,-0.45505092,source_holdout,source_holdout_clean,noise_augmented,teff,-1,1.0,3805.717041015625,4004.473826497395,198.75678548176984,198.75678548176984,4.649371232960812,0.4685185185185185
39627821739413661,rvspecfit-main-bright-4.fits,49.14275,5999.9966,4.18848,-0.7178064,source_holdout,source_holdout_clean,noise_augmented,teff,-1,1.0,5999.99658203125,5953.641525166828,-46.355056864422295,46.355056864422295,2.5952325056251855,0.04814814814814815
39627827783403836,rvspecfit-main-bright-4.fits,41.574112,4940.296,4.8818107,-0.47206432,source_holdout,source_holdout_clean,noise_augmented,teff,-1,1.0,4940.2958984375,4968.2626573282905,27.966758890790516,27.966758890790516,2.833470288932559,0.08148148148148149
39627833827393781,rvspecfit-main-bright-4.fits,13.174223,6420.133,4.8545375,-1.9718909,source_holdout,source_holdout_clean,noise_augmented,teff,-1,1.0,6420.1328125,6181.234329711909,-238.89848278809131,238.89848278809131,3.4287929408782776,0.2
39627827775016893,rvspecfit-main-bright-4.fits,23.18716,3854.7473,4.555817,-0.0035949063,source_holdout,source_holdout_clean,noise_augmented,teff,-1,1.0,3854.747314453125,3694.0936052958177,-160.65370915730728,160.65370915730728,3.954367250745914,0.3314814814814815
39627827775014949,rvspecfit-main-bright-4.fits,29.762403,5213.836,4.819805,-0.3014833,source_holdout,source_holdout_clean,noise_augmented,teff,-1,1.0,5213.8359375,5136.030674418133,-77.80526308186745,77.80526308186745,3.2676071192199028,0.16296296296296298
39627845923770802,rvspecfit-main-bright-5.fits,58.199036,4515.423,4.7505956,-0.5339174,source_holdout,source_holdout_clean,noise_augmented,teff,-1,1.0,4515.4228515625,4497.027032236735,-18.395819325764933,18.395819325764933,2.309144473021415,0.020370370370370372
39627839879777323,rvspecfit-main-bright-5.fits,20.717304,3352.7651,4.658394,-8.4417335e-09,source_holdout,source_holdout_clean,noise_augmented,teff,-1,1.0,3352.76513671875,3458.0505138346343,105.28537711588433,105.28537711588433,6.47830575206705,0.6666666666666666
39627839879777921,rvspecfit-main-bright-5.fits,29.910242,6117.2104,3.8356934,-1.6474502,source_holdout,source_holdout_clean,noise_augmented,teff,-1,1.0,6117.21044921875,6131.939264526363,14.728815307613331,14.728815307613331,2.6975712846338555,0.05185185185185185
39627833839977290,rvspecfit-main-bright-5.fits,38.22706,5169.7407,4.783004,-1.1261021,source_holdout,source_holdout_clean,noise_augmented,teff,-1,1.0,5169.74072265625,5473.765373270672,304.02465061442217,304.02465061442217,2.5693250919424275,0.046296296296296294
39627839879776070,rvspecfit-main-bright-5.fits,21.219952,4032.2673,4.5472283,-0.47774446,source_holdout,source_holdout_clean,noise_augmented,teff,-1,1.0,4032.267333984375,4141.242885050455,108.97555106607979,108.97555106607979,5.371619703405362,0.5611111111111111
39627845919572275,rvspecfit-main-bright-5.fits,42.21428,5829.848,4.7958584,-0.70737684,source_holdout,source_holdout_clean,noise_augmented,teff,-1,1.0,5829.84814453125,5662.970003479002,-166.87814105224788,166.87814105224788,1.8888052492428933,0.0
39627851959371754,rvspecfit-main-bright-5.fits,35.04647,3805.0925,4.542691,-0.24058925,source_holdout,source_holdout_clean,noise_augmented,teff,-1,1.0,3805.092529296875,3775.121060740153,-29.971468556721902,29.971468556721902,2.651662324532724,0.05
39627845911188213,rvspecfit-main-bright-5.fits,12.291788,4816.813,4.759955,-0.4154822,source_holdout,source_holdout_clean,noise_augmented,teff,-1,1.0,4816.81298828125,4841.941854756673,25.12886647542291,25.12886647542291,4.340152517463983,0.4166666666666667
39627851950985990,rvspecfit-main-bright-5.fits,27.416634,3358.4602,4.043012,-0.45926487,source_holdout,source_holdout_clean,noise_augmented,teff,-1,1.0,3358.460205078125,3580.5606831461587,222.10047806803368,222.10047806803368,3.5235126591760912,0.21666666666666667
39627851950983368,rvspecfit-main-bright-5.fits,35.353436,5063.388,5.0673513,-0.53643554,source_holdout,source_holdout_clean,noise_augmented,teff,-1,1.0,5063.38818359375,5059.394507466632,-3.993676127118306,3.993676127118306,2.4305550140200265,0.03518518518518519
39627851950984098,rvspecfit-main-bright-5.fits,21.118452,5144.1636,2.4571316,-0.7537611,source_holdout,source_holdout_clean,noise_augmented,teff,-1,1.0,5144.16357421875,5632.457125752766,488.29355153401593,488.29355153401593,3.723384734603984,0.2777777777777778
39627851955178631,rvspecfit-main-bright-5.fits,66.58304,5432.3857,4.7988577,0.070537545,source_holdout,source_holdout_clean,noise_augmented,teff,-1,1.0,5432.3857421875,5170.030110514319,-262.35563167318105,262.35563167318105,2.426314350042791,0.03518518518518519
39627839875582733,rvspecfit-main-bright-5.fits,15.089906,3493.4248,4.851405,-2.0092371e-05,source_holdout,source_holdout_clean,noise_augmented,teff,-1,1.0,3493.4248046875,3537.434964508057,44.010159820556964,44.010159820556964,4.922013268989264,0.5037037037037037
39627851950984488,rvspecfit-main-bright-5.fits,26.844744,5348.9736,5.0259514,-0.5760964,source_holdout,source_holdout_clean,noise_augmented,teff,-1,1.0,5348.9736328125,5295.685999613443,-53.28763319905738,53.28763319905738,2.56210180144173,0.046296296296296294
39627845919574013,rvspecfit-main-bright-5.fits,20.59049,3939.1213,4.8171353,-0.11920797,source_holdout,source_holdout_clean,noise_augmented,teff,-1,1.0,3939.121337890625,3918.7886672058085,-20.33267068481655,20.33267068481655,3.5804667533062133,0.23333333333333334
39627851950984360,rvspecfit-main-bright-5.fits,11.34787,5878.607,4.6368484,-1.75,source_holdout,source_holdout_clean,noise_augmented,teff,-1,1.0,5878.60693359375,6044.831219278971,166.22428568522082,166.22428568522082,5.290343807601733,0.55
39627845911186372,rvspecfit-main-bright-5.fits,41.981564,3941.9863,4.7310076,-0.3669035,source_holdout,source_holdout_clean,noise_augmented,teff,-1,1.0,3941.986328125,3989.9700497436525,47.98372161865245,47.98372161865245,5.02909128828289,0.524074074074074
39627839871386558,rvspecfit-main-bright-5.fits,28.686684,4805.0225,4.729151,-0.044067696,source_holdout,source_holdout_clean,noise_augmented,teff,-1,1.0,4805.0224609375,4490.753276519777,-314.2691844177234,314.2691844177234,5.143274742104825,0.5351851851851852
39627833839976693,rvspecfit-main-bright-5.fits,12.101598,4565.834,4.9270644,-0.6339082,source_holdout,source_holdout_clean,noise_augmented,teff,-1,1.0,4565.833984375,4527.666126902261,-38.16785747273934,38.16785747273934,6.037558603083212,0.6277777777777778
39627839883969908,rvspecfit-main-bright-5.fits,20.937347,3788.294,4.6444893,-0.380443,source_holdout,source_holdout_clean,noise_augmented,teff,-1,1.0,3788.2939453125,3892.741384602866,104.44743929036622,104.44743929036622,3.075239920790498,0.12777777777777777
39627839883968927,rvspecfit-main-bright-5.fits,35.266613,5325.624,4.885683,-0.19398142,source_holdout,source_holdout_clean,noise_augmented,teff,-1,1.0,5325.6240234375,5214.268605855307,-111.35541758219279,111.35541758219279,2.334476162279502,0.020370370370370372
39627839879778503,rvspecfit-main-bright-5.fits,18.156084,3967.0608,4.3934913,-0.2819738,source_holdout,source_holdout_clean,noise_augmented,teff,-1,1.0,3967.060791015625,4018.0938451232905,51.03305410766552,51.03305410766552,2.7357149741633524,0.06111111111111111
39627839883970590,rvspecfit-main-bright-5.fits,27.931559,5675.8076,4.6245646,-0.5384411,source_holdout,source_holdout_clean,noise_augmented,teff,-1,1.0,5675.8076171875,5562.931009602863,-112.87660758463699,112.87660758463699,2.001024547209679,0.003703703703703704
39627845923770018,rvspecfit-main-bright-5.fits,11.664027,5860.6504,4.622532,-0.6391969,source_holdout,source_holdout_clean,noise_augmented,teff,-1,1.0,5860.650390625,5976.44411989339,115.79372926839005,115.79372926839005,3.7822413717899446,0.2962962962962963
39627851959372671,rvspecfit-main-bright-5.fits,28.040663,4641.6367,4.730126,-0.22783598,source_holdout,source_holdout_clean,noise_augmented,teff,-1,1.0,4641.63671875,4455.629572326661,-186.00714642333878,186.00714642333878,3.330337564732198,0.1814814814814815
39627839846224263,rvspecfit-main-bright-6.fits,37.68445,3973.9297,4.474684,-0.21151248,source_holdout,source_holdout_clean,noise_augmented,teff,-1,1.0,3973.9296875,3957.394777893066,-16.53490960693398,16.53490960693398,3.7810180501641715,0.2962962962962963
39627827770824341,rvspecfit-main-bright-6.fits,39.11204,5971.67,4.228228,-0.75,source_holdout,source_holdout_clean,noise_augmented,teff,-1,1.0,5971.669921875,5862.8895273030585,-108.78039457194154,108.78039457194154,3.2807488802871045,0.1648148148148148
39627833810622162,rvspecfit-main-bright-6.fits,14.81044,5158.257,4.8984466,-0.32266006,source_holdout,source_holdout_clean,noise_augmented,teff,-1,1.0,5158.2568359375,5070.200085367838,-88.05675056966174,88.05675056966174,4.235153880397637,0.3925925925925926
39627839842030804,rvspecfit-main-bright-6.fits,14.139059,3973.0508,4.4075265,-0.52608746,source_holdout,source_holdout_clean,noise_augmented,teff,-1,1.0,3973.05078125,4029.073012898763,56.022231648762954,56.022231648762954,4.266557167345384,0.39814814814814814
39627845890213849,rvspecfit-main-bright-6.fits,29.227415,5672.576,4.8962326,-0.5424338,source_holdout,source_holdout_clean,noise_augmented,teff,-1,1.0,5672.576171875,5560.23309395345,-112.3430779215496,112.3430779215496,3.6109173296830814,0.24074074074074073
39627845890216372,rvspecfit-main-bright-6.fits,16.12363,3854.019,4.7166104,-0.6180201,source_holdout,source_holdout_clean,noise_augmented,teff,-1,1.0,3854.01904296875,4014.2865759684255,160.2675329996755,160.2675329996755,4.655584444387981,0.4685185185185185
39627857990784360,rvspecfit-main-bright-7.fits,70.7617,6118.4404,4.3919115,-0.75,source_holdout,source_holdout_clean,noise_augmented,teff,-1,1.0,6118.4404296875,6069.165487915037,-49.274941772462626,49.274941772462626,1.8413353711208817,0.0
39627851950986065,rvspecfit-main-bright-7.fits,52.087753,6169.199,3.8958325,-0.9864679,source_holdout,source_holdout_clean,noise_augmented,teff,-1,1.0,6169.19921875,6068.600647603353,-100.59857114664737,100.59857114664737,2.165033459748623,0.009259259259259259
39627851950984641,rvspecfit-main-bright-7.fits,48.987057,4473.0527,4.6994743,-0.27750236,source_holdout,source_holdout_clean,noise_augmented,teff,-1,1.0,4473.052734375,4339.862746358238,-133.18998801676207,133.18998801676207,2.767277507067113,0.06666666666666667
39627839816860543,rvspecfit-main-bright-8.fits,32.721638,4987.3354,4.8711786,-0.64991444,source_holdout,source_holdout_clean,noise_augmented,teff,-1,1.0,4987.33544921875,4987.642357320149,0.30690810139913083,0.30690810139913083,4.111473787555762,0.36666666666666664
39627839812672584,rvspecfit-main-bright-8.fits,17.458675,5673.2114,4.6356673,-0.62852657,source_holdout,source_holdout_clean,noise_augmented,teff,-1,1.0,5673.21142578125,5781.526096252443,108.31467047119258,108.31467047119258,3.353744152854158,0.18518518518518517
39627839812670699,rvspecfit-main-bright-8.fits,38.237263,5925.2104,4.751291,-0.46446776,source_holdout,source_holdout_clean,noise_augmented,teff,-1,1.0,5925.21044921875,5724.458932495115,-200.75151672363518,200.75151672363518,2.699160239392119,0.053703703703703705
39627827733070736,rvspecfit-main-bright-8.fits,18.087793,3788.903,4.9236155,0.25,source_holdout,source_holdout_clean,noise_augmented,teff,-1,1.0,3788.903076171875,3667.2750670878117,-121.62800908406325,121.62800908406325,4.778452243092625,0.48333333333333334
39627821693276035,rvspecfit-main-bright-8.fits,32.762997,5969.2407,4.279692,-0.7958698,source_holdout,source_holdout_clean,noise_augmented,teff,-1,1.0,5969.24072265625,5984.732030273433,15.491307617183338,15.491307617183338,2.204636365615881,0.014814814814814815
39627833777065558,rvspecfit-main-bright-8.fits,12.767948,3951.9734,4.758648,0.04707949,source_holdout,source_holdout_clean,noise_augmented,teff,-1,1.0,3951.973388671875,3949.6258374125146,-2.3475512593604435,2.3475512593604435,6.1081148301659365,0.6370370370370371
39627827741465882,rvspecfit-main-bright-8.fits,23.349905,4561.071,4.6857567,-0.70336413,source_holdout,source_holdout_clean,noise_augmented,teff,-1,1.0,4561.07080078125,4584.756962626139,23.686161844889284,23.686161844889284,3.7562772771406316,0.28888888888888886
39627839812670659,rvspecfit-main-bright-8.fits,67.747925,5466.345,4.792107,-0.09665485,source_holdout,source_holdout_clean,noise_augmented,teff,-1,1.0,5466.34521484375,5402.041216206866,-64.30399863688399,64.30399863688399,2.611151986924961,0.04814814814814815
39627833772873072,rvspecfit-main-bright-8.fits,11.543327,3344.0674,4.9933977,-6.7715398e-09,source_holdout,source_holdout_clean,noise_augmented,teff,-1,1.0,3344.0673828125,3420.537115753175,76.46973294067493,76.46973294067493,6.257242410516012,0.6481481481481481
39627839812669975,rvspecfit-main-bright-8.fits,29.673326,5147.977,2.2214344,-0.6992384,source_holdout,source_holdout_clean,noise_augmented,teff,-1,1.0,5147.97705078125,5531.989600850424,384.0125500691738,384.0125500691738,4.463519898607786,0.4351851851851852
39627839812672807,rvspecfit-main-bright-8.fits,10.229689,3960.4915,4.523227,-0.5141485,source_holdout,source_holdout_clean,noise_augmented,teff,-1,1.0,3960.491455078125,4325.38323147583,364.89177639770514,364.89177639770514,7.014593820515111,0.7092592592592593
39627839812669309,rvspecfit-main-bright-8.fits,10.041917,5112.64,2.5311203,-0.9058126,source_holdout,source_holdout_clean,noise_augmented,teff,-1,1.0,5112.64013671875,5780.9617259318,668.3215892130502,668.3215892130502,5.535266987979527,0.5777777777777777
39627833781261616,rvspecfit-main-bright-8.fits,15.462614,5079.574,4.865364,-1.25,source_holdout,source_holdout_clean,noise_augmented,teff,-1,1.0,5079.57421875,6058.490250284828,978.9160315348281,978.9160315348281,4.711833694493071,0.4740740740740741
39627833781257342,rvspecfit-main-bright-8.fits,17.523178,6078.532,4.3207583,-2.889843,source_holdout,source_holdout_clean,noise_augmented,teff,-1,1.0,6078.5322265625,6234.2378000895205,155.70557352702053,155.70557352702053,2.7545400652012844,0.06296296296296296
39627839816859844,rvspecfit-main-bright-8.fits,12.712848,3319.7056,4.7985024,-2.5167144e-09,source_holdout,source_holdout_clean,noise_augmented,teff,-1,1.0,3319.70556640625,3367.443010965982,47.73744455973201,47.73744455973201,5.872375452375968,0.6074074074074074
39627839812672733,rvspecfit-main-bright-8.fits,11.827734,6059.0156,3.7518787,-1.4329317,source_holdout,source_holdout_clean,noise_augmented,teff,-1,1.0,6059.015625,5916.005267333985,-143.0103576660149,143.0103576660149,4.113732157213041,0.36666666666666664
39627821697469375,rvspecfit-main-bright-8.fits,16.405333,3851.9175,4.4098344,-0.5288464,source_holdout,source_holdout_clean,noise_augmented,teff,-1,1.0,3851.91748046875,3925.1081857299805,73.1907052612305,73.1907052612305,4.285244431016248,0.40555555555555556
39627833785450581,rvspecfit-main-bright-8.fits,10.057168,4114.629,4.4509463,-0.55450344,source_holdout,source_holdout_clean,noise_augmented,teff,-1,1.0,4114.62890625,4186.479140665691,71.85023441569138,71.85023441569138,5.459619104790215,0.5685185185185185
39627827745656776,rvspecfit-main-bright-8.fits,10.449086,4146.233,4.3544865,-0.6406455,source_holdout,source_holdout_clean,noise_augmented,teff,-1,1.0,4146.23291015625,4129.682183583578,-16.55072657267192,16.55072657267192,4.644274235184281,0.4666666666666667
39627827741465156,rvspecfit-main-bright-8.fits,15.143387,4925.3823,4.671121,-0.60524035,source_holdout,source_holdout_clean,noise_augmented,teff,-1,1.0,4925.38232421875,5116.6874112752275,191.30508705647753,191.30508705647753,3.705813079188248,0.2759259259259259
39627827733077165,rvspecfit-main-bright-8.fits,13.501539,5799.9956,3.949236,-1.9999129,source_holdout,source_holdout_clean,noise_augmented,teff,-1,1.0,5799.99560546875,5975.192242777504,175.19663730875436,175.19663730875436,3.379515294537183,0.1925925925925926
39627827733070202,rvspecfit-main-bright-8.fits,22.563013,5515.5884,4.840002,-0.5918392,source_holdout,source_holdout_clean,noise_augmented,teff,-1,1.0,5515.58837890625,5515.256279886884,-0.3320990193660691,0.3320990193660691,2.715290057327702,0.05740740740740741
39627821697472553,rvspecfit-main-bright-8.fits,21.351917,6462.012,4.279024,-2.8977134,source_holdout,source_holdout_clean,noise_augmented,teff,-1,1.0,6462.01220703125,6260.750500732422,-201.26170629882836,201.26170629882836,2.4280221193230176,0.03518518518518519
39627857948838840,rvspecfit-main-bright-9.fits,47.78757,5887.5474,3.5600655,-1.83259,source_holdout,source_holdout_clean,noise_augmented,teff,-1,1.0,5887.54736328125,6162.612583801268,275.06522052001765,275.06522052001765,1.6795865998498662,0.0
39627851909044289,rvspecfit-main-bright-9.fits,28.965052,5779.702,4.6419196,-0.9400689,source_holdout,source_holdout_clean,noise_augmented,teff,-1,1.0,5779.7021484375,5924.447773173012,144.74562473551214,144.74562473551214,2.43014075225124,0.03518518518518519
39627851909041816,rvspecfit-main-bright-9.fits,37.74704,5649.3677,4.585278,-0.36139774,source_holdout,source_holdout_clean,noise_augmented,teff,-1,1.0,5649.36767578125,5548.532044799806,-100.83563098144441,100.83563098144441,2.278785865141634,0.020370370370370372
39627827749850242,rvspecfit-main-bright-9.fits,13.389119,4829.231,4.831749,-0.58654714,source_holdout,source_holdout_clean,noise_augmented,teff,-1,1.0,4829.23095703125,4865.874660085042,36.643703053791796,36.643703053791796,5.510079378049469,0.5722222222222222
39627845860854223,rvspecfit-main-bright-9.fits,21.683558,5312.3267,4.749075,-0.7059915,source_holdout,source_holdout_clean,noise_augmented,teff,-1,1.0,5312.32666015625,5394.565653116861,82.23899296061063,82.23899296061063,3.5500493739111483,0.22777777777777777
39627839816865025,rvspecfit-main-bright-9.fits,14.405075,4559.9023,4.6895595,-0.6846649,source_holdout,source_holdout_clean,noise_augmented,teff,-1,1.0,4559.90234375,4581.695372161866,21.793028411865635,21.793028411865635,3.7487050653387888,0.28888888888888886
39627839825248751,rvspecfit-main-bright-9.fits,16.708359,5623.7134,3.8698251,-0.6395888,source_holdout,source_holdout_clean,noise_augmented,teff,-1,1.0,5623.71337890625,5774.2804637654635,150.56708485921354,150.56708485921354,3.2292186343808296,0.15185185185185185
39627845865047209,rvspecfit-main-bright-9.fits,17.137741,5721.9053,5.087989,-0.47012925,source_holdout,source_holdout_clean,noise_augmented,teff,-1,1.0,5721.9052734375,5477.467492126466,-244.4377813110341,244.4377813110341,3.3580304653598616,0.18518518518518517
39627839821054819,rvspecfit-main-bright-9.fits,18.219913,5742.3164,4.830802,-1.4137065,source_holdout,source_holdout_clean,noise_augmented,teff,-1,1.0,5742.31640625,6063.81158984375,321.49518359374997,321.49518359374997,3.849161367916644,0.31296296296296294
39627839825255430,rvspecfit-main-bright-9.fits,35.821304,3585.594,5.0,0.25,source_holdout,source_holdout_clean,noise_augmented,teff,-1,1.0,3585.593994140625,3488.398168924966,-97.19582521565917,97.19582521565917,3.153984939395299,0.1425925925925926
39627845865048506,rvspecfit-main-bright-9.fits,13.513905,3639.334,4.6771107,-0.49999994,source_holdout,source_holdout_clean,noise_augmented,teff,-1,1.0,3639.333984375,3747.04046476237,107.70648038737,107.70648038737,4.081795580609974,0.3537037037037037
39627845860853149,rvspecfit-main-bright-9.fits,29.972689,5548.4204,4.7709064,-0.5177367,source_holdout,source_holdout_clean,noise_augmented,teff,-1,1.0,5548.42041015625,5570.021029052736,21.600618896485685,21.600618896485685,2.368904912911049,0.022222222222222223
39627833785457292,rvspecfit-main-bright-9.fits,23.886591,5238.164,5.034228,-0.68437576,source_holdout,source_holdout_clean,noise_augmented,teff,-1,1.0,5238.1640625,5380.164564778647,142.00050227864722,142.00050227864722,3.3894047016169964,0.19444444444444445
39627851909043665,rvspecfit-main-bright-9.fits,15.489862,5427.4233,4.863215,-0.6448708,source_holdout,source_holdout_clean,noise_augmented,teff,-1,1.0,5427.42333984375,5499.9622855224625,72.53894567871248,72.53894567871248,2.7973688672431325,0.07222222222222222
39627851909044675,rvspecfit-main-bright-9.fits,20.760723,3639.1091,5.025338,0.0017295798,source_holdout,source_holdout_clean,noise_augmented,teff,-1,1.0,3639.109130859375,3531.0675167846694,-108.04161407470565,108.04161407470565,4.4770026607876865,0.4351851851851852
39627851909044612,rvspecfit-main-bright-9.fits,31.152905,4570.983,4.6626415,-0.29414445,source_holdout,source_holdout_clean,noise_augmented,teff,-1,1.0,4570.98291015625,4482.042129404706,-88.94078075154357,88.94078075154357,2.624505245422239,0.05
39627851909043394,rvspecfit-main-bright-9.fits,12.160615,3944.3706,4.8714595,0.055278786,source_holdout,source_holdout_clean,noise_augmented,teff,-1,1.0,3944.37060546875,3811.1960655008957,-133.17453996785434,133.17453996785434,4.1898729273350925,0.38333333333333336
39627833793840290,rvspecfit-main-bright-9.fits,15.472251,3983.3274,4.6827335,-0.49333048,source_holdout,source_holdout_clean,noise_augmented,teff,-1,1.0,3983.327392578125,4113.398465901694,130.07107332356918,130.07107332356918,4.077893127513975,0.35
39627845873440153,rvspecfit-main-bright-9.fits,22.347937,5166.9233,4.778177,-0.61190706,source_holdout,source_holdout_clean,noise_augmented,teff,-1,1.0,5166.92333984375,5362.484602233885,195.5612623901352,195.5612623901352,2.7452065790909015,0.06111111111111111
39627845869244690,rvspecfit-main-bright-9.fits,12.694894,4903.843,4.6446977,-0.32488066,source_holdout,source_holdout_clean,noise_augmented,teff,-1,1.0,4903.8427734375,5124.889589589437,221.04681615193658,221.04681615193658,4.676089295966878,0.4685185185185185
39627851909043268,rvspecfit-main-bright-9.fits,18.954782,4519.214,4.247784,0.080730714,source_holdout,source_holdout_clean,noise_augmented,teff,-1,1.0,4519.2138671875,4320.358942148844,-198.8549250386559,198.8549250386559,3.6749356001306186,0.26296296296296295
39627851904848181,rvspecfit-main-bright-9.fits,16.895277,4244.756,4.1136284,-0.43229502,source_holdout,source_holdout_clean,noise_augmented,teff,-1,1.0,4244.755859375,4240.096444824218,-4.659414550781548,4.659414550781548,4.8002881080189965,0.48518518518518516
39627851909039771,rvspecfit-main-bright-9.fits,26.112993,3953.2205,4.5920477,-0.39715976,source_holdout,source_holdout_clean,noise_augmented,teff,-1,1.0,3953.220458984375,4015.797241038003,62.576782053627994,62.576782053627994,3.2196695633972565,0.15
39627845869241040,rvspecfit-main-bright-9.fits,16.293951,3472.3618,4.595129,-0.18733022,source_holdout,source_holdout_clean,noise_augmented,teff,-1,1.0,3472.36181640625,3527.7750889180497,55.41327251179973,55.41327251179973,4.612604613040699,0.46111111111111114
39627797555054059,rvspecfit-main-bright-0.fits,25.770039,5933.335,4.3744597,-0.728765,source_holdout,source_holdout_clean,noise_augmented,logg,-1,1.0,4.374459743499756,4.444292753020924,0.06983300952116789,0.06983300952116789,4.00415762838823,0.34444444444444444
39627803594854420,rvspecfit-main-bright-0.fits,25.11731,5192.172,4.828961,-0.43341476,source_holdout,source_holdout_clean,noise_augmented,logg,-1,1.0,4.82896089553833,4.857118910650413,0.0281580151120826,0.0281580151120826,4.065192161571839,0.34814814814814815
39627797550865084,rvspecfit-main-bright-0.fits,29.18192,5967.2324,4.4568024,-1.0345173,source_holdout,source_holdout_clean,noise_augmented,logg,-1,1.0,4.4568023681640625,4.353571077426276,-0.10323129073778681,0.10323129073778681,2.2244862736345303,0.016666666666666666
39627803594856578,rvspecfit-main-bright-0.fits,28.47997,5834.933,3.975627,-0.774128,source_holdout,source_holdout_clean,noise_augmented,logg,-1,1.0,3.9756269454956055,4.475383721470832,0.49975677597522683,0.49975677597522683,3.610099231216367,0.23703703703703705
39627803594852215,rvspecfit-main-bright-0.fits,14.196906,3528.8555,4.4331665,-3.1253588e-08,source_holdout,source_holdout_clean,noise_augmented,logg,-1,1.0,4.43316650390625,4.623311132103206,0.19014462819695588,0.19014462819695588,5.675484035520125,0.5962962962962963
39627803594856334,rvspecfit-main-bright-0.fits,12.765561,5073.9175,4.8069735,-0.7760475,source_holdout,source_holdout_clean,noise_augmented,logg,-1,1.0,4.806973457336426,4.737130830238261,-0.06984262709816491,0.06984262709816491,4.080023372060961,0.35
39627809638843886,rvspecfit-main-bright-0.fits,25.254856,5538.9707,4.6776648,-1.3598263,source_holdout,source_holdout_clean,noise_augmented,logg,-1,1.0,4.677664756774902,4.061582423319421,-0.6160823334554815,0.6160823334554815,3.2901626406280866,0.17037037037037037
39627803599052837,rvspecfit-main-bright-0.fits,47.80544,6099.9966,4.5420027,-1.4265354,source_holdout,source_holdout_clean,noise_augmented,logg,-1,1.0,4.5420026779174805,4.36998724463582,-0.17201543328166036,0.17201543328166036,3.0429494789163454,0.12037037037037036
39627809643037702,rvspecfit-main-bright-0.fits,33.05582,5980.165,4.039836,-0.9253463,source_holdout,source_holdout_clean,noise_augmented,logg,-1,1.0,4.0398359298706055,4.526437796721856,0.4866018668512506,0.4866018668512506,2.4464015587724552,0.03518518518518519
39627797567638472,rvspecfit-main-bright-0.fits,14.585838,3552.5896,4.827148,-3.1885524e-08,source_holdout,source_holdout_clean,noise_augmented,logg,-1,1.0,4.827147960662842,4.645065050373474,-0.18208291028936774,0.18208291028936774,4.260574381814355,0.39814814814814814
39627791527841990,rvspecfit-main-bright-0.fits,38.86436,5655.909,4.8632197,-0.7191091,source_holdout,source_holdout_clean,noise_augmented,logg,-1,1.0,4.863219738006592,4.613378196110327,-0.24984154189626473,0.24984154189626473,2.3025954380854725,0.020370370370370372
39627809638846529,rvspecfit-main-bright-0.fits,18.408873,5130.1846,2.5442505,-0.7162849,source_holdout,source_holdout_clean,noise_augmented,logg,-1,1.0,2.54425048828125,3.0764239367842676,0.5321734485030176,0.5321734485030176,5.297954738596199,0.55
39627803603243052,rvspecfit-main-bright-0.fits,17.307343,4646.6846,4.625856,-0.24500641,source_holdout,source_holdout_clean,noise_augmented,logg,-1,1.0,4.625855922698975,4.602488765001295,-0.023367157697679275,0.023367157697679275,5.065990324298618,0.5259259259259259
39627809647233020,rvspecfit-main-bright-0.fits,14.275092,5499.999,2.6491766,-1.4284428,source_holdout,source_holdout_clean,noise_augmented,logg,-1,1.0,2.649176597595215,3.8120031817853435,1.1628265841901286,1.1628265841901286,4.8003827540649056,0.48518518518518516
39627791527838252,rvspecfit-main-bright-0.fits,11.030782,4355.712,4.242638,-0.39427254,source_holdout,source_holdout_clean,noise_augmented,logg,-1,1.0,4.242638111114502,4.600695601602394,0.3580574904878917,0.3580574904878917,3.7481498278420506,0.28888888888888886
39627797563444474,rvspecfit-main-bright-0.fits,27.962894,5314.067,4.968911,-0.29762325,source_holdout,source_holdout_clean,noise_augmented,logg,-1,1.0,4.968911170959473,4.80454469247659,-0.16436647848288288,0.16436647848288288,2.6634596500377126,0.05
39627827775013373,rvspecfit-main-bright-1.fits,39.061436,5582.5454,5.1279864,-0.63674533,source_holdout,source_holdout_clean,noise_augmented,logg,-1,1.0,5.127986431121826,4.928668379604817,-0.1993180515170092,0.1993180515170092,3.021780863500892,0.11851851851851852
39627815687030584,rvspecfit-main-bright-1.fits,19.394766,4648.9683,4.767465,-0.61063683,source_holdout,source_holdout_clean,noise_augmented,logg,-1,1.0,4.767465114593506,4.709304109841584,-0.05816100475192165,0.05816100475192165,4.275057240226036,0.40185185185185185
39627815682842837,rvspecfit-main-bright-1.fits,22.882843,5729.2544,4.610091,-1.7405462,source_holdout,source_holdout_clean,noise_augmented,logg,-1,1.0,4.610091209411621,4.322230694830417,-0.28786051458120365,0.28786051458120365,3.371609063160533,0.18703703703703703
39627815682838215,rvspecfit-main-bright-1.fits,14.909275,5200.001,2.6381724,-0.75000024,source_holdout,source_holdout_clean,noise_augmented,logg,-1,1.0,2.6381723880767822,3.311953142941,0.6737807548642176,0.6737807548642176,4.870134678081449,0.4981481481481482
39627821726832087,rvspecfit-main-bright-1.fits,10.1174965,3990.4856,4.5,-0.5635368,source_holdout,source_holdout_clean,noise_augmented,logg,-1,1.0,4.5,4.622828166097403,0.12282816609740266,0.12282816609740266,4.982787811998765,0.5111111111111111
39627821726832204,rvspecfit-main-bright-1.fits,29.541725,5825.152,4.4116573,-0.52552813,source_holdout,source_holdout_clean,noise_augmented,logg,-1,1.0,4.411657333374023,4.627679233282802,0.21602189990877818,0.21602189990877818,3.522634246499504,0.21666666666666667
39627815682840672,rvspecfit-main-bright-1.fits,11.9453945,3733.706,4.725037,-0.24999999,source_holdout,source_holdout_clean,noise_augmented,logg,-1,1.0,4.725037097930908,4.58252661339442,-0.14251048453648796,0.14251048453648796,6.173714456052079,0.6425925925925926
39627815687034177,rvspecfit-main-bright-1.fits,35.36645,5115.736,4.9753127,-0.39662126,source_holdout,source_holdout_clean,noise_augmented,logg,-1,1.0,4.97531270980835,4.9277638027071955,-0.047548907101154114,0.047548907101154114,3.039077211624203,0.12037037037037036
39627815687034137,rvspecfit-main-bright-1.fits,19.789078,5419.0073,2.7329383,-0.73714966,source_holdout,source_holdout_clean,noise_augmented,logg,-1,1.0,2.732938289642334,3.406433402260146,0.6734951126178119,0.6734951126178119,4.605140241591535,0.45925925925925926
39627815687033273,rvspecfit-main-bright-1.fits,19.66653,6126.756,3.9193497,-1.9372989,source_holdout,source_holdout_clean,noise_augmented,logg,-1,1.0,3.9193496704101562,4.275417510956527,0.35606784054637064,0.35606784054637064,3.071333248846105,0.12777777777777777
39627815687035169,rvspecfit-main-bright-1.fits,14.371497,3567.6287,4.767287,-0.50000006,source_holdout,source_holdout_clean,noise_augmented,logg,-1,1.0,4.767286777496338,4.66500071165959,-0.10228606583674793,0.10228606583674793,5.312319677476914,0.55
39627815691226341,rvspecfit-main-bright-1.fits,18.741198,6087.9946,4.211149,-1.75,source_holdout,source_holdout_clean,noise_augmented,logg,-1,1.0,4.211149215698242,4.197335897117852,-0.013813318580390366,0.013813318580390366,3.181472973306126,0.14444444444444443
39627815703806600,rvspecfit-main-bright-1.fits,20.712364,4876.2544,4.7563953,-0.5194689,source_holdout,source_holdout_clean,noise_augmented,logg,-1,1.0,4.75639533996582,4.650142871538799,-0.10625246842702118,0.10625246842702118,5.3831338837062335,0.5611111111111111
39627809655620581,rvspecfit-main-bright-1.fits,11.505546,3406.5725,4.3075128,-0.2512675,source_holdout,source_holdout_clean,noise_augmented,logg,-1,1.0,4.3075127601623535,4.648256338169178,0.3407435780068244,0.3407435780068244,5.717318177366827,0.6018518518518519
39627803615822636,rvspecfit-main-bright-1.fits,27.821482,4130.0557,4.815502,-0.1914478,source_holdout,source_holdout_clean,noise_augmented,logg,-1,1.0,4.815502166748047,4.581056076924004,-0.23444608982404258,0.23444608982404258,4.950530593374068,0.5092592592592593
39627821731024722,rvspecfit-main-bright-1.fits,26.488497,3848.8965,4.69977,0.18254822,source_holdout,source_holdout_clean,noise_augmented,logg,-1,1.0,4.699769973754883,4.586802333553633,-0.11296764020124961,0.11296764020124961,4.724836587876164,0.4777777777777778
39627821731022359,rvspecfit-main-bright-1.fits,29.06096,4617.5776,4.7657123,-0.7961772,source_holdout,source_holdout_clean,noise_augmented,logg,-1,1.0,4.765712261199951,4.806726110219954,0.04101384902000316,0.04101384902000316,4.106202271599413,0.36666666666666664
39627809651426096,rvspecfit-main-bright-1.fits,19.828865,3790.3337,4.5242043,-0.5254817,source_holdout,source_holdout_clean,noise_augmented,logg,-1,1.0,4.524204254150391,4.630461071391899,0.10625681724150837,0.10625681724150837,4.75606093292237,0.48333333333333334
39627809626262382,rvspecfit-main-bright-2.fits,13.217915,5880.711,4.6759195,-1.5200524,source_holdout,source_holdout_clean,noise_augmented,logg,-1,1.0,4.675919532775879,4.120668324341377,-0.5552512084345018,0.5552512084345018,4.9218839838117825,0.5037037037037037
39627803586465384,rvspecfit-main-bright-2.fits,20.625483,3849.7017,4.606526,-0.9035652,source_holdout,source_holdout_clean,noise_augmented,logg,-1,1.0,4.606525897979736,4.592142220169305,-0.014383677810431372,0.014383677810431372,4.998533904938815,0.5203703703703704
39627815666062804,rvspecfit-main-bright-2.fits,11.486521,4470.529,4.175713,-0.5429244,source_holdout,source_holdout_clean,noise_augmented,logg,-1,1.0,4.175713062286377,4.683288953383763,0.5075758910973862,0.5075758910973862,5.505321125601592,0.5722222222222222
39627803590657079,rvspecfit-main-bright-2.fits,15.38988,3419.8584,4.538442,0.019656142,source_holdout,source_holdout_clean,noise_augmented,logg,-1,1.0,4.538442134857178,4.702738619536162,0.16429648467898428,0.16429648467898428,6.18963805855389,0.6444444444444445
39627797550860289,rvspecfit-main-bright-2.fits,39.145744,5549.2188,4.636974,-0.3780223,source_holdout,source_holdout_clean,noise_augmented,logg,-1,1.0,4.636973857879639,4.8360690920949,0.1990952342152612,0.1990952342152612,4.331893765648222,0.4148148148148148
39627815674446512,rvspecfit-main-bright-2.fits,13.510458,4757.154,4.668223,-0.7294396,source_holdout,source_holdout_clean,noise_augmented,logg,-1,1.0,4.668222904205322,4.6325564513206485,-0.03566645288467374,0.03566645288467374,5.379019539244306,0.5611111111111111
39627821710056081,rvspecfit-main-bright-2.fits,14.372349,5173.5776,4.879602,-0.6280581,source_holdout,source_holdout_clean,noise_augmented,logg,-1,1.0,4.879601955413818,4.781841774841151,-0.09776018057266711,0.09776018057266711,4.783848217400102,0.48333333333333334
39627815670255483,rvspecfit-main-bright-2.fits,18.47636,3264.4692,4.4813795,-0.25,source_holdout,source_holdout_clean,noise_augmented,logg,-1,1.0,4.481379508972168,4.684775347421567,0.20339583844939924,0.20339583844939924,5.409861281575124,0.5611111111111111
39627809634652517,rvspecfit-main-bright-2.fits,10.531586,4634.3506,4.654203,-0.66354084,source_holdout,source_holdout_clean,noise_augmented,logg,-1,1.0,4.654202938079834,4.692530843993028,0.038327905913194016,0.038327905913194016,5.453141353260678,0.5685185185185185
39627815661865775,rvspecfit-main-bright-2.fits,32.139385,5821.82,4.696583,-0.60589206,source_holdout,source_holdout_clean,noise_augmented,logg,-1,1.0,4.696582794189453,4.52141578717033,-0.17516700701912313,0.17516700701912313,2.5349989562004374,0.044444444444444446
39627803594851309,rvspecfit-main-bright-2.fits,16.364233,4039.3142,4.3577476,-0.16311127,source_holdout,source_holdout_clean,noise_augmented,logg,-1,1.0,4.357747554779053,4.605522393663726,0.24777483888467344,0.24777483888467344,5.060244408408235,0.5259259259259259
39627809630456059,rvspecfit-main-bright-2.fits,31.716152,5653.161,4.729489,-0.35176328,source_holdout,source_holdout_clean,noise_augmented,logg,-1,1.0,4.729488849639893,4.783966784437499,0.054477934797606764,0.054477934797606764,3.734886932902761,0.2814814814814815
39627809622066920,rvspecfit-main-bright-2.fits,29.56552,4055.8792,4.6014476,-0.20316944,source_holdout,source_holdout_clean,noise_augmented,logg,-1,1.0,4.601447582244873,4.592187122583388,-0.009260459661485143,0.009260459661485143,3.8042520134622526,0.3037037037037037
39627815666059119,rvspecfit-main-bright-2.fits,16.926617,5386.4546,5.173077,-0.6118051,source_holdout,source_holdout_clean,noise_augmented,logg,-1,1.0,5.17307710647583,4.884221229294936,-0.288855877180894,0.288855877180894,3.991925419503649,0.34444444444444444
39627815666060895,rvspecfit-main-bright-2.fits,42.472977,5331.264,4.9324512,-0.4723397,source_holdout,source_holdout_clean,noise_augmented,logg,-1,1.0,4.932451248168945,4.887217079460621,-0.04523416870832442,0.04523416870832442,3.5068345209732,0.2111111111111111
39627809626262364,rvspecfit-main-bright-2.fits,11.426821,3538.3384,4.7990932,-2.37882e-05,source_holdout,source_holdout_clean,noise_augmented,logg,-1,1.0,4.799093246459961,4.6863948343992226,-0.11269841206073838,0.11269841206073838,6.3238923243304885,0.6537037037037037
39627809622069969,rvspecfit-main-bright-2.fits,47.146626,3846.7625,4.662172,-0.13872,source_holdout,source_holdout_clean,noise_augmented,logg,-1,1.0,4.662171840667725,4.718654736240705,0.05648289557298014,0.05648289557298014,2.6383382669911515,0.05
39627827749848496,rvspecfit-main-bright-2.fits,27.355183,5399.989,3.321622,-1.398623,source_holdout,source_holdout_clean,noise_augmented,logg,-1,1.0,3.321621894836426,4.444243265201648,1.1226213703652226,1.1226213703652226,3.4723326074964813,0.20555555555555555
39627821705860820,rvspecfit-main-bright-2.fits,34.099068,5847.3438,4.671578,-1.4983106,source_holdout,source_holdout_clean,noise_augmented,logg,-1,1.0,4.6715779304504395,4.29062107645472,-0.38095685399571977,0.38095685399571977,3.758315965582902,0.28888888888888886
39627815674449581,rvspecfit-main-bright-2.fits,13.48949,5792.788,4.7165213,-0.5580153,source_holdout,source_holdout_clean,noise_augmented,logg,-1,1.0,4.716521263122559,4.52205504929026,-0.19446621383229878,0.19446621383229878,4.4094465746721765,0.42407407407407405
39627809630459118,rvspecfit-main-bright-2.fits,13.282083,5475.7256,4.8019958,-0.63902676,source_holdout,source_holdout_clean,noise_augmented,logg,-1,1.0,4.801995754241943,4.74333144753178,-0.058664306710163316,0.058664306710163316,3.9142480932471106,0.32037037037037036
39627809630460912,rvspecfit-main-bright-2.fits,12.179368,3699.9932,5.0507874,0.25,source_holdout,source_holdout_clean,noise_augmented,logg,-1,1.0,5.050787448883057,4.572562889873982,-0.47822455900907457,0.47822455900907457,6.320413989709843,0.65
39627821710055899,rvspecfit-main-bright-2.fits,24.317644,3424.4392,4.995202,-7.4457542e-09,source_holdout,source_holdout_clean,noise_augmented,logg,-1,1.0,4.99520206451416,4.654004028777281,-0.34119803573687957,0.34119803573687957,5.073472908940512,0.5259259259259259
39627821710050224,rvspecfit-main-bright-2.fits,13.783821,5930.1323,3.5,-1.442121,source_holdout,source_holdout_clean,noise_augmented,logg,-1,1.0,3.5,4.286728239605824,0.7867282396058242,0.7867282396058242,3.8348950883365847,0.31296296296296294
39627815670256958,rvspecfit-main-bright-2.fits,33.17341,3539.3472,4.3192625,-0.24999994,source_holdout,source_holdout_clean,noise_augmented,logg,-1,1.0,4.319262504577637,4.642788317720096,0.3235258131424592,0.3235258131424592,3.9469088087328705,0.3314814814814815
39627815666064691,rvspecfit-main-bright-2.fits,21.107985,4884.057,4.824358,-0.6790433,source_holdout,source_holdout_clean,noise_augmented,logg,-1,1.0,4.824357986450195,4.879219553828239,0.05486156737804393,0.05486156737804393,4.277275992013337,0.40185185185185185
39627809622066858,rvspecfit-main-bright-2.fits,11.638368,3941.9397,4.5613294,-0.20976058,source_holdout,source_holdout_clean,noise_augmented,logg,-1,1.0,4.561329364776611,4.6586504992246605,0.09732113444804913,0.09732113444804913,4.943129344764473,0.5074074074074074
39627821714247491,rvspecfit-main-bright-2.fits,10.511821,6099.9995,3.7331715,-1.5,source_holdout,source_holdout_clean,noise_augmented,logg,-1,1.0,3.7331714630126953,4.195178671002389,0.46200720798969375,0.46200720798969375,4.4140190435424715,0.42592592592592593
39627827749852365,rvspecfit-main-bright-3.fits,22.367079,6430.866,4.4665184,-2.1353698,source_holdout,source_holdout_clean,noise_augmented,logg,-1,1.0,4.466518402099609,4.266525349408387,-0.19999305269122214,0.19999305269122214,3.1500688545172926,0.14074074074074075
39627827749853791,rvspecfit-main-bright-3.fits,31.061192,5937.0537,4.671657,-0.5924776,source_holdout,source_holdout_clean,noise_augmented,logg,-1,1.0,4.671657085418701,4.67625886374712,0.004601778328418682,0.004601778328418682,3.5858538547643968,0.23333333333333334
39627839842027235,rvspecfit-main-bright-3.fits,10.413524,4255.7646,3.7712116,-0.29332766,source_holdout,source_holdout_clean,noise_augmented,logg,-1,1.0,3.771211624145508,4.540030618985494,0.768818994839986,0.768818994839986,4.877508675752165,0.4981481481481482
39627833802231888,rvspecfit-main-bright-3.fits,13.302268,5252.27,5.0464845,-0.5512155,source_holdout,source_holdout_clean,noise_augmented,logg,-1,1.0,5.046484470367432,4.82032463479042,-0.22615983557701202,0.22615983557701202,3.9351289077891054,0.3277777777777778
39627827762432886,rvspecfit-main-bright-3.fits,25.138403,3610.7712,4.5477123,-0.25,source_holdout,source_holdout_clean,noise_augmented,logg,-1,1.0,4.547712326049805,4.572854036152362,0.025141710102557724,0.025141710102557724,4.6562480864762845,0.4685185185185185
39627827762430597,rvspecfit-main-bright-3.fits,26.81591,4245.767,4.2682157,-0.53313196,source_holdout,source_holdout_clean,noise_augmented,logg,-1,1.0,4.268215656280518,4.552870106756688,0.2846544504761708,0.2846544504761708,3.351998481320648,0.18518518518518517
39627827762430329,rvspecfit-main-bright-3.fits,11.366318,3667.8442,4.317511,0.022638885,source_holdout,source_holdout_clean,noise_augmented,logg,-1,1.0,4.317511081695557,4.6141247149606555,0.2966136332650988,0.2966136332650988,5.553997318932353,0.5814814814814815
39627827758241593,rvspecfit-main-bright-3.fits,48.443775,6033.9634,4.1164794,-0.7366164,source_holdout,source_holdout_clean,noise_augmented,logg,-1,1.0,4.116479396820068,4.450799208343029,0.33431981152296064,0.33431981152296064,2.5300470842892286,0.04259259259259259
39627833798038838,rvspecfit-main-bright-3.fits,26.6465,5300.0,2.4999988,-0.9075346,source_holdout,source_holdout_clean,noise_augmented,logg,-1,1.0,2.4999988079071045,3.9211094921032594,1.421110684196155,1.421110684196155,3.7259176276653068,0.2777777777777778
39627833798040743,rvspecfit-main-bright-3.fits,10.8702755,5787.8257,3.6668594,-1.0666147,source_holdout,source_holdout_clean,noise_augmented,logg,-1,1.0,3.6668593883514404,4.439347501903772,0.7724881135523312,0.7724881135523312,4.318917358275433,0.412962962962963
39627833798038375,rvspecfit-main-bright-3.fits,42.17771,3810.08,4.6831303,-0.09721547,source_holdout,source_holdout_clean,noise_augmented,logg,-1,1.0,4.683130264282227,4.6505631477634095,-0.03256711651881705,0.03256711651881705,2.744431069260098,0.06111111111111111
39627827758238307,rvspecfit-main-bright-3.fits,30.130543,5209.673,4.9502754,-0.20569585,source_holdout,source_holdout_clean,noise_augmented,logg,-1,1.0,4.950275421142578,4.841230286697545,-0.10904513444503294,0.10904513444503294,3.5098658974196715,0.21481481481481482
39627833798034904,rvspecfit-main-bright-3.fits,19.791807,6200.0005,4.559546,-0.6082555,source_holdout,source_holdout_clean,noise_augmented,logg,-1,1.0,4.559545993804932,4.5236761767764895,-0.035869817028442164,0.035869817028442164,3.140989305865477,0.1388888888888889
39627827758237818,rvspecfit-main-bright-3.fits,11.096011,3955.887,4.5,-0.6056033,source_holdout,source_holdout_clean,noise_augmented,logg,-1,1.0,4.5,4.605106337706247,0.10510633770624711,0.10510633770624711,4.0725601457616,0.35
39627833798034580,rvspecfit-main-bright-3.fits,39.440643,4909.12,4.7919583,0.024622975,source_holdout,source_holdout_clean,noise_augmented,logg,-1,1.0,4.791958332061768,4.631052987913292,-0.16090534414847557,0.16090534414847557,3.2599275165620907,0.15555555555555556
39627833802234127,rvspecfit-main-bright-3.fits,10.664411,5699.997,4.158952,-0.5555121,source_holdout,source_holdout_clean,noise_augmented,logg,-1,1.0,4.158952236175537,4.592507550150157,0.43355531397461977,0.43355531397461977,4.645952921467264,0.4685185185185185
39627827754048392,rvspecfit-main-bright-3.fits,13.101346,5350.0044,4.7735944,-1.0826184,source_holdout,source_holdout_clean,noise_augmented,logg,-1,1.0,4.773594379425049,3.912626974552869,-0.8609674048721798,0.8609674048721798,4.539885087103994,0.45185185185185184
39627827754047440,rvspecfit-main-bright-3.fits,40.260468,4438.1562,4.791903,-0.640746,source_holdout,source_holdout_clean,noise_augmented,logg,-1,1.0,4.791903018951416,4.596874918778738,-0.1950281001726779,0.1950281001726779,3.7647355655506036,0.29259259259259257
39627827766625207,rvspecfit-main-bright-3.fits,16.246984,3727.752,4.7399964,0.13954104,source_holdout,source_holdout_clean,noise_augmented,logg,-1,1.0,4.739996433258057,4.6058137358129025,-0.1341826974451541,0.1341826974451541,4.914234047322443,0.5018518518518519
39627827766626467,rvspecfit-main-bright-3.fits,17.387497,5343.958,2.4479477,-0.96625304,source_holdout,source_holdout_clean,noise_augmented,logg,-1,1.0,2.4479477405548096,3.3996989042659593,0.9517511637111498,0.9517511637111498,4.504504173206765,0.44814814814814813
39627815682839146,rvspecfit-main-bright-3.fits,19.975475,3384.267,4.5823526,-0.23283087,source_holdout,source_holdout_clean,noise_augmented,logg,-1,1.0,4.582352638244629,4.693879597306252,0.11152695906162347,0.11152695906162347,4.757634283866141,0.48333333333333334
39627839842029210,rvspecfit-main-bright-3.fits,10.851574,4815.2705,5.1668177,-0.5689885,source_holdout,source_holdout_clean,noise_augmented,logg,-1,1.0,5.166817665100098,4.652284241418043,-0.5145334236820549,0.5145334236820549,5.534233964538277,0.5777777777777777
39627839837831502,rvspecfit-main-bright-3.fits,40.051716,5828.34,4.2675347,-0.6027683,source_holdout,source_holdout_clean,noise_augmented,logg,-1,1.0,4.2675347328186035,4.708349679907161,0.4408149470885574,0.4408149470885574,3.5044312090164076,0.2111111111111111
39627827758239157,rvspecfit-main-bright-3.fits,21.127378,6272.8467,4.5,-2.8560874,source_holdout,source_holdout_clean,noise_augmented,logg,-1,1.0,4.5,4.047061063547929,-0.45293893645207106,0.45293893645207106,2.5978420948980294,0.04814814814814815
39627827758240753,rvspecfit-main-bright-3.fits,33.37967,4342.7646,4.34546,0.07007618,source_holdout,source_holdout_clean,noise_augmented,logg,-1,1.0,4.345459938049316,4.585180203596752,0.23972026554743575,0.23972026554743575,4.273793225290291,0.40185185185185185
39627827770821661,rvspecfit-main-bright-3.fits,12.498432,3628.0664,4.5405626,-0.19909191,source_holdout,source_holdout_clean,noise_augmented,logg,-1,1.0,4.540562629699707,4.689893484214943,0.1493308545152363,0.1493308545152363,4.67923099753554,0.4703703703703704
39627821722640625,rvspecfit-main-bright-3.fits,20.32441,5134.727,4.907078,-1.1418545,source_holdout,source_holdout_clean,noise_augmented,logg,-1,1.0,4.907077789306641,4.792162025968233,-0.11491576333840747,0.11491576333840747,3.3594653141004867,0.18518518518518517
39627827766625370,rvspecfit-main-bright-3.fits,11.565127,4781.942,4.418274,-0.30361015,source_holdout,source_holdout_clean,noise_augmented,logg,-1,1.0,4.41827392578125,4.745272287746269,0.3269983619650194,0.3269983619650194,4.645423377796395,0.4666666666666667
39627821718438925,rvspecfit-main-bright-3.fits,39.363716,4162.4067,4.568495,-0.09737198,source_holdout,source_holdout_clean,noise_augmented,logg,-1,1.0,4.56849479675293,4.637323217193285,0.06882842044035531,0.06882842044035531,4.502753418421632,0.44814814814814813
39627821743606854,rvspecfit-main-bright-4.fits,14.38144,4920.265,4.6967487,-0.44084737,source_holdout,source_holdout_clean,noise_augmented,logg,-1,1.0,4.696748733520508,4.813950919051962,0.117202185531454,0.117202185531454,3.8446103025467684,0.31296296296296294
39627815703806550,rvspecfit-main-bright-4.fits,35.24997,6514.052,4.4088807,-0.6617047,source_holdout,source_holdout_clean,noise_augmented,logg,-1,1.0,4.408880710601807,4.2994465722839035,-0.10943413831790316,0.10943413831790316,2.615925071644126,0.05
39627821751993331,rvspecfit-main-bright-4.fits,10.845219,3805.717,4.6760206,-0.45505092,source_holdout,source_holdout_clean,noise_augmented,logg,-1,1.0,4.676020622253418,4.59152345025539,-0.08449717199802809,0.08449717199802809,4.649371232960812,0.4685185185185185
39627821739413661,rvspecfit-main-bright-4.fits,49.14275,5999.9966,4.18848,-0.7178064,source_holdout,source_holdout_clean,noise_augmented,logg,-1,1.0,4.188479900360107,4.432799331257741,0.24431943089763397,0.24431943089763397,2.5952325056251855,0.04814814814814815
39627827783403836,rvspecfit-main-bright-4.fits,41.574112,4940.296,4.8818107,-0.47206432,source_holdout,source_holdout_clean,noise_augmented,logg,-1,1.0,4.881810665130615,4.849805800517399,-0.03200486461321628,0.03200486461321628,2.833470288932559,0.08148148148148149
39627833827393781,rvspecfit-main-bright-4.fits,13.174223,6420.133,4.8545375,-1.9718909,source_holdout,source_holdout_clean,noise_augmented,logg,-1,1.0,4.854537487030029,4.046588665872812,-0.8079488211572174,0.8079488211572174,3.4287929408782776,0.2
39627827775016893,rvspecfit-main-bright-4.fits,23.18716,3854.7473,4.555817,-0.0035949063,source_holdout,source_holdout_clean,noise_augmented,logg,-1,1.0,4.555817127227783,4.683870227118333,0.12805309989054958,0.12805309989054958,3.954367250745914,0.3314814814814815
39627827775014949,rvspecfit-main-bright-4.fits,29.762403,5213.836,4.819805,-0.3014833,source_holdout,source_holdout_clean,noise_augmented,logg,-1,1.0,4.819805145263672,4.883604937613012,0.0637997923493403,0.0637997923493403,3.2676071192199028,0.16296296296296298
39627845923770802,rvspecfit-main-bright-5.fits,58.199036,4515.423,4.7505956,-0.5339174,source_holdout,source_holdout_clean,noise_augmented,logg,-1,1.0,4.750595569610596,4.6300309017101915,-0.12056466790040421,0.12056466790040421,2.309144473021415,0.020370370370370372
39627839879777323,rvspecfit-main-bright-5.fits,20.717304,3352.7651,4.658394,-8.4417335e-09,source_holdout,source_holdout_clean,noise_augmented,logg,-1,1.0,4.658393859863281,4.70034197091063,0.041948111047348746,0.041948111047348746,6.47830575206705,0.6666666666666666
39627839879777921,rvspecfit-main-bright-5.fits,29.910242,6117.2104,3.8356934,-1.6474502,source_holdout,source_holdout_clean,noise_augmented,logg,-1,1.0,3.835693359375,4.2264410159885895,0.39074765661358946,0.39074765661358946,2.6975712846338555,0.05185185185185185
39627833839977290,rvspecfit-main-bright-5.fits,38.22706,5169.7407,4.783004,-1.1261021,source_holdout,source_holdout_clean,noise_augmented,logg,-1,1.0,4.783003807067871,4.633825525442762,-0.14917828162510904,0.14917828162510904,2.5693250919424275,0.046296296296296294
39627839879776070,rvspecfit-main-bright-5.fits,21.219952,4032.2673,4.5472283,-0.47774446,source_holdout,source_holdout_clean,noise_augmented,logg,-1,1.0,4.5472283363342285,4.635844551126164,0.08861621479193538,0.08861621479193538,5.371619703405362,0.5611111111111111
39627845919572275,rvspecfit-main-bright-5.fits,42.21428,5829.848,4.7958584,-0.70737684,source_holdout,source_holdout_clean,noise_augmented,logg,-1,1.0,4.795858383178711,4.725425838430721,-0.0704325447479901,0.0704325447479901,1.8888052492428933,0.0
39627851959371754,rvspecfit-main-bright-5.fits,35.04647,3805.0925,4.542691,-0.24058925,source_holdout,source_holdout_clean,noise_augmented,logg,-1,1.0,4.542691230773926,4.629852947851022,0.08716171707709641,0.08716171707709641,2.651662324532724,0.05
39627845911188213,rvspecfit-main-bright-5.fits,12.291788,4816.813,4.759955,-0.4154822,source_holdout,source_holdout_clean,noise_augmented,logg,-1,1.0,4.759954929351807,4.751069199641548,-0.008885729710258694,0.008885729710258694,4.340152517463983,0.4166666666666667
39627851950985990,rvspecfit-main-bright-5.fits,27.416634,3358.4602,4.043012,-0.45926487,source_holdout,source_holdout_clean,noise_augmented,logg,-1,1.0,4.0430121421813965,4.619709290891888,0.5766971487104913,0.5766971487104913,3.5235126591760912,0.21666666666666667
39627851950983368,rvspecfit-main-bright-5.fits,35.353436,5063.388,5.0673513,-0.53643554,source_holdout,source_holdout_clean,noise_augmented,logg,-1,1.0,5.067351341247559,4.89848669962088,-0.16886464162667902,0.16886464162667902,2.4305550140200265,0.03518518518518519
39627851950984098,rvspecfit-main-bright-5.fits,21.118452,5144.1636,2.4571316,-0.7537611,source_holdout,source_holdout_clean,noise_augmented,logg,-1,1.0,2.4571316242218018,3.3520223213136204,0.8948906970918187,0.8948906970918187,3.723384734603984,0.2777777777777778
39627851955178631,rvspecfit-main-bright-5.fits,66.58304,5432.3857,4.7988577,0.070537545,source_holdout,source_holdout_clean,noise_augmented,logg,-1,1.0,4.798857688903809,4.915250064829985,0.11639237592617668,0.11639237592617668,2.426314350042791,0.03518518518518519
39627839875582733,rvspecfit-main-bright-5.fits,15.089906,3493.4248,4.851405,-2.0092371e-05,source_holdout,source_holdout_clean,noise_augmented,logg,-1,1.0,4.851405143737793,4.681433088660241,-0.16997205507755186,0.16997205507755186,4.922013268989264,0.5037037037037037
39627851950984488,rvspecfit-main-bright-5.fits,26.844744,5348.9736,5.0259514,-0.5760964,source_holdout,source_holdout_clean,noise_augmented,logg,-1,1.0,5.025951385498047,4.881145733257136,-0.1448056522409109,0.1448056522409109,2.56210180144173,0.046296296296296294
39627845919574013,rvspecfit-main-bright-5.fits,20.59049,3939.1213,4.8171353,-0.11920797,source_holdout,source_holdout_clean,noise_augmented,logg,-1,1.0,4.817135334014893,4.643762816945709,-0.17337251706918355,0.17337251706918355,3.5804667533062133,0.23333333333333334
39627851950984360,rvspecfit-main-bright-5.fits,11.34787,5878.607,4.6368484,-1.75,source_holdout,source_holdout_clean,noise_augmented,logg,-1,1.0,4.636848449707031,4.010502490957579,-0.626345958749452,0.626345958749452,5.290343807601733,0.55
39627845911186372,rvspecfit-main-bright-5.fits,41.981564,3941.9863,4.7310076,-0.3669035,source_holdout,source_holdout_clean,noise_augmented,logg,-1,1.0,4.7310075759887695,4.5875220991373045,-0.14348547685146507,0.14348547685146507,5.02909128828289,0.524074074074074
39627839871386558,rvspecfit-main-bright-5.fits,28.686684,4805.0225,4.729151,-0.044067696,source_holdout,source_holdout_clean,noise_augmented,logg,-1,1.0,4.729150772094727,4.69095905850331,-0.03819171359141649,0.03819171359141649,5.143274742104825,0.5351851851851852
39627833839976693,rvspecfit-main-bright-5.fits,12.101598,4565.834,4.9270644,-0.6339082,source_holdout,source_holdout_clean,noise_augmented,logg,-1,1.0,4.927064418792725,4.640970675478378,-0.2860937433143462,0.2860937433143462,6.037558603083212,0.6277777777777778
39627839883969908,rvspecfit-main-bright-5.fits,20.937347,3788.294,4.6444893,-0.380443,source_holdout,source_holdout_clean,noise_augmented,logg,-1,1.0,4.644489288330078,4.680860697766143,0.03637140943606454,0.03637140943606454,3.075239920790498,0.12777777777777777
39627839883968927,rvspecfit-main-bright-5.fits,35.266613,5325.624,4.885683,-0.19398142,source_holdout,source_holdout_clean,noise_augmented,logg,-1,1.0,4.885683059692383,4.859258067448932,-0.026424992243450518,0.026424992243450518,2.334476162279502,0.020370370370370372
39627839879778503,rvspecfit-main-bright-5.fits,18.156084,3967.0608,4.3934913,-0.2819738,source_holdout,source_holdout_clean,noise_augmented,logg,-1,1.0,4.393491268157959,4.674397180100282,0.28090591194232317,0.28090591194232317,2.7357149741633524,0.06111111111111111
39627839883970590,rvspecfit-main-bright-5.fits,27.931559,5675.8076,4.6245646,-0.5384411,source_holdout,source_holdout_clean,noise_augmented,logg,-1,1.0,4.6245646476745605,4.8231550501684355,0.19859040249387494,0.19859040249387494,2.001024547209679,0.003703703703703704
39627845923770018,rvspecfit-main-bright-5.fits,11.664027,5860.6504,4.622532,-0.6391969,source_holdout,source_holdout_clean,noise_augmented,logg,-1,1.0,4.622531890869141,4.513524354318778,-0.10900753655036244,0.10900753655036244,3.7822413717899446,0.2962962962962963
39627851959372671,rvspecfit-main-bright-5.fits,28.040663,4641.6367,4.730126,-0.22783598,source_holdout,source_holdout_clean,noise_augmented,logg,-1,1.0,4.730125904083252,4.651909771243732,-0.07821613283952011,0.07821613283952011,3.330337564732198,0.1814814814814815
39627839846224263,rvspecfit-main-bright-6.fits,37.68445,3973.9297,4.474684,-0.21151248,source_holdout,source_holdout_clean,noise_augmented,logg,-1,1.0,4.47468376159668,4.687163625439008,0.21247986384232842,0.21247986384232842,3.7810180501641715,0.2962962962962963
39627827770824341,rvspecfit-main-bright-6.fits,39.11204,5971.67,4.228228,-0.75,source_holdout,source_holdout_clean,noise_augmented,logg,-1,1.0,4.2282280921936035,4.050206942637762,-0.1780211495558417,0.1780211495558417,3.2807488802871045,0.1648148148148148
39627833810622162,rvspecfit-main-bright-6.fits,14.81044,5158.257,4.8984466,-0.32266006,source_holdout,source_holdout_clean,noise_augmented,logg,-1,1.0,4.898446559906006,4.852923335303861,-0.045523224602145085,0.045523224602145085,4.235153880397637,0.3925925925925926
39627839842030804,rvspecfit-main-bright-6.fits,14.139059,3973.0508,4.4075265,-0.52608746,source_holdout,source_holdout_clean,noise_augmented,logg,-1,1.0,4.40752649307251,4.6089503971735635,0.2014239041010537,0.2014239041010537,4.266557167345384,0.39814814814814814
39627845890213849,rvspecfit-main-bright-6.fits,29.227415,5672.576,4.8962326,-0.5424338,source_holdout,source_holdout_clean,noise_augmented,logg,-1,1.0,4.896232604980469,4.883664520601431,-0.012568084379037892,0.012568084379037892,3.6109173296830814,0.24074074074074073
39627845890216372,rvspecfit-main-bright-6.fits,16.12363,3854.019,4.7166104,-0.6180201,source_holdout,source_holdout_clean,noise_augmented,logg,-1,1.0,4.716610431671143,4.652448913693427,-0.0641615179777153,0.0641615179777153,4.655584444387981,0.4685185185185185
39627857990784360,rvspecfit-main-bright-7.fits,70.7617,6118.4404,4.3919115,-0.75,source_holdout,source_holdout_clean,noise_augmented,logg,-1,1.0,4.391911506652832,4.464946488191683,0.07303498153885091,0.07303498153885091,1.8413353711208817,0.0
39627851950986065,rvspecfit-main-bright-7.fits,52.087753,6169.199,3.8958325,-0.9864679,source_holdout,source_holdout_clean,noise_augmented,logg,-1,1.0,3.8958325386047363,4.203314750929672,0.30748221232493567,0.30748221232493567,2.165033459748623,0.009259259259259259
39627851950984641,rvspecfit-main-bright-7.fits,48.987057,4473.0527,4.6994743,-0.27750236,source_holdout,source_holdout_clean,noise_augmented,logg,-1,1.0,4.699474334716797,4.6386266120473545,-0.06084772266944238,0.06084772266944238,2.767277507067113,0.06666666666666667
39627839816860543,rvspecfit-main-bright-8.fits,32.721638,4987.3354,4.8711786,-0.64991444,source_holdout,source_holdout_clean,noise_augmented,logg,-1,1.0,4.87117862701416,4.70146007068952,-0.16971855632464017,0.16971855632464017,4.111473787555762,0.36666666666666664
39627839812672584,rvspecfit-main-bright-8.fits,17.458675,5673.2114,4.6356673,-0.62852657,source_holdout,source_holdout_clean,noise_augmented,logg,-1,1.0,4.635667324066162,4.6557360116044695,0.020068687538307373,0.020068687538307373,3.353744152854158,0.18518518518518517
39627839812670699,rvspecfit-main-bright-8.fits,38.237263,5925.2104,4.751291,-0.46446776,source_holdout,source_holdout_clean,noise_augmented,logg,-1,1.0,4.751290798187256,4.708675739953919,-0.04261505823333689,0.04261505823333689,2.699160239392119,0.053703703703703705
39627827733070736,rvspecfit-main-bright-8.fits,18.087793,3788.903,4.9236155,0.25,source_holdout,source_holdout_clean,noise_augmented,logg,-1,1.0,4.923615455627441,4.61625715284546,-0.3073583027819815,0.3073583027819815,4.778452243092625,0.48333333333333334
39627821693276035,rvspecfit-main-bright-8.fits,32.762997,5969.2407,4.279692,-0.7958698,source_holdout,source_holdout_clean,noise_augmented,logg,-1,1.0,4.27969217300415,4.365800167282424,0.0861079942782732,0.0861079942782732,2.204636365615881,0.014814814814814815
39627833777065558,rvspecfit-main-bright-8.fits,12.767948,3951.9734,4.758648,0.04707949,source_holdout,source_holdout_clean,noise_augmented,logg,-1,1.0,4.758647918701172,4.607893889347712,-0.15075402935346016,0.15075402935346016,6.1081148301659365,0.6370370370370371
39627827741465882,rvspecfit-main-bright-8.fits,23.349905,4561.071,4.6857567,-0.70336413,source_holdout,source_holdout_clean,noise_augmented,logg,-1,1.0,4.685756683349609,4.70074129150311,0.014984608153501,0.014984608153501,3.7562772771406316,0.28888888888888886
39627839812670659,rvspecfit-main-bright-8.fits,67.747925,5466.345,4.792107,-0.09665485,source_holdout,source_holdout_clean,noise_augmented,logg,-1,1.0,4.792107105255127,4.894784003237884,0.10267689798275725,0.10267689798275725,2.611151986924961,0.04814814814814815
39627833772873072,rvspecfit-main-bright-8.fits,11.543327,3344.0674,4.9933977,-6.7715398e-09,source_holdout,source_holdout_clean,noise_augmented,logg,-1,1.0,4.9933977127075195,4.800411810209353,-0.19298590249816616,0.19298590249816616,6.257242410516012,0.6481481481481481
39627839812669975,rvspecfit-main-bright-8.fits,29.673326,5147.977,2.2214344,-0.6992384,source_holdout,source_holdout_clean,noise_augmented,logg,-1,1.0,2.2214343547821045,3.2360826871593797,1.0146483323772753,1.0146483323772753,4.463519898607786,0.4351851851851852
39627839812672807,rvspecfit-main-bright-8.fits,10.229689,3960.4915,4.523227,-0.5141485,source_holdout,source_holdout_clean,noise_augmented,logg,-1,1.0,4.523227214813232,4.602727451135715,0.07950023632248282,0.07950023632248282,7.014593820515111,0.7092592592592593
39627839812669309,rvspecfit-main-bright-8.fits,10.041917,5112.64,2.5311203,-0.9058126,source_holdout,source_holdout_clean,noise_augmented,logg,-1,1.0,2.5311203002929688,3.478052210599184,0.946931910306215,0.946931910306215,5.535266987979527,0.5777777777777777
39627833781261616,rvspecfit-main-bright-8.fits,15.462614,5079.574,4.865364,-1.25,source_holdout,source_holdout_clean,noise_augmented,logg,-1,1.0,4.865364074707031,4.270660643895467,-0.5947034308115642,0.5947034308115642,4.711833694493071,0.4740740740740741
39627833781257342,rvspecfit-main-bright-8.fits,17.523178,6078.532,4.3207583,-2.889843,source_holdout,source_holdout_clean,noise_augmented,logg,-1,1.0,4.32075834274292,4.3127874613801644,-0.007970881362755478,0.007970881362755478,2.7545400652012844,0.06296296296296296
39627839816859844,rvspecfit-main-bright-8.fits,12.712848,3319.7056,4.7985024,-2.5167144e-09,source_holdout,source_holdout_clean,noise_augmented,logg,-1,1.0,4.798502445220947,4.806298812637728,0.00779636741678047,0.00779636741678047,5.872375452375968,0.6074074074074074
39627839812672733,rvspecfit-main-bright-8.fits,11.827734,6059.0156,3.7518787,-1.4329317,source_holdout,source_holdout_clean,noise_augmented,logg,-1,1.0,3.7518787384033203,4.030495091855525,0.2786163534522048,0.2786163534522048,4.113732157213041,0.36666666666666664
39627821697469375,rvspecfit-main-bright-8.fits,16.405333,3851.9175,4.4098344,-0.5288464,source_holdout,source_holdout_clean,noise_augmented,logg,-1,1.0,4.409834384918213,4.627787959496178,0.21795357457796527,0.21795357457796527,4.285244431016248,0.40555555555555556
39627833785450581,rvspecfit-main-bright-8.fits,10.057168,4114.629,4.4509463,-0.55450344,source_holdout,source_holdout_clean,noise_augmented,logg,-1,1.0,4.45094633102417,4.5612238004008905,0.11027746937672056,0.11027746937672056,5.459619104790215,0.5685185185185185
39627827745656776,rvspecfit-main-bright-8.fits,10.449086,4146.233,4.3544865,-0.6406455,source_holdout,source_holdout_clean,noise_augmented,logg,-1,1.0,4.354486465454102,4.606855572938921,0.2523691074848191,0.2523691074848191,4.644274235184281,0.4666666666666667
39627827741465156,rvspecfit-main-bright-8.fits,15.143387,4925.3823,4.671121,-0.60524035,source_holdout,source_holdout_clean,noise_augmented,logg,-1,1.0,4.671121120452881,4.900935200889905,0.22981408043702434,0.22981408043702434,3.705813079188248,0.2759259259259259
39627827733077165,rvspecfit-main-bright-8.fits,13.501539,5799.9956,3.949236,-1.9999129,source_holdout,source_holdout_clean,noise_augmented,logg,-1,1.0,3.9492359161376953,4.014523598690826,0.065287682553131,0.065287682553131,3.379515294537183,0.1925925925925926
39627827733070202,rvspecfit-main-bright-8.fits,22.563013,5515.5884,4.840002,-0.5918392,source_holdout,source_holdout_clean,noise_augmented,logg,-1,1.0,4.840002059936523,4.749537794828418,-0.09046426510810512,0.09046426510810512,2.715290057327702,0.05740740740740741
39627821697472553,rvspecfit-main-bright-8.fits,21.351917,6462.012,4.279024,-2.8977134,source_holdout,source_holdout_clean,noise_augmented,logg,-1,1.0,4.279024124145508,4.340215420554079,0.06119129640857146,0.06119129640857146,2.4280221193230176,0.03518518518518519
39627857948838840,rvspecfit-main-bright-9.fits,47.78757,5887.5474,3.5600655,-1.83259,source_holdout,source_holdout_clean,noise_augmented,logg,-1,1.0,3.560065507888794,4.3490406232376895,0.7889751153488955,0.7889751153488955,1.6795865998498662,0.0
39627851909044289,rvspecfit-main-bright-9.fits,28.965052,5779.702,4.6419196,-0.9400689,source_holdout,source_holdout_clean,noise_augmented,logg,-1,1.0,4.6419196128845215,4.494991995722055,-0.14692761716246672,0.14692761716246672,2.43014075225124,0.03518518518518519
39627851909041816,rvspecfit-main-bright-9.fits,37.74704,5649.3677,4.585278,-0.36139774,source_holdout,source_holdout_clean,noise_augmented,logg,-1,1.0,4.585278034210205,4.875678258935611,0.2904002247254063,0.2904002247254063,2.278785865141634,0.020370370370370372
39627827749850242,rvspecfit-main-bright-9.fits,13.389119,4829.231,4.831749,-0.58654714,source_holdout,source_holdout_clean,noise_augmented,logg,-1,1.0,4.831748962402344,4.721008842239777,-0.11074012016256685,0.11074012016256685,5.510079378049469,0.5722222222222222
39627845860854223,rvspecfit-main-bright-9.fits,21.683558,5312.3267,4.749075,-0.7059915,source_holdout,source_holdout_clean,noise_augmented,logg,-1,1.0,4.749074935913086,4.535784100880226,-0.2132908350328595,0.2132908350328595,3.5500493739111483,0.22777777777777777
39627839816865025,rvspecfit-main-bright-9.fits,14.405075,4559.9023,4.6895595,-0.6846649,source_holdout,source_holdout_clean,noise_augmented,logg,-1,1.0,4.689559459686279,4.700976172069709,0.011416712383430117,0.011416712383430117,3.7487050653387888,0.28888888888888886
39627839825248751,rvspecfit-main-bright-9.fits,16.708359,5623.7134,3.8698251,-0.6395888,source_holdout,source_holdout_clean,noise_augmented,logg,-1,1.0,3.8698251247406006,4.576429914742709,0.7066047900021086,0.7066047900021086,3.2292186343808296,0.15185185185185185
39627845865047209,rvspecfit-main-bright-9.fits,17.137741,5721.9053,5.087989,-0.47012925,source_holdout,source_holdout_clean,noise_augmented,logg,-1,1.0,5.08798885345459,4.832607403576374,-0.2553814498782154,0.2553814498782154,3.3580304653598616,0.18518518518518517
39627839821054819,rvspecfit-main-bright-9.fits,18.219913,5742.3164,4.830802,-1.4137065,source_holdout,source_holdout_clean,noise_augmented,logg,-1,1.0,4.830801963806152,4.210411508540309,-0.6203904552658432,0.6203904552658432,3.849161367916644,0.31296296296296294
39627839825255430,rvspecfit-main-bright-9.fits,35.821304,3585.594,5.0,0.25,source_holdout,source_holdout_clean,noise_augmented,logg,-1,1.0,5.0,4.653282861073812,-0.34671713892618783,0.34671713892618783,3.153984939395299,0.1425925925925926
39627845865048506,rvspecfit-main-bright-9.fits,13.513905,3639.334,4.6771107,-0.49999994,source_holdout,source_holdout_clean,noise_augmented,logg,-1,1.0,4.67711067199707,4.667627404878538,-0.00948326711853209,0.00948326711853209,4.081795580609974,0.3537037037037037
39627845860853149,rvspecfit-main-bright-9.fits,29.972689,5548.4204,4.7709064,-0.5177367,source_holdout,source_holdout_clean,noise_augmented,logg,-1,1.0,4.770906448364258,4.872676813801132,0.10177036543687379,0.10177036543687379,2.368904912911049,0.022222222222222223
39627833785457292,rvspecfit-main-bright-9.fits,23.886591,5238.164,5.034228,-0.68437576,source_holdout,source_holdout_clean,noise_augmented,logg,-1,1.0,5.0342278480529785,4.880970294614633,-0.1532575534383458,0.1532575534383458,3.3894047016169964,0.19444444444444445
39627851909043665,rvspecfit-main-bright-9.fits,15.489862,5427.4233,4.863215,-0.6448708,source_holdout,source_holdout_clean,noise_augmented,logg,-1,1.0,4.86321496963501,4.7529923481345175,-0.11022262150049222,0.11022262150049222,2.7973688672431325,0.07222222222222222
39627851909044675,rvspecfit-main-bright-9.fits,20.760723,3639.1091,5.025338,0.0017295798,source_holdout,source_holdout_clean,noise_augmented,logg,-1,1.0,5.025338172912598,4.646215533693632,-0.3791226392189655,0.3791226392189655,4.4770026607876865,0.4351851851851852
39627851909044612,rvspecfit-main-bright-9.fits,31.152905,4570.983,4.6626415,-0.29414445,source_holdout,source_holdout_clean,noise_augmented,logg,-1,1.0,4.662641525268555,4.638890428324541,-0.02375109694401356,0.02375109694401356,2.624505245422239,0.05
39627851909043394,rvspecfit-main-bright-9.fits,12.160615,3944.3706,4.8714595,0.055278786,source_holdout,source_holdout_clean,noise_augmented,logg,-1,1.0,4.871459484100342,4.643010347843169,-0.228449136257173,0.228449136257173,4.1898729273350925,0.38333333333333336
39627833793840290,rvspecfit-main-bright-9.fits,15.472251,3983.3274,4.6827335,-0.49333048,source_holdout,source_holdout_clean,noise_augmented,logg,-1,1.0,4.682733535766602,4.567468000322581,-0.11526553544402063,0.11526553544402063,4.077893127513975,0.35
39627845873440153,rvspecfit-main-bright-9.fits,22.347937,5166.9233,4.778177,-0.61190706,source_holdout,source_holdout_clean,noise_augmented,logg,-1,1.0,4.778176784515381,4.912356204390528,0.1341794198751467,0.1341794198751467,2.7452065790909015,0.06111111111111111
39627845869244690,rvspecfit-main-bright-9.fits,12.694894,4903.843,4.6446977,-0.32488066,source_holdout,source_holdout_clean,noise_augmented,logg,-1,1.0,4.644697666168213,4.753951332350572,0.10925366618235888,0.10925366618235888,4.676089295966878,0.4685185185185185
39627851909043268,rvspecfit-main-bright-9.fits,18.954782,4519.214,4.247784,0.080730714,source_holdout,source_holdout_clean,noise_augmented,logg,-1,1.0,4.24778413772583,4.658097491463026,0.41031335373719635,0.41031335373719635,3.6749356001306186,0.26296296296296295
39627851904848181,rvspecfit-main-bright-9.fits,16.895277,4244.756,4.1136284,-0.43229502,source_holdout,source_holdout_clean,noise_augmented,logg,-1,1.0,4.113628387451172,4.598036779781181,0.48440839233000954,0.48440839233000954,4.8002881080189965,0.48518518518518516
39627851909039771,rvspecfit-main-bright-9.fits,26.112993,3953.2205,4.5920477,-0.39715976,source_holdout,source_holdout_clean,noise_augmented,logg,-1,1.0,4.592047691345215,4.63641478929917,0.04436709795395544,0.04436709795395544,3.2196695633972565,0.15
39627845869241040,rvspecfit-main-bright-9.fits,16.293951,3472.3618,4.595129,-0.18733022,source_holdout,source_holdout_clean,noise_augmented,logg,-1,1.0,4.595129013061523,4.678079594254494,0.0829505811929705,0.0829505811929705,4.612604613040699,0.46111111111111114
39627797555054059,rvspecfit-main-bright-0.fits,25.770039,5933.335,4.3744597,-0.728765,source_holdout,source_holdout_clean,noise_augmented,feh,-1,1.0,-0.7287650108337402,-0.6015075415422519,0.1272574692914883,0.1272574692914883,4.00415762838823,0.34444444444444444
39627803594854420,rvspecfit-main-bright-0.fits,25.11731,5192.172,4.828961,-0.43341476,source_holdout,source_holdout_clean,noise_augmented,feh,-1,1.0,-0.4334147572517395,-0.4642280265319473,-0.030813269280207778,0.030813269280207778,4.065192161571839,0.34814814814814815
39627797550865084,rvspecfit-main-bright-0.fits,29.18192,5967.2324,4.4568024,-1.0345173,source_holdout,source_holdout_clean,noise_augmented,feh,-1,1.0,-1.0345172882080078,-0.8106859049350027,0.2238313832730051,0.2238313832730051,2.2244862736345303,0.016666666666666666
39627803594856578,rvspecfit-main-bright-0.fits,28.47997,5834.933,3.975627,-0.774128,source_holdout,source_holdout_clean,noise_augmented,feh,-1,1.0,-0.7741280198097229,-0.8150724938474595,-0.0409444740377366,0.0409444740377366,3.610099231216367,0.23703703703703705
39627803594852215,rvspecfit-main-bright-0.fits,14.196906,3528.8555,4.4331665,-3.1253588e-08,source_holdout,source_holdout_clean,noise_augmented,feh,-1,1.0,-3.125358816191692e-08,-0.0262253881602136,-0.02622535690662544,0.02622535690662544,5.675484035520125,0.5962962962962963
39627803594856334,rvspecfit-main-bright-0.fits,12.765561,5073.9175,4.8069735,-0.7760475,source_holdout,source_holdout_clean,noise_augmented,feh,-1,1.0,-0.7760475277900696,-0.4741100578385716,0.301937469951498,0.301937469951498,4.080023372060961,0.35
39627809638843886,rvspecfit-main-bright-0.fits,25.254856,5538.9707,4.6776648,-1.3598263,source_holdout,source_holdout_clean,noise_augmented,feh,-1,1.0,-1.3598263263702393,-1.136144340890149,0.22368198548009022,0.22368198548009022,3.2901626406280866,0.17037037037037037
39627803599052837,rvspecfit-main-bright-0.fits,47.80544,6099.9966,4.5420027,-1.4265354,source_holdout,source_holdout_clean,noise_augmented,feh,-1,1.0,-1.4265353679656982,-1.3711392484325031,0.05539611953319512,0.05539611953319512,3.0429494789163454,0.12037037037037036
39627809643037702,rvspecfit-main-bright-0.fits,33.05582,5980.165,4.039836,-0.9253463,source_holdout,source_holdout_clean,noise_augmented,feh,-1,1.0,-0.925346314907074,-0.7320117960125211,0.1933345188945529,0.1933345188945529,2.4464015587724552,0.03518518518518519
39627797567638472,rvspecfit-main-bright-0.fits,14.585838,3552.5896,4.827148,-3.1885524e-08,source_holdout,source_holdout_clean,noise_augmented,feh,-1,1.0,-3.1885523554819883e-08,-0.08116625107208118,-0.08116621918655763,0.08116621918655763,4.260574381814355,0.39814814814814814
39627791527841990,rvspecfit-main-bright-0.fits,38.86436,5655.909,4.8632197,-0.7191091,source_holdout,source_holdout_clean,noise_augmented,feh,-1,1.0,-0.7191091179847717,-0.6582091273839275,0.06089999060084428,0.06089999060084428,2.3025954380854725,0.020370370370370372
39627809638846529,rvspecfit-main-bright-0.fits,18.408873,5130.1846,2.5442505,-0.7162849,source_holdout,source_holdout_clean,noise_augmented,feh,-1,1.0,-0.7162848711013794,-1.0260111771399774,-0.30972630603859796,0.30972630603859796,5.297954738596199,0.55
39627803603243052,rvspecfit-main-bright-0.fits,17.307343,4646.6846,4.625856,-0.24500641,source_holdout,source_holdout_clean,noise_augmented,feh,-1,1.0,-0.24500641226768494,-0.19636717078085847,0.04863924148682647,0.04863924148682647,5.065990324298618,0.5259259259259259
39627809647233020,rvspecfit-main-bright-0.fits,14.275092,5499.999,2.6491766,-1.4284428,source_holdout,source_holdout_clean,noise_augmented,feh,-1,1.0,-1.4284428358078003,-1.2555601289185387,0.17288270688926155,0.17288270688926155,4.8003827540649056,0.48518518518518516
39627791527838252,rvspecfit-main-bright-0.fits,11.030782,4355.712,4.242638,-0.39427254,source_holdout,source_holdout_clean,noise_augmented,feh,-1,1.0,-0.3942725360393524,-0.4375337914527867,-0.043261255413434285,0.043261255413434285,3.7481498278420506,0.28888888888888886
39627797563444474,rvspecfit-main-bright-0.fits,27.962894,5314.067,4.968911,-0.29762325,source_holdout,source_holdout_clean,noise_augmented,feh,-1,1.0,-0.29762324690818787,-0.46187665215491597,-0.1642534052467281,0.1642534052467281,2.6634596500377126,0.05
39627827775013373,rvspecfit-main-bright-1.fits,39.061436,5582.5454,5.1279864,-0.63674533,source_holdout,source_holdout_clean,noise_augmented,feh,-1,1.0,-0.6367453336715698,-0.5338286161177485,0.10291671755382137,0.10291671755382137,3.021780863500892,0.11851851851851852
39627815687030584,rvspecfit-main-bright-1.fits,19.394766,4648.9683,4.767465,-0.61063683,source_holdout,source_holdout_clean,noise_augmented,feh,-1,1.0,-0.610636830329895,-0.4312398760957926,0.1793969542341024,0.1793969542341024,4.275057240226036,0.40185185185185185
39627815682842837,rvspecfit-main-bright-1.fits,22.882843,5729.2544,4.610091,-1.7405462,source_holdout,source_holdout_clean,noise_augmented,feh,-1,1.0,-1.7405462265014648,-1.2671953487940835,0.4733508777073814,0.4733508777073814,3.371609063160533,0.18703703703703703
39627815682838215,rvspecfit-main-bright-1.fits,14.909275,5200.001,2.6381724,-0.75000024,source_holdout,source_holdout_clean,noise_augmented,feh,-1,1.0,-0.7500002384185791,-1.0786178990602497,-0.32861766064167064,0.32861766064167064,4.870134678081449,0.4981481481481482
39627821726832087,rvspecfit-main-bright-1.fits,10.1174965,3990.4856,4.5,-0.5635368,source_holdout,source_holdout_clean,noise_augmented,feh,-1,1.0,-0.5635368227958679,-0.34987937311610273,0.2136574496797652,0.2136574496797652,4.982787811998765,0.5111111111111111
39627821726832204,rvspecfit-main-bright-1.fits,29.541725,5825.152,4.4116573,-0.52552813,source_holdout,source_holdout_clean,noise_augmented,feh,-1,1.0,-0.5255281329154968,-0.6788408534340555,-0.1533127205185587,0.1533127205185587,3.522634246499504,0.21666666666666667
39627815682840672,rvspecfit-main-bright-1.fits,11.9453945,3733.706,4.725037,-0.24999999,source_holdout,source_holdout_clean,noise_augmented,feh,-1,1.0,-0.2499999850988388,-0.2929566207138772,-0.042956635615038374,0.042956635615038374,6.173714456052079,0.6425925925925926
39627815687034177,rvspecfit-main-bright-1.fits,35.36645,5115.736,4.9753127,-0.39662126,source_holdout,source_holdout_clean,noise_augmented,feh,-1,1.0,-0.3966212570667267,-0.3893350014667957,0.0072862555999309575,0.0072862555999309575,3.039077211624203,0.12037037037037036
39627815687034137,rvspecfit-main-bright-1.fits,19.789078,5419.0073,2.7329383,-0.73714966,source_holdout,source_holdout_clean,noise_augmented,feh,-1,1.0,-0.7371496558189392,-1.0983129788258426,-0.36116332300690335,0.36116332300690335,4.605140241591535,0.45925925925925926
39627815687033273,rvspecfit-main-bright-1.fits,19.66653,6126.756,3.9193497,-1.9372989,source_holdout,source_holdout_clean,noise_augmented,feh,-1,1.0,-1.9372988939285278,-1.3078495525022342,0.6294493414262936,0.6294493414262936,3.071333248846105,0.12777777777777777
39627815687035169,rvspecfit-main-bright-1.fits,14.371497,3567.6287,4.767287,-0.50000006,source_holdout,source_holdout_clean,noise_augmented,feh,-1,1.0,-0.5000000596046448,-0.18648847118251471,0.31351158842213006,0.31351158842213006,5.312319677476914,0.55
39627815691226341,rvspecfit-main-bright-1.fits,18.741198,6087.9946,4.211149,-1.75,source_holdout,source_holdout_clean,noise_augmented,feh,-1,1.0,-1.75,-1.2316433430016043,0.5183566569983957,0.5183566569983957,3.181472973306126,0.14444444444444443
39627815703806600,rvspecfit-main-bright-1.fits,20.712364,4876.2544,4.7563953,-0.5194689,source_holdout,source_holdout_clean,noise_augmented,feh,-1,1.0,-0.5194689035415649,-0.5046537242489149,0.014815179292650082,0.014815179292650082,5.3831338837062335,0.5611111111111111
39627809655620581,rvspecfit-main-bright-1.fits,11.505546,3406.5725,4.3075128,-0.2512675,source_holdout,source_holdout_clean,noise_augmented,feh,-1,1.0,-0.2512674927711487,-0.047527474254614205,0.20374001851653448,0.20374001851653448,5.717318177366827,0.6018518518518519
39627803615822636,rvspecfit-main-bright-1.fits,27.821482,4130.0557,4.815502,-0.1914478,source_holdout,source_holdout_clean,noise_augmented,feh,-1,1.0,-0.19144779443740845,-0.29987507649916106,-0.10842728206175262,0.10842728206175262,4.950530593374068,0.5092592592592593
39627821731024722,rvspecfit-main-bright-1.fits,26.488497,3848.8965,4.69977,0.18254822,source_holdout,source_holdout_clean,noise_augmented,feh,-1,1.0,0.18254822492599487,-0.35266840767493607,-0.5352166326009309,0.5352166326009309,4.724836587876164,0.4777777777777778
39627821731022359,rvspecfit-main-bright-1.fits,29.06096,4617.5776,4.7657123,-0.7961772,source_holdout,source_holdout_clean,noise_augmented,feh,-1,1.0,-0.7961772084236145,-0.5235733702500971,0.2726038381735174,0.2726038381735174,4.106202271599413,0.36666666666666664
39627809651426096,rvspecfit-main-bright-1.fits,19.828865,3790.3337,4.5242043,-0.5254817,source_holdout,source_holdout_clean,noise_augmented,feh,-1,1.0,-0.5254817008972168,-0.2763148876804373,0.24916681321677947,0.24916681321677947,4.75606093292237,0.48333333333333334
39627809626262382,rvspecfit-main-bright-2.fits,13.217915,5880.711,4.6759195,-1.5200524,source_holdout,source_holdout_clean,noise_augmented,feh,-1,1.0,-1.520052433013916,-1.288932878206174,0.23111955480774204,0.23111955480774204,4.9218839838117825,0.5037037037037037
39627803586465384,rvspecfit-main-bright-2.fits,20.625483,3849.7017,4.606526,-0.9035652,source_holdout,source_holdout_clean,noise_augmented,feh,-1,1.0,-0.9035652279853821,-0.413612039704972,0.48995318828041007,0.48995318828041007,4.998533904938815,0.5203703703703704
39627815666062804,rvspecfit-main-bright-2.fits,11.486521,4470.529,4.175713,-0.5429244,source_holdout,source_holdout_clean,noise_augmented,feh,-1,1.0,-0.5429244041442871,-0.4051884875915324,0.1377359165527547,0.1377359165527547,5.505321125601592,0.5722222222222222
39627803590657079,rvspecfit-main-bright-2.fits,15.38988,3419.8584,4.538442,0.019656142,source_holdout,source_holdout_clean,noise_augmented,feh,-1,1.0,0.019656142219901085,0.01491091975317115,-0.0047452224667299345,0.0047452224667299345,6.18963805855389,0.6444444444444445
39627797550860289,rvspecfit-main-bright-2.fits,39.145744,5549.2188,4.636974,-0.3780223,source_holdout,source_holdout_clean,noise_augmented,feh,-1,1.0,-0.37802231311798096,-0.5070559311301136,-0.12903361801213264,0.12903361801213264,4.331893765648222,0.4148148148148148
39627815674446512,rvspecfit-main-bright-2.fits,13.510458,4757.154,4.668223,-0.7294396,source_holdout,source_holdout_clean,noise_augmented,feh,-1,1.0,-0.7294396162033081,-0.49876053284596855,0.23067908335733955,0.23067908335733955,5.379019539244306,0.5611111111111111
39627821710056081,rvspecfit-main-bright-2.fits,14.372349,5173.5776,4.879602,-0.6280581,source_holdout,source_holdout_clean,noise_augmented,feh,-1,1.0,-0.6280580759048462,-0.49329348207637663,0.13476459382846956,0.13476459382846956,4.783848217400102,0.48333333333333334
39627815670255483,rvspecfit-main-bright-2.fits,18.47636,3264.4692,4.4813795,-0.25,source_holdout,source_holdout_clean,noise_augmented,feh,-1,1.0,-0.25,-0.04460131579132698,0.20539868420867302,0.20539868420867302,5.409861281575124,0.5611111111111111
39627809634652517,rvspecfit-main-bright-2.fits,10.531586,4634.3506,4.654203,-0.66354084,source_holdout,source_holdout_clean,noise_augmented,feh,-1,1.0,-0.6635408401489258,-0.35411355558736246,0.3094272845615633,0.3094272845615633,5.453141353260678,0.5685185185185185
39627815661865775,rvspecfit-main-bright-2.fits,32.139385,5821.82,4.696583,-0.60589206,source_holdout,source_holdout_clean,noise_augmented,feh,-1,1.0,-0.6058920621871948,-0.6084837062191218,-0.0025916440319270206,0.0025916440319270206,2.5349989562004374,0.044444444444444446
39627803594851309,rvspecfit-main-bright-2.fits,16.364233,4039.3142,4.3577476,-0.16311127,source_holdout,source_holdout_clean,noise_augmented,feh,-1,1.0,-0.16311126947402954,-0.3839482556126712,-0.22083698613864167,0.22083698613864167,5.060244408408235,0.5259259259259259
39627809630456059,rvspecfit-main-bright-2.fits,31.716152,5653.161,4.729489,-0.35176328,source_holdout,source_holdout_clean,noise_augmented,feh,-1,1.0,-0.3517632782459259,-0.5457936552728837,-0.1940303770269578,0.1940303770269578,3.734886932902761,0.2814814814814815
39627809622066920,rvspecfit-main-bright-2.fits,29.56552,4055.8792,4.6014476,-0.20316944,source_holdout,source_holdout_clean,noise_augmented,feh,-1,1.0,-0.20316943526268005,-0.24855051820348473,-0.04538108294080467,0.04538108294080467,3.8042520134622526,0.3037037037037037
39627815666059119,rvspecfit-main-bright-2.fits,16.926617,5386.4546,5.173077,-0.6118051,source_holdout,source_holdout_clean,noise_augmented,feh,-1,1.0,-0.6118050813674927,-0.5763327387946965,0.03547234257279619,0.03547234257279619,3.991925419503649,0.34444444444444444
39627815666060895,rvspecfit-main-bright-2.fits,42.472977,5331.264,4.9324512,-0.4723397,source_holdout,source_holdout_clean,noise_augmented,feh,-1,1.0,-0.4723396897315979,-0.4692312289271506,0.0031084608044473216,0.0031084608044473216,3.5068345209732,0.2111111111111111
39627809626262364,rvspecfit-main-bright-2.fits,11.426821,3538.3384,4.7990932,-2.37882e-05,source_holdout,source_holdout_clean,noise_augmented,feh,-1,1.0,-2.378819954174105e-05,-0.06705416745400002,-0.06703037925445827,0.06703037925445827,6.3238923243304885,0.6537037037037037
39627809622069969,rvspecfit-main-bright-2.fits,47.146626,3846.7625,4.662172,-0.13872,source_holdout,source_holdout_clean,noise_augmented,feh,-1,1.0,-0.13872000575065613,-0.15022461401889767,-0.01150460826824154,0.01150460826824154,2.6383382669911515,0.05
39627827749848496,rvspecfit-main-bright-2.fits,27.355183,5399.989,3.321622,-1.398623,source_holdout,source_holdout_clean,noise_augmented,feh,-1,1.0,-1.398622989654541,-0.8213743922074012,0.5772485974471399,0.5772485974471399,3.4723326074964813,0.20555555555555555
39627821705860820,rvspecfit-main-bright-2.fits,34.099068,5847.3438,4.671578,-1.4983106,source_holdout,source_holdout_clean,noise_augmented,feh,-1,1.0,-1.4983105659484863,-1.2474080708573256,0.2509024950911607,0.2509024950911607,3.758315965582902,0.28888888888888886
39627815674449581,rvspecfit-main-bright-2.fits,13.48949,5792.788,4.7165213,-0.5580153,source_holdout,source_holdout_clean,noise_augmented,feh,-1,1.0,-0.5580152869224548,-0.6861796255859854,-0.1281643386635306,0.1281643386635306,4.4094465746721765,0.42407407407407405
39627809630459118,rvspecfit-main-bright-2.fits,13.282083,5475.7256,4.8019958,-0.63902676,source_holdout,source_holdout_clean,noise_augmented,feh,-1,1.0,-0.6390267610549927,-0.603765632387406,0.03526112866758668,0.03526112866758668,3.9142480932471106,0.32037037037037036
39627809630460912,rvspecfit-main-bright-2.fits,12.179368,3699.9932,5.0507874,0.25,source_holdout,source_holdout_clean,noise_augmented,feh,-1,1.0,0.25,-0.18273728178428716,-0.43273728178428716,0.43273728178428716,6.320413989709843,0.65
39627821710055899,rvspecfit-main-bright-2.fits,24.317644,3424.4392,4.995202,-7.4457542e-09,source_holdout,source_holdout_clean,noise_augmented,feh,-1,1.0,-7.445754235391178e-09,-0.037279528820009976,-0.03727952137425574,0.03727952137425574,5.073472908940512,0.5259259259259259
39627821710050224,rvspecfit-main-bright-2.fits,13.783821,5930.1323,3.5,-1.442121,source_holdout,source_holdout_clean,noise_augmented,feh,-1,1.0,-1.4421210289001465,-1.3510028006831802,0.09111822821696625,0.09111822821696625,3.8348950883365847,0.31296296296296294
39627815670256958,rvspecfit-main-bright-2.fits,33.17341,3539.3472,4.3192625,-0.24999994,source_holdout,source_holdout_clean,noise_augmented,feh,-1,1.0,-0.24999994039535522,-0.23487380514602954,0.015126135249325684,0.015126135249325684,3.9469088087328705,0.3314814814814815
39627815666064691,rvspecfit-main-bright-2.fits,21.107985,4884.057,4.824358,-0.6790433,source_holdout,source_holdout_clean,noise_augmented,feh,-1,1.0,-0.6790432929992676,-0.45019989444175734,0.22884339855751024,0.22884339855751024,4.277275992013337,0.40185185185185185
39627809622066858,rvspecfit-main-bright-2.fits,11.638368,3941.9397,4.5613294,-0.20976058,source_holdout,source_holdout_clean,noise_augmented,feh,-1,1.0,-0.20976057648658752,-0.3692400448946651,-0.15947946840807758,0.15947946840807758,4.943129344764473,0.5074074074074074
39627821714247491,rvspecfit-main-bright-2.fits,10.511821,6099.9995,3.7331715,-1.5,source_holdout,source_holdout_clean,noise_augmented,feh,-1,1.0,-1.5,-1.4336900729089967,0.06630992709100325,0.06630992709100325,4.4140190435424715,0.42592592592592593
39627827749852365,rvspecfit-main-bright-3.fits,22.367079,6430.866,4.4665184,-2.1353698,source_holdout,source_holdout_clean,noise_augmented,feh,-1,1.0,-2.1353697776794434,-1.5746953527281684,0.560674424951275,0.560674424951275,3.1500688545172926,0.14074074074074075
39627827749853791,rvspecfit-main-bright-3.fits,31.061192,5937.0537,4.671657,-0.5924776,source_holdout,source_holdout_clean,noise_augmented,feh,-1,1.0,-0.5924776196479797,-0.6488945743174601,-0.05641695466948038,0.05641695466948038,3.5858538547643968,0.23333333333333334
39627839842027235,rvspecfit-main-bright-3.fits,10.413524,4255.7646,3.7712116,-0.29332766,source_holdout,source_holdout_clean,noise_augmented,feh,-1,1.0,-0.293327659368515,-0.4094164327837062,-0.1160887734151912,0.1160887734151912,4.877508675752165,0.4981481481481482
39627833802231888,rvspecfit-main-bright-3.fits,13.302268,5252.27,5.0464845,-0.5512155,source_holdout,source_holdout_clean,noise_augmented,feh,-1,1.0,-0.5512155294418335,-0.45298255228934214,0.09823297715249135,0.09823297715249135,3.9351289077891054,0.3277777777777778
39627827762432886,rvspecfit-main-bright-3.fits,25.138403,3610.7712,4.5477123,-0.25,source_holdout,source_holdout_clean,noise_augmented,feh,-1,1.0,-0.25,-0.3474684889587294,-0.0974684889587294,0.0974684889587294,4.6562480864762845,0.4685185185185185
39627827762430597,rvspecfit-main-bright-3.fits,26.81591,4245.767,4.2682157,-0.53313196,source_holdout,source_holdout_clean,noise_augmented,feh,-1,1.0,-0.5331319570541382,-0.37640715868773306,0.15672479836640513,0.15672479836640513,3.351998481320648,0.18518518518518517
39627827762430329,rvspecfit-main-bright-3.fits,11.366318,3667.8442,4.317511,0.022638885,source_holdout,source_holdout_clean,noise_augmented,feh,-1,1.0,0.02263888530433178,-0.24289403747813865,-0.2655329227824704,0.2655329227824704,5.553997318932353,0.5814814814814815
39627827758241593,rvspecfit-main-bright-3.fits,48.443775,6033.9634,4.1164794,-0.7366164,source_holdout,source_holdout_clean,noise_augmented,feh,-1,1.0,-0.7366163730621338,-0.7356964846352736,0.0009198884268601937,0.0009198884268601937,2.5300470842892286,0.04259259259259259
39627833798038838,rvspecfit-main-bright-3.fits,26.6465,5300.0,2.4999988,-0.9075346,source_holdout,source_holdout_clean,noise_augmented,feh,-1,1.0,-0.9075345993041992,-1.3580037492414316,-0.4504691499372324,0.4504691499372324,3.7259176276653068,0.2777777777777778
39627833798040743,rvspecfit-main-bright-3.fits,10.8702755,5787.8257,3.6668594,-1.0666147,source_holdout,source_holdout_clean,noise_augmented,feh,-1,1.0,-1.0666147470474243,-0.9067052095582088,0.15990953748921555,0.15990953748921555,4.318917358275433,0.412962962962963
39627833798038375,rvspecfit-main-bright-3.fits,42.17771,3810.08,4.6831303,-0.09721547,source_holdout,source_holdout_clean,noise_augmented,feh,-1,1.0,-0.09721547365188599,-0.25509886243213864,-0.15788338878025265,0.15788338878025265,2.744431069260098,0.06111111111111111
39627827758238307,rvspecfit-main-bright-3.fits,30.130543,5209.673,4.9502754,-0.20569585,source_holdout,source_holdout_clean,noise_augmented,feh,-1,1.0,-0.20569585263729095,-0.3302230816398128,-0.12452722900252183,0.12452722900252183,3.5098658974196715,0.21481481481481482
39627833798034904,rvspecfit-main-bright-3.fits,19.791807,6200.0005,4.559546,-0.6082555,source_holdout,source_holdout_clean,noise_augmented,feh,-1,1.0,-0.6082555055618286,-0.768696582240363,-0.16044107667853436,0.16044107667853436,3.140989305865477,0.1388888888888889
39627827758237818,rvspecfit-main-bright-3.fits,11.096011,3955.887,4.5,-0.6056033,source_holdout,source_holdout_clean,noise_augmented,feh,-1,1.0,-0.6056032776832581,-0.37902128603939,0.22658199164386805,0.22658199164386805,4.0725601457616,0.35
39627833798034580,rvspecfit-main-bright-3.fits,39.440643,4909.12,4.7919583,0.024622975,source_holdout,source_holdout_clean,noise_augmented,feh,-1,1.0,0.024622974917292595,-0.3226421960543261,-0.3472651709716187,0.3472651709716187,3.2599275165620907,0.15555555555555556
39627833802234127,rvspecfit-main-bright-3.fits,10.664411,5699.997,4.158952,-0.5555121,source_holdout,source_holdout_clean,noise_augmented,feh,-1,1.0,-0.5555120706558228,-0.6639708313321073,-0.10845876067628457,0.10845876067628457,4.645952921467264,0.4685185185185185
39627827754048392,rvspecfit-main-bright-3.fits,13.101346,5350.0044,4.7735944,-1.0826184,source_holdout,source_holdout_clean,noise_augmented,feh,-1,1.0,-1.0826183557510376,-1.2321448573395606,-0.149526501588523,0.149526501588523,4.539885087103994,0.45185185185185184
39627827754047440,rvspecfit-main-bright-3.fits,40.260468,4438.1562,4.791903,-0.640746,source_holdout,source_holdout_clean,noise_augmented,feh,-1,1.0,-0.640745997428894,-0.37642581144499565,0.2643201859838984,0.2643201859838984,3.7647355655506036,0.29259259259259257
39627827766625207,rvspecfit-main-bright-3.fits,16.246984,3727.752,4.7399964,0.13954104,source_holdout,source_holdout_clean,noise_augmented,feh,-1,1.0,0.13954104483127594,-0.13811573698729812,-0.27765678181857406,0.27765678181857406,4.914234047322443,0.5018518518518519
39627827766626467,rvspecfit-main-bright-3.fits,17.387497,5343.958,2.4479477,-0.96625304,source_holdout,source_holdout_clean,noise_augmented,feh,-1,1.0,-0.9662530422210693,-1.041117050599928,-0.07486400837885876,0.07486400837885876,4.504504173206765,0.44814814814814813
39627815682839146,rvspecfit-main-bright-3.fits,19.975475,3384.267,4.5823526,-0.23283087,source_holdout,source_holdout_clean,noise_augmented,feh,-1,1.0,-0.23283086717128754,-0.040460518144680664,0.19237034902660688,0.19237034902660688,4.757634283866141,0.48333333333333334
39627839842029210,rvspecfit-main-bright-3.fits,10.851574,4815.2705,5.1668177,-0.5689885,source_holdout,source_holdout_clean,noise_augmented,feh,-1,1.0,-0.5689885020256042,-0.4690644402937032,0.09992406173190105,0.09992406173190105,5.534233964538277,0.5777777777777777
39627839837831502,rvspecfit-main-bright-3.fits,40.051716,5828.34,4.2675347,-0.6027683,source_holdout,source_holdout_clean,noise_augmented,feh,-1,1.0,-0.6027683019638062,-0.6171147035267204,-0.014346401562914224,0.014346401562914224,3.5044312090164076,0.2111111111111111
39627827758239157,rvspecfit-main-bright-3.fits,21.127378,6272.8467,4.5,-2.8560874,source_holdout,source_holdout_clean,noise_augmented,feh,-1,1.0,-2.8560874462127686,-1.3715297146389875,1.484557731573781,1.484557731573781,2.5978420948980294,0.04814814814814815
39627827758240753,rvspecfit-main-bright-3.fits,33.37967,4342.7646,4.34546,0.07007618,source_holdout,source_holdout_clean,noise_augmented,feh,-1,1.0,0.07007618248462677,-0.3434584534857422,-0.413534635970369,0.413534635970369,4.273793225290291,0.40185185185185185
39627827770821661,rvspecfit-main-bright-3.fits,12.498432,3628.0664,4.5405626,-0.19909191,source_holdout,source_holdout_clean,noise_augmented,feh,-1,1.0,-0.19909191131591797,-0.26424081111855713,-0.06514889980263916,0.06514889980263916,4.67923099753554,0.4703703703703704
39627821722640625,rvspecfit-main-bright-3.fits,20.32441,5134.727,4.907078,-1.1418545,source_holdout,source_holdout_clean,noise_augmented,feh,-1,1.0,-1.1418545246124268,-0.5469621505311999,0.5948923740812269,0.5948923740812269,3.3594653141004867,0.18518518518518517
39627827766625370,rvspecfit-main-bright-3.fits,11.565127,4781.942,4.418274,-0.30361015,source_holdout,source_holdout_clean,noise_augmented,feh,-1,1.0,-0.3036101460456848,-0.3856333494323722,-0.0820232033866874,0.0820232033866874,4.645423377796395,0.4666666666666667
39627821718438925,rvspecfit-main-bright-3.fits,39.363716,4162.4067,4.568495,-0.09737198,source_holdout,source_holdout_clean,noise_augmented,feh,-1,1.0,-0.09737198054790497,-0.3066868301772487,-0.2093148496293437,0.2093148496293437,4.502753418421632,0.44814814814814813
39627821743606854,rvspecfit-main-bright-4.fits,14.38144,4920.265,4.6967487,-0.44084737,source_holdout,source_holdout_clean,noise_augmented,feh,-1,1.0,-0.44084736704826355,-0.4926534952266763,-0.051806128178412736,0.051806128178412736,3.8446103025467684,0.31296296296296294
39627815703806550,rvspecfit-main-bright-4.fits,35.24997,6514.052,4.4088807,-0.6617047,source_holdout,source_holdout_clean,noise_augmented,feh,-1,1.0,-0.6617047190666199,-1.0741096690942842,-0.4124049500276643,0.4124049500276643,2.615925071644126,0.05
39627821751993331,rvspecfit-main-bright-4.fits,10.845219,3805.717,4.6760206,-0.45505092,source_holdout,source_holdout_clean,noise_augmented,feh,-1,1.0,-0.45505091547966003,-0.2855796573052891,0.16947125817437092,0.16947125817437092,4.649371232960812,0.4685185185185185
39627821739413661,rvspecfit-main-bright-4.fits,49.14275,5999.9966,4.18848,-0.7178064,source_holdout,source_holdout_clean,noise_augmented,feh,-1,1.0,-0.7178063988685608,-0.7389398006647824,-0.021133401796221585,0.021133401796221585,2.5952325056251855,0.04814814814814815
39627827783403836,rvspecfit-main-bright-4.fits,41.574112,4940.296,4.8818107,-0.47206432,source_holdout,source_holdout_clean,noise_augmented,feh,-1,1.0,-0.4720643162727356,-0.43831584349942093,0.033748472773314664,0.033748472773314664,2.833470288932559,0.08148148148148149
39627833827393781,rvspecfit-main-bright-4.fits,13.174223,6420.133,4.8545375,-1.9718909,source_holdout,source_holdout_clean,noise_augmented,feh,-1,1.0,-1.971890926361084,-1.4178039534265798,0.5540869729345042,0.5540869729345042,3.4287929408782776,0.2
39627827775016893,rvspecfit-main-bright-4.fits,23.18716,3854.7473,4.555817,-0.0035949063,source_holdout,source_holdout_clean,noise_augmented,feh,-1,1.0,-0.0035949063021689653,-0.2691755270492674,-0.26558062074709843,0.26558062074709843,3.954367250745914,0.3314814814814815
39627827775014949,rvspecfit-main-bright-4.fits,29.762403,5213.836,4.819805,-0.3014833,source_holdout,source_holdout_clean,noise_augmented,feh,-1,1.0,-0.30148330330848694,-0.45502232037282875,-0.1535390170643418,0.1535390170643418,3.2676071192199028,0.16296296296296298
39627845923770802,rvspecfit-main-bright-5.fits,58.199036,4515.423,4.7505956,-0.5339174,source_holdout,source_holdout_clean,noise_augmented,feh,-1,1.0,-0.5339174270629883,-0.4005667798885455,0.13335064717444278,0.13335064717444278,2.309144473021415,0.020370370370370372
39627839879777323,rvspecfit-main-bright-5.fits,20.717304,3352.7651,4.658394,-8.4417335e-09,source_holdout,source_holdout_clean,noise_augmented,feh,-1,1.0,-8.441733534425566e-09,0.03245230988848724,0.032452318330220775,0.032452318330220775,6.47830575206705,0.6666666666666666
39627839879777921,rvspecfit-main-bright-5.fits,29.910242,6117.2104,3.8356934,-1.6474502,source_holdout,source_holdout_clean,noise_augmented,feh,-1,1.0,-1.6474502086639404,-1.3905780095830556,0.2568721990808849,0.2568721990808849,2.6975712846338555,0.05185185185185185
39627833839977290,rvspecfit-main-bright-5.fits,38.22706,5169.7407,4.783004,-1.1261021,source_holdout,source_holdout_clean,noise_augmented,feh,-1,1.0,-1.126102089881897,-0.6585357072055341,0.46756638267636286,0.46756638267636286,2.5693250919424275,0.046296296296296294
39627839879776070,rvspecfit-main-bright-5.fits,21.219952,4032.2673,4.5472283,-0.47774446,source_holdout,source_holdout_clean,noise_augmented,feh,-1,1.0,-0.477744460105896,-0.3417364140282179,0.13600804607767808,0.13600804607767808,5.371619703405362,0.5611111111111111
39627845919572275,rvspecfit-main-bright-5.fits,42.21428,5829.848,4.7958584,-0.70737684,source_holdout,source_holdout_clean,noise_augmented,feh,-1,1.0,-0.7073768377304077,-0.5869786374544105,0.12039820027599724,0.12039820027599724,1.8888052492428933,0.0
39627851959371754,rvspecfit-main-bright-5.fits,35.04647,3805.0925,4.542691,-0.24058925,source_holdout,source_holdout_clean,noise_augmented,feh,-1,1.0,-0.24058924615383148,-0.30997711907559333,-0.06938787292176185,0.06938787292176185,2.651662324532724,0.05
39627845911188213,rvspecfit-main-bright-5.fits,12.291788,4816.813,4.759955,-0.4154822,source_holdout,source_holdout_clean,noise_augmented,feh,-1,1.0,-0.41548219323158264,-0.4329638697725409,-0.01748167654095828,0.01748167654095828,4.340152517463983,0.4166666666666667
39627851950985990,rvspecfit-main-bright-5.fits,27.416634,3358.4602,4.043012,-0.45926487,source_holdout,source_holdout_clean,noise_augmented,feh,-1,1.0,-0.459264874458313,-0.2434840628689323,0.2157808115893807,0.2157808115893807,3.5235126591760912,0.21666666666666667
39627851950983368,rvspecfit-main-bright-5.fits,35.353436,5063.388,5.0673513,-0.53643554,source_holdout,source_holdout_clean,noise_augmented,feh,-1,1.0,-0.5364355444908142,-0.4832520407936533,0.053183503697160905,0.053183503697160905,2.4305550140200265,0.03518518518518519
39627851950984098,rvspecfit-main-bright-5.fits,21.118452,5144.1636,2.4571316,-0.7537611,source_holdout,source_holdout_clean,noise_augmented,feh,-1,1.0,-0.7537611126899719,-1.0704395128712059,-0.31667840018123394,0.31667840018123394,3.723384734603984,0.2777777777777778
39627851955178631,rvspecfit-main-bright-5.fits,66.58304,5432.3857,4.7988577,0.070537545,source_holdout,source_holdout_clean,noise_augmented,feh,-1,1.0,0.07053754478693008,-0.45650028359889994,-0.52703782838583,0.52703782838583,2.426314350042791,0.03518518518518519
39627839875582733,rvspecfit-main-bright-5.fits,15.089906,3493.4248,4.851405,-2.0092371e-05,source_holdout,source_holdout_clean,noise_augmented,feh,-1,1.0,-2.009237141464837e-05,-0.10202514808954892,-0.10200505571813427,0.10200505571813427,4.922013268989264,0.5037037037037037
39627851950984488,rvspecfit-main-bright-5.fits,26.844744,5348.9736,5.0259514,-0.5760964,source_holdout,source_holdout_clean,noise_augmented,feh,-1,1.0,-0.5760964155197144,-0.4932241663653405,0.08287224915437386,0.08287224915437386,2.56210180144173,0.046296296296296294
39627845919574013,rvspecfit-main-bright-5.fits,20.59049,3939.1213,4.8171353,-0.11920797,source_holdout,source_holdout_clean,noise_augmented,feh,-1,1.0,-0.1192079707980156,-0.2115295907431136,-0.092321619945098,0.092321619945098,3.5804667533062133,0.23333333333333334
39627851950984360,rvspecfit-main-bright-5.fits,11.34787,5878.607,4.6368484,-1.75,source_holdout,source_holdout_clean,noise_augmented,feh,-1,1.0,-1.75,-1.3278432700696083,0.42215672993039166,0.42215672993039166,5.290343807601733,0.55
39627845911186372,rvspecfit-main-bright-5.fits,41.981564,3941.9863,4.7310076,-0.3669035,source_holdout,source_holdout_clean,noise_augmented,feh,-1,1.0,-0.36690351366996765,-0.30979745023524935,0.0571060634347183,0.0571060634347183,5.02909128828289,0.524074074074074
39627839871386558,rvspecfit-main-bright-5.fits,28.686684,4805.0225,4.729151,-0.044067696,source_holdout,source_holdout_clean,noise_augmented,feh,-1,1.0,-0.04406769573688507,-0.4262369660640446,-0.3821692703271595,0.3821692703271595,5.143274742104825,0.5351851851851852
39627833839976693,rvspecfit-main-bright-5.fits,12.101598,4565.834,4.9270644,-0.6339082,source_holdout,source_holdout_clean,noise_augmented,feh,-1,1.0,-0.633908212184906,-0.45083215534208615,0.18307605684281986,0.18307605684281986,6.037558603083212,0.6277777777777778
39627839883969908,rvspecfit-main-bright-5.fits,20.937347,3788.294,4.6444893,-0.380443,source_holdout,source_holdout_clean,noise_augmented,feh,-1,1.0,-0.3804430067539215,-0.22855129997190304,0.15189170678201847,0.15189170678201847,3.075239920790498,0.12777777777777777
39627839883968927,rvspecfit-main-bright-5.fits,35.266613,5325.624,4.885683,-0.19398142,source_holdout,source_holdout_clean,noise_augmented,feh,-1,1.0,-0.19398142397403717,-0.45555233762832353,-0.26157091365428636,0.26157091365428636,2.334476162279502,0.020370370370370372
39627839879778503,rvspecfit-main-bright-5.fits,18.156084,3967.0608,4.3934913,-0.2819738,source_holdout,source_holdout_clean,noise_augmented,feh,-1,1.0,-0.28197380900382996,-0.27500587780382,0.006967931200009936,0.006967931200009936,2.7357149741633524,0.06111111111111111
39627839883970590,rvspecfit-main-bright-5.fits,27.931559,5675.8076,4.6245646,-0.5384411,source_holdout,source_holdout_clean,noise_augmented,feh,-1,1.0,-0.5384411215782166,-0.598045821039627,-0.05960469946141045,0.05960469946141045,2.001024547209679,0.003703703703703704
39627845923770018,rvspecfit-main-bright-5.fits,11.664027,5860.6504,4.622532,-0.6391969,source_holdout,source_holdout_clean,noise_augmented,feh,-1,1.0,-0.6391968727111816,-0.6435072232075035,-0.004310350496321891,0.004310350496321891,3.7822413717899446,0.2962962962962963
39627851959372671,rvspecfit-main-bright-5.fits,28.040663,4641.6367,4.730126,-0.22783598,source_holdout,source_holdout_clean,noise_augmented,feh,-1,1.0,-0.2278359830379486,-0.3114961132630706,-0.08366013022512198,0.08366013022512198,3.330337564732198,0.1814814814814815
39627839846224263,rvspecfit-main-bright-6.fits,37.68445,3973.9297,4.474684,-0.21151248,source_holdout,source_holdout_clean,noise_augmented,feh,-1,1.0,-0.2115124762058258,-0.3045514025857885,-0.0930389263799627,0.0930389263799627,3.7810180501641715,0.2962962962962963
39627827770824341,rvspecfit-main-bright-6.fits,39.11204,5971.67,4.228228,-0.75,source_holdout,source_holdout_clean,noise_augmented,feh,-1,1.0,-0.75,-1.0837713607127464,-0.3337713607127464,0.3337713607127464,3.2807488802871045,0.1648148148148148
39627833810622162,rvspecfit-main-bright-6.fits,14.81044,5158.257,4.8984466,-0.32266006,source_holdout,source_holdout_clean,noise_augmented,feh,-1,1.0,-0.32266005873680115,-0.454462708801031,-0.13180265006422986,0.13180265006422986,4.235153880397637,0.3925925925925926
39627839842030804,rvspecfit-main-bright-6.fits,14.139059,3973.0508,4.4075265,-0.52608746,source_holdout,source_holdout_clean,noise_augmented,feh,-1,1.0,-0.5260874629020691,-0.3433432563372279,0.1827442065648412,0.1827442065648412,4.266557167345384,0.39814814814814814
39627845890213849,rvspecfit-main-bright-6.fits,29.227415,5672.576,4.8962326,-0.5424338,source_holdout,source_holdout_clean,noise_augmented,feh,-1,1.0,-0.5424337983131409,-0.39125787943573237,0.1511759188774085,0.1511759188774085,3.6109173296830814,0.24074074074074073
39627845890216372,rvspecfit-main-bright-6.fits,16.12363,3854.019,4.7166104,-0.6180201,source_holdout,source_holdout_clean,noise_augmented,feh,-1,1.0,-0.6180201172828674,-0.3149254847013556,0.3030946325815118,0.3030946325815118,4.655584444387981,0.4685185185185185
39627857990784360,rvspecfit-main-bright-7.fits,70.7617,6118.4404,4.3919115,-0.75,source_holdout,source_holdout_clean,noise_augmented,feh,-1,1.0,-0.75,-0.7647249048165983,-0.014724904816598272,0.014724904816598272,1.8413353711208817,0.0
39627851950986065,rvspecfit-main-bright-7.fits,52.087753,6169.199,3.8958325,-0.9864679,source_holdout,source_holdout_clean,noise_augmented,feh,-1,1.0,-0.9864678978919983,-1.0596261795746778,-0.07315828168267946,0.07315828168267946,2.165033459748623,0.009259259259259259
39627851950984641,rvspecfit-main-bright-7.fits,48.987057,4473.0527,4.6994743,-0.27750236,source_holdout,source_holdout_clean,noise_augmented,feh,-1,1.0,-0.2775023579597473,-0.355487993566425,-0.0779856356066777,0.0779856356066777,2.767277507067113,0.06666666666666667
39627839816860543,rvspecfit-main-bright-8.fits,32.721638,4987.3354,4.8711786,-0.64991444,source_holdout,source_holdout_clean,noise_augmented,feh,-1,1.0,-0.6499144434928894,-0.5630853660016628,0.08682907749122659,0.08682907749122659,4.111473787555762,0.36666666666666664
39627839812672584,rvspecfit-main-bright-8.fits,17.458675,5673.2114,4.6356673,-0.62852657,source_holdout,source_holdout_clean,noise_augmented,feh,-1,1.0,-0.6285265684127808,-0.6180993283912541,0.010427240021526618,0.010427240021526618,3.353744152854158,0.18518518518518517
39627839812670699,rvspecfit-main-bright-8.fits,38.237263,5925.2104,4.751291,-0.46446776,source_holdout,source_holdout_clean,noise_augmented,feh,-1,1.0,-0.46446776390075684,-0.5410771013110254,-0.07660933741026854,0.07660933741026854,2.699160239392119,0.053703703703703705
39627827733070736,rvspecfit-main-bright-8.fits,18.087793,3788.903,4.9236155,0.25,source_holdout,source_holdout_clean,noise_augmented,feh,-1,1.0,0.25,-0.11338452199536354,-0.36338452199536353,0.36338452199536353,4.778452243092625,0.48333333333333334
39627821693276035,rvspecfit-main-bright-8.fits,32.762997,5969.2407,4.279692,-0.7958698,source_holdout,source_holdout_clean,noise_augmented,feh,-1,1.0,-0.7958698272705078,-0.9187114616880815,-0.12284163441757368,0.12284163441757368,2.204636365615881,0.014814814814814815
39627833777065558,rvspecfit-main-bright-8.fits,12.767948,3951.9734,4.758648,0.04707949,source_holdout,source_holdout_clean,noise_augmented,feh,-1,1.0,0.04707948863506317,-0.3312495595784516,-0.37832904821351476,0.37832904821351476,6.1081148301659365,0.6370370370370371
39627827741465882,rvspecfit-main-bright-8.fits,23.349905,4561.071,4.6857567,-0.70336413,source_holdout,source_holdout_clean,noise_augmented,feh,-1,1.0,-0.7033641338348389,-0.46606833809077536,0.2372957957440635,0.2372957957440635,3.7562772771406316,0.28888888888888886
39627839812670659,rvspecfit-main-bright-8.fits,67.747925,5466.345,4.792107,-0.09665485,source_holdout,source_holdout_clean,noise_augmented,feh,-1,1.0,-0.09665484726428986,-0.5352696569561958,-0.4386148096919059,0.4386148096919059,2.611151986924961,0.04814814814814815
39627833772873072,rvspecfit-main-bright-8.fits,11.543327,3344.0674,4.9933977,-6.7715398e-09,source_holdout,source_holdout_clean,noise_augmented,feh,-1,1.0,-6.771539773353652e-09,0.04423188561178286,0.04423189238332263,0.04423189238332263,6.257242410516012,0.6481481481481481
39627839812669975,rvspecfit-main-bright-8.fits,29.673326,5147.977,2.2214344,-0.6992384,source_holdout,source_holdout_clean,noise_augmented,feh,-1,1.0,-0.6992384195327759,-1.1076566449155416,-0.40841822538276573,0.40841822538276573,4.463519898607786,0.4351851851851852
39627839812672807,rvspecfit-main-bright-8.fits,10.229689,3960.4915,4.523227,-0.5141485,source_holdout,source_holdout_clean,noise_augmented,feh,-1,1.0,-0.514148473739624,-0.3878095363259588,0.1263389374136652,0.1263389374136652,7.014593820515111,0.7092592592592593
39627839812669309,rvspecfit-main-bright-8.fits,10.041917,5112.64,2.5311203,-0.9058126,source_holdout,source_holdout_clean,noise_augmented,feh,-1,1.0,-0.9058126211166382,-1.306009587630629,-0.40019696651399084,0.40019696651399084,5.535266987979527,0.5777777777777777
39627833781261616,rvspecfit-main-bright-8.fits,15.462614,5079.574,4.865364,-1.25,source_holdout,source_holdout_clean,noise_augmented,feh,-1,1.0,-1.25,-1.4886722791840632,-0.2386722791840632,0.2386722791840632,4.711833694493071,0.4740740740740741
39627833781257342,rvspecfit-main-bright-8.fits,17.523178,6078.532,4.3207583,-2.889843,source_holdout,source_holdout_clean,noise_augmented,feh,-1,1.0,-2.889842987060547,-1.276517316189905,1.6133256708706418,1.6133256708706418,2.7545400652012844,0.06296296296296296
39627839816859844,rvspecfit-main-bright-8.fits,12.712848,3319.7056,4.7985024,-2.5167144e-09,source_holdout,source_holdout_clean,noise_augmented,feh,-1,1.0,-2.5167143924420543e-09,-0.017966216694184075,-0.017966214177469682,0.017966214177469682,5.872375452375968,0.6074074074074074
39627839812672733,rvspecfit-main-bright-8.fits,11.827734,6059.0156,3.7518787,-1.4329317,source_holdout,source_holdout_clean,noise_augmented,feh,-1,1.0,-1.432931661605835,-1.3175012661690513,0.11543039543678368,0.11543039543678368,4.113732157213041,0.36666666666666664
39627821697469375,rvspecfit-main-bright-8.fits,16.405333,3851.9175,4.4098344,-0.5288464,source_holdout,source_holdout_clean,noise_augmented,feh,-1,1.0,-0.5288463830947876,-0.32790834267265806,0.20093804042212954,0.20093804042212954,4.285244431016248,0.40555555555555556
39627833785450581,rvspecfit-main-bright-8.fits,10.057168,4114.629,4.4509463,-0.55450344,source_holdout,source_holdout_clean,noise_augmented,feh,-1,1.0,-0.5545034408569336,-0.3074288615920219,0.24707457926491172,0.24707457926491172,5.459619104790215,0.5685185185185185
39627827745656776,rvspecfit-main-bright-8.fits,10.449086,4146.233,4.3544865,-0.6406455,source_holdout,source_holdout_clean,noise_augmented,feh,-1,1.0,-0.6406455039978027,-0.4885729340292832,0.15207256996851953,0.15207256996851953,4.644274235184281,0.4666666666666667
39627827741465156,rvspecfit-main-bright-8.fits,15.143387,4925.3823,4.671121,-0.60524035,source_holdout,source_holdout_clean,noise_augmented,feh,-1,1.0,-0.6052403450012207,-0.4194280451769008,0.1858122998243199,0.1858122998243199,3.705813079188248,0.2759259259259259
39627827733077165,rvspecfit-main-bright-8.fits,13.501539,5799.9956,3.949236,-1.9999129,source_holdout,source_holdout_clean,noise_augmented,feh,-1,1.0,-1.9999128580093384,-1.32352144549042,0.6763914125189183,0.6763914125189183,3.379515294537183,0.1925925925925926
39627827733070202,rvspecfit-main-bright-8.fits,22.563013,5515.5884,4.840002,-0.5918392,source_holdout,source_holdout_clean,noise_augmented,feh,-1,1.0,-0.5918391942977905,-0.4985161430394898,0.0933230512583007,0.0933230512583007,2.715290057327702,0.05740740740740741
39627821697472553,rvspecfit-main-bright-8.fits,21.351917,6462.012,4.279024,-2.8977134,source_holdout,source_holdout_clean,noise_augmented,feh,-1,1.0,-2.8977134227752686,-1.3586251652166235,1.539088257558645,1.539088257558645,2.4280221193230176,0.03518518518518519
39627857948838840,rvspecfit-main-bright-9.fits,47.78757,5887.5474,3.5600655,-1.83259,source_holdout,source_holdout_clean,noise_augmented,feh,-1,1.0,-1.8325899839401245,-1.1622061298439903,0.6703838540961342,0.6703838540961342,1.6795865998498662,0.0
39627851909044289,rvspecfit-main-bright-9.fits,28.965052,5779.702,4.6419196,-0.9400689,source_holdout,source_holdout_clean,noise_augmented,feh,-1,1.0,-0.9400689005851746,-0.6160222740179547,0.32404662656721983,0.32404662656721983,2.43014075225124,0.03518518518518519
39627851909041816,rvspecfit-main-bright-9.fits,37.74704,5649.3677,4.585278,-0.36139774,source_holdout,source_holdout_clean,noise_augmented,feh,-1,1.0,-0.36139774322509766,-0.5316948790008511,-0.17029713577575345,0.17029713577575345,2.278785865141634,0.020370370370370372
39627827749850242,rvspecfit-main-bright-9.fits,13.389119,4829.231,4.831749,-0.58654714,source_holdout,source_holdout_clean,noise_augmented,feh,-1,1.0,-0.5865471363067627,-0.4876606392983036,0.09888649700845908,0.09888649700845908,5.510079378049469,0.5722222222222222
39627845860854223,rvspecfit-main-bright-9.fits,21.683558,5312.3267,4.749075,-0.7059915,source_holdout,source_holdout_clean,noise_augmented,feh,-1,1.0,-0.7059915065765381,-0.7328484153555082,-0.026856908778970068,0.026856908778970068,3.5500493739111483,0.22777777777777777
39627839816865025,rvspecfit-main-bright-9.fits,14.405075,4559.9023,4.6895595,-0.6846649,source_holdout,source_holdout_clean,noise_augmented,feh,-1,1.0,-0.6846649050712585,-0.41312270353517194,0.2715422015360866,0.2715422015360866,3.7487050653387888,0.28888888888888886
39627839825248751,rvspecfit-main-bright-9.fits,16.708359,5623.7134,3.8698251,-0.6395888,source_holdout,source_holdout_clean,noise_augmented,feh,-1,1.0,-0.6395887732505798,-0.6341651933947577,0.005423579855822092,0.005423579855822092,3.2292186343808296,0.15185185185185185
39627845865047209,rvspecfit-main-bright-9.fits,17.137741,5721.9053,5.087989,-0.47012925,source_holdout,source_holdout_clean,noise_augmented,feh,-1,1.0,-0.47012925148010254,-0.5509879046666125,-0.08085865318650998,0.08085865318650998,3.3580304653598616,0.18518518518518517
39627839821054819,rvspecfit-main-bright-9.fits,18.219913,5742.3164,4.830802,-1.4137065,source_holdout,source_holdout_clean,noise_augmented,feh,-1,1.0,-1.4137065410614014,-1.4550835817779104,-0.04137704071650905,0.04137704071650905,3.849161367916644,0.31296296296296294
39627839825255430,rvspecfit-main-bright-9.fits,35.821304,3585.594,5.0,0.25,source_holdout,source_holdout_clean,noise_augmented,feh,-1,1.0,0.25,-0.04949230388168866,-0.2994923038816887,0.2994923038816887,3.153984939395299,0.1425925925925926
39627845865048506,rvspecfit-main-bright-9.fits,13.513905,3639.334,4.6771107,-0.49999994,source_holdout,source_holdout_clean,noise_augmented,feh,-1,1.0,-0.4999999403953552,-0.16821453784806195,0.3317854025472933,0.3317854025472933,4.081795580609974,0.3537037037037037
39627845860853149,rvspecfit-main-bright-9.fits,29.972689,5548.4204,4.7709064,-0.5177367,source_holdout,source_holdout_clean,noise_augmented,feh,-1,1.0,-0.5177366733551025,-0.5379646730314319,-0.020227999676329378,0.020227999676329378,2.368904912911049,0.022222222222222223
39627833785457292,rvspecfit-main-bright-9.fits,23.886591,5238.164,5.034228,-0.68437576,source_holdout,source_holdout_clean,noise_augmented,feh,-1,1.0,-0.6843757629394531,-0.4744555033344463,0.20992025960500682,0.20992025960500682,3.3894047016169964,0.19444444444444445
39627851909043665,rvspecfit-main-bright-9.fits,15.489862,5427.4233,4.863215,-0.6448708,source_holdout,source_holdout_clean,noise_augmented,feh,-1,1.0,-0.6448708176612854,-0.5870608085120719,0.057810009149213526,0.057810009149213526,2.7973688672431325,0.07222222222222222
39627851909044675,rvspecfit-main-bright-9.fits,20.760723,3639.1091,5.025338,0.0017295798,source_holdout,source_holdout_clean,noise_augmented,feh,-1,1.0,0.0017295797588303685,-0.00803946737126363,-0.009769047130094,0.009769047130094,4.4770026607876865,0.4351851851851852
39627851909044612,rvspecfit-main-bright-9.fits,31.152905,4570.983,4.6626415,-0.29414445,source_holdout,source_holdout_clean,noise_augmented,feh,-1,1.0,-0.2941444516181946,-0.3023788245349962,-0.008234372916801624,0.008234372916801624,2.624505245422239,0.05
39627851909043394,rvspecfit-main-bright-9.fits,12.160615,3944.3706,4.8714595,0.055278786,source_holdout,source_holdout_clean,noise_augmented,feh,-1,1.0,0.05527878552675247,-0.24991258698684204,-0.3051913725135945,0.3051913725135945,4.1898729273350925,0.38333333333333336
39627833793840290,rvspecfit-main-bright-9.fits,15.472251,3983.3274,4.6827335,-0.49333048,source_holdout,source_holdout_clean,noise_augmented,feh,-1,1.0,-0.4933304786682129,-0.3601273617626998,0.13320311690551306,0.13320311690551306,4.077893127513975,0.35
39627845873440153,rvspecfit-main-bright-9.fits,22.347937,5166.9233,4.778177,-0.61190706,source_holdout,source_holdout_clean,noise_augmented,feh,-1,1.0,-0.6119070649147034,-0.5427059205812401,0.06920114433346325,0.06920114433346325,2.7452065790909015,0.06111111111111111
39627845869244690,rvspecfit-main-bright-9.fits,12.694894,4903.843,4.6446977,-0.32488066,source_holdout,source_holdout_clean,noise_augmented,feh,-1,1.0,-0.3248806595802307,-0.4103455441336876,-0.08546488455345691,0.08546488455345691,4.676089295966878,0.4685185185185185
39627851909043268,rvspecfit-main-bright-9.fits,18.954782,4519.214,4.247784,0.080730714,source_holdout,source_holdout_clean,noise_augmented,feh,-1,1.0,0.08073071390390396,-0.32379769802227876,-0.4045284119261827,0.4045284119261827,3.6749356001306186,0.26296296296296295
39627851904848181,rvspecfit-main-bright-9.fits,16.895277,4244.756,4.1136284,-0.43229502,source_holdout,source_holdout_clean,noise_augmented,feh,-1,1.0,-0.432295024394989,-0.42385442598801065,0.008440598406978361,0.008440598406978361,4.8002881080189965,0.48518518518518516
39627851909039771,rvspecfit-main-bright-9.fits,26.112993,3953.2205,4.5920477,-0.39715976,source_holdout,source_holdout_clean,noise_augmented,feh,-1,1.0,-0.39715975522994995,-0.31133196210881997,0.08582779312112998,0.08582779312112998,3.2196695633972565,0.15
39627845869241040,rvspecfit-main-bright-9.fits,16.293951,3472.3618,4.595129,-0.18733022,source_holdout,source_holdout_clean,noise_augmented,feh,-1,1.0,-0.1873302161693573,-0.09346018086974067,0.09387003529961663,0.09387003529961663,4.612604613040699,0.46111111111111114
39627803594857295,rvspecfit-main-bright-0.fits,10.99711,6418.9805,4.2940784,-2.1667747,target_adaptation,target_adaptation_clean,source_only,teff,-1,1.0,6418.98046875,6288.326429951982,-130.6540387980176,130.6540387980176,4.572652217889074,0.45740740740740743
39627803599048071,rvspecfit-main-bright-0.fits,29.84067,4924.301,4.9056416,-0.5763771,target_adaptation,target_adaptation_clean,source_only,teff,-1,1.0,4924.30078125,4994.970842997232,70.67006174723156,70.67006174723156,3.30279090764646,0.17592592592592593
39627803603241898,rvspecfit-main-bright-0.fits,17.46991,6042.3057,4.9099665,-0.58877987,target_adaptation,target_adaptation_clean,source_only,teff,-1,1.0,6042.3056640625,5957.376968383789,-84.92869567871094,84.92869567871094,3.2172306737003655,0.15
39627797563447091,rvspecfit-main-bright-0.fits,41.93319,5718.578,4.8736,-0.19918835,target_adaptation,target_adaptation_clean,source_only,teff,-1,1.0,5718.578125,5513.079092508951,-205.49903249104864,205.49903249104864,2.5274075075794795,0.04259259259259259
39627809643041136,rvspecfit-main-bright-0.fits,14.634317,4750.4663,4.721333,-0.45678666,target_adaptation,target_adaptation_clean,source_only,teff,-1,1.0,4750.46630859375,4693.176798706054,-57.28950988769611,57.28950988769611,5.231510701838961,0.5444444444444444
39627791523645106,rvspecfit-main-bright-0.fits,26.104065,5388.0093,4.838046,-0.41602567,target_adaptation,target_adaptation_clean,source_only,teff,-1,1.0,5388.00927734375,5368.287095540362,-19.722181803387684,19.722181803387684,2.635871919062194,0.05
39627797563443663,rvspecfit-main-bright-0.fits,26.858652,5485.825,4.8463426,-0.38935664,target_adaptation,target_adaptation_clean,source_only,teff,-1,1.0,5485.8251953125,5562.292474772132,76.46727945963175,76.46727945963175,2.3395750601471685,0.020370370370370372
39627809659819198,rvspecfit-main-bright-1.fits,11.31314,3775.1885,4.89196,0.24999999,target_adaptation,target_adaptation_clean,source_only,teff,-1,1.0,3775.1884765625,3701.013862304687,-74.17461425781312,74.17461425781312,5.0627370456569185,0.5259259259259259
39627821731025615,rvspecfit-main-bright-1.fits,39.64362,5636.2183,5.109704,-0.17466657,target_adaptation,target_adaptation_clean,source_only,teff,-1,1.0,5636.21826171875,5307.781938273114,-328.43632344563594,328.43632344563594,3.1396365990019657,0.1388888888888889
39627827775013161,rvspecfit-main-bright-1.fits,27.06626,3339.7615,5.0153265,4.966097e-10,target_adaptation,target_adaptation_clean,source_only,teff,-1,1.0,3339.761474609375,3346.3464167277016,6.58494211832658,6.58494211832658,4.531426676507991,0.45185185185185184
39627815691223790,rvspecfit-main-bright-1.fits,11.737336,4624.815,4.641624,-0.8060295,target_adaptation,target_adaptation_clean,source_only,teff,-1,1.0,4624.81494140625,4747.33069274902,122.51575134277027,122.51575134277027,5.184925095988478,0.5370370370370371
39627803611631227,rvspecfit-main-bright-1.fits,15.749072,3487.4866,4.7455225,-2.446134e-09,target_adaptation,target_adaptation_clean,source_only,teff,-1,1.0,3487.486572265625,3477.9610922241204,-9.52548004150458,9.52548004150458,5.650886737046312,0.5925925925925926
39627815687029760,rvspecfit-main-bright-1.fits,11.920938,6087.4746,4.570032,-0.79112864,target_adaptation,target_adaptation_clean,source_only,teff,-1,1.0,6087.474609375,5790.387095133466,-297.08751424153434,297.08751424153434,5.061954448990182,0.5259259259259259
39627809626265783,rvspecfit-main-bright-2.fits,24.69407,5500.6396,4.6323175,-0.6599488,target_adaptation,target_adaptation_clean,source_only,teff,-1,1.0,5500.6396484375,5545.9775036621095,45.337855224609484,45.337855224609484,3.0457452768955324,0.12037037037037036
39627803586466793,rvspecfit-main-bright-2.fits,21.809128,5732.7764,2.3931367,-1.500608,target_adaptation,target_adaptation_clean,source_only,teff,-1,1.0,5732.7763671875,5938.274047648113,205.49768046061308,205.49768046061308,3.471997566934501,0.2037037037037037
39627821710055283,rvspecfit-main-bright-2.fits,39.63832,5821.7363,4.392738,-0.22415301,target_adaptation,target_adaptation_clean,source_only,teff,-1,1.0,5821.736328125,5574.28555521647,-247.45077290852987,247.45077290852987,4.00544857295214,0.34444444444444444
39627809634650564,rvspecfit-main-bright-2.fits,15.693278,5467.129,4.3330646,-0.56172794,target_adaptation,target_adaptation_clean,source_only,teff,-1,1.0,5467.12890625,5538.721039021811,71.59213277181061,71.59213277181061,4.5960732813444745,0.45740740740740743
39627809630456709,rvspecfit-main-bright-2.fits,11.1415825,4456.4375,4.312293,-0.032625537,target_adaptation,target_adaptation_clean,source_only,teff,-1,1.0,4456.4375,4399.388928833009,-57.04857116699077,57.04857116699077,5.6911579100285,0.5981481481481481
39627803590661096,rvspecfit-main-bright-2.fits,12.22762,4066.9148,4.2947297,-0.66380507,target_adaptation,target_adaptation_clean,source_only,teff,-1,1.0,4066.914794921875,4212.607199096681,145.69240417480614,145.69240417480614,4.127701177413087,0.37037037037037035
39627803586467082,rvspecfit-main-bright-2.fits,40.598423,4133.343,4.5962505,-0.30265576,target_adaptation,target_adaptation_clean,source_only,teff,-1,1.0,4133.3427734375,4209.817735595704,76.47496215820411,76.47496215820411,3.453069768959806,0.20185185185185187
39627809634651799,rvspecfit-main-bright-2.fits,22.70273,5224.1265,4.7891574,-0.38289738,target_adaptation,target_adaptation_clean,source_only,teff,-1,1.0,5224.12646484375,5207.509911295572,-16.616553548177762,16.616553548177762,3.64075939382729,0.25555555555555554
39627815674448041,rvspecfit-main-bright-2.fits,32.708187,5658.781,5.072369,-0.89108366,target_adaptation,target_adaptation_clean,source_only,teff,-1,1.0,5658.78076171875,5582.404925130209,-76.37583658854055,76.37583658854055,3.6989830671817376,0.2722222222222222
39627821710051126,rvspecfit-main-bright-2.fits,19.324104,5800.0,4.612319,-0.7780842,target_adaptation,target_adaptation_clean,source_only,teff,-1,1.0,5800.0,5785.746496582033,-14.253503417967295,14.253503417967295,3.8907623484231455,0.32037037037037036
39627821710055207,rvspecfit-main-bright-2.fits,14.639302,3504.1226,4.6582346,0.0005416409,target_adaptation,target_adaptation_clean,source_only,teff,-1,1.0,3504.12255859375,3475.3998418172177,-28.722716776532252,28.722716776532252,5.260615342067943,0.5481481481481482
39627827749851582,rvspecfit-main-bright-2.fits,10.221223,5215.1235,2.9999962,-0.6262077,target_adaptation,target_adaptation_clean,source_only,teff,-1,1.0,5215.12353515625,5516.520780232751,301.39724507650135,301.39724507650135,5.638657437090612,0.5888888888888889
39627821710049835,rvspecfit-main-bright-2.fits,16.31211,4376.9946,4.624699,-0.18394293,target_adaptation,target_adaptation_clean,source_only,teff,-1,1.0,4376.99462890625,4281.385048421223,-95.60958048502744,95.60958048502744,5.3391044535788215,0.5574074074074075
39627815670255422,rvspecfit-main-bright-2.fits,10.840911,3372.4905,4.635477,-0.25,target_adaptation,target_adaptation_clean,source_only,teff,-1,1.0,3372.490478515625,3515.651127624511,143.160649108886,143.160649108886,7.5379298461363,0.7351851851851852
39627815674452489,rvspecfit-main-bright-2.fits,13.863449,5399.9995,3.7091541,-0.93474716,target_adaptation,target_adaptation_clean,source_only,teff,-1,1.0,5399.99951171875,5829.740768432617,429.7412567138672,429.7412567138672,3.9497891108375036,0.3314814814814815
39627809638843253,rvspecfit-main-bright-2.fits,16.62278,5755.4775,4.6176867,-0.7867621,target_adaptation,target_adaptation_clean,source_only,teff,-1,1.0,5755.4775390625,5818.233147379557,62.75560831705661,62.75560831705661,4.413317023965703,0.42592592592592593
39627827749850006,rvspecfit-main-bright-3.fits,14.898116,3659.4504,4.836194,-2.3115545e-08,target_adaptation,target_adaptation_clean,source_only,teff,-1,1.0,3659.450439453125,3652.3897023518857,-7.060737101239283,7.060737101239283,5.2479275925480655,0.5481481481481482
39627821718439188,rvspecfit-main-bright-3.fits,13.061227,4910.22,4.2240663,-0.55754906,target_adaptation,target_adaptation_clean,source_only,teff,-1,1.0,4910.22021484375,5012.371261189779,102.15104634602903,102.15104634602903,4.157489453570864,0.37777777777777777
39627827754044213,rvspecfit-main-bright-3.fits,11.1024065,3940.198,4.5390363,-0.60410625,target_adaptation,target_adaptation_clean,source_only,teff,-1,1.0,3940.197998046875,4036.824918721514,96.62692067463922,96.62692067463922,4.806655216872368,0.48703703703703705
39627827762433977,rvspecfit-main-bright-3.fits,51.09872,6316.872,4.3892474,-1.703405,target_adaptation,target_adaptation_clean,source_only,teff,-1,1.0,6316.8720703125,6160.953219604491,-155.9188507080089,155.9188507080089,2.506438137613413,0.040740740740740744
39627827762432082,rvspecfit-main-bright-3.fits,15.058117,5175.255,2.3544347,-0.8051893,target_adaptation,target_adaptation_clean,source_only,teff,-1,1.0,5175.2548828125,5503.308199462888,328.0533166503883,328.0533166503883,5.082745648157223,0.5259259259259259
39627833802228114,rvspecfit-main-bright-3.fits,40.69197,4872.53,2.1710317,-0.6158751,target_adaptation,target_adaptation_clean,source_only,teff,-1,1.0,4872.52978515625,5370.090902913408,497.5611177571582,497.5611177571582,4.46912298909452,0.4351851851851852
39627833802232755,rvspecfit-main-bright-3.fits,21.781311,3767.3179,4.6959486,-0.32300365,target_adaptation,target_adaptation_clean,source_only,teff,-1,1.0,3767.31787109375,3781.650278422037,14.33240732828699,14.33240732828699,4.171437530361767,0.37962962962962965
39627821726831041,rvspecfit-main-bright-3.fits,17.527065,3983.1729,4.6694245,-0.39832893,target_adaptation,target_adaptation_clean,source_only,teff,-1,1.0,3983.1728515625,4094.2643152872724,111.09146372477244,111.09146372477244,4.509849255908241,0.44814814814814813
39627821726827834,rvspecfit-main-bright-3.fits,39.950752,6056.5684,4.755575,-0.7281247,target_adaptation,target_adaptation_clean,source_only,teff,-1,1.0,6056.568359375,5885.066856689452,-171.50150268554808,171.50150268554808,2.896094160768775,0.09259259259259259
39627827754042290,rvspecfit-main-bright-3.fits,26.981323,4664.8623,4.3090134,-0.2699027,target_adaptation,target_adaptation_clean,source_only,teff,-1,1.0,4664.8623046875,4646.111068623861,-18.751236063639226,18.751236063639226,4.4332881727632625,0.42962962962962964
39627827787601108,rvspecfit-main-bright-4.fits,13.594559,5600.0,2.8374753,-0.9024334,target_adaptation,target_adaptation_clean,source_only,teff,-1,1.0,5600.0,5540.797607014973,-59.20239298502656,59.20239298502656,4.224332120334545,0.3925925925925926
39627833827396840,rvspecfit-main-bright-4.fits,20.78538,3785.6375,4.723687,-0.13778675,target_adaptation,target_adaptation_clean,source_only,teff,-1,1.0,3785.637451171875,3888.017845764161,102.38039459228594,102.38039459228594,3.5769652041551216,0.23333333333333334
39627827783404270,rvspecfit-main-bright-4.fits,14.513962,5099.9995,4.719448,-0.6910971,target_adaptation,target_adaptation_clean,source_only,teff,-1,1.0,5099.99951171875,5362.006050618489,262.0065388997391,262.0065388997391,3.4793328154625103,0.20555555555555555
39627827775014449,rvspecfit-main-bright-4.fits,29.441477,5888.1196,4.291499,-0.6786255,target_adaptation,target_adaptation_clean,source_only,teff,-1,1.0,5888.11962890625,5886.6493507893865,-1.4702781168634829,1.4702781168634829,3.168693757269529,0.1425925925925926
39627833839977456,rvspecfit-main-bright-5.fits,54.748028,5234.4663,4.937126,-1.7869748,target_adaptation,target_adaptation_clean,source_only,teff,-1,1.0,5234.46630859375,5741.371885782877,506.90557718912714,506.90557718912714,1.8265601153702211,0.0
39627845927961460,rvspecfit-main-bright-5.fits,51.137665,3497.9336,4.8501596,-0.0005690663,target_adaptation,target_adaptation_clean,source_only,teff,-1,1.0,3497.93359375,3521.936291300456,24.002697550456105,24.002697550456105,3.1414298505827514,0.1388888888888889
39627845919576478,rvspecfit-main-bright-5.fits,56.942127,5876.0186,4.6151533,-0.47153836,target_adaptation,target_adaptation_clean,source_only,teff,-1,1.0,5876.0185546875,5816.304808756514,-59.71374593098608,59.71374593098608,2.425595835826425,0.03518518518518519
39627845911185139,rvspecfit-main-bright-5.fits,13.60567,3500.0022,4.837607,-0.6006203,target_adaptation,target_adaptation_clean,source_only,teff,-1,1.0,3500.002197265625,3520.6726257324217,20.670428466796693,20.670428466796693,5.256635711957746,0.5481481481481482
39627845911185862,rvspecfit-main-bright-5.fits,52.180164,4688.5303,4.7863235,-0.35361582,target_adaptation,target_adaptation_clean,source_only,teff,-1,1.0,4688.5302734375,4665.333952941894,-23.196320495606415,23.196320495606415,2.35501890711617,0.020370370370370372
39627845919573608,rvspecfit-main-bright-5.fits,41.65243,3980.2285,4.369164,-0.45752466,target_adaptation,target_adaptation_clean,source_only,teff,-1,1.0,3980.228515625,4132.994581095379,152.76606547037863,152.76606547037863,3.2055757956165087,0.14814814814814814
39627851955177784,rvspecfit-main-bright-5.fits,20.471989,4880.3726,4.860811,-0.46241504,target_adaptation,target_adaptation_clean,source_only,teff,-1,1.0,4880.37255859375,4869.823762512209,-10.548796081540786,10.548796081540786,3.4500657509919344,0.20185185185185187
39627851955176800,rvspecfit-main-bright-5.fits,42.303986,5968.782,3.949569,-1.75,target_adaptation,target_adaptation_clean,source_only,teff,-1,1.0,5968.7822265625,6103.148710937497,134.36648437499662,134.36648437499662,2.4441962185877473,0.03518518518518519
39627839871387183,rvspecfit-main-bright-5.fits,14.861321,5289.941,5.244174,-0.64158565,target_adaptation,target_adaptation_clean,source_only,teff,-1,1.0,5289.94091796875,5447.379435017901,157.43851704915141,157.43851704915141,3.188493816875172,0.14814814814814814
39627845915383630,rvspecfit-main-bright-5.fits,12.935639,3870.3203,4.7715034,-0.15778463,target_adaptation,target_adaptation_clean,source_only,teff,-1,1.0,3870.3203125,3812.5933153279607,-57.72699717203932,57.72699717203932,3.9486076026899206,0.3314814814814815
39627839879777318,rvspecfit-main-bright-5.fits,11.573797,4769.2603,4.848541,-0.21670501,target_adaptation,target_adaptation_clean,source_only,teff,-1,1.0,4769.26025390625,4696.672251281737,-72.58800262451314,72.58800262451314,5.250633988754835,0.5481481481481482
39627845911185047,rvspecfit-main-bright-5.fits,22.654123,5967.5967,3.626434,-1.2500006,target_adaptation,target_adaptation_clean,source_only,teff,-1,1.0,5967.5966796875,6012.95751566569,45.36083597819015,45.36083597819015,4.552702620960067,0.45555555555555555
39627845919572527,rvspecfit-main-bright-5.fits,11.79273,3971.4514,4.5025334,-0.24574983,target_adaptation,target_adaptation_clean,source_only,teff,-1,1.0,3971.451416015625,4011.095326538086,39.64391052246083,39.64391052246083,5.157309615117947,0.5351851851851852
39627839850417629,rvspecfit-main-bright-6.fits,29.999779,3976.9895,4.884038,-0.20945032,target_adaptation,target_adaptation_clean,source_only,teff,-1,1.0,3976.989501953125,4038.269321492512,61.27981953938706,61.27981953938706,4.2818095543571575,0.40370370370370373
39627839850416191,rvspecfit-main-bright-6.fits,20.455929,3983.9275,4.4999895,-0.42671427,target_adaptation,target_adaptation_clean,source_only,teff,-1,1.0,3983.927490234375,4041.072864074707,57.14537384033201,57.14537384033201,4.195401741181407,0.3888888888888889
39627839850414409,rvspecfit-main-bright-6.fits,13.824127,5421.3696,2.0359952,-1.5938468,target_adaptation,target_adaptation_clean,source_only,teff,-1,1.0,5421.36962890625,5861.177810058592,439.8081811523416,439.8081811523416,5.026655367610999,0.524074074074074
39627857990783619,rvspecfit-main-bright-7.fits,14.156657,3442.9924,4.848441,-0.25,target_adaptation,target_adaptation_clean,source_only,teff,-1,1.0,3442.992431640625,3426.6573477172856,-16.335083923339425,16.335083923339425,5.232650246081218,0.5444444444444444
39627851950982582,rvspecfit-main-bright-7.fits,26.419565,6100.0,4.04923,-0.72960013,target_adaptation,target_adaptation_clean,source_only,teff,-1,1.0,6100.0,6040.369574991865,-59.63042500813481,59.63042500813481,2.3740683747830853,0.022222222222222223
39627815657675664,rvspecfit-main-bright-8.fits,27.215067,5916.4272,4.4029055,-0.935866,target_adaptation,target_adaptation_clean,source_only,teff,-1,1.0,5916.42724609375,5879.160649007161,-37.26659708658917,37.26659708658917,3.5100169066807787,0.21481481481481482
39627827728876539,rvspecfit-main-bright-8.fits,19.482452,5219.4385,2.2989497,-1.1300188,target_adaptation,target_adaptation_clean,source_only,teff,-1,1.0,5219.4384765625,5486.268350830077,266.829874267577,266.829874267577,4.5600671535955275,0.45740740740740743
39627827728879684,rvspecfit-main-bright-8.fits,16.404436,5573.247,4.6510015,-0.64734876,target_adaptation,target_adaptation_clean,source_only,teff,-1,1.0,5573.2470703125,5665.122379964193,91.87530965169299,91.87530965169299,4.460733832953999,0.43148148148148147
39627833781259561,rvspecfit-main-bright-8.fits,36.066288,5335.5757,4.922437,-0.6015228,target_adaptation,target_adaptation_clean,source_only,teff,-1,1.0,5335.57568359375,5419.59432434082,84.0186407470701,84.0186407470701,3.8228177130807293,0.30925925925925923
39627821693278142,rvspecfit-main-bright-8.fits,26.23189,3324.875,4.8183045,0.0010425537,target_adaptation,target_adaptation_clean,source_only,teff,-1,1.0,3324.875,3378.138684895833,53.263684895833194,53.263684895833194,5.649650153213907,0.5925925925925926
39627821693278007,rvspecfit-main-bright-8.fits,10.223609,3536.3093,4.4999967,-0.25,target_adaptation,target_adaptation_clean,source_only,teff,-1,1.0,3536.309326171875,3663.160260111492,126.85093393961688,126.85093393961688,5.315524935202865,0.55
39627827741464455,rvspecfit-main-bright-8.fits,16.736538,3249.3542,5.100072,0.2816905,target_adaptation,target_adaptation_clean,source_only,teff,-1,1.0,3249.354248046875,3951.9874796549475,702.6332316080725,702.6332316080725,5.415446097073593,0.5648148148148148
39627827741459986,rvspecfit-main-bright-8.fits,31.110973,5400.0103,4.9394345,-0.41839907,target_adaptation,target_adaptation_clean,source_only,teff,-1,1.0,5400.01025390625,5419.3277713012685,19.317517395018513,19.317517395018513,4.371798299354826,0.4185185185185185
39627827745656693,rvspecfit-main-bright-8.fits,18.901367,3590.7085,4.73918,-0.50000024,target_adaptation,target_adaptation_clean,source_only,teff,-1,1.0,3590.70849609375,3628.6828753662107,37.97437927246074,37.97437927246074,4.437243179218797,0.42962962962962964
39627839816862859,rvspecfit-main-bright-8.fits,12.294117,3818.9517,4.8039713,-0.5316026,target_adaptation,target_adaptation_clean,source_only,teff,-1,1.0,3818.95166015625,3857.2278583780944,38.276198221844425,38.276198221844425,3.885212179555666,0.32037037037037036
39627827733075007,rvspecfit-main-bright-8.fits,23.686485,4679.1724,4.765825,-0.15760839,target_adaptation,target_adaptation_clean,source_only,teff,-1,1.0,4679.17236328125,4596.149480794272,-83.02288248697823,83.02288248697823,3.3189886199473158,0.17962962962962964
39627821693277119,rvspecfit-main-bright-8.fits,12.216362,5445.0186,4.308834,-1.1340196,target_adaptation,target_adaptation_clean,source_only,teff,-1,1.0,5445.0185546875,5555.580953572595,110.56239888509481,110.56239888509481,4.142258533047225,0.37037037037037035
39627821693273249,rvspecfit-main-bright-8.fits,12.805407,4980.9224,4.3829007,-0.6115879,target_adaptation,target_adaptation_clean,source_only,teff,-1,1.0,4980.92236328125,5412.332174479168,431.4098111979183,431.4098111979183,3.2402901804566246,0.1537037037037037
39627851904850549,rvspecfit-main-bright-9.fits,31.58326,5109.8677,4.9675303,-0.52756715,target_adaptation,target_adaptation_clean,source_only,teff,-1,1.0,5109.86767578125,5201.542364705405,91.6746889241549,91.6746889241549,2.8335417665280573,0.08148148148148149
39627851913235331,rvspecfit-main-bright-9.fits,44.60277,5979.274,4.1944733,-1.0025191,target_adaptation,target_adaptation_clean,source_only,teff,-1,1.0,5979.27392578125,6105.665674235027,126.39174845377693,126.39174845377693,2.659643018937187,0.05
39627833789647752,rvspecfit-main-bright-9.fits,13.692571,3394.0723,4.901531,-0.0002486735,target_adaptation,target_adaptation_clean,source_only,teff,-1,1.0,3394.072265625,3464.088141377766,70.01587575276608,70.01587575276608,5.0504659794434765,0.5259259259259259
39627845860853049,rvspecfit-main-bright-9.fits,29.708738,5999.1562,4.164504,-0.96866876,target_adaptation,target_adaptation_clean,source_only,teff,-1,1.0,5999.15625,6001.6711926269545,2.5149426269545074,2.5149426269545074,2.4141561298516314,0.02962962962962963
39627851900655643,rvspecfit-main-bright-9.fits,22.355614,3558.9602,4.776924,-0.5,target_adaptation,target_adaptation_clean,source_only,teff,-1,1.0,3558.960205078125,3603.8316071573895,44.8714020792645,44.8714020792645,4.870028408987799,0.4981481481481482
39627851909042105,rvspecfit-main-bright-9.fits,45.547585,5923.363,4.3918366,-0.9261837,target_adaptation,target_adaptation_clean,source_only,teff,-1,1.0,5923.36279296875,5921.46882242839,-1.8939705403599874,1.8939705403599874,2.234635626594653,0.018518518518518517
39627857948838089,rvspecfit-main-bright-9.fits,25.18785,4261.327,4.295881,0.03582409,target_adaptation,target_adaptation_clean,source_only,teff,-1,1.0,4261.3271484375,4244.970648701986,-16.356499735514262,16.356499735514262,4.900307394395501,0.4981481481481482
39627839829444065,rvspecfit-main-bright-9.fits,18.62369,4266.4834,4.732861,-0.6181301,target_adaptation,target_adaptation_clean,source_only,teff,-1,1.0,4266.4833984375,4427.766644592287,161.28324615478687,161.28324615478687,3.4631705589212416,0.20185185185185187
39627833789651570,rvspecfit-main-bright-9.fits,12.966924,5899.9985,5.220459,-1.2240173,target_adaptation,target_adaptation_clean,source_only,teff,-1,1.0,5899.99853515625,5881.025832722983,-18.97270243326693,18.97270243326693,3.6142435722410244,0.24259259259259258
39627839829448511,rvspecfit-main-bright-9.fits,28.729,4831.138,4.714761,-0.5400862,target_adaptation,target_adaptation_clean,source_only,teff,-1,1.0,4831.13818359375,4942.557007853191,111.41882425944095,111.41882425944095,3.1756990379114267,0.1425925925925926
39627839833640094,rvspecfit-main-bright-9.fits,33.846916,5385.3105,4.8750367,-1.3138634,target_adaptation,target_adaptation_clean,source_only,teff,-1,1.0,5385.310546875,5637.271668701175,251.96112182617526,251.96112182617526,3.2374429570044123,0.1537037037037037
39627845873435511,rvspecfit-main-bright-9.fits,18.039541,3983.3965,4.586594,-0.57457286,target_adaptation,target_adaptation_clean,source_only,teff,-1,1.0,3983.396484375,4158.781578165689,175.3850937906891,175.3850937906891,3.90424969828072,0.32037037037037036
39627845873436738,rvspecfit-main-bright-9.fits,10.641404,4140.7476,4.4231305,-0.2305438,target_adaptation,target_adaptation_clean,source_only,teff,-1,1.0,4140.74755859375,4189.117911682128,48.37035308837767,48.37035308837767,5.272266419075382,0.5481481481481482
39627839837835312,rvspecfit-main-bright-9.fits,26.887703,5756.1094,4.7996087,-0.56372416,target_adaptation,target_adaptation_clean,source_only,teff,-1,1.0,5756.109375,5709.81775349935,-46.29162150064985,46.29162150064985,3.665480303167035,0.2611111111111111
39627851909038680,rvspecfit-main-bright-9.fits,24.415945,5229.0874,4.924489,-0.6512687,target_adaptation,target_adaptation_clean,source_only,teff,-1,1.0,5229.08740234375,5252.770215047202,23.682812703452328,23.682812703452328,2.992327647139228,0.1111111111111111
39627851909040122,rvspecfit-main-bright-9.fits,36.803337,5136.3687,4.809469,-0.16919953,target_adaptation,target_adaptation_clean,source_only,teff,-1,1.0,5136.36865234375,4916.681853841143,-219.68679850260742,219.68679850260742,4.029263855681688,0.34814814814814815
39627803594857295,rvspecfit-main-bright-0.fits,10.99711,6418.9805,4.2940784,-2.1667747,target_adaptation,target_adaptation_clean,source_only,logg,-1,1.0,4.294078350067139,4.171262536446253,-0.12281581362088545,0.12281581362088545,4.572652217889074,0.45740740740740743
39627803599048071,rvspecfit-main-bright-0.fits,29.84067,4924.301,4.9056416,-0.5763771,target_adaptation,target_adaptation_clean,source_only,logg,-1,1.0,4.905641555786133,4.807547256350519,-0.09809429943561376,0.09809429943561376,3.30279090764646,0.17592592592592593
39627803603241898,rvspecfit-main-bright-0.fits,17.46991,6042.3057,4.9099665,-0.58877987,target_adaptation,target_adaptation_clean,source_only,logg,-1,1.0,4.909966468811035,4.518614433606465,-0.3913520352045703,0.3913520352045703,3.2172306737003655,0.15
39627797563447091,rvspecfit-main-bright-0.fits,41.93319,5718.578,4.8736,-0.19918835,target_adaptation,target_adaptation_clean,source_only,logg,-1,1.0,4.873600006103516,4.847035018404326,-0.02656498769918958,0.02656498769918958,2.5274075075794795,0.04259259259259259
39627809643041136,rvspecfit-main-bright-0.fits,14.634317,4750.4663,4.721333,-0.45678666,target_adaptation,target_adaptation_clean,source_only,logg,-1,1.0,4.721333026885986,4.6266955701510115,-0.09463745673497481,0.09463745673497481,5.231510701838961,0.5444444444444444
39627791523645106,rvspecfit-main-bright-0.fits,26.104065,5388.0093,4.838046,-0.41602567,target_adaptation,target_adaptation_clean,source_only,logg,-1,1.0,4.838046073913574,4.79982829809189,-0.03821777582168462,0.03821777582168462,2.635871919062194,0.05
39627797563443663,rvspecfit-main-bright-0.fits,26.858652,5485.825,4.8463426,-0.38935664,target_adaptation,target_adaptation_clean,source_only,logg,-1,1.0,4.84634256362915,4.76530503431956,-0.08103752930959018,0.08103752930959018,2.3395750601471685,0.020370370370370372
39627809659819198,rvspecfit-main-bright-1.fits,11.31314,3775.1885,4.89196,0.24999999,target_adaptation,target_adaptation_clean,source_only,logg,-1,1.0,4.891960144042969,4.643518748084702,-0.24844139595826675,0.24844139595826675,5.0627370456569185,0.5259259259259259
39627821731025615,rvspecfit-main-bright-1.fits,39.64362,5636.2183,5.109704,-0.17466657,target_adaptation,target_adaptation_clean,source_only,logg,-1,1.0,5.10970401763916,4.939976975123088,-0.1697270425160724,0.1697270425160724,3.1396365990019657,0.1388888888888889
39627827775013161,rvspecfit-main-bright-1.fits,27.06626,3339.7615,5.0153265,4.966097e-10,target_adaptation,target_adaptation_clean,source_only,logg,-1,1.0,5.015326499938965,4.7311303341388715,-0.2841961658000933,0.2841961658000933,4.531426676507991,0.45185185185185184
39627815691223790,rvspecfit-main-bright-1.fits,11.737336,4624.815,4.641624,-0.8060295,target_adaptation,target_adaptation_clean,source_only,logg,-1,1.0,4.6416239738464355,4.785659761627515,0.14403578778107917,0.14403578778107917,5.184925095988478,0.5370370370370371
39627803611631227,rvspecfit-main-bright-1.fits,15.749072,3487.4866,4.7455225,-2.446134e-09,target_adaptation,target_adaptation_clean,source_only,logg,-1,1.0,4.745522499084473,4.658122355043887,-0.08740014404058538,0.08740014404058538,5.650886737046312,0.5925925925925926
39627815687029760,rvspecfit-main-bright-1.fits,11.920938,6087.4746,4.570032,-0.79112864,target_adaptation,target_adaptation_clean,source_only,logg,-1,1.0,4.570032119750977,4.430852170785268,-0.13917994896570818,0.13917994896570818,5.061954448990182,0.5259259259259259
39627809626265783,rvspecfit-main-bright-2.fits,24.69407,5500.6396,4.6323175,-0.6599488,target_adaptation,target_adaptation_clean,source_only,logg,-1,1.0,4.632317543029785,4.574464998245238,-0.05785254478454682,0.05785254478454682,3.0457452768955324,0.12037037037037036
39627803586466793,rvspecfit-main-bright-2.fits,21.809128,5732.7764,2.3931367,-1.500608,target_adaptation,target_adaptation_clean,source_only,logg,-1,1.0,2.393136739730835,3.880659608443578,1.4875228687127429,1.4875228687127429,3.471997566934501,0.2037037037037037
39627821710055283,rvspecfit-main-bright-2.fits,39.63832,5821.7363,4.392738,-0.22415301,target_adaptation,target_adaptation_clean,source_only,logg,-1,1.0,4.392737865447998,4.791184529264768,0.3984466638167703,0.3984466638167703,4.00544857295214,0.34444444444444444
39627809634650564,rvspecfit-main-bright-2.fits,15.693278,5467.129,4.3330646,-0.56172794,target_adaptation,target_adaptation_clean,source_only,logg,-1,1.0,4.333064556121826,4.728813739617665,0.39574918349583843,0.39574918349583843,4.5960732813444745,0.45740740740740743
39627809630456709,rvspecfit-main-bright-2.fits,11.1415825,4456.4375,4.312293,-0.032625537,target_adaptation,target_adaptation_clean,source_only,logg,-1,1.0,4.31229305267334,4.5893718870480855,0.2770788343747457,0.2770788343747457,5.6911579100285,0.5981481481481481
39627803590661096,rvspecfit-main-bright-2.fits,12.22762,4066.9148,4.2947297,-0.66380507,target_adaptation,target_adaptation_clean,source_only,logg,-1,1.0,4.294729709625244,4.590193348824977,0.29546363919973295,0.29546363919973295,4.127701177413087,0.37037037037037035
39627803586467082,rvspecfit-main-bright-2.fits,40.598423,4133.343,4.5962505,-0.30265576,target_adaptation,target_adaptation_clean,source_only,logg,-1,1.0,4.596250534057617,4.592197774847347,-0.0040527592102703736,0.0040527592102703736,3.453069768959806,0.20185185185185187
39627809634651799,rvspecfit-main-bright-2.fits,22.70273,5224.1265,4.7891574,-0.38289738,target_adaptation,target_adaptation_clean,source_only,logg,-1,1.0,4.789157390594482,4.862110888361928,0.07295349776744597,0.07295349776744597,3.64075939382729,0.25555555555555554
39627815674448041,rvspecfit-main-bright-2.fits,32.708187,5658.781,5.072369,-0.89108366,target_adaptation,target_adaptation_clean,source_only,logg,-1,1.0,5.07236909866333,4.6906349934140845,-0.38173410524924556,0.38173410524924556,3.6989830671817376,0.2722222222222222
39627821710051126,rvspecfit-main-bright-2.fits,19.324104,5800.0,4.612319,-0.7780842,target_adaptation,target_adaptation_clean,source_only,logg,-1,1.0,4.612318992614746,4.643509932259717,0.031190939644971216,0.031190939644971216,3.8907623484231455,0.32037037037037036
39627821710055207,rvspecfit-main-bright-2.fits,14.639302,3504.1226,4.6582346,0.0005416409,target_adaptation,target_adaptation_clean,source_only,logg,-1,1.0,4.658234596252441,4.684569697578748,0.026335101326306898,0.026335101326306898,5.260615342067943,0.5481481481481482
39627827749851582,rvspecfit-main-bright-2.fits,10.221223,5215.1235,2.9999962,-0.6262077,target_adaptation,target_adaptation_clean,source_only,logg,-1,1.0,2.9999961853027344,3.682510614891847,0.6825144295891126,0.6825144295891126,5.638657437090612,0.5888888888888889
39627821710049835,rvspecfit-main-bright-2.fits,16.31211,4376.9946,4.624699,-0.18394293,target_adaptation,target_adaptation_clean,source_only,logg,-1,1.0,4.624699115753174,4.618431904216606,-0.0062672115365680625,0.0062672115365680625,5.3391044535788215,0.5574074074074075
39627815670255422,rvspecfit-main-bright-2.fits,10.840911,3372.4905,4.635477,-0.25,target_adaptation,target_adaptation_clean,source_only,logg,-1,1.0,4.635477066040039,4.67632337808609,0.04084631204605138,0.04084631204605138,7.5379298461363,0.7351851851851852
39627815674452489,rvspecfit-main-bright-2.fits,13.863449,5399.9995,3.7091541,-0.93474716,target_adaptation,target_adaptation_clean,source_only,logg,-1,1.0,3.7091541290283203,4.521854957838857,0.8127008288105371,0.8127008288105371,3.9497891108375036,0.3314814814814815
39627809638843253,rvspecfit-main-bright-2.fits,16.62278,5755.4775,4.6176867,-0.7867621,target_adaptation,target_adaptation_clean,source_only,logg,-1,1.0,4.617686748504639,4.512562914192677,-0.1051238343119616,0.1051238343119616,4.413317023965703,0.42592592592592593
39627827749850006,rvspecfit-main-bright-3.fits,14.898116,3659.4504,4.836194,-2.3115545e-08,target_adaptation,target_adaptation_clean,source_only,logg,-1,1.0,4.836194038391113,4.658923915723957,-0.17727012266715647,0.17727012266715647,5.2479275925480655,0.5481481481481482
39627821718439188,rvspecfit-main-bright-3.fits,13.061227,4910.22,4.2240663,-0.55754906,target_adaptation,target_adaptation_clean,source_only,logg,-1,1.0,4.224066257476807,4.780785567164421,0.5567193096876144,0.5567193096876144,4.157489453570864,0.37777777777777777
39627827754044213,rvspecfit-main-bright-3.fits,11.1024065,3940.198,4.5390363,-0.60410625,target_adaptation,target_adaptation_clean,source_only,logg,-1,1.0,4.539036273956299,4.551735869844756,0.01269959588845726,0.01269959588845726,4.806655216872368,0.48703703703703705
39627827762433977,rvspecfit-main-bright-3.fits,51.09872,6316.872,4.3892474,-1.703405,target_adaptation,target_adaptation_clean,source_only,logg,-1,1.0,4.389247417449951,4.352235372960568,-0.037012044489383555,0.037012044489383555,2.506438137613413,0.040740740740740744
39627827762432082,rvspecfit-main-bright-3.fits,15.058117,5175.255,2.3544347,-0.8051893,target_adaptation,target_adaptation_clean,source_only,logg,-1,1.0,2.3544347286224365,3.3864415863156307,1.0320068576931942,1.0320068576931942,5.082745648157223,0.5259259259259259
39627833802228114,rvspecfit-main-bright-3.fits,40.69197,4872.53,2.1710317,-0.6158751,target_adaptation,target_adaptation_clean,source_only,logg,-1,1.0,2.1710317134857178,3.259745519061883,1.0887138055761652,1.0887138055761652,4.46912298909452,0.4351851851851852
39627833802232755,rvspecfit-main-bright-3.fits,21.781311,3767.3179,4.6959486,-0.32300365,target_adaptation,target_adaptation_clean,source_only,logg,-1,1.0,4.695948600769043,4.641101239522297,-0.05484736124674594,0.05484736124674594,4.171437530361767,0.37962962962962965
39627821726831041,rvspecfit-main-bright-3.fits,17.527065,3983.1729,4.6694245,-0.39832893,target_adaptation,target_adaptation_clean,source_only,logg,-1,1.0,4.669424533843994,4.5740864094098415,-0.09533812443415268,0.09533812443415268,4.509849255908241,0.44814814814814813
39627821726827834,rvspecfit-main-bright-3.fits,39.950752,6056.5684,4.755575,-0.7281247,target_adaptation,target_adaptation_clean,source_only,logg,-1,1.0,4.755575180053711,4.66882679849863,-0.08674838155508091,0.08674838155508091,2.896094160768775,0.09259259259259259
39627827754042290,rvspecfit-main-bright-3.fits,26.981323,4664.8623,4.3090134,-0.2699027,target_adaptation,target_adaptation_clean,source_only,logg,-1,1.0,4.309013366699219,4.7091708342234275,0.4001574675242088,0.4001574675242088,4.4332881727632625,0.42962962962962964
39627827787601108,rvspecfit-main-bright-4.fits,13.594559,5600.0,2.8374753,-0.9024334,target_adaptation,target_adaptation_clean,source_only,logg,-1,1.0,2.837475299835205,3.602895680467287,0.7654203806320821,0.7654203806320821,4.224332120334545,0.3925925925925926
39627833827396840,rvspecfit-main-bright-4.fits,20.78538,3785.6375,4.723687,-0.13778675,target_adaptation,target_adaptation_clean,source_only,logg,-1,1.0,4.723687171936035,4.692470204631488,-0.03121696730454726,0.03121696730454726,3.5769652041551216,0.23333333333333334
39627827783404270,rvspecfit-main-bright-4.fits,14.513962,5099.9995,4.719448,-0.6910971,target_adaptation,target_adaptation_clean,source_only,logg,-1,1.0,4.719448089599609,4.771045115689436,0.051597026089826414,0.051597026089826414,3.4793328154625103,0.20555555555555555
39627827775014449,rvspecfit-main-bright-4.fits,29.441477,5888.1196,4.291499,-0.6786255,target_adaptation,target_adaptation_clean,source_only,logg,-1,1.0,4.291499137878418,4.601562045812607,0.31006290793418945,0.31006290793418945,3.168693757269529,0.1425925925925926
39627833839977456,rvspecfit-main-bright-5.fits,54.748028,5234.4663,4.937126,-1.7869748,target_adaptation,target_adaptation_clean,source_only,logg,-1,1.0,4.937126159667969,4.591978623171645,-0.3451475364963237,0.3451475364963237,1.8265601153702211,0.0
39627845927961460,rvspecfit-main-bright-5.fits,51.137665,3497.9336,4.8501596,-0.0005690663,target_adaptation,target_adaptation_clean,source_only,logg,-1,1.0,4.850159645080566,4.609653998514015,-0.24050564656655116,0.24050564656655116,3.1414298505827514,0.1388888888888889
39627845919576478,rvspecfit-main-bright-5.fits,56.942127,5876.0186,4.6151533,-0.47153836,target_adaptation,target_adaptation_clean,source_only,logg,-1,1.0,4.6151533126831055,4.613296324213348,-0.001856988469757681,0.001856988469757681,2.425595835826425,0.03518518518518519
39627845911185139,rvspecfit-main-bright-5.fits,13.60567,3500.0022,4.837607,-0.6006203,target_adaptation,target_adaptation_clean,source_only,logg,-1,1.0,4.837606906890869,4.67413849800825,-0.16346840888261926,0.16346840888261926,5.256635711957746,0.5481481481481482
39627845911185862,rvspecfit-main-bright-5.fits,52.180164,4688.5303,4.7863235,-0.35361582,target_adaptation,target_adaptation_clean,source_only,logg,-1,1.0,4.786323547363281,4.688119958241778,-0.0982035891215034,0.0982035891215034,2.35501890711617,0.020370370370370372
39627845919573608,rvspecfit-main-bright-5.fits,41.65243,3980.2285,4.369164,-0.45752466,target_adaptation,target_adaptation_clean,source_only,logg,-1,1.0,4.369163990020752,4.6150652207930865,0.2459012307723345,0.2459012307723345,3.2055757956165087,0.14814814814814814
39627851955177784,rvspecfit-main-bright-5.fits,20.471989,4880.3726,4.860811,-0.46241504,target_adaptation,target_adaptation_clean,source_only,logg,-1,1.0,4.860811233520508,4.7317265182733514,-0.12908471524715637,0.12908471524715637,3.4500657509919344,0.20185185185185187
39627851955176800,rvspecfit-main-bright-5.fits,42.303986,5968.782,3.949569,-1.75,target_adaptation,target_adaptation_clean,source_only,logg,-1,1.0,3.9495689868927,4.406935929159322,0.45736694226662156,0.45736694226662156,2.4441962185877473,0.03518518518518519
39627839871387183,rvspecfit-main-bright-5.fits,14.861321,5289.941,5.244174,-0.64158565,target_adaptation,target_adaptation_clean,source_only,logg,-1,1.0,5.244174003601074,4.806192512313526,-0.43798149128754815,0.43798149128754815,3.188493816875172,0.14814814814814814
39627845915383630,rvspecfit-main-bright-5.fits,12.935639,3870.3203,4.7715034,-0.15778463,target_adaptation,target_adaptation_clean,source_only,logg,-1,1.0,4.771503448486328,4.678154819806417,-0.09334862867991145,0.09334862867991145,3.9486076026899206,0.3314814814814815
39627839879777318,rvspecfit-main-bright-5.fits,11.573797,4769.2603,4.848541,-0.21670501,target_adaptation,target_adaptation_clean,source_only,logg,-1,1.0,4.848540782928467,4.732691060602664,-0.1158497223258026,0.1158497223258026,5.250633988754835,0.5481481481481482
39627845911185047,rvspecfit-main-bright-5.fits,22.654123,5967.5967,3.626434,-1.2500006,target_adaptation,target_adaptation_clean,source_only,logg,-1,1.0,3.626434087753296,3.9661776164174074,0.3397435286641115,0.3397435286641115,4.552702620960067,0.45555555555555555
39627845919572527,rvspecfit-main-bright-5.fits,11.79273,3971.4514,4.5025334,-0.24574983,target_adaptation,target_adaptation_clean,source_only,logg,-1,1.0,4.502533435821533,4.601522826651733,0.09898939083019975,0.09898939083019975,5.157309615117947,0.5351851851851852
39627839850417629,rvspecfit-main-bright-6.fits,29.999779,3976.9895,4.884038,-0.20945032,target_adaptation,target_adaptation_clean,source_only,logg,-1,1.0,4.884037971496582,4.717986674507459,-0.16605129698912346,0.16605129698912346,4.2818095543571575,0.40370370370370373
39627839850416191,rvspecfit-main-bright-6.fits,20.455929,3983.9275,4.4999895,-0.42671427,target_adaptation,target_adaptation_clean,source_only,logg,-1,1.0,4.4999895095825195,4.664373701016108,0.16438419143358818,0.16438419143358818,4.195401741181407,0.3888888888888889
39627839850414409,rvspecfit-main-bright-6.fits,13.824127,5421.3696,2.0359952,-1.5938468,target_adaptation,target_adaptation_clean,source_only,logg,-1,1.0,2.0359952449798584,3.762168196837107,1.7261729518572486,1.7261729518572486,5.026655367610999,0.524074074074074
39627857990783619,rvspecfit-main-bright-7.fits,14.156657,3442.9924,4.848441,-0.25,target_adaptation,target_adaptation_clean,source_only,logg,-1,1.0,4.848441123962402,4.725625693003337,-0.122815430959065,0.122815430959065,5.232650246081218,0.5444444444444444
39627851950982582,rvspecfit-main-bright-7.fits,26.419565,6100.0,4.04923,-0.72960013,target_adaptation,target_adaptation_clean,source_only,logg,-1,1.0,4.049230098724365,4.373922514915466,0.3246924161911009,0.3246924161911009,2.3740683747830853,0.022222222222222223
39627815657675664,rvspecfit-main-bright-8.fits,27.215067,5916.4272,4.4029055,-0.935866,target_adaptation,target_adaptation_clean,source_only,logg,-1,1.0,4.402905464172363,3.8161450414856275,-0.5867604226867358,0.5867604226867358,3.5100169066807787,0.21481481481481482
39627827728876539,rvspecfit-main-bright-8.fits,19.482452,5219.4385,2.2989497,-1.1300188,target_adaptation,target_adaptation_clean,source_only,logg,-1,1.0,2.298949718475342,2.8908589091897015,0.5919091907143597,0.5919091907143597,4.5600671535955275,0.45740740740740743
39627827728879684,rvspecfit-main-bright-8.fits,16.404436,5573.247,4.6510015,-0.64734876,target_adaptation,target_adaptation_clean,source_only,logg,-1,1.0,4.651001453399658,4.630767717758813,-0.020233735640845296,0.020233735640845296,4.460733832953999,0.43148148148148147
39627833781259561,rvspecfit-main-bright-8.fits,36.066288,5335.5757,4.922437,-0.6015228,target_adaptation,target_adaptation_clean,source_only,logg,-1,1.0,4.9224371910095215,4.738689674139022,-0.18374751687049962,0.18374751687049962,3.8228177130807293,0.30925925925925923
39627821693278142,rvspecfit-main-bright-8.fits,26.23189,3324.875,4.8183045,0.0010425537,target_adaptation,target_adaptation_clean,source_only,logg,-1,1.0,4.818304538726807,4.744013728896778,-0.07429080983002834,0.07429080983002834,5.649650153213907,0.5925925925925926
39627821693278007,rvspecfit-main-bright-8.fits,10.223609,3536.3093,4.4999967,-0.25,target_adaptation,target_adaptation_clean,source_only,logg,-1,1.0,4.499996662139893,4.637592898011209,0.13759623587131653,0.13759623587131653,5.315524935202865,0.55
39627827741464455,rvspecfit-main-bright-8.fits,16.736538,3249.3542,5.100072,0.2816905,target_adaptation,target_adaptation_clean,source_only,logg,-1,1.0,5.100071907043457,4.544210439324378,-0.5558614677190787,0.5558614677190787,5.415446097073593,0.5648148148148148
39627827741459986,rvspecfit-main-bright-8.fits,31.110973,5400.0103,4.9394345,-0.41839907,target_adaptation,target_adaptation_clean,source_only,logg,-1,1.0,4.93943452835083,4.673078992565474,-0.2663555357853564,0.2663555357853564,4.371798299354826,0.4185185185185185
39627827745656693,rvspecfit-main-bright-8.fits,18.901367,3590.7085,4.73918,-0.50000024,target_adaptation,target_adaptation_clean,source_only,logg,-1,1.0,4.739180088043213,4.635664416054885,-0.1035156719883279,0.1035156719883279,4.437243179218797,0.42962962962962964
39627839816862859,rvspecfit-main-bright-8.fits,12.294117,3818.9517,4.8039713,-0.5316026,target_adaptation,target_adaptation_clean,source_only,logg,-1,1.0,4.803971290588379,4.695461236536501,-0.10851005405187752,0.10851005405187752,3.885212179555666,0.32037037037037036
39627827733075007,rvspecfit-main-bright-8.fits,23.686485,4679.1724,4.765825,-0.15760839,target_adaptation,target_adaptation_clean,source_only,logg,-1,1.0,4.765824794769287,4.663990990718204,-0.10183380405108267,0.10183380405108267,3.3189886199473158,0.17962962962962964
39627821693277119,rvspecfit-main-bright-8.fits,12.216362,5445.0186,4.308834,-1.1340196,target_adaptation,target_adaptation_clean,source_only,logg,-1,1.0,4.308834075927734,4.602760337094464,0.29392626116672993,0.29392626116672993,4.142258533047225,0.37037037037037035
39627821693273249,rvspecfit-main-bright-8.fits,12.805407,4980.9224,4.3829007,-0.6115879,target_adaptation,target_adaptation_clean,source_only,logg,-1,1.0,4.382900714874268,4.797101191580294,0.4142004767060268,0.4142004767060268,3.2402901804566246,0.1537037037037037
39627851904850549,rvspecfit-main-bright-9.fits,31.58326,5109.8677,4.9675303,-0.52756715,target_adaptation,target_adaptation_clean,source_only,logg,-1,1.0,4.967530250549316,4.781091683506968,-0.18643856704234807,0.18643856704234807,2.8335417665280573,0.08148148148148149
39627851913235331,rvspecfit-main-bright-9.fits,44.60277,5979.274,4.1944733,-1.0025191,target_adaptation,target_adaptation_clean,source_only,logg,-1,1.0,4.1944732666015625,4.340651414990424,0.14617814838886112,0.14617814838886112,2.659643018937187,0.05
39627833789647752,rvspecfit-main-bright-9.fits,13.692571,3394.0723,4.901531,-0.0002486735,target_adaptation,target_adaptation_clean,source_only,logg,-1,1.0,4.901531219482422,4.703642337222893,-0.19788888225952928,0.19788888225952928,5.0504659794434765,0.5259259259259259
39627845860853049,rvspecfit-main-bright-9.fits,29.708738,5999.1562,4.164504,-0.96866876,target_adaptation,target_adaptation_clean,source_only,logg,-1,1.0,4.164504051208496,4.3301871014634745,0.16568305025497843,0.16568305025497843,2.4141561298516314,0.02962962962962963
39627851900655643,rvspecfit-main-bright-9.fits,22.355614,3558.9602,4.776924,-0.5,target_adaptation,target_adaptation_clean,source_only,logg,-1,1.0,4.776924133300781,4.589399455885094,-0.1875246774156869,0.1875246774156869,4.870028408987799,0.4981481481481482
39627851909042105,rvspecfit-main-bright-9.fits,45.547585,5923.363,4.3918366,-0.9261837,target_adaptation,target_adaptation_clean,source_only,logg,-1,1.0,4.391836643218994,4.434173523286978,0.04233688006798353,0.04233688006798353,2.234635626594653,0.018518518518518517
39627857948838089,rvspecfit-main-bright-9.fits,25.18785,4261.327,4.295881,0.03582409,target_adaptation,target_adaptation_clean,source_only,logg,-1,1.0,4.2958807945251465,4.585253347853818,0.28937255332867196,0.28937255332867196,4.900307394395501,0.4981481481481482
39627839829444065,rvspecfit-main-bright-9.fits,18.62369,4266.4834,4.732861,-0.6181301,target_adaptation,target_adaptation_clean,source_only,logg,-1,1.0,4.732861042022705,4.630491424004237,-0.10236961801846789,0.10236961801846789,3.4631705589212416,0.20185185185185187
39627833789651570,rvspecfit-main-bright-9.fits,12.966924,5899.9985,5.220459,-1.2240173,target_adaptation,target_adaptation_clean,source_only,logg,-1,1.0,5.220458984375,4.51189551115036,-0.7085634732246398,0.7085634732246398,3.6142435722410244,0.24259259259259258
39627839829448511,rvspecfit-main-bright-9.fits,28.729,4831.138,4.714761,-0.5400862,target_adaptation,target_adaptation_clean,source_only,logg,-1,1.0,4.714760780334473,4.7782796123623825,0.06351883202790987,0.06351883202790987,3.1756990379114267,0.1425925925925926
39627839833640094,rvspecfit-main-bright-9.fits,33.846916,5385.3105,4.8750367,-1.3138634,target_adaptation,target_adaptation_clean,source_only,logg,-1,1.0,4.875036716461182,4.517694062193234,-0.3573426542679474,0.3573426542679474,3.2374429570044123,0.1537037037037037
39627845873435511,rvspecfit-main-bright-9.fits,18.039541,3983.3965,4.586594,-0.57457286,target_adaptation,target_adaptation_clean,source_only,logg,-1,1.0,4.586594104766846,4.581844427287575,-0.004749677479270353,0.004749677479270353,3.90424969828072,0.32037037037037036
39627845873436738,rvspecfit-main-bright-9.fits,10.641404,4140.7476,4.4231305,-0.2305438,target_adaptation,target_adaptation_clean,source_only,logg,-1,1.0,4.423130512237549,4.581583596368632,0.15845308413108317,0.15845308413108317,5.272266419075382,0.5481481481481482
39627839837835312,rvspecfit-main-bright-9.fits,26.887703,5756.1094,4.7996087,-0.56372416,target_adaptation,target_adaptation_clean,source_only,logg,-1,1.0,4.7996087074279785,4.602679157952469,-0.19692954947550945,0.19692954947550945,3.665480303167035,0.2611111111111111
39627851909038680,rvspecfit-main-bright-9.fits,24.415945,5229.0874,4.924489,-0.6512687,target_adaptation,target_adaptation_clean,source_only,logg,-1,1.0,4.9244890213012695,4.810427919228871,-0.11406110207239895,0.11406110207239895,2.992327647139228,0.1111111111111111
39627851909040122,rvspecfit-main-bright-9.fits,36.803337,5136.3687,4.809469,-0.16919953,target_adaptation,target_adaptation_clean,source_only,logg,-1,1.0,4.809469223022461,4.706679111023743,-0.10279011199871757,0.10279011199871757,4.029263855681688,0.34814814814814815
39627803594857295,rvspecfit-main-bright-0.fits,10.99711,6418.9805,4.2940784,-2.1667747,target_adaptation,target_adaptation_clean,source_only,feh,-1,1.0,-2.1667747497558594,-1.430931582028668,0.7358431677271913,0.7358431677271913,4.572652217889074,0.45740740740740743
39627803599048071,rvspecfit-main-bright-0.fits,29.84067,4924.301,4.9056416,-0.5763771,target_adaptation,target_adaptation_clean,source_only,feh,-1,1.0,-0.5763770937919617,-0.45194223621394486,0.12443485757801681,0.12443485757801681,3.30279090764646,0.17592592592592593
39627803603241898,rvspecfit-main-bright-0.fits,17.46991,6042.3057,4.9099665,-0.58877987,target_adaptation,target_adaptation_clean,source_only,feh,-1,1.0,-0.588779866695404,-0.7515454581628243,-0.1627655914674202,0.1627655914674202,3.2172306737003655,0.15
39627797563447091,rvspecfit-main-bright-0.fits,41.93319,5718.578,4.8736,-0.19918835,target_adaptation,target_adaptation_clean,source_only,feh,-1,1.0,-0.19918835163116455,-0.5913187345381202,-0.3921303829069557,0.3921303829069557,2.5274075075794795,0.04259259259259259
39627809643041136,rvspecfit-main-bright-0.fits,14.634317,4750.4663,4.721333,-0.45678666,target_adaptation,target_adaptation_clean,source_only,feh,-1,1.0,-0.4567866623401642,-0.35121981971838573,0.10556684262177846,0.10556684262177846,5.231510701838961,0.5444444444444444
39627791523645106,rvspecfit-main-bright-0.fits,26.104065,5388.0093,4.838046,-0.41602567,target_adaptation,target_adaptation_clean,source_only,feh,-1,1.0,-0.41602566838264465,-0.49186155726046593,-0.07583588887782128,0.07583588887782128,2.635871919062194,0.05
39627797563443663,rvspecfit-main-bright-0.fits,26.858652,5485.825,4.8463426,-0.38935664,target_adaptation,target_adaptation_clean,source_only,feh,-1,1.0,-0.3893566429615021,-0.48565408011743144,-0.09629743715592937,0.09629743715592937,2.3395750601471685,0.020370370370370372
39627809659819198,rvspecfit-main-bright-1.fits,11.31314,3775.1885,4.89196,0.24999999,target_adaptation,target_adaptation_clean,source_only,feh,-1,1.0,0.2499999850988388,-0.1689802598238854,-0.41898024492272423,0.41898024492272423,5.0627370456569185,0.5259259259259259
39627821731025615,rvspecfit-main-bright-1.fits,39.64362,5636.2183,5.109704,-0.17466657,target_adaptation,target_adaptation_clean,source_only,feh,-1,1.0,-0.17466656863689423,-0.4870180645315881,-0.31235149589469385,0.31235149589469385,3.1396365990019657,0.1388888888888889
39627827775013161,rvspecfit-main-bright-1.fits,27.06626,3339.7615,5.0153265,4.966097e-10,target_adaptation,target_adaptation_clean,source_only,feh,-1,1.0,4.966096978087364e-10,-0.025726069834240597,-0.025726070330850295,0.025726070330850295,4.531426676507991,0.45185185185185184
39627815691223790,rvspecfit-main-bright-1.fits,11.737336,4624.815,4.641624,-0.8060295,target_adaptation,target_adaptation_clean,source_only,feh,-1,1.0,-0.8060294985771179,-0.5209610539178055,0.28506844465931247,0.28506844465931247,5.184925095988478,0.5370370370370371
39627803611631227,rvspecfit-main-bright-1.fits,15.749072,3487.4866,4.7455225,-2.446134e-09,target_adaptation,target_adaptation_clean,source_only,feh,-1,1.0,-2.4461339620529543e-09,-0.11854212756512304,-0.11854212511898908,0.11854212511898908,5.650886737046312,0.5925925925925926
39627815687029760,rvspecfit-main-bright-1.fits,11.920938,6087.4746,4.570032,-0.79112864,target_adaptation,target_adaptation_clean,source_only,feh,-1,1.0,-0.7911286354064941,-0.8747690631744143,-0.08364042776792013,0.08364042776792013,5.061954448990182,0.5259259259259259
39627809626265783,rvspecfit-main-bright-2.fits,24.69407,5500.6396,4.6323175,-0.6599488,target_adaptation,target_adaptation_clean,source_only,feh,-1,1.0,-0.6599488258361816,-0.6105524030556837,0.04939642278049794,0.04939642278049794,3.0457452768955324,0.12037037037037036
39627803586466793,rvspecfit-main-bright-2.fits,21.809128,5732.7764,2.3931367,-1.500608,target_adaptation,target_adaptation_clean,source_only,feh,-1,1.0,-1.500607967376709,-1.3850900590639805,0.11551790831272846,0.11551790831272846,3.471997566934501,0.2037037037037037
39627821710055283,rvspecfit-main-bright-2.fits,39.63832,5821.7363,4.392738,-0.22415301,target_adaptation,target_adaptation_clean,source_only,feh,-1,1.0,-0.22415301203727722,-0.4510303888920073,-0.22687737685473008,0.22687737685473008,4.00544857295214,0.34444444444444444
39627809634650564,rvspecfit-main-bright-2.fits,15.693278,5467.129,4.3330646,-0.56172794,target_adaptation,target_adaptation_clean,source_only,feh,-1,1.0,-0.5617279410362244,-0.5195287583180532,0.042199182718171135,0.042199182718171135,4.5960732813444745,0.45740740740740743
39627809630456709,rvspecfit-main-bright-2.fits,11.1415825,4456.4375,4.312293,-0.032625537,target_adaptation,target_adaptation_clean,source_only,feh,-1,1.0,-0.03262553736567497,-0.3532448924212875,-0.3206193550556125,0.3206193550556125,5.6911579100285,0.5981481481481481
39627803590661096,rvspecfit-main-bright-2.fits,12.22762,4066.9148,4.2947297,-0.66380507,target_adaptation,target_adaptation_clean,source_only,feh,-1,1.0,-0.6638050675392151,-0.47793032984958456,0.18587473768963053,0.18587473768963053,4.127701177413087,0.37037037037037035
39627803586467082,rvspecfit-main-bright-2.fits,40.598423,4133.343,4.5962505,-0.30265576,target_adaptation,target_adaptation_clean,source_only,feh,-1,1.0,-0.30265575647354126,-0.29986181522406946,0.0027939412494717986,0.0027939412494717986,3.453069768959806,0.20185185185185187
39627809634651799,rvspecfit-main-bright-2.fits,22.70273,5224.1265,4.7891574,-0.38289738,target_adaptation,target_adaptation_clean,source_only,feh,-1,1.0,-0.38289737701416016,-0.3727678810075548,0.010129496006605343,0.010129496006605343,3.64075939382729,0.25555555555555554
39627815674448041,rvspecfit-main-bright-2.fits,32.708187,5658.781,5.072369,-0.89108366,target_adaptation,target_adaptation_clean,source_only,feh,-1,1.0,-0.8910836577415466,-0.658501946895073,0.2325817108464736,0.2325817108464736,3.6989830671817376,0.2722222222222222
39627821710051126,rvspecfit-main-bright-2.fits,19.324104,5800.0,4.612319,-0.7780842,target_adaptation,target_adaptation_clean,source_only,feh,-1,1.0,-0.7780842185020447,-0.6443891656259225,0.13369505287612216,0.13369505287612216,3.8907623484231455,0.32037037037037036
39627821710055207,rvspecfit-main-bright-2.fits,14.639302,3504.1226,4.6582346,0.0005416409,target_adaptation,target_adaptation_clean,source_only,feh,-1,1.0,0.0005416409112513065,-0.0690259765788056,-0.06956761749005691,0.06956761749005691,5.260615342067943,0.5481481481481482
39627827749851582,rvspecfit-main-bright-2.fits,10.221223,5215.1235,2.9999962,-0.6262077,target_adaptation,target_adaptation_clean,source_only,feh,-1,1.0,-0.626207709312439,-1.0326503537936762,-0.40644264448123724,0.40644264448123724,5.638657437090612,0.5888888888888889
39627821710049835,rvspecfit-main-bright-2.fits,16.31211,4376.9946,4.624699,-0.18394293,target_adaptation,target_adaptation_clean,source_only,feh,-1,1.0,-0.18394292891025543,-0.2972370233961071,-0.11329409448585165,0.11329409448585165,5.3391044535788215,0.5574074074074075
39627815670255422,rvspecfit-main-bright-2.fits,10.840911,3372.4905,4.635477,-0.25,target_adaptation,target_adaptation_clean,source_only,feh,-1,1.0,-0.25,-0.0661507396241737,0.1838492603758263,0.1838492603758263,7.5379298461363,0.7351851851851852
39627815674452489,rvspecfit-main-bright-2.fits,13.863449,5399.9995,3.7091541,-0.93474716,target_adaptation,target_adaptation_clean,source_only,feh,-1,1.0,-0.9347471594810486,-0.6543500143648575,0.28039714511619107,0.28039714511619107,3.9497891108375036,0.3314814814814815
39627809638843253,rvspecfit-main-bright-2.fits,16.62278,5755.4775,4.6176867,-0.7867621,target_adaptation,target_adaptation_clean,source_only,feh,-1,1.0,-0.7867621183395386,-0.6446184459483872,0.14214367239115133,0.14214367239115133,4.413317023965703,0.42592592592592593
39627827749850006,rvspecfit-main-bright-3.fits,14.898116,3659.4504,4.836194,-2.3115545e-08,target_adaptation,target_adaptation_clean,source_only,feh,-1,1.0,-2.3115545033647322e-08,-0.1792970599779429,-0.17929703686239787,0.17929703686239787,5.2479275925480655,0.5481481481481482
39627821718439188,rvspecfit-main-bright-3.fits,13.061227,4910.22,4.2240663,-0.55754906,target_adaptation,target_adaptation_clean,source_only,feh,-1,1.0,-0.5575490593910217,-0.5498268205082667,0.007722238882755028,0.007722238882755028,4.157489453570864,0.37777777777777777
39627827754044213,rvspecfit-main-bright-3.fits,11.1024065,3940.198,4.5390363,-0.60410625,target_adaptation,target_adaptation_clean,source_only,feh,-1,1.0,-0.6041062474250793,-0.3661887951239427,0.23791745230113664,0.23791745230113664,4.806655216872368,0.48703703703703705
39627827762433977,rvspecfit-main-bright-3.fits,51.09872,6316.872,4.3892474,-1.703405,target_adaptation,target_adaptation_clean,source_only,feh,-1,1.0,-1.7034050226211548,-1.4674413618569577,0.23596366076419706,0.23596366076419706,2.506438137613413,0.040740740740740744
39627827762432082,rvspecfit-main-bright-3.fits,15.058117,5175.255,2.3544347,-0.8051893,target_adaptation,target_adaptation_clean,source_only,feh,-1,1.0,-0.805189311504364,-1.1479432395473121,-0.34275392804294813,0.34275392804294813,5.082745648157223,0.5259259259259259
39627833802228114,rvspecfit-main-bright-3.fits,40.69197,4872.53,2.1710317,-0.6158751,target_adaptation,target_adaptation_clean,source_only,feh,-1,1.0,-0.6158751249313354,-1.0072423496594036,-0.3913672247280682,0.3913672247280682,4.46912298909452,0.4351851851851852
39627833802232755,rvspecfit-main-bright-3.fits,21.781311,3767.3179,4.6959486,-0.32300365,target_adaptation,target_adaptation_clean,source_only,feh,-1,1.0,-0.3230036497116089,-0.280192678433487,0.04281097127812189,0.04281097127812189,4.171437530361767,0.37962962962962965
39627821726831041,rvspecfit-main-bright-3.fits,17.527065,3983.1729,4.6694245,-0.39832893,target_adaptation,target_adaptation_clean,source_only,feh,-1,1.0,-0.3983289301395416,-0.33706690539475714,0.06126202474478448,0.06126202474478448,4.509849255908241,0.44814814814814813
39627821726827834,rvspecfit-main-bright-3.fits,39.950752,6056.5684,4.755575,-0.7281247,target_adaptation,target_adaptation_clean,source_only,feh,-1,1.0,-0.7281246781349182,-0.6384458043084789,0.08967887382643935,0.08967887382643935,2.896094160768775,0.09259259259259259
39627827754042290,rvspecfit-main-bright-3.fits,26.981323,4664.8623,4.3090134,-0.2699027,target_adaptation,target_adaptation_clean,source_only,feh,-1,1.0,-0.26990270614624023,-0.3117081548847879,-0.04180544873854769,0.04180544873854769,4.4332881727632625,0.42962962962962964
39627827787601108,rvspecfit-main-bright-4.fits,13.594559,5600.0,2.8374753,-0.9024334,target_adaptation,target_adaptation_clean,source_only,feh,-1,1.0,-0.9024333953857422,-1.220842337881525,-0.3184089424957828,0.3184089424957828,4.224332120334545,0.3925925925925926
39627833827396840,rvspecfit-main-bright-4.fits,20.78538,3785.6375,4.723687,-0.13778675,target_adaptation,target_adaptation_clean,source_only,feh,-1,1.0,-0.13778674602508545,-0.13829946305132534,-0.000512717026239895,0.000512717026239895,3.5769652041551216,0.23333333333333334
39627827783404270,rvspecfit-main-bright-4.fits,14.513962,5099.9995,4.719448,-0.6910971,target_adaptation,target_adaptation_clean,source_only,feh,-1,1.0,-0.69109708070755,-0.5697484141601389,0.12134866654741117,0.12134866654741117,3.4793328154625103,0.20555555555555555
39627827775014449,rvspecfit-main-bright-4.fits,29.441477,5888.1196,4.291499,-0.6786255,target_adaptation,target_adaptation_clean,source_only,feh,-1,1.0,-0.6786255240440369,-0.6925099822552876,-0.013884458211250728,0.013884458211250728,3.168693757269529,0.1425925925925926
39627833839977456,rvspecfit-main-bright-5.fits,54.748028,5234.4663,4.937126,-1.7869748,target_adaptation,target_adaptation_clean,source_only,feh,-1,1.0,-1.7869747877120972,-0.6344051124434921,1.1525696752686052,1.1525696752686052,1.8265601153702211,0.0
39627845927961460,rvspecfit-main-bright-5.fits,51.137665,3497.9336,4.8501596,-0.0005690663,target_adaptation,target_adaptation_clean,source_only,feh,-1,1.0,-0.0005690663238056004,-0.11289963738913043,-0.11233057106532483,0.11233057106532483,3.1414298505827514,0.1388888888888889
39627845919576478,rvspecfit-main-bright-5.fits,56.942127,5876.0186,4.6151533,-0.47153836,target_adaptation,target_adaptation_clean,source_only,feh,-1,1.0,-0.47153836488723755,-0.6162360282490653,-0.14469766336182777,0.14469766336182777,2.425595835826425,0.03518518518518519
39627845911185139,rvspecfit-main-bright-5.fits,13.60567,3500.0022,4.837607,-0.6006203,target_adaptation,target_adaptation_clean,source_only,feh,-1,1.0,-0.6006203293800354,-0.19144402732732324,0.40917630205271216,0.40917630205271216,5.256635711957746,0.5481481481481482
39627845911185862,rvspecfit-main-bright-5.fits,52.180164,4688.5303,4.7863235,-0.35361582,target_adaptation,target_adaptation_clean,source_only,feh,-1,1.0,-0.35361582040786743,-0.3008102804391337,0.05280553996873372,0.05280553996873372,2.35501890711617,0.020370370370370372
39627845919573608,rvspecfit-main-bright-5.fits,41.65243,3980.2285,4.369164,-0.45752466,target_adaptation,target_adaptation_clean,source_only,feh,-1,1.0,-0.4575246572494507,-0.3573227384298421,0.1002019188196086,0.1002019188196086,3.2055757956165087,0.14814814814814814
39627851955177784,rvspecfit-main-bright-5.fits,20.471989,4880.3726,4.860811,-0.46241504,target_adaptation,target_adaptation_clean,source_only,feh,-1,1.0,-0.46241503953933716,-0.46806213499357285,-0.0056470954542356955,0.0056470954542356955,3.4500657509919344,0.20185185185185187
39627851955176800,rvspecfit-main-bright-5.fits,42.303986,5968.782,3.949569,-1.75,target_adaptation,target_adaptation_clean,source_only,feh,-1,1.0,-1.75,-1.3931633972128232,0.35683660278717677,0.35683660278717677,2.4441962185877473,0.03518518518518519
39627839871387183,rvspecfit-main-bright-5.fits,14.861321,5289.941,5.244174,-0.64158565,target_adaptation,target_adaptation_clean,source_only,feh,-1,1.0,-0.641585648059845,-0.4814619893177102,0.16012365874213474,0.16012365874213474,3.188493816875172,0.14814814814814814
39627845915383630,rvspecfit-main-bright-5.fits,12.935639,3870.3203,4.7715034,-0.15778463,target_adaptation,target_adaptation_clean,source_only,feh,-1,1.0,-0.1577846258878708,-0.2111079998081479,-0.05332337392027711,0.05332337392027711,3.9486076026899206,0.3314814814814815
39627839879777318,rvspecfit-main-bright-5.fits,11.573797,4769.2603,4.848541,-0.21670501,target_adaptation,target_adaptation_clean,source_only,feh,-1,1.0,-0.21670500934123993,-0.4639241041770826,-0.24721909483584265,0.24721909483584265,5.250633988754835,0.5481481481481482
39627845911185047,rvspecfit-main-bright-5.fits,22.654123,5967.5967,3.626434,-1.2500006,target_adaptation,target_adaptation_clean,source_only,feh,-1,1.0,-1.2500005960464478,-1.2632705879211423,-0.013269991874694576,0.013269991874694576,4.552702620960067,0.45555555555555555
39627845919572527,rvspecfit-main-bright-5.fits,11.79273,3971.4514,4.5025334,-0.24574983,target_adaptation,target_adaptation_clean,source_only,feh,-1,1.0,-0.245749831199646,-0.2668216985647621,-0.021071867365116126,0.021071867365116126,5.157309615117947,0.5351851851851852
39627839850417629,rvspecfit-main-bright-6.fits,29.999779,3976.9895,4.884038,-0.20945032,target_adaptation,target_adaptation_clean,source_only,feh,-1,1.0,-0.20945031940937042,-0.18922204471217063,0.02022827469719979,0.02022827469719979,4.2818095543571575,0.40370370370370373
39627839850416191,rvspecfit-main-bright-6.fits,20.455929,3983.9275,4.4999895,-0.42671427,target_adaptation,target_adaptation_clean,source_only,feh,-1,1.0,-0.4267142713069916,-0.2789041903799106,0.14781008092708098,0.14781008092708098,4.195401741181407,0.3888888888888889
39627839850414409,rvspecfit-main-bright-6.fits,13.824127,5421.3696,2.0359952,-1.5938468,target_adaptation,target_adaptation_clean,source_only,feh,-1,1.0,-1.5938467979431152,-1.3945089310159282,0.19933786692718702,0.19933786692718702,5.026655367610999,0.524074074074074
39627857990783619,rvspecfit-main-bright-7.fits,14.156657,3442.9924,4.848441,-0.25,target_adaptation,target_adaptation_clean,source_only,feh,-1,1.0,-0.25,-0.025430503501368867,0.22456949649863114,0.22456949649863114,5.232650246081218,0.5444444444444444
39627851950982582,rvspecfit-main-bright-7.fits,26.419565,6100.0,4.04923,-0.72960013,target_adaptation,target_adaptation_clean,source_only,feh,-1,1.0,-0.7296001315116882,-0.8720109945908189,-0.14241086307913065,0.14241086307913065,2.3740683747830853,0.022222222222222223
39627815657675664,rvspecfit-main-bright-8.fits,27.215067,5916.4272,4.4029055,-0.935866,target_adaptation,target_adaptation_clean,source_only,feh,-1,1.0,-0.9358659982681274,-1.316897288138668,-0.3810312898705406,0.3810312898705406,3.5100169066807787,0.21481481481481482
39627827728876539,rvspecfit-main-bright-8.fits,19.482452,5219.4385,2.2989497,-1.1300188,target_adaptation,target_adaptation_clean,source_only,feh,-1,1.0,-1.1300188302993774,-1.1352016358822583,-0.005182805582880867,0.005182805582880867,4.5600671535955275,0.45740740740740743
39627827728879684,rvspecfit-main-bright-8.fits,16.404436,5573.247,4.6510015,-0.64734876,target_adaptation,target_adaptation_clean,source_only,feh,-1,1.0,-0.6473487615585327,-0.6408707894648734,0.006477972093659301,0.006477972093659301,4.460733832953999,0.43148148148148147
39627833781259561,rvspecfit-main-bright-8.fits,36.066288,5335.5757,4.922437,-0.6015228,target_adaptation,target_adaptation_clean,source_only,feh,-1,1.0,-0.6015228033065796,-0.5359666505021354,0.06555615280444416,0.06555615280444416,3.8228177130807293,0.30925925925925923
39627821693278142,rvspecfit-main-bright-8.fits,26.23189,3324.875,4.8183045,0.0010425537,target_adaptation,target_adaptation_clean,source_only,feh,-1,1.0,0.0010425536893308163,-0.00211145279270996,-0.003154006482040776,0.003154006482040776,5.649650153213907,0.5925925925925926
39627821693278007,rvspecfit-main-bright-8.fits,10.223609,3536.3093,4.4999967,-0.25,target_adaptation,target_adaptation_clean,source_only,feh,-1,1.0,-0.25,-0.21182248405236145,0.038177515947638546,0.038177515947638546,5.315524935202865,0.55
39627827741464455,rvspecfit-main-bright-8.fits,16.736538,3249.3542,5.100072,0.2816905,target_adaptation,target_adaptation_clean,source_only,feh,-1,1.0,0.2816905081272125,-0.39531751649414887,-0.6770080246213614,0.6770080246213614,5.415446097073593,0.5648148148148148
39627827741459986,rvspecfit-main-bright-8.fits,31.110973,5400.0103,4.9394345,-0.41839907,target_adaptation,target_adaptation_clean,source_only,feh,-1,1.0,-0.41839906573295593,-0.5149615062928686,-0.0965624405599127,0.0965624405599127,4.371798299354826,0.4185185185185185
39627827745656693,rvspecfit-main-bright-8.fits,18.901367,3590.7085,4.73918,-0.50000024,target_adaptation,target_adaptation_clean,source_only,feh,-1,1.0,-0.5000002384185791,-0.2820870577955282,0.21791318062305093,0.21791318062305093,4.437243179218797,0.42962962962962964
39627839816862859,rvspecfit-main-bright-8.fits,12.294117,3818.9517,4.8039713,-0.5316026,target_adaptation,target_adaptation_clean,source_only,feh,-1,1.0,-0.5316026210784912,-0.20995439081367995,0.32164823026481126,0.32164823026481126,3.885212179555666,0.32037037037037036
39627827733075007,rvspecfit-main-bright-8.fits,23.686485,4679.1724,4.765825,-0.15760839,target_adaptation,target_adaptation_clean,source_only,feh,-1,1.0,-0.15760838985443115,-0.32814731746643505,-0.1705389276120039,0.1705389276120039,3.3189886199473158,0.17962962962962964
39627821693277119,rvspecfit-main-bright-8.fits,12.216362,5445.0186,4.308834,-1.1340196,target_adaptation,target_adaptation_clean,source_only,feh,-1,1.0,-1.1340196132659912,-0.7958698828596006,0.3381497304063906,0.3381497304063906,4.142258533047225,0.37037037037037035
39627821693273249,rvspecfit-main-bright-8.fits,12.805407,4980.9224,4.3829007,-0.6115879,target_adaptation,target_adaptation_clean,source_only,feh,-1,1.0,-0.6115878820419312,-0.5221081566344946,0.08947972540743654,0.08947972540743654,3.2402901804566246,0.1537037037037037
39627851904850549,rvspecfit-main-bright-9.fits,31.58326,5109.8677,4.9675303,-0.52756715,target_adaptation,target_adaptation_clean,source_only,feh,-1,1.0,-0.5275671482086182,-0.4168778665472442,0.11068928166137398,0.11068928166137398,2.8335417665280573,0.08148148148148149
39627851913235331,rvspecfit-main-bright-9.fits,44.60277,5979.274,4.1944733,-1.0025191,target_adaptation,target_adaptation_clean,source_only,feh,-1,1.0,-1.002519130706787,-1.4829607958719138,-0.48044166516512665,0.48044166516512665,2.659643018937187,0.05
39627833789647752,rvspecfit-main-bright-9.fits,13.692571,3394.0723,4.901531,-0.0002486735,target_adaptation,target_adaptation_clean,source_only,feh,-1,1.0,-0.00024867348838597536,-0.03766813957226939,-0.03741946608388341,0.03741946608388341,5.0504659794434765,0.5259259259259259
39627845860853049,rvspecfit-main-bright-9.fits,29.708738,5999.1562,4.164504,-0.96866876,target_adaptation,target_adaptation_clean,source_only,feh,-1,1.0,-0.9686687588691711,-0.9911560846244301,-0.022487325755258913,0.022487325755258913,2.4141561298516314,0.02962962962962963
39627851900655643,rvspecfit-main-bright-9.fits,22.355614,3558.9602,4.776924,-0.5,target_adaptation,target_adaptation_clean,source_only,feh,-1,1.0,-0.5,-0.2315037839053044,0.2684962160946956,0.2684962160946956,4.870028408987799,0.4981481481481482
39627851909042105,rvspecfit-main-bright-9.fits,45.547585,5923.363,4.3918366,-0.9261837,target_adaptation,target_adaptation_clean,source_only,feh,-1,1.0,-0.9261837005615234,-0.8383881822600964,0.08779551830142707,0.08779551830142707,2.234635626594653,0.018518518518518517
39627857948838089,rvspecfit-main-bright-9.fits,25.18785,4261.327,4.295881,0.03582409,target_adaptation,target_adaptation_clean,source_only,feh,-1,1.0,0.035824090242385864,-0.3393326207896545,-0.37515671103204035,0.37515671103204035,4.900307394395501,0.4981481481481482
39627839829444065,rvspecfit-main-bright-9.fits,18.62369,4266.4834,4.732861,-0.6181301,target_adaptation,target_adaptation_clean,source_only,feh,-1,1.0,-0.618130087852478,-0.3120465089241044,0.3060835789283736,0.3060835789283736,3.4631705589212416,0.20185185185185187
39627833789651570,rvspecfit-main-bright-9.fits,12.966924,5899.9985,5.220459,-1.2240173,target_adaptation,target_adaptation_clean,source_only,feh,-1,1.0,-1.2240172624588013,-0.8650676351846287,0.35894962727417257,0.35894962727417257,3.6142435722410244,0.24259259259259258
39627839829448511,rvspecfit-main-bright-9.fits,28.729,4831.138,4.714761,-0.5400862,target_adaptation,target_adaptation_clean,source_only,feh,-1,1.0,-0.5400862097740173,-0.3458878850750626,0.19419832469895476,0.19419832469895476,3.1756990379114267,0.1425925925925926
39627839833640094,rvspecfit-main-bright-9.fits,33.846916,5385.3105,4.8750367,-1.3138634,target_adaptation,target_adaptation_clean,source_only,feh,-1,1.0,-1.3138633966445923,-0.7906773227577407,0.5231860738868516,0.5231860738868516,3.2374429570044123,0.1537037037037037
39627845873435511,rvspecfit-main-bright-9.fits,18.039541,3983.3965,4.586594,-0.57457286,target_adaptation,target_adaptation_clean,source_only,feh,-1,1.0,-0.5745728611946106,-0.382161982267474,0.1924108789271366,0.1924108789271366,3.90424969828072,0.32037037037037036
39627845873436738,rvspecfit-main-bright-9.fits,10.641404,4140.7476,4.4231305,-0.2305438,target_adaptation,target_adaptation_clean,source_only,feh,-1,1.0,-0.2305438071489334,-0.2660732151823696,-0.03552940803343618,0.03552940803343618,5.272266419075382,0.5481481481481482
39627839837835312,rvspecfit-main-bright-9.fits,26.887703,5756.1094,4.7996087,-0.56372416,target_adaptation,target_adaptation_clean,source_only,feh,-1,1.0,-0.563724160194397,-0.637167450169791,-0.07344328997539407,0.07344328997539407,3.665480303167035,0.2611111111111111
39627851909038680,rvspecfit-main-bright-9.fits,24.415945,5229.0874,4.924489,-0.6512687,target_adaptation,target_adaptation_clean,source_only,feh,-1,1.0,-0.651268720626831,-0.512332610737843,0.13893610988898808,0.13893610988898808,2.992327647139228,0.1111111111111111
39627851909040122,rvspecfit-main-bright-9.fits,36.803337,5136.3687,4.809469,-0.16919953,target_adaptation,target_adaptation_clean,source_only,feh,-1,1.0,-0.16919952630996704,-0.5183205200266093,-0.3491209937166423,0.3491209937166423,4.029263855681688,0.34814814814814815
39627803594857295,rvspecfit-main-bright-0.fits,10.99711,6418.9805,4.2940784,-2.1667747,target_adaptation,target_adaptation_clean,noise_augmented,teff,-1,1.0,6418.98046875,6124.873484395346,-294.10698435465383,294.10698435465383,4.572652217889074,0.45740740740740743
39627803599048071,rvspecfit-main-bright-0.fits,29.84067,4924.301,4.9056416,-0.5763771,target_adaptation,target_adaptation_clean,noise_augmented,teff,-1,1.0,4924.30078125,4998.1302460530615,73.82946480306146,73.82946480306146,3.30279090764646,0.17592592592592593
39627803603241898,rvspecfit-main-bright-0.fits,17.46991,6042.3057,4.9099665,-0.58877987,target_adaptation,target_adaptation_clean,noise_augmented,teff,-1,1.0,6042.3056640625,5949.3427196655275,-92.96294439697249,92.96294439697249,3.2172306737003655,0.15
39627797563447091,rvspecfit-main-bright-0.fits,41.93319,5718.578,4.8736,-0.19918835,target_adaptation,target_adaptation_clean,noise_augmented,teff,-1,1.0,5718.578125,5519.233024414063,-199.34510058593696,199.34510058593696,2.5274075075794795,0.04259259259259259
39627809643041136,rvspecfit-main-bright-0.fits,14.634317,4750.4663,4.721333,-0.45678666,target_adaptation,target_adaptation_clean,noise_augmented,teff,-1,1.0,4750.46630859375,4662.364012664794,-88.10229592895575,88.10229592895575,5.231510701838961,0.5444444444444444
39627791523645106,rvspecfit-main-bright-0.fits,26.104065,5388.0093,4.838046,-0.41602567,target_adaptation,target_adaptation_clean,noise_augmented,teff,-1,1.0,5388.00927734375,5399.031634541829,11.02235719807868,11.02235719807868,2.635871919062194,0.05
39627797563443663,rvspecfit-main-bright-0.fits,26.858652,5485.825,4.8463426,-0.38935664,target_adaptation,target_adaptation_clean,noise_augmented,teff,-1,1.0,5485.8251953125,5593.973362569173,108.14816725667333,108.14816725667333,2.3395750601471685,0.020370370370370372
39627809659819198,rvspecfit-main-bright-1.fits,11.31314,3775.1885,4.89196,0.24999999,target_adaptation,target_adaptation_clean,noise_augmented,teff,-1,1.0,3775.1884765625,3679.255638905843,-95.93283765665683,95.93283765665683,5.0627370456569185,0.5259259259259259
39627821731025615,rvspecfit-main-bright-1.fits,39.64362,5636.2183,5.109704,-0.17466657,target_adaptation,target_adaptation_clean,noise_augmented,teff,-1,1.0,5636.21826171875,5309.326918640137,-326.8913430786133,326.8913430786133,3.1396365990019657,0.1388888888888889
39627827775013161,rvspecfit-main-bright-1.fits,27.06626,3339.7615,5.0153265,4.966097e-10,target_adaptation,target_adaptation_clean,noise_augmented,teff,-1,1.0,3339.761474609375,3343.880924255371,4.119449645996156,4.119449645996156,4.531426676507991,0.45185185185185184
39627815691223790,rvspecfit-main-bright-1.fits,11.737336,4624.815,4.641624,-0.8060295,target_adaptation,target_adaptation_clean,noise_augmented,teff,-1,1.0,4624.81494140625,4760.596612172445,135.78167076619502,135.78167076619502,5.184925095988478,0.5370370370370371
39627803611631227,rvspecfit-main-bright-1.fits,15.749072,3487.4866,4.7455225,-2.446134e-09,target_adaptation,target_adaptation_clean,noise_augmented,teff,-1,1.0,3487.486572265625,3476.0025601094558,-11.484012156169229,11.484012156169229,5.650886737046312,0.5925925925925926
39627815687029760,rvspecfit-main-bright-1.fits,11.920938,6087.4746,4.570032,-0.79112864,target_adaptation,target_adaptation_clean,noise_augmented,teff,-1,1.0,6087.474609375,5873.435102274579,-214.03950710042136,214.03950710042136,5.061954448990182,0.5259259259259259
39627809626265783,rvspecfit-main-bright-2.fits,24.69407,5500.6396,4.6323175,-0.6599488,target_adaptation,target_adaptation_clean,noise_augmented,teff,-1,1.0,5500.6396484375,5579.281295674641,78.64164723714111,78.64164723714111,3.0457452768955324,0.12037037037037036
39627803586466793,rvspecfit-main-bright-2.fits,21.809128,5732.7764,2.3931367,-1.500608,target_adaptation,target_adaptation_clean,noise_augmented,teff,-1,1.0,5732.7763671875,5904.8293842773455,172.05301708984553,172.05301708984553,3.471997566934501,0.2037037037037037
39627821710055283,rvspecfit-main-bright-2.fits,39.63832,5821.7363,4.392738,-0.22415301,target_adaptation,target_adaptation_clean,noise_augmented,teff,-1,1.0,5821.736328125,5571.631183125814,-250.10514499918645,250.10514499918645,4.00544857295214,0.34444444444444444
39627809634650564,rvspecfit-main-bright-2.fits,15.693278,5467.129,4.3330646,-0.56172794,target_adaptation,target_adaptation_clean,noise_augmented,teff,-1,1.0,5467.12890625,5562.310719950357,95.18181370035745,95.18181370035745,4.5960732813444745,0.45740740740740743
39627809630456709,rvspecfit-main-bright-2.fits,11.1415825,4456.4375,4.312293,-0.032625537,target_adaptation,target_adaptation_clean,noise_augmented,teff,-1,1.0,4456.4375,4365.388473266603,-91.04902673339711,91.04902673339711,5.6911579100285,0.5981481481481481
39627803590661096,rvspecfit-main-bright-2.fits,12.22762,4066.9148,4.2947297,-0.66380507,target_adaptation,target_adaptation_clean,noise_augmented,teff,-1,1.0,4066.914794921875,4172.217537801109,105.30274287923385,105.30274287923385,4.127701177413087,0.37037037037037035
39627803586467082,rvspecfit-main-bright-2.fits,40.598423,4133.343,4.5962505,-0.30265576,target_adaptation,target_adaptation_clean,noise_augmented,teff,-1,1.0,4133.3427734375,4174.372609822593,41.029836385093404,41.029836385093404,3.453069768959806,0.20185185185185187
39627809634651799,rvspecfit-main-bright-2.fits,22.70273,5224.1265,4.7891574,-0.38289738,target_adaptation,target_adaptation_clean,noise_augmented,teff,-1,1.0,5224.12646484375,5210.623058166503,-13.503406677246858,13.503406677246858,3.64075939382729,0.25555555555555554
39627815674448041,rvspecfit-main-bright-2.fits,32.708187,5658.781,5.072369,-0.89108366,target_adaptation,target_adaptation_clean,noise_augmented,teff,-1,1.0,5658.78076171875,5652.498233947758,-6.282527770991692,6.282527770991692,3.6989830671817376,0.2722222222222222
39627821710051126,rvspecfit-main-bright-2.fits,19.324104,5800.0,4.612319,-0.7780842,target_adaptation,target_adaptation_clean,noise_augmented,teff,-1,1.0,5800.0,5791.8595684000675,-8.140431599932526,8.140431599932526,3.8907623484231455,0.32037037037037036
39627821710055207,rvspecfit-main-bright-2.fits,14.639302,3504.1226,4.6582346,0.0005416409,target_adaptation,target_adaptation_clean,noise_augmented,teff,-1,1.0,3504.12255859375,3473.9377084859234,-30.184850107826605,30.184850107826605,5.260615342067943,0.5481481481481482
39627827749851582,rvspecfit-main-bright-2.fits,10.221223,5215.1235,2.9999962,-0.6262077,target_adaptation,target_adaptation_clean,noise_augmented,teff,-1,1.0,5215.12353515625,5557.1490308431,342.02549568685026,342.02549568685026,5.638657437090612,0.5888888888888889
39627821710049835,rvspecfit-main-bright-2.fits,16.31211,4376.9946,4.624699,-0.18394293,target_adaptation,target_adaptation_clean,noise_augmented,teff,-1,1.0,4376.99462890625,4259.324047475179,-117.67058143107079,117.67058143107079,5.3391044535788215,0.5574074074074075
39627815670255422,rvspecfit-main-bright-2.fits,10.840911,3372.4905,4.635477,-0.25,target_adaptation,target_adaptation_clean,noise_augmented,teff,-1,1.0,3372.490478515625,3486.6150462239584,114.12456770833342,114.12456770833342,7.5379298461363,0.7351851851851852
39627815674452489,rvspecfit-main-bright-2.fits,13.863449,5399.9995,3.7091541,-0.93474716,target_adaptation,target_adaptation_clean,noise_augmented,teff,-1,1.0,5399.99951171875,5846.280354146323,446.2808424275727,446.2808424275727,3.9497891108375036,0.3314814814814815
39627809638843253,rvspecfit-main-bright-2.fits,16.62278,5755.4775,4.6176867,-0.7867621,target_adaptation,target_adaptation_clean,noise_augmented,teff,-1,1.0,5755.4775390625,5841.694816894535,86.2172778320346,86.2172778320346,4.413317023965703,0.42592592592592593
39627827749850006,rvspecfit-main-bright-3.fits,14.898116,3659.4504,4.836194,-2.3115545e-08,target_adaptation,target_adaptation_clean,noise_augmented,teff,-1,1.0,3659.450439453125,3655.82584383138,-3.624595621744902,3.624595621744902,5.2479275925480655,0.5481481481481482
39627821718439188,rvspecfit-main-bright-3.fits,13.061227,4910.22,4.2240663,-0.55754906,target_adaptation,target_adaptation_clean,noise_augmented,teff,-1,1.0,4910.22021484375,5009.110364034015,98.89014919026522,98.89014919026522,4.157489453570864,0.37777777777777777
39627827754044213,rvspecfit-main-bright-3.fits,11.1024065,3940.198,4.5390363,-0.60410625,target_adaptation,target_adaptation_clean,noise_augmented,teff,-1,1.0,3940.197998046875,4024.1583094177254,83.96031137085038,83.96031137085038,4.806655216872368,0.48703703703703705
39627827762433977,rvspecfit-main-bright-3.fits,51.09872,6316.872,4.3892474,-1.703405,target_adaptation,target_adaptation_clean,noise_augmented,teff,-1,1.0,6316.8720703125,6167.197623026529,-149.67444728597093,149.67444728597093,2.506438137613413,0.040740740740740744
39627827762432082,rvspecfit-main-bright-3.fits,15.058117,5175.255,2.3544347,-0.8051893,target_adaptation,target_adaptation_clean,noise_augmented,teff,-1,1.0,5175.2548828125,5581.158332784016,405.90344997151624,405.90344997151624,5.082745648157223,0.5259259259259259
39627833802228114,rvspecfit-main-bright-3.fits,40.69197,4872.53,2.1710317,-0.6158751,target_adaptation,target_adaptation_clean,noise_augmented,teff,-1,1.0,4872.52978515625,5426.365420491537,553.8356353352874,553.8356353352874,4.46912298909452,0.4351851851851852
39627833802232755,rvspecfit-main-bright-3.fits,21.781311,3767.3179,4.6959486,-0.32300365,target_adaptation,target_adaptation_clean,noise_augmented,teff,-1,1.0,3767.31787109375,3783.346040690104,16.02816959635402,16.02816959635402,4.171437530361767,0.37962962962962965
39627821726831041,rvspecfit-main-bright-3.fits,17.527065,3983.1729,4.6694245,-0.39832893,target_adaptation,target_adaptation_clean,noise_augmented,teff,-1,1.0,3983.1728515625,4080.8501623026527,97.67731074015273,97.67731074015273,4.509849255908241,0.44814814814814813
39627821726827834,rvspecfit-main-bright-3.fits,39.950752,6056.5684,4.755575,-0.7281247,target_adaptation,target_adaptation_clean,noise_augmented,teff,-1,1.0,6056.568359375,5895.172341552734,-161.396017822266,161.396017822266,2.896094160768775,0.09259259259259259
39627827754042290,rvspecfit-main-bright-3.fits,26.981323,4664.8623,4.3090134,-0.2699027,target_adaptation,target_adaptation_clean,noise_augmented,teff,-1,1.0,4664.8623046875,4670.623039499918,5.760734812418377,5.760734812418377,4.4332881727632625,0.42962962962962964
39627827787601108,rvspecfit-main-bright-4.fits,13.594559,5600.0,2.8374753,-0.9024334,target_adaptation,target_adaptation_clean,noise_augmented,teff,-1,1.0,5600.0,5602.3929894409175,2.3929894409175176,2.3929894409175176,4.224332120334545,0.3925925925925926
39627833827396840,rvspecfit-main-bright-4.fits,20.78538,3785.6375,4.723687,-0.13778675,target_adaptation,target_adaptation_clean,noise_augmented,teff,-1,1.0,3785.637451171875,3888.6086404215484,102.97118924967344,102.97118924967344,3.5769652041551216,0.23333333333333334
39627827783404270,rvspecfit-main-bright-4.fits,14.513962,5099.9995,4.719448,-0.6910971,target_adaptation,target_adaptation_clean,noise_augmented,teff,-1,1.0,5099.99951171875,5418.314560180665,318.31504846191456,318.31504846191456,3.4793328154625103,0.20555555555555555
39627827775014449,rvspecfit-main-bright-4.fits,29.441477,5888.1196,4.291499,-0.6786255,target_adaptation,target_adaptation_clean,noise_augmented,teff,-1,1.0,5888.11962890625,5900.978366638182,12.858737731931797,12.858737731931797,3.168693757269529,0.1425925925925926
39627833839977456,rvspecfit-main-bright-5.fits,54.748028,5234.4663,4.937126,-1.7869748,target_adaptation,target_adaptation_clean,noise_augmented,teff,-1,1.0,5234.46630859375,5820.968268249509,586.5019596557586,586.5019596557586,1.8265601153702211,0.0
39627845927961460,rvspecfit-main-bright-5.fits,51.137665,3497.9336,4.8501596,-0.0005690663,target_adaptation,target_adaptation_clean,noise_augmented,teff,-1,1.0,3497.93359375,3509.5029315287284,11.569337778728368,11.569337778728368,3.1414298505827514,0.1388888888888889
39627845919576478,rvspecfit-main-bright-5.fits,56.942127,5876.0186,4.6151533,-0.47153836,target_adaptation,target_adaptation_clean,noise_augmented,teff,-1,1.0,5876.0185546875,5819.63367504883,-56.3848796386701,56.3848796386701,2.425595835826425,0.03518518518518519
39627845911185139,rvspecfit-main-bright-5.fits,13.60567,3500.0022,4.837607,-0.6006203,target_adaptation,target_adaptation_clean,noise_augmented,teff,-1,1.0,3500.002197265625,3545.137000854493,45.13480358886818,45.13480358886818,5.256635711957746,0.5481481481481482
39627845911185862,rvspecfit-main-bright-5.fits,52.180164,4688.5303,4.7863235,-0.35361582,target_adaptation,target_adaptation_clean,noise_augmented,teff,-1,1.0,4688.5302734375,4676.366819040935,-12.163454396564703,12.163454396564703,2.35501890711617,0.020370370370370372
39627845919573608,rvspecfit-main-bright-5.fits,41.65243,3980.2285,4.369164,-0.45752466,target_adaptation,target_adaptation_clean,noise_augmented,teff,-1,1.0,3980.228515625,4105.665359375,125.43684374999975,125.43684374999975,3.2055757956165087,0.14814814814814814
39627851955177784,rvspecfit-main-bright-5.fits,20.471989,4880.3726,4.860811,-0.46241504,target_adaptation,target_adaptation_clean,noise_augmented,teff,-1,1.0,4880.37255859375,4852.660872711182,-27.711685882568418,27.711685882568418,3.4500657509919344,0.20185185185185187
39627851955176800,rvspecfit-main-bright-5.fits,42.303986,5968.782,3.949569,-1.75,target_adaptation,target_adaptation_clean,noise_augmented,teff,-1,1.0,5968.7822265625,6138.688731811522,169.9065052490223,169.9065052490223,2.4441962185877473,0.03518518518518519
39627839871387183,rvspecfit-main-bright-5.fits,14.861321,5289.941,5.244174,-0.64158565,target_adaptation,target_adaptation_clean,noise_augmented,teff,-1,1.0,5289.94091796875,5474.874521179203,184.93360321045293,184.93360321045293,3.188493816875172,0.14814814814814814
39627845915383630,rvspecfit-main-bright-5.fits,12.935639,3870.3203,4.7715034,-0.15778463,target_adaptation,target_adaptation_clean,noise_augmented,teff,-1,1.0,3870.3203125,3808.0804800720216,-62.2398324279784,62.2398324279784,3.9486076026899206,0.3314814814814815
39627839879777318,rvspecfit-main-bright-5.fits,11.573797,4769.2603,4.848541,-0.21670501,target_adaptation,target_adaptation_clean,noise_augmented,teff,-1,1.0,4769.26025390625,4729.200253743492,-40.060000162758115,40.060000162758115,5.250633988754835,0.5481481481481482
39627845911185047,rvspecfit-main-bright-5.fits,22.654123,5967.5967,3.626434,-1.2500006,target_adaptation,target_adaptation_clean,noise_augmented,teff,-1,1.0,5967.5966796875,5996.4267919515,28.83011226399958,28.83011226399958,4.552702620960067,0.45555555555555555
39627845919572527,rvspecfit-main-bright-5.fits,11.79273,3971.4514,4.5025334,-0.24574983,target_adaptation,target_adaptation_clean,noise_augmented,teff,-1,1.0,3971.451416015625,3994.5901226196293,23.138706604004255,23.138706604004255,5.157309615117947,0.5351851851851852
39627839850417629,rvspecfit-main-bright-6.fits,29.999779,3976.9895,4.884038,-0.20945032,target_adaptation,target_adaptation_clean,noise_augmented,teff,-1,1.0,3976.989501953125,4040.276954264324,63.287452311199104,63.287452311199104,4.2818095543571575,0.40370370370370373
39627839850416191,rvspecfit-main-bright-6.fits,20.455929,3983.9275,4.4999895,-0.42671427,target_adaptation,target_adaptation_clean,noise_augmented,teff,-1,1.0,3983.927490234375,4021.2156764119463,37.28818617757133,37.28818617757133,4.195401741181407,0.3888888888888889
39627839850414409,rvspecfit-main-bright-6.fits,13.824127,5421.3696,2.0359952,-1.5938468,target_adaptation,target_adaptation_clean,noise_augmented,teff,-1,1.0,5421.36962890625,5864.025621256508,442.6559923502582,442.6559923502582,5.026655367610999,0.524074074074074
39627857990783619,rvspecfit-main-bright-7.fits,14.156657,3442.9924,4.848441,-0.25,target_adaptation,target_adaptation_clean,noise_augmented,teff,-1,1.0,3442.992431640625,3436.8517192891454,-6.1407123514795785,6.1407123514795785,5.232650246081218,0.5444444444444444
39627851950982582,rvspecfit-main-bright-7.fits,26.419565,6100.0,4.04923,-0.72960013,target_adaptation,target_adaptation_clean,noise_augmented,teff,-1,1.0,6100.0,6045.524482137045,-54.4755178629548,54.4755178629548,2.3740683747830853,0.022222222222222223
39627815657675664,rvspecfit-main-bright-8.fits,27.215067,5916.4272,4.4029055,-0.935866,target_adaptation,target_adaptation_clean,noise_augmented,teff,-1,1.0,5916.42724609375,5908.349346252438,-8.077899841311591,8.077899841311591,3.5100169066807787,0.21481481481481482
39627827728876539,rvspecfit-main-bright-8.fits,19.482452,5219.4385,2.2989497,-1.1300188,target_adaptation,target_adaptation_clean,noise_augmented,teff,-1,1.0,5219.4384765625,5443.993525777183,224.5550492146831,224.5550492146831,4.5600671535955275,0.45740740740740743
39627827728879684,rvspecfit-main-bright-8.fits,16.404436,5573.247,4.6510015,-0.64734876,target_adaptation,target_adaptation_clean,noise_augmented,teff,-1,1.0,5573.2470703125,5667.404842651369,94.15777233886911,94.15777233886911,4.460733832953999,0.43148148148148147
39627833781259561,rvspecfit-main-bright-8.fits,36.066288,5335.5757,4.922437,-0.6015228,target_adaptation,target_adaptation_clean,noise_augmented,teff,-1,1.0,5335.57568359375,5408.972201741537,73.39651814778699,73.39651814778699,3.8228177130807293,0.30925925925925923
39627821693278142,rvspecfit-main-bright-8.fits,26.23189,3324.875,4.8183045,0.0010425537,target_adaptation,target_adaptation_clean,noise_augmented,teff,-1,1.0,3324.875,3372.6044669799808,47.72946697998077,47.72946697998077,5.649650153213907,0.5925925925925926
39627821693278007,rvspecfit-main-bright-8.fits,10.223609,3536.3093,4.4999967,-0.25,target_adaptation,target_adaptation_clean,noise_augmented,teff,-1,1.0,3536.309326171875,3658.369114573161,122.05978840128591,122.05978840128591,5.315524935202865,0.55
39627827741464455,rvspecfit-main-bright-8.fits,16.736538,3249.3542,5.100072,0.2816905,target_adaptation,target_adaptation_clean,noise_augmented,teff,-1,1.0,3249.354248046875,3775.663648376466,526.309400329591,526.309400329591,5.415446097073593,0.5648148148148148
39627827741459986,rvspecfit-main-bright-8.fits,31.110973,5400.0103,4.9394345,-0.41839907,target_adaptation,target_adaptation_clean,noise_augmented,teff,-1,1.0,5400.01025390625,5406.372046386714,6.361792480463919,6.361792480463919,4.371798299354826,0.4185185185185185
39627827745656693,rvspecfit-main-bright-8.fits,18.901367,3590.7085,4.73918,-0.50000024,target_adaptation,target_adaptation_clean,noise_augmented,teff,-1,1.0,3590.70849609375,3615.349584035238,24.641087941487967,24.641087941487967,4.437243179218797,0.42962962962962964
39627839816862859,rvspecfit-main-bright-8.fits,12.294117,3818.9517,4.8039713,-0.5316026,target_adaptation,target_adaptation_clean,noise_augmented,teff,-1,1.0,3818.95166015625,3828.426509785971,9.47484962972112,9.47484962972112,3.885212179555666,0.32037037037037036
39627827733075007,rvspecfit-main-bright-8.fits,23.686485,4679.1724,4.765825,-0.15760839,target_adaptation,target_adaptation_clean,noise_augmented,teff,-1,1.0,4679.17236328125,4611.6037090657555,-67.56865421549446,67.56865421549446,3.3189886199473158,0.17962962962962964
39627821693277119,rvspecfit-main-bright-8.fits,12.216362,5445.0186,4.308834,-1.1340196,target_adaptation,target_adaptation_clean,noise_augmented,teff,-1,1.0,5445.0185546875,5690.4423960164395,245.4238413289395,245.4238413289395,4.142258533047225,0.37037037037037035
39627821693273249,rvspecfit-main-bright-8.fits,12.805407,4980.9224,4.3829007,-0.6115879,target_adaptation,target_adaptation_clean,noise_augmented,teff,-1,1.0,4980.92236328125,5435.729802368163,454.8074390869133,454.8074390869133,3.2402901804566246,0.1537037037037037
39627851904850549,rvspecfit-main-bright-9.fits,31.58326,5109.8677,4.9675303,-0.52756715,target_adaptation,target_adaptation_clean,noise_augmented,teff,-1,1.0,5109.86767578125,5239.29543642171,129.4277606404603,129.4277606404603,2.8335417665280573,0.08148148148148149
39627851913235331,rvspecfit-main-bright-9.fits,44.60277,5979.274,4.1944733,-1.0025191,target_adaptation,target_adaptation_clean,noise_augmented,teff,-1,1.0,5979.27392578125,6133.035815856932,153.76189007568155,153.76189007568155,2.659643018937187,0.05
39627833789647752,rvspecfit-main-bright-9.fits,13.692571,3394.0723,4.901531,-0.0002486735,target_adaptation,target_adaptation_clean,noise_augmented,teff,-1,1.0,3394.072265625,3461.260329355876,67.18806373087591,67.18806373087591,5.0504659794434765,0.5259259259259259
39627845860853049,rvspecfit-main-bright-9.fits,29.708738,5999.1562,4.164504,-0.96866876,target_adaptation,target_adaptation_clean,noise_augmented,teff,-1,1.0,5999.15625,6044.8987936401345,45.7425436401345,45.7425436401345,2.4141561298516314,0.02962962962962963
39627851900655643,rvspecfit-main-bright-9.fits,22.355614,3558.9602,4.776924,-0.5,target_adaptation,target_adaptation_clean,noise_augmented,teff,-1,1.0,3558.960205078125,3616.9601117655448,57.99990668741975,57.99990668741975,4.870028408987799,0.4981481481481482
39627851909042105,rvspecfit-main-bright-9.fits,45.547585,5923.363,4.3918366,-0.9261837,target_adaptation,target_adaptation_clean,noise_augmented,teff,-1,1.0,5923.36279296875,5949.458828592936,26.096035624185788,26.096035624185788,2.234635626594653,0.018518518518518517
39627857948838089,rvspecfit-main-bright-9.fits,25.18785,4261.327,4.295881,0.03582409,target_adaptation,target_adaptation_clean,noise_augmented,teff,-1,1.0,4261.3271484375,4200.2651065266955,-61.06204191080451,61.06204191080451,4.900307394395501,0.4981481481481482
39627839829444065,rvspecfit-main-bright-9.fits,18.62369,4266.4834,4.732861,-0.6181301,target_adaptation,target_adaptation_clean,noise_augmented,teff,-1,1.0,4266.4833984375,4406.708500000001,140.22510156250064,140.22510156250064,3.4631705589212416,0.20185185185185187
39627833789651570,rvspecfit-main-bright-9.fits,12.966924,5899.9985,5.220459,-1.2240173,target_adaptation,target_adaptation_clean,noise_augmented,teff,-1,1.0,5899.99853515625,5936.854506001792,36.85597084554229,36.85597084554229,3.6142435722410244,0.24259259259259258
39627839829448511,rvspecfit-main-bright-9.fits,28.729,4831.138,4.714761,-0.5400862,target_adaptation,target_adaptation_clean,noise_augmented,teff,-1,1.0,4831.13818359375,4974.602455444337,143.46427185058656,143.46427185058656,3.1756990379114267,0.1425925925925926
39627839833640094,rvspecfit-main-bright-9.fits,33.846916,5385.3105,4.8750367,-1.3138634,target_adaptation,target_adaptation_clean,noise_augmented,teff,-1,1.0,5385.310546875,5754.359311848957,369.0487649739571,369.0487649739571,3.2374429570044123,0.1537037037037037
39627845873435511,rvspecfit-main-bright-9.fits,18.039541,3983.3965,4.586594,-0.57457286,target_adaptation,target_adaptation_clean,noise_augmented,teff,-1,1.0,3983.396484375,4148.721528137207,165.32504376220732,165.32504376220732,3.90424969828072,0.32037037037037036
39627845873436738,rvspecfit-main-bright-9.fits,10.641404,4140.7476,4.4231305,-0.2305438,target_adaptation,target_adaptation_clean,noise_augmented,teff,-1,1.0,4140.74755859375,4179.594835947672,38.847277353922436,38.847277353922436,5.272266419075382,0.5481481481481482
39627839837835312,rvspecfit-main-bright-9.fits,26.887703,5756.1094,4.7996087,-0.56372416,target_adaptation,target_adaptation_clean,noise_augmented,teff,-1,1.0,5756.109375,5686.140900227864,-69.96847477213578,69.96847477213578,3.665480303167035,0.2611111111111111
39627851909038680,rvspecfit-main-bright-9.fits,24.415945,5229.0874,4.924489,-0.6512687,target_adaptation,target_adaptation_clean,noise_augmented,teff,-1,1.0,5229.08740234375,5312.650999715169,83.56359737141884,83.56359737141884,2.992327647139228,0.1111111111111111
39627851909040122,rvspecfit-main-bright-9.fits,36.803337,5136.3687,4.809469,-0.16919953,target_adaptation,target_adaptation_clean,noise_augmented,teff,-1,1.0,5136.36865234375,4932.611601969402,-203.75705037434818,203.75705037434818,4.029263855681688,0.34814814814814815
39627803594857295,rvspecfit-main-bright-0.fits,10.99711,6418.9805,4.2940784,-2.1667747,target_adaptation,target_adaptation_clean,noise_augmented,logg,-1,1.0,4.294078350067139,4.239399095733962,-0.054679254333176885,0.054679254333176885,4.572652217889074,0.45740740740740743
39627803599048071,rvspecfit-main-bright-0.fits,29.84067,4924.301,4.9056416,-0.5763771,target_adaptation,target_adaptation_clean,noise_augmented,logg,-1,1.0,4.905641555786133,4.809934868852297,-0.09570668693383588,0.09570668693383588,3.30279090764646,0.17592592592592593
39627803603241898,rvspecfit-main-bright-0.fits,17.46991,6042.3057,4.9099665,-0.58877987,target_adaptation,target_adaptation_clean,noise_augmented,logg,-1,1.0,4.909966468811035,4.536662958800793,-0.373303510010242,0.373303510010242,3.2172306737003655,0.15
39627797563447091,rvspecfit-main-bright-0.fits,41.93319,5718.578,4.8736,-0.19918835,target_adaptation,target_adaptation_clean,noise_augmented,logg,-1,1.0,4.873600006103516,4.864122693041961,-0.00947731306155486,0.00947731306155486,2.5274075075794795,0.04259259259259259
39627809643041136,rvspecfit-main-bright-0.fits,14.634317,4750.4663,4.721333,-0.45678666,target_adaptation,target_adaptation_clean,noise_augmented,logg,-1,1.0,4.721333026885986,4.627638313531874,-0.09369471335411195,0.09369471335411195,5.231510701838961,0.5444444444444444
39627791523645106,rvspecfit-main-bright-0.fits,26.104065,5388.0093,4.838046,-0.41602567,target_adaptation,target_adaptation_clean,noise_augmented,logg,-1,1.0,4.838046073913574,4.794140969077746,-0.043905104835828546,0.043905104835828546,2.635871919062194,0.05
39627797563443663,rvspecfit-main-bright-0.fits,26.858652,5485.825,4.8463426,-0.38935664,target_adaptation,target_adaptation_clean,noise_augmented,logg,-1,1.0,4.84634256362915,4.745597891747951,-0.10074467188119929,0.10074467188119929,2.3395750601471685,0.020370370370370372
39627809659819198,rvspecfit-main-bright-1.fits,11.31314,3775.1885,4.89196,0.24999999,target_adaptation,target_adaptation_clean,noise_augmented,logg,-1,1.0,4.891960144042969,4.688623970508576,-0.20333617353439237,0.20333617353439237,5.0627370456569185,0.5259259259259259
39627821731025615,rvspecfit-main-bright-1.fits,39.64362,5636.2183,5.109704,-0.17466657,target_adaptation,target_adaptation_clean,noise_augmented,logg,-1,1.0,5.10970401763916,4.974812238732974,-0.1348917789061863,0.1348917789061863,3.1396365990019657,0.1388888888888889
39627827775013161,rvspecfit-main-bright-1.fits,27.06626,3339.7615,5.0153265,4.966097e-10,target_adaptation,target_adaptation_clean,noise_augmented,logg,-1,1.0,5.015326499938965,4.733922726233796,-0.28140377370516845,0.28140377370516845,4.531426676507991,0.45185185185185184
39627815691223790,rvspecfit-main-bright-1.fits,11.737336,4624.815,4.641624,-0.8060295,target_adaptation,target_adaptation_clean,noise_augmented,logg,-1,1.0,4.6416239738464355,4.7856053132216125,0.143981339375177,0.143981339375177,5.184925095988478,0.5370370370370371
39627803611631227,rvspecfit-main-bright-1.fits,15.749072,3487.4866,4.7455225,-2.446134e-09,target_adaptation,target_adaptation_clean,noise_augmented,logg,-1,1.0,4.745522499084473,4.659722015202046,-0.08580048388242645,0.08580048388242645,5.650886737046312,0.5925925925925926
39627815687029760,rvspecfit-main-bright-1.fits,11.920938,6087.4746,4.570032,-0.79112864,target_adaptation,target_adaptation_clean,noise_augmented,logg,-1,1.0,4.570032119750977,4.374700174788635,-0.19533194496234163,0.19533194496234163,5.061954448990182,0.5259259259259259
39627809626265783,rvspecfit-main-bright-2.fits,24.69407,5500.6396,4.6323175,-0.6599488,target_adaptation,target_adaptation_clean,noise_augmented,logg,-1,1.0,4.632317543029785,4.575156115452447,-0.057161427577337776,0.057161427577337776,3.0457452768955324,0.12037037037037036
39627803586466793,rvspecfit-main-bright-2.fits,21.809128,5732.7764,2.3931367,-1.500608,target_adaptation,target_adaptation_clean,noise_augmented,logg,-1,1.0,2.393136739730835,4.0192745079497465,1.6261377682189115,1.6261377682189115,3.471997566934501,0.2037037037037037
39627821710055283,rvspecfit-main-bright-2.fits,39.63832,5821.7363,4.392738,-0.22415301,target_adaptation,target_adaptation_clean,noise_augmented,logg,-1,1.0,4.392737865447998,4.7800454885562225,0.3873076231082244,0.3873076231082244,4.00544857295214,0.34444444444444444
39627809634650564,rvspecfit-main-bright-2.fits,15.693278,5467.129,4.3330646,-0.56172794,target_adaptation,target_adaptation_clean,noise_augmented,logg,-1,1.0,4.333064556121826,4.718656172037125,0.385591615915299,0.385591615915299,4.5960732813444745,0.45740740740740743
39627809630456709,rvspecfit-main-bright-2.fits,11.1415825,4456.4375,4.312293,-0.032625537,target_adaptation,target_adaptation_clean,noise_augmented,logg,-1,1.0,4.31229305267334,4.599577634592851,0.28728458191951134,0.28728458191951134,5.6911579100285,0.5981481481481481
39627803590661096,rvspecfit-main-bright-2.fits,12.22762,4066.9148,4.2947297,-0.66380507,target_adaptation,target_adaptation_clean,noise_augmented,logg,-1,1.0,4.294729709625244,4.589117968459924,0.29438825883467956,0.29438825883467956,4.127701177413087,0.37037037037037035
39627803586467082,rvspecfit-main-bright-2.fits,40.598423,4133.343,4.5962505,-0.30265576,target_adaptation,target_adaptation_clean,noise_augmented,logg,-1,1.0,4.596250534057617,4.594040823698045,-0.0022097103595726253,0.0022097103595726253,3.453069768959806,0.20185185185185187
39627809634651799,rvspecfit-main-bright-2.fits,22.70273,5224.1265,4.7891574,-0.38289738,target_adaptation,target_adaptation_clean,noise_augmented,logg,-1,1.0,4.789157390594482,4.882702394187451,0.09354500359296836,0.09354500359296836,3.64075939382729,0.25555555555555554
39627815674448041,rvspecfit-main-bright-2.fits,32.708187,5658.781,5.072369,-0.89108366,target_adaptation,target_adaptation_clean,noise_augmented,logg,-1,1.0,5.07236909866333,4.714890796641508,-0.3574783020218222,0.3574783020218222,3.6989830671817376,0.2722222222222222
39627821710051126,rvspecfit-main-bright-2.fits,19.324104,5800.0,4.612319,-0.7780842,target_adaptation,target_adaptation_clean,noise_augmented,logg,-1,1.0,4.612318992614746,4.67899248633782,0.06667349372307374,0.06667349372307374,3.8907623484231455,0.32037037037037036
39627821710055207,rvspecfit-main-bright-2.fits,14.639302,3504.1226,4.6582346,0.0005416409,target_adaptation,target_adaptation_clean,noise_augmented,logg,-1,1.0,4.658234596252441,4.676741064528625,0.01850646827618352,0.01850646827618352,5.260615342067943,0.5481481481481482
39627827749851582,rvspecfit-main-bright-2.fits,10.221223,5215.1235,2.9999962,-0.6262077,target_adaptation,target_adaptation_clean,noise_augmented,logg,-1,1.0,2.9999961853027344,3.53563133050998,0.5356351452072454,0.5356351452072454,5.638657437090612,0.5888888888888889
39627821710049835,rvspecfit-main-bright-2.fits,16.31211,4376.9946,4.624699,-0.18394293,target_adaptation,target_adaptation_clean,noise_augmented,logg,-1,1.0,4.624699115753174,4.612236899395785,-0.012462216357389089,0.012462216357389089,5.3391044535788215,0.5574074074074075
39627815670255422,rvspecfit-main-bright-2.fits,10.840911,3372.4905,4.635477,-0.25,target_adaptation,target_adaptation_clean,noise_augmented,logg,-1,1.0,4.635477066040039,4.6994187585612135,0.06394169252117443,0.06394169252117443,7.5379298461363,0.7351851851851852
39627815674452489,rvspecfit-main-bright-2.fits,13.863449,5399.9995,3.7091541,-0.93474716,target_adaptation,target_adaptation_clean,noise_augmented,logg,-1,1.0,3.7091541290283203,4.523915029734374,0.8147609007060534,0.8147609007060534,3.9497891108375036,0.3314814814814815
39627809638843253,rvspecfit-main-bright-2.fits,16.62278,5755.4775,4.6176867,-0.7867621,target_adaptation,target_adaptation_clean,noise_augmented,logg,-1,1.0,4.617686748504639,4.463284387896459,-0.1544023606081799,0.1544023606081799,4.413317023965703,0.42592592592592593
39627827749850006,rvspecfit-main-bright-3.fits,14.898116,3659.4504,4.836194,-2.3115545e-08,target_adaptation,target_adaptation_clean,noise_augmented,logg,-1,1.0,4.836194038391113,4.667757772743702,-0.16843626564741143,0.16843626564741143,5.2479275925480655,0.5481481481481482
39627821718439188,rvspecfit-main-bright-3.fits,13.061227,4910.22,4.2240663,-0.55754906,target_adaptation,target_adaptation_clean,noise_augmented,logg,-1,1.0,4.224066257476807,4.801874190519254,0.5778079330424477,0.5778079330424477,4.157489453570864,0.37777777777777777
39627827754044213,rvspecfit-main-bright-3.fits,11.1024065,3940.198,4.5390363,-0.60410625,target_adaptation,target_adaptation_clean,noise_augmented,logg,-1,1.0,4.539036273956299,4.548547644784054,0.009511370827754995,0.009511370827754995,4.806655216872368,0.48703703703703705
39627827762433977,rvspecfit-main-bright-3.fits,51.09872,6316.872,4.3892474,-1.703405,target_adaptation,target_adaptation_clean,noise_augmented,logg,-1,1.0,4.389247417449951,4.405402598718803,0.016155181268851848,0.016155181268851848,2.506438137613413,0.040740740740740744
39627827762432082,rvspecfit-main-bright-3.fits,15.058117,5175.255,2.3544347,-0.8051893,target_adaptation,target_adaptation_clean,noise_augmented,logg,-1,1.0,2.3544347286224365,3.600008919477462,1.2455741908550255,1.2455741908550255,5.082745648157223,0.5259259259259259
39627833802228114,rvspecfit-main-bright-3.fits,40.69197,4872.53,2.1710317,-0.6158751,target_adaptation,target_adaptation_clean,noise_augmented,logg,-1,1.0,2.1710317134857178,3.412766381313402,1.2417346678276844,1.2417346678276844,4.46912298909452,0.4351851851851852
39627833802232755,rvspecfit-main-bright-3.fits,21.781311,3767.3179,4.6959486,-0.32300365,target_adaptation,target_adaptation_clean,noise_augmented,logg,-1,1.0,4.695948600769043,4.6368161481221515,-0.05913245264689149,0.05913245264689149,4.171437530361767,0.37962962962962965
39627821726831041,rvspecfit-main-bright-3.fits,17.527065,3983.1729,4.6694245,-0.39832893,target_adaptation,target_adaptation_clean,noise_augmented,logg,-1,1.0,4.669424533843994,4.584383646031219,-0.08504088781277552,0.08504088781277552,4.509849255908241,0.44814814814814813
39627821726827834,rvspecfit-main-bright-3.fits,39.950752,6056.5684,4.755575,-0.7281247,target_adaptation,target_adaptation_clean,noise_augmented,logg,-1,1.0,4.755575180053711,4.713447012186052,-0.04212816786765927,0.04212816786765927,2.896094160768775,0.09259259259259259
39627827754042290,rvspecfit-main-bright-3.fits,26.981323,4664.8623,4.3090134,-0.2699027,target_adaptation,target_adaptation_clean,noise_augmented,logg,-1,1.0,4.309013366699219,4.715559459586938,0.40654609288771937,0.40654609288771937,4.4332881727632625,0.42962962962962964
39627827787601108,rvspecfit-main-bright-4.fits,13.594559,5600.0,2.8374753,-0.9024334,target_adaptation,target_adaptation_clean,noise_augmented,logg,-1,1.0,2.837475299835205,3.758205816686153,0.9207305168509481,0.9207305168509481,4.224332120334545,0.3925925925925926
39627833827396840,rvspecfit-main-bright-4.fits,20.78538,3785.6375,4.723687,-0.13778675,target_adaptation,target_adaptation_clean,noise_augmented,logg,-1,1.0,4.723687171936035,4.706789442082247,-0.016897729853788235,0.016897729853788235,3.5769652041551216,0.23333333333333334
39627827783404270,rvspecfit-main-bright-4.fits,14.513962,5099.9995,4.719448,-0.6910971,target_adaptation,target_adaptation_clean,noise_augmented,logg,-1,1.0,4.719448089599609,4.7801822475393605,0.06073415793975112,0.06073415793975112,3.4793328154625103,0.20555555555555555
39627827775014449,rvspecfit-main-bright-4.fits,29.441477,5888.1196,4.291499,-0.6786255,target_adaptation,target_adaptation_clean,noise_augmented,logg,-1,1.0,4.291499137878418,4.637962116440137,0.3464629785617186,0.3464629785617186,3.168693757269529,0.1425925925925926
39627833839977456,rvspecfit-main-bright-5.fits,54.748028,5234.4663,4.937126,-1.7869748,target_adaptation,target_adaptation_clean,noise_augmented,logg,-1,1.0,4.937126159667969,4.562071530540785,-0.3750546291271837,0.3750546291271837,1.8265601153702211,0.0
39627845927961460,rvspecfit-main-bright-5.fits,51.137665,3497.9336,4.8501596,-0.0005690663,target_adaptation,target_adaptation_clean,noise_augmented,logg,-1,1.0,4.850159645080566,4.611010012686253,-0.2391496323943132,0.2391496323943132,3.1414298505827514,0.1388888888888889
39627845919576478,rvspecfit-main-bright-5.fits,56.942127,5876.0186,4.6151533,-0.47153836,target_adaptation,target_adaptation_clean,noise_augmented,logg,-1,1.0,4.6151533126831055,4.620844545096158,0.005691232413052916,0.005691232413052916,2.425595835826425,0.03518518518518519
39627845911185139,rvspecfit-main-bright-5.fits,13.60567,3500.0022,4.837607,-0.6006203,target_adaptation,target_adaptation_clean,noise_augmented,logg,-1,1.0,4.837606906890869,4.6849426740209275,-0.15266423286994169,0.15266423286994169,5.256635711957746,0.5481481481481482
39627845911185862,rvspecfit-main-bright-5.fits,52.180164,4688.5303,4.7863235,-0.35361582,target_adaptation,target_adaptation_clean,noise_augmented,logg,-1,1.0,4.786323547363281,4.692892051100732,-0.0934314962625491,0.0934314962625491,2.35501890711617,0.020370370370370372
39627845919573608,rvspecfit-main-bright-5.fits,41.65243,3980.2285,4.369164,-0.45752466,target_adaptation,target_adaptation_clean,noise_augmented,logg,-1,1.0,4.369163990020752,4.606390254318716,0.23722626429796367,0.23722626429796367,3.2055757956165087,0.14814814814814814
39627851955177784,rvspecfit-main-bright-5.fits,20.471989,4880.3726,4.860811,-0.46241504,target_adaptation,target_adaptation_clean,noise_augmented,logg,-1,1.0,4.860811233520508,4.733152153491975,-0.12765908002853266,0.12765908002853266,3.4500657509919344,0.20185185185185187
39627851955176800,rvspecfit-main-bright-5.fits,42.303986,5968.782,3.949569,-1.75,target_adaptation,target_adaptation_clean,noise_augmented,logg,-1,1.0,3.9495689868927,4.4026766630212455,0.4531076761285453,0.4531076761285453,2.4441962185877473,0.03518518518518519
39627839871387183,rvspecfit-main-bright-5.fits,14.861321,5289.941,5.244174,-0.64158565,target_adaptation,target_adaptation_clean,noise_augmented,logg,-1,1.0,5.244174003601074,4.829501295586427,-0.4146727080146473,0.4146727080146473,3.188493816875172,0.14814814814814814
39627845915383630,rvspecfit-main-bright-5.fits,12.935639,3870.3203,4.7715034,-0.15778463,target_adaptation,target_adaptation_clean,noise_augmented,logg,-1,1.0,4.771503448486328,4.690926201611758,-0.08057724687457046,0.08057724687457046,3.9486076026899206,0.3314814814814815
39627839879777318,rvspecfit-main-bright-5.fits,11.573797,4769.2603,4.848541,-0.21670501,target_adaptation,target_adaptation_clean,noise_augmented,logg,-1,1.0,4.848540782928467,4.73378086680174,-0.11475991612672676,0.11475991612672676,5.250633988754835,0.5481481481481482
39627845911185047,rvspecfit-main-bright-5.fits,22.654123,5967.5967,3.626434,-1.2500006,target_adaptation,target_adaptation_clean,noise_augmented,logg,-1,1.0,3.626434087753296,4.043288669675589,0.4168545819222933,0.4168545819222933,4.552702620960067,0.45555555555555555
39627845919572527,rvspecfit-main-bright-5.fits,11.79273,3971.4514,4.5025334,-0.24574983,target_adaptation,target_adaptation_clean,noise_augmented,logg,-1,1.0,4.502533435821533,4.594134883284567,0.09160144746303356,0.09160144746303356,5.157309615117947,0.5351851851851852
39627839850417629,rvspecfit-main-bright-6.fits,29.999779,3976.9895,4.884038,-0.20945032,target_adaptation,target_adaptation_clean,noise_augmented,logg,-1,1.0,4.884037971496582,4.710047771155834,-0.1739902003407483,0.1739902003407483,4.2818095543571575,0.40370370370370373
39627839850416191,rvspecfit-main-bright-6.fits,20.455929,3983.9275,4.4999895,-0.42671427,target_adaptation,target_adaptation_clean,noise_augmented,logg,-1,1.0,4.4999895095825195,4.678204449832439,0.17821494024991935,0.17821494024991935,4.195401741181407,0.3888888888888889
39627839850414409,rvspecfit-main-bright-6.fits,13.824127,5421.3696,2.0359952,-1.5938468,target_adaptation,target_adaptation_clean,noise_augmented,logg,-1,1.0,2.0359952449798584,3.8523899268607322,1.8163946818808738,1.8163946818808738,5.026655367610999,0.524074074074074
39627857990783619,rvspecfit-main-bright-7.fits,14.156657,3442.9924,4.848441,-0.25,target_adaptation,target_adaptation_clean,noise_augmented,logg,-1,1.0,4.848441123962402,4.721064237634343,-0.12737688632805977,0.12737688632805977,5.232650246081218,0.5444444444444444
39627851950982582,rvspecfit-main-bright-7.fits,26.419565,6100.0,4.04923,-0.72960013,target_adaptation,target_adaptation_clean,noise_augmented,logg,-1,1.0,4.049230098724365,4.40853212438027,0.3593020256559045,0.3593020256559045,2.3740683747830853,0.022222222222222223
39627815657675664,rvspecfit-main-bright-8.fits,27.215067,5916.4272,4.4029055,-0.935866,target_adaptation,target_adaptation_clean,noise_augmented,logg,-1,1.0,4.402905464172363,3.8731319175859267,-0.5297735465864366,0.5297735465864366,3.5100169066807787,0.21481481481481482
39627827728876539,rvspecfit-main-bright-8.fits,19.482452,5219.4385,2.2989497,-1.1300188,target_adaptation,target_adaptation_clean,noise_augmented,logg,-1,1.0,2.298949718475342,2.8355118511418507,0.5365621326665089,0.5365621326665089,4.5600671535955275,0.45740740740740743
39627827728879684,rvspecfit-main-bright-8.fits,16.404436,5573.247,4.6510015,-0.64734876,target_adaptation,target_adaptation_clean,noise_augmented,logg,-1,1.0,4.651001453399658,4.655196668545406,0.0041952151457476106,0.0041952151457476106,4.460733832953999,0.43148148148148147
39627833781259561,rvspecfit-main-bright-8.fits,36.066288,5335.5757,4.922437,-0.6015228,target_adaptation,target_adaptation_clean,noise_augmented,logg,-1,1.0,4.9224371910095215,4.7589834750096,-0.1634537159999212,0.1634537159999212,3.8228177130807293,0.30925925925925923
39627821693278142,rvspecfit-main-bright-8.fits,26.23189,3324.875,4.8183045,0.0010425537,target_adaptation,target_adaptation_clean,noise_augmented,logg,-1,1.0,4.818304538726807,4.73868278010686,-0.0796217586199468,0.0796217586199468,5.649650153213907,0.5925925925925926
39627821693278007,rvspecfit-main-bright-8.fits,10.223609,3536.3093,4.4999967,-0.25,target_adaptation,target_adaptation_clean,noise_augmented,logg,-1,1.0,4.499996662139893,4.623176886022089,0.12318022388219685,0.12318022388219685,5.315524935202865,0.55
39627827741464455,rvspecfit-main-bright-8.fits,16.736538,3249.3542,5.100072,0.2816905,target_adaptation,target_adaptation_clean,noise_augmented,logg,-1,1.0,5.100071907043457,4.5934393320779,-0.5066325749655567,0.5066325749655567,5.415446097073593,0.5648148148148148
39627827741459986,rvspecfit-main-bright-8.fits,31.110973,5400.0103,4.9394345,-0.41839907,target_adaptation,target_adaptation_clean,noise_augmented,logg,-1,1.0,4.93943452835083,4.70201313687364,-0.23742139147718966,0.23742139147718966,4.371798299354826,0.4185185185185185
39627827745656693,rvspecfit-main-bright-8.fits,18.901367,3590.7085,4.73918,-0.50000024,target_adaptation,target_adaptation_clean,noise_augmented,logg,-1,1.0,4.739180088043213,4.6260150736173,-0.11316501442591331,0.11316501442591331,4.437243179218797,0.42962962962962964
39627839816862859,rvspecfit-main-bright-8.fits,12.294117,3818.9517,4.8039713,-0.5316026,target_adaptation,target_adaptation_clean,noise_augmented,logg,-1,1.0,4.803971290588379,4.673432467261949,-0.13053882332642974,0.13053882332642974,3.885212179555666,0.32037037037037036
39627827733075007,rvspecfit-main-bright-8.fits,23.686485,4679.1724,4.765825,-0.15760839,target_adaptation,target_adaptation_clean,noise_augmented,logg,-1,1.0,4.765824794769287,4.660150897781052,-0.10567389698823515,0.10567389698823515,3.3189886199473158,0.17962962962962964
39627821693277119,rvspecfit-main-bright-8.fits,12.216362,5445.0186,4.308834,-1.1340196,target_adaptation,target_adaptation_clean,noise_augmented,logg,-1,1.0,4.308834075927734,4.580735607246558,0.27190153131882333,0.27190153131882333,4.142258533047225,0.37037037037037035
39627821693273249,rvspecfit-main-bright-8.fits,12.805407,4980.9224,4.3829007,-0.6115879,target_adaptation,target_adaptation_clean,noise_augmented,logg,-1,1.0,4.382900714874268,4.818120699505012,0.4352199846307441,0.4352199846307441,3.2402901804566246,0.1537037037037037
39627851904850549,rvspecfit-main-bright-9.fits,31.58326,5109.8677,4.9675303,-0.52756715,target_adaptation,target_adaptation_clean,noise_augmented,logg,-1,1.0,4.967530250549316,4.791197580575942,-0.17633266997337405,0.17633266997337405,2.8335417665280573,0.08148148148148149
39627851913235331,rvspecfit-main-bright-9.fits,44.60277,5979.274,4.1944733,-1.0025191,target_adaptation,target_adaptation_clean,noise_augmented,logg,-1,1.0,4.1944732666015625,4.368268843442204,0.17379557684064117,0.17379557684064117,2.659643018937187,0.05
39627833789647752,rvspecfit-main-bright-9.fits,13.692571,3394.0723,4.901531,-0.0002486735,target_adaptation,target_adaptation_clean,noise_augmented,logg,-1,1.0,4.901531219482422,4.707898330410323,-0.19363288907209864,0.19363288907209864,5.0504659794434765,0.5259259259259259
39627845860853049,rvspecfit-main-bright-9.fits,29.708738,5999.1562,4.164504,-0.96866876,target_adaptation,target_adaptation_clean,noise_augmented,logg,-1,1.0,4.164504051208496,4.29432957994938,0.12982552874088427,0.12982552874088427,2.4141561298516314,0.02962962962962963
39627851900655643,rvspecfit-main-bright-9.fits,22.355614,3558.9602,4.776924,-0.5,target_adaptation,target_adaptation_clean,noise_augmented,logg,-1,1.0,4.776924133300781,4.578078861494856,-0.19884527180592482,0.19884527180592482,4.870028408987799,0.4981481481481482
39627851909042105,rvspecfit-main-bright-9.fits,45.547585,5923.363,4.3918366,-0.9261837,target_adaptation,target_adaptation_clean,noise_augmented,logg,-1,1.0,4.391836643218994,4.421911051531631,0.03007440831263697,0.03007440831263697,2.234635626594653,0.018518518518518517
39627857948838089,rvspecfit-main-bright-9.fits,25.18785,4261.327,4.295881,0.03582409,target_adaptation,target_adaptation_clean,noise_augmented,logg,-1,1.0,4.2958807945251465,4.587105543394884,0.2912247488697375,0.2912247488697375,4.900307394395501,0.4981481481481482
39627839829444065,rvspecfit-main-bright-9.fits,18.62369,4266.4834,4.732861,-0.6181301,target_adaptation,target_adaptation_clean,noise_augmented,logg,-1,1.0,4.732861042022705,4.627754976153372,-0.10510606586933324,0.10510606586933324,3.4631705589212416,0.20185185185185187
39627833789651570,rvspecfit-main-bright-9.fits,12.966924,5899.9985,5.220459,-1.2240173,target_adaptation,target_adaptation_clean,noise_augmented,logg,-1,1.0,5.220458984375,4.495355153053999,-0.7251038313210012,0.7251038313210012,3.6142435722410244,0.24259259259259258
39627839829448511,rvspecfit-main-bright-9.fits,28.729,4831.138,4.714761,-0.5400862,target_adaptation,target_adaptation_clean,noise_augmented,logg,-1,1.0,4.714760780334473,4.798278944691021,0.08351816435654857,0.08351816435654857,3.1756990379114267,0.1425925925925926
39627839833640094,rvspecfit-main-bright-9.fits,33.846916,5385.3105,4.8750367,-1.3138634,target_adaptation,target_adaptation_clean,noise_augmented,logg,-1,1.0,4.875036716461182,4.526103887001673,-0.34893282945950865,0.34893282945950865,3.2374429570044123,0.1537037037037037
39627845873435511,rvspecfit-main-bright-9.fits,18.039541,3983.3965,4.586594,-0.57457286,target_adaptation,target_adaptation_clean,noise_augmented,logg,-1,1.0,4.586594104766846,4.582688543836275,-0.0039055609305709282,0.0039055609305709282,3.90424969828072,0.32037037037037036
39627845873436738,rvspecfit-main-bright-9.fits,10.641404,4140.7476,4.4231305,-0.2305438,target_adaptation,target_adaptation_clean,noise_augmented,logg,-1,1.0,4.423130512237549,4.592849355459212,0.16971884322166275,0.16971884322166275,5.272266419075382,0.5481481481481482
39627839837835312,rvspecfit-main-bright-9.fits,26.887703,5756.1094,4.7996087,-0.56372416,target_adaptation,target_adaptation_clean,noise_augmented,logg,-1,1.0,4.7996087074279785,4.609899624953666,-0.1897090824743124,0.1897090824743124,3.665480303167035,0.2611111111111111
39627851909038680,rvspecfit-main-bright-9.fits,24.415945,5229.0874,4.924489,-0.6512687,target_adaptation,target_adaptation_clean,noise_augmented,logg,-1,1.0,4.9244890213012695,4.814732299745083,-0.10975672155618632,0.10975672155618632,2.992327647139228,0.1111111111111111
39627851909040122,rvspecfit-main-bright-9.fits,36.803337,5136.3687,4.809469,-0.16919953,target_adaptation,target_adaptation_clean,noise_augmented,logg,-1,1.0,4.809469223022461,4.737899550269048,-0.0715696727534132,0.0715696727534132,4.029263855681688,0.34814814814814815
39627803594857295,rvspecfit-main-bright-0.fits,10.99711,6418.9805,4.2940784,-2.1667747,target_adaptation,target_adaptation_clean,noise_augmented,feh,-1,1.0,-2.1667747497558594,-1.358424413264705,0.8083503364911544,0.8083503364911544,4.572652217889074,0.45740740740740743
39627803599048071,rvspecfit-main-bright-0.fits,29.84067,4924.301,4.9056416,-0.5763771,target_adaptation,target_adaptation_clean,noise_augmented,feh,-1,1.0,-0.5763770937919617,-0.44139518773881725,0.13498190605314442,0.13498190605314442,3.30279090764646,0.17592592592592593
39627803603241898,rvspecfit-main-bright-0.fits,17.46991,6042.3057,4.9099665,-0.58877987,target_adaptation,target_adaptation_clean,noise_augmented,feh,-1,1.0,-0.588779866695404,-0.7288391214211782,-0.14005925472577418,0.14005925472577418,3.2172306737003655,0.15
39627797563447091,rvspecfit-main-bright-0.fits,41.93319,5718.578,4.8736,-0.19918835,target_adaptation,target_adaptation_clean,noise_augmented,feh,-1,1.0,-0.19918835163116455,-0.5963808737223347,-0.3971925220911702,0.3971925220911702,2.5274075075794795,0.04259259259259259
39627809643041136,rvspecfit-main-bright-0.fits,14.634317,4750.4663,4.721333,-0.45678666,target_adaptation,target_adaptation_clean,noise_augmented,feh,-1,1.0,-0.4567866623401642,-0.2495208058706516,0.2072658564695126,0.2072658564695126,5.231510701838961,0.5444444444444444
39627791523645106,rvspecfit-main-bright-0.fits,26.104065,5388.0093,4.838046,-0.41602567,target_adaptation,target_adaptation_clean,noise_augmented,feh,-1,1.0,-0.41602566838264465,-0.5108764626247184,-0.09485079424207377,0.09485079424207377,2.635871919062194,0.05
39627797563443663,rvspecfit-main-bright-0.fits,26.858652,5485.825,4.8463426,-0.38935664,target_adaptation,target_adaptation_clean,noise_augmented,feh,-1,1.0,-0.3893566429615021,-0.49630486866117773,-0.10694822569967566,0.10694822569967566,2.3395750601471685,0.020370370370370372
39627809659819198,rvspecfit-main-bright-1.fits,11.31314,3775.1885,4.89196,0.24999999,target_adaptation,target_adaptation_clean,noise_augmented,feh,-1,1.0,0.2499999850988388,-0.16713519358904028,-0.4171351786878791,0.4171351786878791,5.0627370456569185,0.5259259259259259
39627821731025615,rvspecfit-main-bright-1.fits,39.64362,5636.2183,5.109704,-0.17466657,target_adaptation,target_adaptation_clean,noise_augmented,feh,-1,1.0,-0.17466656863689423,-0.49547671123097353,-0.3208101425940793,0.3208101425940793,3.1396365990019657,0.1388888888888889
39627827775013161,rvspecfit-main-bright-1.fits,27.06626,3339.7615,5.0153265,4.966097e-10,target_adaptation,target_adaptation_clean,noise_augmented,feh,-1,1.0,4.966096978087364e-10,-0.02498395022226381,-0.024983950718873507,0.024983950718873507,4.531426676507991,0.45185185185185184
39627815691223790,rvspecfit-main-bright-1.fits,11.737336,4624.815,4.641624,-0.8060295,target_adaptation,target_adaptation_clean,noise_augmented,feh,-1,1.0,-0.8060294985771179,-0.5181608415540929,0.287868657023025,0.287868657023025,5.184925095988478,0.5370370370370371
39627803611631227,rvspecfit-main-bright-1.fits,15.749072,3487.4866,4.7455225,-2.446134e-09,target_adaptation,target_adaptation_clean,noise_augmented,feh,-1,1.0,-2.4461339620529543e-09,-0.06552981659483102,-0.06552981414869706,0.06552981414869706,5.650886737046312,0.5925925925925926
39627815687029760,rvspecfit-main-bright-1.fits,11.920938,6087.4746,4.570032,-0.79112864,target_adaptation,target_adaptation_clean,noise_augmented,feh,-1,1.0,-0.7911286354064941,-0.9054914805103718,-0.11436284510387762,0.11436284510387762,5.061954448990182,0.5259259259259259
39627809626265783,rvspecfit-main-bright-2.fits,24.69407,5500.6396,4.6323175,-0.6599488,target_adaptation,target_adaptation_clean,noise_augmented,feh,-1,1.0,-0.6599488258361816,-0.599755857779955,0.06019296805622665,0.06019296805622665,3.0457452768955324,0.12037037037037036
39627803586466793,rvspecfit-main-bright-2.fits,21.809128,5732.7764,2.3931367,-1.500608,target_adaptation,target_adaptation_clean,noise_augmented,feh,-1,1.0,-1.500607967376709,-1.3188933887233336,0.18171457865337537,0.18171457865337537,3.471997566934501,0.2037037037037037
39627821710055283,rvspecfit-main-bright-2.fits,39.63832,5821.7363,4.392738,-0.22415301,target_adaptation,target_adaptation_clean,noise_augmented,feh,-1,1.0,-0.22415301203727722,-0.4615622974528622,-0.23740928541558498,0.23740928541558498,4.00544857295214,0.34444444444444444
39627809634650564,rvspecfit-main-bright-2.fits,15.693278,5467.129,4.3330646,-0.56172794,target_adaptation,target_adaptation_clean,noise_augmented,feh,-1,1.0,-0.5617279410362244,-0.5030935631585305,0.05863437787769388,0.05863437787769388,4.5960732813444745,0.45740740740740743
39627809630456709,rvspecfit-main-bright-2.fits,11.1415825,4456.4375,4.312293,-0.032625537,target_adaptation,target_adaptation_clean,noise_augmented,feh,-1,1.0,-0.03262553736567497,-0.3275790292719577,-0.2949534919062827,0.2949534919062827,5.6911579100285,0.5981481481481481
39627803590661096,rvspecfit-main-bright-2.fits,12.22762,4066.9148,4.2947297,-0.66380507,target_adaptation,target_adaptation_clean,noise_augmented,feh,-1,1.0,-0.6638050675392151,-0.48362470287289633,0.18018036466631876,0.18018036466631876,4.127701177413087,0.37037037037037035
39627803586467082,rvspecfit-main-bright-2.fits,40.598423,4133.343,4.5962505,-0.30265576,target_adaptation,target_adaptation_clean,noise_augmented,feh,-1,1.0,-0.30265575647354126,-0.2694746080674351,0.03318114840610614,0.03318114840610614,3.453069768959806,0.20185185185185187
39627809634651799,rvspecfit-main-bright-2.fits,22.70273,5224.1265,4.7891574,-0.38289738,target_adaptation,target_adaptation_clean,noise_augmented,feh,-1,1.0,-0.38289737701416016,-0.36814259819298356,0.014754778821176595,0.014754778821176595,3.64075939382729,0.25555555555555554
39627815674448041,rvspecfit-main-bright-2.fits,32.708187,5658.781,5.072369,-0.89108366,target_adaptation,target_adaptation_clean,noise_augmented,feh,-1,1.0,-0.8910836577415466,-0.6524767097312337,0.2386069480103129,0.2386069480103129,3.6989830671817376,0.2722222222222222
39627821710051126,rvspecfit-main-bright-2.fits,19.324104,5800.0,4.612319,-0.7780842,target_adaptation,target_adaptation_clean,noise_augmented,feh,-1,1.0,-0.7780842185020447,-0.6368212429328513,0.14126297556919343,0.14126297556919343,3.8907623484231455,0.32037037037037036
39627821710055207,rvspecfit-main-bright-2.fits,14.639302,3504.1226,4.6582346,0.0005416409,target_adaptation,target_adaptation_clean,noise_augmented,feh,-1,1.0,0.0005416409112513065,-0.04512318208201659,-0.0456648229932679,0.0456648229932679,5.260615342067943,0.5481481481481482
39627827749851582,rvspecfit-main-bright-2.fits,10.221223,5215.1235,2.9999962,-0.6262077,target_adaptation,target_adaptation_clean,noise_augmented,feh,-1,1.0,-0.626207709312439,-0.9989272905625397,-0.37271958125010074,0.37271958125010074,5.638657437090612,0.5888888888888889
39627821710049835,rvspecfit-main-bright-2.fits,16.31211,4376.9946,4.624699,-0.18394293,target_adaptation,target_adaptation_clean,noise_augmented,feh,-1,1.0,-0.18394292891025543,-0.2768251694248838,-0.09288224051462834,0.09288224051462834,5.3391044535788215,0.5574074074074075
39627815670255422,rvspecfit-main-bright-2.fits,10.840911,3372.4905,4.635477,-0.25,target_adaptation,target_adaptation_clean,noise_augmented,feh,-1,1.0,-0.25,-0.048525138838040854,0.20147486116195915,0.20147486116195915,7.5379298461363,0.7351851851851852
39627815674452489,rvspecfit-main-bright-2.fits,13.863449,5399.9995,3.7091541,-0.93474716,target_adaptation,target_adaptation_clean,noise_augmented,feh,-1,1.0,-0.9347471594810486,-0.6414629095857961,0.2932842498952525,0.2932842498952525,3.9497891108375036,0.3314814814814815
39627809638843253,rvspecfit-main-bright-2.fits,16.62278,5755.4775,4.6176867,-0.7867621,target_adaptation,target_adaptation_clean,noise_augmented,feh,-1,1.0,-0.7867621183395386,-0.6553209179112065,0.13144120042833207,0.13144120042833207,4.413317023965703,0.42592592592592593
39627827749850006,rvspecfit-main-bright-3.fits,14.898116,3659.4504,4.836194,-2.3115545e-08,target_adaptation,target_adaptation_clean,noise_augmented,feh,-1,1.0,-2.3115545033647322e-08,-0.19354010560730472,-0.1935400824917597,0.1935400824917597,5.2479275925480655,0.5481481481481482
39627821718439188,rvspecfit-main-bright-3.fits,13.061227,4910.22,4.2240663,-0.55754906,target_adaptation,target_adaptation_clean,noise_augmented,feh,-1,1.0,-0.5575490593910217,-0.5517495054382207,0.005799553952801073,0.005799553952801073,4.157489453570864,0.37777777777777777
39627827754044213,rvspecfit-main-bright-3.fits,11.1024065,3940.198,4.5390363,-0.60410625,target_adaptation,target_adaptation_clean,noise_augmented,feh,-1,1.0,-0.6041062474250793,-0.3535591310597644,0.25054711636531496,0.25054711636531496,4.806655216872368,0.48703703703703705
39627827762433977,rvspecfit-main-bright-3.fits,51.09872,6316.872,4.3892474,-1.703405,target_adaptation,target_adaptation_clean,noise_augmented,feh,-1,1.0,-1.7034050226211548,-1.5290386581197375,0.1743663645014173,0.1743663645014173,2.506438137613413,0.040740740740740744
39627827762432082,rvspecfit-main-bright-3.fits,15.058117,5175.255,2.3544347,-0.8051893,target_adaptation,target_adaptation_clean,noise_augmented,feh,-1,1.0,-0.805189311504364,-1.1629093281986818,-0.35772001669431774,0.35772001669431774,5.082745648157223,0.5259259259259259
39627833802228114,rvspecfit-main-bright-3.fits,40.69197,4872.53,2.1710317,-0.6158751,target_adaptation,target_adaptation_clean,noise_augmented,feh,-1,1.0,-0.6158751249313354,-0.9803551292767128,-0.3644800043453773,0.3644800043453773,4.46912298909452,0.4351851851851852
39627833802232755,rvspecfit-main-bright-3.fits,21.781311,3767.3179,4.6959486,-0.32300365,target_adaptation,target_adaptation_clean,noise_augmented,feh,-1,1.0,-0.3230036497116089,-0.27510429342152676,0.04789935629008213,0.04789935629008213,4.171437530361767,0.37962962962962965
39627821726831041,rvspecfit-main-bright-3.fits,17.527065,3983.1729,4.6694245,-0.39832893,target_adaptation,target_adaptation_clean,noise_augmented,feh,-1,1.0,-0.3983289301395416,-0.33254591662096916,0.06578301351857246,0.06578301351857246,4.509849255908241,0.44814814814814813
39627821726827834,rvspecfit-main-bright-3.fits,39.950752,6056.5684,4.755575,-0.7281247,target_adaptation,target_adaptation_clean,noise_augmented,feh,-1,1.0,-0.7281246781349182,-0.630422129307563,0.09770254882735518,0.09770254882735518,2.896094160768775,0.09259259259259259
39627827754042290,rvspecfit-main-bright-3.fits,26.981323,4664.8623,4.3090134,-0.2699027,target_adaptation,target_adaptation_clean,noise_augmented,feh,-1,1.0,-0.26990270614624023,-0.3087861307182658,-0.03888342457202559,0.03888342457202559,4.4332881727632625,0.42962962962962964
39627827787601108,rvspecfit-main-bright-4.fits,13.594559,5600.0,2.8374753,-0.9024334,target_adaptation,target_adaptation_clean,noise_augmented,feh,-1,1.0,-0.9024333953857422,-1.1501765786583225,-0.24774318327258027,0.24774318327258027,4.224332120334545,0.3925925925925926
39627833827396840,rvspecfit-main-bright-4.fits,20.78538,3785.6375,4.723687,-0.13778675,target_adaptation,target_adaptation_clean,noise_augmented,feh,-1,1.0,-0.13778674602508545,-0.12038834898213985,0.0173983970429456,0.0173983970429456,3.5769652041551216,0.23333333333333334
39627827783404270,rvspecfit-main-bright-4.fits,14.513962,5099.9995,4.719448,-0.6910971,target_adaptation,target_adaptation_clean,noise_augmented,feh,-1,1.0,-0.69109708070755,-0.5424090622696095,0.14868801843794055,0.14868801843794055,3.4793328154625103,0.20555555555555555
39627827775014449,rvspecfit-main-bright-4.fits,29.441477,5888.1196,4.291499,-0.6786255,target_adaptation,target_adaptation_clean,noise_augmented,feh,-1,1.0,-0.6786255240440369,-0.6995623010744653,-0.0209367770304284,0.0209367770304284,3.168693757269529,0.1425925925925926
39627833839977456,rvspecfit-main-bright-5.fits,54.748028,5234.4663,4.937126,-1.7869748,target_adaptation,target_adaptation_clean,noise_augmented,feh,-1,1.0,-1.7869747877120972,-0.6458497509198885,1.1411250367922086,1.1411250367922086,1.8265601153702211,0.0
39627845927961460,rvspecfit-main-bright-5.fits,51.137665,3497.9336,4.8501596,-0.0005690663,target_adaptation,target_adaptation_clean,noise_augmented,feh,-1,1.0,-0.0005690663238056004,-0.0896228136443194,-0.0890537473205138,0.0890537473205138,3.1414298505827514,0.1388888888888889
39627845919576478,rvspecfit-main-bright-5.fits,56.942127,5876.0186,4.6151533,-0.47153836,target_adaptation,target_adaptation_clean,noise_augmented,feh,-1,1.0,-0.47153836488723755,-0.5821237174309793,-0.1105853525437418,0.1105853525437418,2.425595835826425,0.03518518518518519
39627845911185139,rvspecfit-main-bright-5.fits,13.60567,3500.0022,4.837607,-0.6006203,target_adaptation,target_adaptation_clean,noise_augmented,feh,-1,1.0,-0.6006203293800354,-0.15535500188834359,0.4452653274916918,0.4452653274916918,5.256635711957746,0.5481481481481482
39627845911185862,rvspecfit-main-bright-5.fits,52.180164,4688.5303,4.7863235,-0.35361582,target_adaptation,target_adaptation_clean,noise_augmented,feh,-1,1.0,-0.35361582040786743,-0.28923875920317776,0.06437706120468967,0.06437706120468967,2.35501890711617,0.020370370370370372
39627845919573608,rvspecfit-main-bright-5.fits,41.65243,3980.2285,4.369164,-0.45752466,target_adaptation,target_adaptation_clean,noise_augmented,feh,-1,1.0,-0.4575246572494507,-0.3630614933762687,0.09446316387318199,0.09446316387318199,3.2055757956165087,0.14814814814814814
39627851955177784,rvspecfit-main-bright-5.fits,20.471989,4880.3726,4.860811,-0.46241504,target_adaptation,target_adaptation_clean,noise_augmented,feh,-1,1.0,-0.46241503953933716,-0.477724530511545,-0.015309490972207851,0.015309490972207851,3.4500657509919344,0.20185185185185187
39627851955176800,rvspecfit-main-bright-5.fits,42.303986,5968.782,3.949569,-1.75,target_adaptation,target_adaptation_clean,noise_augmented,feh,-1,1.0,-1.75,-1.4595134395336107,0.2904865604663893,0.2904865604663893,2.4441962185877473,0.03518518518518519
39627839871387183,rvspecfit-main-bright-5.fits,14.861321,5289.941,5.244174,-0.64158565,target_adaptation,target_adaptation_clean,noise_augmented,feh,-1,1.0,-0.641585648059845,-0.4885948552045351,0.15299079285530987,0.15299079285530987,3.188493816875172,0.14814814814814814
39627845915383630,rvspecfit-main-bright-5.fits,12.935639,3870.3203,4.7715034,-0.15778463,target_adaptation,target_adaptation_clean,noise_augmented,feh,-1,1.0,-0.1577846258878708,-0.17726884460727682,-0.019484218719406032,0.019484218719406032,3.9486076026899206,0.3314814814814815
39627839879777318,rvspecfit-main-bright-5.fits,11.573797,4769.2603,4.848541,-0.21670501,target_adaptation,target_adaptation_clean,noise_augmented,feh,-1,1.0,-0.21670500934123993,-0.4435735122314655,-0.2268685028902256,0.2268685028902256,5.250633988754835,0.5481481481481482
39627845911185047,rvspecfit-main-bright-5.fits,22.654123,5967.5967,3.626434,-1.2500006,target_adaptation,target_adaptation_clean,noise_augmented,feh,-1,1.0,-1.2500005960464478,-1.2036885310461118,0.04631206500033591,0.04631206500033591,4.552702620960067,0.45555555555555555
39627845919572527,rvspecfit-main-bright-5.fits,11.79273,3971.4514,4.5025334,-0.24574983,target_adaptation,target_adaptation_clean,noise_augmented,feh,-1,1.0,-0.245749831199646,-0.26067776650137164,-0.014927935301725648,0.014927935301725648,5.157309615117947,0.5351851851851852
39627839850417629,rvspecfit-main-bright-6.fits,29.999779,3976.9895,4.884038,-0.20945032,target_adaptation,target_adaptation_clean,noise_augmented,feh,-1,1.0,-0.20945031940937042,-0.14720517449993056,0.06224514490943986,0.06224514490943986,4.2818095543571575,0.40370370370370373
39627839850416191,rvspecfit-main-bright-6.fits,20.455929,3983.9275,4.4999895,-0.42671427,target_adaptation,target_adaptation_clean,noise_augmented,feh,-1,1.0,-0.4267142713069916,-0.24594164320160725,0.18077262810538433,0.18077262810538433,4.195401741181407,0.3888888888888889
39627839850414409,rvspecfit-main-bright-6.fits,13.824127,5421.3696,2.0359952,-1.5938468,target_adaptation,target_adaptation_clean,noise_augmented,feh,-1,1.0,-1.5938467979431152,-1.354661992266774,0.23918480567634126,0.23918480567634126,5.026655367610999,0.524074074074074
39627857990783619,rvspecfit-main-bright-7.fits,14.156657,3442.9924,4.848441,-0.25,target_adaptation,target_adaptation_clean,noise_augmented,feh,-1,1.0,-0.25,-0.016314291300446405,0.2336857086995536,0.2336857086995536,5.232650246081218,0.5444444444444444
39627851950982582,rvspecfit-main-bright-7.fits,26.419565,6100.0,4.04923,-0.72960013,target_adaptation,target_adaptation_clean,noise_augmented,feh,-1,1.0,-0.7296001315116882,-0.9301113121906921,-0.20051118067900386,0.20051118067900386,2.3740683747830853,0.022222222222222223
39627815657675664,rvspecfit-main-bright-8.fits,27.215067,5916.4272,4.4029055,-0.935866,target_adaptation,target_adaptation_clean,noise_augmented,feh,-1,1.0,-0.9358659982681274,-1.3048141315480066,-0.3689481332798792,0.3689481332798792,3.5100169066807787,0.21481481481481482
39627827728876539,rvspecfit-main-bright-8.fits,19.482452,5219.4385,2.2989497,-1.1300188,target_adaptation,target_adaptation_clean,noise_augmented,feh,-1,1.0,-1.1300188302993774,-1.0149611752877634,0.11505765501161402,0.11505765501161402,4.5600671535955275,0.45740740740740743
39627827728879684,rvspecfit-main-bright-8.fits,16.404436,5573.247,4.6510015,-0.64734876,target_adaptation,target_adaptation_clean,noise_augmented,feh,-1,1.0,-0.6473487615585327,-0.6312678259272748,0.016080935631257898,0.016080935631257898,4.460733832953999,0.43148148148148147
39627833781259561,rvspecfit-main-bright-8.fits,36.066288,5335.5757,4.922437,-0.6015228,target_adaptation,target_adaptation_clean,noise_augmented,feh,-1,1.0,-0.6015228033065796,-0.5631608445472085,0.038361958759371095,0.038361958759371095,3.8228177130807293,0.30925925925925923
39627821693278142,rvspecfit-main-bright-8.fits,26.23189,3324.875,4.8183045,0.0010425537,target_adaptation,target_adaptation_clean,noise_augmented,feh,-1,1.0,0.0010425536893308163,0.0008542603122725689,-0.00018829337705824733,0.00018829337705824733,5.649650153213907,0.5925925925925926
39627821693278007,rvspecfit-main-bright-8.fits,10.223609,3536.3093,4.4999967,-0.25,target_adaptation,target_adaptation_clean,noise_augmented,feh,-1,1.0,-0.25,-0.2287135942488203,0.02128640575117971,0.02128640575117971,5.315524935202865,0.55
39627827741464455,rvspecfit-main-bright-8.fits,16.736538,3249.3542,5.100072,0.2816905,target_adaptation,target_adaptation_clean,noise_augmented,feh,-1,1.0,0.2816905081272125,-0.30657212018914054,-0.588262628316353,0.588262628316353,5.415446097073593,0.5648148148148148
39627827741459986,rvspecfit-main-bright-8.fits,31.110973,5400.0103,4.9394345,-0.41839907,target_adaptation,target_adaptation_clean,noise_augmented,feh,-1,1.0,-0.41839906573295593,-0.4987837797039267,-0.08038471397097074,0.08038471397097074,4.371798299354826,0.4185185185185185
39627827745656693,rvspecfit-main-bright-8.fits,18.901367,3590.7085,4.73918,-0.50000024,target_adaptation,target_adaptation_clean,noise_augmented,feh,-1,1.0,-0.5000002384185791,-0.32139630034022765,0.17860393807835145,0.17860393807835145,4.437243179218797,0.42962962962962964
39627839816862859,rvspecfit-main-bright-8.fits,12.294117,3818.9517,4.8039713,-0.5316026,target_adaptation,target_adaptation_clean,noise_augmented,feh,-1,1.0,-0.5316026210784912,-0.19872232100341358,0.33288030007507763,0.33288030007507763,3.885212179555666,0.32037037037037036
39627827733075007,rvspecfit-main-bright-8.fits,23.686485,4679.1724,4.765825,-0.15760839,target_adaptation,target_adaptation_clean,noise_augmented,feh,-1,1.0,-0.15760838985443115,-0.33947841938880247,-0.1818700295343713,0.1818700295343713,3.3189886199473158,0.17962962962962964
39627821693277119,rvspecfit-main-bright-8.fits,12.216362,5445.0186,4.308834,-1.1340196,target_adaptation,target_adaptation_clean,noise_augmented,feh,-1,1.0,-1.1340196132659912,-0.7732043393636121,0.3608152739023791,0.3608152739023791,4.142258533047225,0.37037037037037035
39627821693273249,rvspecfit-main-bright-8.fits,12.805407,4980.9224,4.3829007,-0.6115879,target_adaptation,target_adaptation_clean,noise_augmented,feh,-1,1.0,-0.6115878820419312,-0.5073916627817476,0.10419621926018352,0.10419621926018352,3.2402901804566246,0.1537037037037037
39627851904850549,rvspecfit-main-bright-9.fits,31.58326,5109.8677,4.9675303,-0.52756715,target_adaptation,target_adaptation_clean,noise_augmented,feh,-1,1.0,-0.5275671482086182,-0.46472579948091874,0.06284134872769942,0.06284134872769942,2.8335417665280573,0.08148148148148149
39627851913235331,rvspecfit-main-bright-9.fits,44.60277,5979.274,4.1944733,-1.0025191,target_adaptation,target_adaptation_clean,noise_augmented,feh,-1,1.0,-1.002519130706787,-1.5060614398817223,-0.5035423091749351,0.5035423091749351,2.659643018937187,0.05
39627833789647752,rvspecfit-main-bright-9.fits,13.692571,3394.0723,4.901531,-0.0002486735,target_adaptation,target_adaptation_clean,noise_augmented,feh,-1,1.0,-0.00024867348838597536,-0.014858055755079893,-0.014609382266693918,0.014609382266693918,5.0504659794434765,0.5259259259259259
39627845860853049,rvspecfit-main-bright-9.fits,29.708738,5999.1562,4.164504,-0.96866876,target_adaptation,target_adaptation_clean,noise_augmented,feh,-1,1.0,-0.9686687588691711,-0.9859081977605821,-0.017239438891410996,0.017239438891410996,2.4141561298516314,0.02962962962962963
39627851900655643,rvspecfit-main-bright-9.fits,22.355614,3558.9602,4.776924,-0.5,target_adaptation,target_adaptation_clean,noise_augmented,feh,-1,1.0,-0.5,-0.26730637815086067,0.23269362184913933,0.23269362184913933,4.870028408987799,0.4981481481481482
39627851909042105,rvspecfit-main-bright-9.fits,45.547585,5923.363,4.3918366,-0.9261837,target_adaptation,target_adaptation_clean,noise_augmented,feh,-1,1.0,-0.9261837005615234,-0.821192403959731,0.1049912966017924,0.1049912966017924,2.234635626594653,0.018518518518518517
39627857948838089,rvspecfit-main-bright-9.fits,25.18785,4261.327,4.295881,0.03582409,target_adaptation,target_adaptation_clean,noise_augmented,feh,-1,1.0,0.035824090242385864,-0.30959199334376,-0.34541608358614584,0.34541608358614584,4.900307394395501,0.4981481481481482
39627839829444065,rvspecfit-main-bright-9.fits,18.62369,4266.4834,4.732861,-0.6181301,target_adaptation,target_adaptation_clean,noise_augmented,feh,-1,1.0,-0.618130087852478,-0.3356073879242647,0.28252269992821333,0.28252269992821333,3.4631705589212416,0.20185185185185187
39627833789651570,rvspecfit-main-bright-9.fits,12.966924,5899.9985,5.220459,-1.2240173,target_adaptation,target_adaptation_clean,noise_augmented,feh,-1,1.0,-1.2240172624588013,-0.8687331136179465,0.3552841488408548,0.3552841488408548,3.6142435722410244,0.24259259259259258
39627839829448511,rvspecfit-main-bright-9.fits,28.729,4831.138,4.714761,-0.5400862,target_adaptation,target_adaptation_clean,noise_augmented,feh,-1,1.0,-0.5400862097740173,-0.35954764543427176,0.18053856433974558,0.18053856433974558,3.1756990379114267,0.1425925925925926
39627839833640094,rvspecfit-main-bright-9.fits,33.846916,5385.3105,4.8750367,-1.3138634,target_adaptation,target_adaptation_clean,noise_augmented,feh,-1,1.0,-1.3138633966445923,-0.7941653039494067,0.5196980926951856,0.5196980926951856,3.2374429570044123,0.1537037037037037
39627845873435511,rvspecfit-main-bright-9.fits,18.039541,3983.3965,4.586594,-0.57457286,target_adaptation,target_adaptation_clean,noise_augmented,feh,-1,1.0,-0.5745728611946106,-0.333784428365373,0.24078843282923762,0.24078843282923762,3.90424969828072,0.32037037037037036
39627845873436738,rvspecfit-main-bright-9.fits,10.641404,4140.7476,4.4231305,-0.2305438,target_adaptation,target_adaptation_clean,noise_augmented,feh,-1,1.0,-0.2305438071489334,-0.2652416973086719,-0.03469789015973851,0.03469789015973851,5.272266419075382,0.5481481481481482
39627839837835312,rvspecfit-main-bright-9.fits,26.887703,5756.1094,4.7996087,-0.56372416,target_adaptation,target_adaptation_clean,noise_augmented,feh,-1,1.0,-0.563724160194397,-0.6533340824266811,-0.08960992223228414,0.08960992223228414,3.665480303167035,0.2611111111111111
39627851909038680,rvspecfit-main-bright-9.fits,24.415945,5229.0874,4.924489,-0.6512687,target_adaptation,target_adaptation_clean,noise_augmented,feh,-1,1.0,-0.651268720626831,-0.5353262985358016,0.11594242209102945,0.11594242209102945,2.992327647139228,0.1111111111111111
39627851909040122,rvspecfit-main-bright-9.fits,36.803337,5136.3687,4.809469,-0.16919953,target_adaptation,target_adaptation_clean,noise_augmented,feh,-1,1.0,-0.16919952630996704,-0.48118781627108637,-0.3119882899611193,0.3119882899611193,4.029263855681688,0.34814814814814815
39627803590661381,rvspecfit-main-bright-0.fits,28.50589,4480.691,4.253539,0.17412166,target_evaluation,target_evaluation_clean,source_only,teff,-1,1.0,4480.69091796875,4280.299314168291,-200.39160380045905,200.39160380045905,4.706940735627219,0.4740740740740741
39627797550864891,rvspecfit-main-bright-0.fits,14.311126,3968.126,4.493116,-0.6129776,target_evaluation,target_evaluation_clean,source_only,teff,-1,1.0,3968.1259765625,4063.3976817830403,95.2717052205403,95.2717052205403,5.521235109389005,0.5740740740740741
39627785479657922,rvspecfit-main-bright-0.fits,23.107883,5525.6953,4.8475904,-0.8433948,target_evaluation,target_evaluation_clean,source_only,teff,-1,1.0,5525.6953125,5545.47415690104,19.77884440104026,19.77884440104026,2.6599726578066387,0.05
39627797550862010,rvspecfit-main-bright-0.fits,17.196161,5155.6426,4.86746,-0.74379873,target_evaluation,target_evaluation_clean,source_only,teff,-1,1.0,5155.642578125,5389.515997721355,233.87341959635523,233.87341959635523,3.5013585122357846,0.20925925925925926
39627803599047112,rvspecfit-main-bright-0.fits,26.322287,5086.4585,4.766821,-0.46503806,target_evaluation,target_evaluation_clean,source_only,teff,-1,1.0,5086.45849609375,5088.769823506669,2.311327412919127,2.311327412919127,3.2042111353674616,0.14814814814814814
39627809643043009,rvspecfit-main-bright-0.fits,10.406952,4673.5483,4.4082108,-0.41964775,target_evaluation,target_evaluation_clean,source_only,teff,-1,1.0,4673.54833984375,4832.4787262980135,158.9303864542635,158.9303864542635,5.393483889359661,0.5611111111111111
39627797571831121,rvspecfit-main-bright-0.fits,38.04706,5674.233,5.089847,-0.64886004,target_evaluation,target_evaluation_clean,source_only,teff,-1,1.0,5674.23291015625,5610.979732462568,-63.25317769368212,63.25317769368212,1.8004474219853346,0.0
39627821731021743,rvspecfit-main-bright-1.fits,32.808224,6012.902,4.0533924,-0.97668797,target_evaluation,target_evaluation_clean,source_only,teff,-1,1.0,6012.90185546875,6014.758656005858,1.856800537108029,1.856800537108029,2.3923813014576214,0.027777777777777776
39627821731024542,rvspecfit-main-bright-1.fits,10.150132,3514.3335,4.795404,-9.54014e-09,target_evaluation,target_evaluation_clean,source_only,teff,-1,1.0,3514.33349609375,3554.914344177246,40.58084808349622,40.58084808349622,6.914926672000059,0.7018518518518518
39627815691227637,rvspecfit-main-bright-1.fits,12.06874,5242.399,5.082218,-0.3883964,target_evaluation,target_evaluation_clean,source_only,teff,-1,1.0,5242.39892578125,5158.262654825848,-84.13627095540232,84.13627095540232,4.697433517772108,0.4703703703703704
39627815691227894,rvspecfit-main-bright-1.fits,16.81999,5900.0044,4.712105,-0.6586523,target_evaluation,target_evaluation_clean,source_only,teff,-1,1.0,5900.00439453125,5753.475938517251,-146.52845601399895,146.52845601399895,4.026120127748926,0.34629629629629627
39627815691224502,rvspecfit-main-bright-1.fits,15.9603815,5896.2236,4.731507,-1.1173238,target_evaluation,target_evaluation_clean,source_only,teff,-1,1.0,5896.2236328125,5844.135348510741,-52.088284301758904,52.088284301758904,3.684479909015867,0.26296296296296295
39627815703807705,rvspecfit-main-bright-1.fits,13.988191,3606.7092,4.674957,-0.09309976,target_evaluation,target_evaluation_clean,source_only,teff,-1,1.0,3606.709228515625,3606.7257223510737,0.016493835448727623,0.016493835448727623,7.010063074407172,0.7074074074074074
39627809651425857,rvspecfit-main-bright-1.fits,29.866762,5622.943,4.8139563,-0.37131092,target_evaluation,target_evaluation_clean,source_only,teff,-1,1.0,5622.94287109375,5480.251705830892,-142.6911652628578,142.6911652628578,4.2166096493683,0.3888888888888889
39627803615825148,rvspecfit-main-bright-1.fits,12.816327,5113.739,2.2663527,-0.98540086,target_evaluation,target_evaluation_clean,source_only,teff,-1,1.0,5113.73876953125,5614.785761108397,501.0469915771473,501.0469915771473,6.270929736588265,0.6481481481481481
39627815699615891,rvspecfit-main-bright-1.fits,18.43502,4220.126,4.723737,-1.3810121,target_evaluation,target_evaluation_clean,source_only,teff,-1,1.0,4220.1259765625,4919.382889099121,699.2569125366208,699.2569125366208,4.805048968956197,0.48703703703703705
39627803590658022,rvspecfit-main-bright-2.fits,16.427069,3402.1553,4.6148133,-0.25,target_evaluation,target_evaluation_clean,source_only,teff,-1,1.0,3402.1552734375,3511.210371195474,109.05509775797418,109.05509775797418,5.7983589868175525,0.6055555555555555
39627821714244104,rvspecfit-main-bright-2.fits,23.581211,3939.141,4.8228536,0.04200729,target_evaluation,target_evaluation_clean,source_only,teff,-1,1.0,3939.14111328125,3946.850189208984,7.70907592773392,7.70907592773392,4.342961633345989,0.4166666666666667
39627815674447825,rvspecfit-main-bright-2.fits,12.42645,3848.9524,4.6892333,-0.37573263,target_evaluation,target_evaluation_clean,source_only,teff,-1,1.0,3848.952392578125,3977.1860877482104,128.2336951700854,128.2336951700854,5.460451902115393,0.5685185185185185
39627821705861343,rvspecfit-main-bright-2.fits,23.189272,5815.6016,4.2078815,-0.86157435,target_evaluation,target_evaluation_clean,source_only,teff,-1,1.0,5815.6015625,5896.716644490559,81.11508199055879,81.11508199055879,4.186240242612702,0.38333333333333336
39627821710049965,rvspecfit-main-bright-2.fits,24.613297,5314.402,3.0451887,-1.3697333,target_evaluation,target_evaluation_clean,source_only,teff,-1,1.0,5314.40185546875,5814.383750406903,499.98189493815335,499.98189493815335,4.2122786448282525,0.3888888888888889
39627809622067402,rvspecfit-main-bright-2.fits,31.265646,6137.838,4.0774336,-1.2985094,target_evaluation,target_evaluation_clean,source_only,teff,-1,1.0,6137.837890625,6149.700767618812,11.862876993812279,11.862876993812279,3.0220177698407396,0.11851851851851852
39627809622066836,rvspecfit-main-bright-2.fits,15.522804,3970.5703,4.5469885,-0.63032347,target_evaluation,target_evaluation_clean,source_only,teff,-1,1.0,3970.5703125,4161.220989379884,190.65067687988358,190.65067687988358,4.722734221883384,0.4777777777777778
39627809617878013,rvspecfit-main-bright-2.fits,31.116262,5462.681,5.1084437,-0.5318166,target_evaluation,target_evaluation_clean,source_only,teff,-1,1.0,5462.68115234375,5478.1913167317725,15.510164388022531,15.510164388022531,3.018400635700798,0.11851851851851852
39627815661869306,rvspecfit-main-bright-2.fits,12.123284,3522.1082,4.599729,-0.106358714,target_evaluation,target_evaluation_clean,source_only,teff,-1,1.0,3522.108154296875,3537.1455062866207,15.03735198974573,15.03735198974573,5.611959753961972,0.5814814814814815
39627803590657135,rvspecfit-main-bright-2.fits,16.43598,5378.66,4.766294,-0.32350528,target_evaluation,target_evaluation_clean,source_only,teff,-1,1.0,5378.66015625,5371.614117838542,-7.04603841145763,7.04603841145763,4.0216601305501865,0.34629629629629627
39627803590659709,rvspecfit-main-bright-2.fits,12.965964,3757.0525,4.6078687,-0.25,target_evaluation,target_evaluation_clean,source_only,teff,-1,1.0,3757.052490234375,3845.1967808024083,88.14429056803328,88.14429056803328,4.9544322473474045,0.5092592592592593
39627803586463484,rvspecfit-main-bright-2.fits,31.973804,5079.818,2.5580812,-1.1764431,target_evaluation,target_evaluation_clean,source_only,teff,-1,1.0,5079.81787109375,5738.729203491213,658.9113323974634,658.9113323974634,4.50568913691611,0.44814814814814813
39627815661867184,rvspecfit-main-bright-2.fits,11.212901,5877.344,4.5,-0.87294865,target_evaluation,target_evaluation_clean,source_only,teff,-1,1.0,5877.34423828125,5895.094990234373,17.750751953122744,17.750751953122744,4.4953617113244,0.4462962962962963
39627821705858400,rvspecfit-main-bright-2.fits,28.417381,5869.313,4.42161,-0.59817594,target_evaluation,target_evaluation_clean,source_only,teff,-1,1.0,5869.31298828125,5874.338040974932,5.025052693681573,5.025052693681573,3.8024334077238984,0.3037037037037037
39627815666062822,rvspecfit-main-bright-2.fits,21.326593,4725.2007,4.828737,-0.48243913,target_evaluation,target_evaluation_clean,source_only,teff,-1,1.0,4725.20068359375,4647.998207702637,-77.20247589111295,77.20247589111295,3.8319897391632884,0.31296296296296294
39627809634650742,rvspecfit-main-bright-2.fits,29.139715,5899.9976,4.5475526,-0.6766757,target_evaluation,target_evaluation_clean,source_only,teff,-1,1.0,5899.99755859375,5932.994444173178,32.996885579427726,32.996885579427726,3.4652435754296356,0.2037037037037037
39627809630461078,rvspecfit-main-bright-2.fits,15.055974,5211.608,5.1218247,-0.6671269,target_evaluation,target_evaluation_clean,source_only,teff,-1,1.0,5211.60791015625,5172.965722045896,-38.642188110354255,38.642188110354255,4.024149591089454,0.34629629629629627
39627821714245907,rvspecfit-main-bright-2.fits,10.977933,4366.539,4.231374,-0.31133905,target_evaluation,target_evaluation_clean,source_only,teff,-1,1.0,4366.5390625,4345.691116841634,-20.84794565836637,20.84794565836637,4.567809090144178,0.45740740740740743
39627815670253220,rvspecfit-main-bright-2.fits,22.477627,5879.129,4.39243,-0.723626,target_evaluation,target_evaluation_clean,source_only,teff,-1,1.0,5879.12890625,5845.061500956217,-34.06740529378294,34.06740529378294,4.250084889804043,0.3962962962962963
39627815670255646,rvspecfit-main-bright-2.fits,39.936398,4625.0684,4.7049537,-0.38005188,target_evaluation,target_evaluation_clean,source_only,teff,-1,1.0,4625.068359375,4611.097931315104,-13.970428059896221,13.970428059896221,3.943062057699056,0.3314814814814815
39627809622072149,rvspecfit-main-bright-2.fits,24.390818,4927.6396,4.850641,-0.33607587,target_evaluation,target_evaluation_clean,source_only,teff,-1,1.0,4927.6396484375,4895.372953389486,-32.2666950480143,32.2666950480143,3.164673246389869,0.1425925925925926
39627839842027358,rvspecfit-main-bright-3.fits,24.140806,3398.4958,4.8100953,-3.0253883e-08,target_evaluation,target_evaluation_clean,source_only,teff,-1,1.0,3398.495849609375,3452.885400390625,54.38955078124991,54.38955078124991,4.386734395320419,0.4222222222222222
39627833793842886,rvspecfit-main-bright-3.fits,39.385548,5554.7554,4.770294,-0.47174188,target_evaluation,target_evaluation_clean,source_only,teff,-1,1.0,5554.75537109375,5426.624128621417,-128.13124247233281,128.13124247233281,3.6570056033530363,0.2611111111111111
39627833798038562,rvspecfit-main-bright-3.fits,28.237612,5951.2617,4.267125,-0.8982497,target_evaluation,target_evaluation_clean,source_only,teff,-1,1.0,5951.26171875,5964.188915812177,12.927197062176674,12.927197062176674,2.8030232182871817,0.07222222222222222
39627827766625875,rvspecfit-main-bright-3.fits,25.357946,4335.492,4.686248,-0.4138596,target_evaluation,target_evaluation_clean,source_only,teff,-1,1.0,4335.4921875,4242.885528055828,-92.60665944417178,92.60665944417178,3.715064667047358,0.2777777777777778
39627827770823696,rvspecfit-main-bright-3.fits,31.719215,4336.5527,4.3862042,0.22128439,target_evaluation,target_evaluation_clean,source_only,teff,-1,1.0,4336.552734375,4169.789074198405,-166.7636601765953,166.7636601765953,4.125387158063072,0.37037037037037035
39627833798034999,rvspecfit-main-bright-3.fits,17.041107,4075.3704,4.620044,-0.052925248,target_evaluation,target_evaluation_clean,source_only,teff,-1,1.0,4075.370361328125,4045.4053346761043,-29.965026652020697,29.965026652020697,4.772007167503463,0.48333333333333334
39627833802234446,rvspecfit-main-bright-3.fits,21.432701,6195.4375,4.5,-2.0472734,target_evaluation,target_evaluation_clean,source_only,teff,-1,1.0,6195.4375,6170.418909098305,-25.01859090169455,25.01859090169455,2.7257126090683683,0.05925925925925926
39627833793843974,rvspecfit-main-bright-3.fits,40.123512,3609.6584,4.536659,-0.20593798,target_evaluation,target_evaluation_clean,source_only,teff,-1,1.0,3609.658447265625,3729.585085042318,119.92663777669304,119.92663777669304,3.2728547869799876,0.1648148148148148
39627821743607305,rvspecfit-main-bright-4.fits,38.73113,4629.5903,4.7259316,-0.11974044,target_evaluation,target_evaluation_clean,source_only,teff,-1,1.0,4629.59033203125,4442.070277201338,-187.52005482991171,187.52005482991171,2.8183229606296183,0.07777777777777778
39627821743608617,rvspecfit-main-bright-4.fits,14.83805,6469.1216,4.834329,-1.9999986,target_evaluation,target_evaluation_clean,source_only,teff,-1,1.0,6469.12158203125,6236.856995035806,-232.264586995444,232.264586995444,3.8459074263882345,0.31296296296296294
39627827783406885,rvspecfit-main-bright-4.fits,25.759974,3451.2712,4.5000005,6.0765877e-09,target_evaluation,target_evaluation_clean,source_only,teff,-1,1.0,3451.271240234375,3424.073018595378,-27.198221638996984,27.198221638996984,4.00142998048248,0.34444444444444444
39627833819009327,rvspecfit-main-bright-4.fits,14.72425,5800.006,4.4179063,-0.41439247,target_evaluation,target_evaluation_clean,source_only,teff,-1,1.0,5800.005859375,5544.494924926761,-255.5109344482389,255.5109344482389,3.599294552693579,0.23333333333333334
39627821747799263,rvspecfit-main-bright-4.fits,12.165322,6256.565,4.644997,-1.5297871,target_evaluation,target_evaluation_clean,source_only,teff,-1,1.0,6256.56494140625,5962.060886433919,-294.5040549723308,294.5040549723308,4.136780685831654,0.37037037037037035
39627833823204203,rvspecfit-main-bright-4.fits,34.961163,4537.2896,4.6756153,-0.036325403,target_evaluation,target_evaluation_clean,source_only,teff,-1,1.0,4537.28955078125,4314.608463134763,-222.68108764648696,222.68108764648696,3.360470891260752,0.18518518518518517
39627821735220946,rvspecfit-main-bright-4.fits,16.858812,3473.7603,4.656427,-0.7322211,target_evaluation,target_evaluation_clean,source_only,teff,-1,1.0,3473.76025390625,3529.4489654541003,55.68871154785029,55.68871154785029,4.720935893155424,0.4759259259259259
39627833839977270,rvspecfit-main-bright-5.fits,22.707117,3847.4602,4.847961,-0.07507452,target_evaluation,target_evaluation_clean,source_only,teff,-1,1.0,3847.460205078125,3754.6516043090814,-92.80860076904355,92.80860076904355,3.6855059580680964,0.26296296296296295
39627845923766625,rvspecfit-main-bright-5.fits,25.341322,3959.5576,4.3476377,-0.7805401,target_evaluation,target_evaluation_clean,source_only,teff,-1,1.0,3959.5576171875,4176.540595601401,216.98297841390104,216.98297841390104,3.0532926990193827,0.12222222222222222
39627839879775616,rvspecfit-main-bright-5.fits,43.97754,5813.363,4.760278,-1.1522388,target_evaluation,target_evaluation_clean,source_only,teff,-1,1.0,5813.36279296875,5916.979091186528,103.61629821777842,103.61629821777842,2.0007806642845347,0.003703703703703704
39627845919573600,rvspecfit-main-bright-5.fits,41.5082,6244.3022,4.3234587,-1.7500005,target_evaluation,target_evaluation_clean,source_only,teff,-1,1.0,6244.30224609375,6062.604329427082,-181.69791666666788,181.69791666666788,1.980887723888662,0.001851851851851852
39627845915380471,rvspecfit-main-bright-5.fits,44.527607,3708.848,4.5635805,-0.6112659,target_evaluation,target_evaluation_clean,source_only,teff,-1,1.0,3708.847900390625,3724.125474039713,15.277573649088026,15.277573649088026,2.7980973824247535,0.07222222222222222
39627839875583467,rvspecfit-main-bright-5.fits,30.495152,3700.0,4.774045,2.0906618e-05,target_evaluation,target_evaluation_clean,source_only,teff,-1,1.0,3700.0,3667.6538079833963,-32.34619201660371,32.34619201660371,3.249091902007945,0.1537037037037037
39627833831591187,rvspecfit-main-bright-5.fits,14.973386,4433.752,4.873937,-0.6670582,target_evaluation,target_evaluation_clean,source_only,teff,-1,1.0,4433.751953125,4466.329676818846,32.577723693845655,32.577723693845655,3.5164212228574434,0.21666666666666667
39627833835783596,rvspecfit-main-bright-5.fits,19.291912,4050.7817,4.467584,-0.6911538,target_evaluation,target_evaluation_clean,source_only,teff,-1,1.0,4050.78173828125,4160.58923207601,109.80749379476038,109.80749379476038,3.268314697909772,0.16296296296296298
39627845915383495,rvspecfit-main-bright-5.fits,10.922119,5638.3613,4.8552957,-0.6561243,target_evaluation,target_evaluation_clean,source_only,teff,-1,1.0,5638.361328125,5553.044235026041,-85.31709309895905,85.31709309895905,5.109653480748014,0.5296296296296297
39627833810618447,rvspecfit-main-bright-6.fits,40.771164,6517.8154,4.6731167,-2.3132465,target_evaluation,target_evaluation_clean,source_only,teff,-1,1.0,6517.8154296875,6053.778256632488,-464.0371730550123,464.0371730550123,2.7671641661499153,0.06666666666666667
39627839850415811,rvspecfit-main-bright-6.fits,14.076207,5159.8643,4.866095,-0.5808288,target_evaluation,target_evaluation_clean,source_only,teff,-1,1.0,5159.8642578125,5348.05994466146,188.19568684895967,188.19568684895967,4.811605310786557,0.48703703703703705
39627845886020401,rvspecfit-main-bright-6.fits,13.033478,6121.208,4.152123,-0.96648407,target_evaluation,target_evaluation_clean,source_only,teff,-1,1.0,6121.2080078125,6054.89198791504,-66.31601989746014,66.31601989746014,4.335017238802545,0.4166666666666667
39627845886019547,rvspecfit-main-bright-6.fits,26.366577,5199.997,4.8886833,-0.30279285,target_evaluation,target_evaluation_clean,source_only,teff,-1,1.0,5199.9970703125,5155.598570861814,-44.39849945068636,44.39849945068636,3.867318013338838,0.3148148148148148
39627845886024355,rvspecfit-main-bright-6.fits,32.78284,5942.658,4.291933,-0.6273537,target_evaluation,target_evaluation_clean,source_only,teff,-1,1.0,5942.658203125,5930.63499226888,-12.023210856120386,12.023210856120386,4.290890957466497,0.40555555555555556
39627827728880168,rvspecfit-main-bright-8.fits,11.884048,3643.9668,4.5368013,-0.5000001,target_evaluation,target_evaluation_clean,source_only,teff,-1,1.0,3643.966796875,3727.873930460613,83.90713358561288,83.90713358561288,6.137716646508014,0.6407407407407407
39627827728881595,rvspecfit-main-bright-8.fits,11.067028,3715.3442,4.560988,-0.41314766,target_evaluation,target_evaluation_clean,source_only,teff,-1,1.0,3715.34423828125,3801.2224205525713,85.8781822713213,85.8781822713213,6.117663362454201,0.6388888888888888
39627821693274753,rvspecfit-main-bright-8.fits,14.563165,4903.6562,4.7105637,-0.6856381,target_evaluation,target_evaluation_clean,source_only,teff,-1,1.0,4903.65625,5000.754754638672,97.09850463867224,97.09850463867224,3.2080875948911785,0.14814814814814814
39627833777063378,rvspecfit-main-bright-8.fits,36.156208,4865.3774,4.8829994,-0.2660883,target_evaluation,target_evaluation_clean,source_only,teff,-1,1.0,4865.37744140625,4730.122346801759,-135.2550946044912,135.2550946044912,3.964154181537539,0.3333333333333333
39627839816861389,rvspecfit-main-bright-8.fits,23.303087,5715.106,4.715221,-0.5199357,target_evaluation,target_evaluation_clean,source_only,teff,-1,1.0,5715.10595703125,5835.664560139973,120.55860310872322,120.55860310872322,2.881483309127383,0.09074074074074075
39627833781259407,rvspecfit-main-bright-8.fits,22.830645,4481.9824,4.584956,-0.5631001,target_evaluation,target_evaluation_clean,source_only,teff,-1,1.0,4481.982421875,4685.025230509442,203.04280863444183,203.04280863444183,5.506355435802245,0.5722222222222222
39627839812672682,rvspecfit-main-bright-8.fits,11.783399,5055.8506,5.161906,-1.1391282,target_evaluation,target_evaluation_clean,source_only,teff,-1,1.0,5055.8505859375,5358.268531595863,302.41794565836335,302.41794565836335,3.7615232438110153,0.29074074074074074
39627827737264610,rvspecfit-main-bright-8.fits,51.15046,3715.6196,4.598353,-0.2972362,target_evaluation,target_evaluation_clean,source_only,teff,-1,1.0,3715.61962890625,3722.1076025390626,6.487973632812555,6.487973632812555,3.056567368598423,0.12407407407407407
39627827728877440,rvspecfit-main-bright-8.fits,36.33877,5575.7563,4.6957045,-0.07203574,target_evaluation,target_evaluation_clean,source_only,teff,-1,1.0,5575.75634765625,5428.416471964518,-147.33987569173223,147.33987569173223,2.6252799991626254,0.05
39627821693275169,rvspecfit-main-bright-8.fits,15.122388,5025.6157,4.4391804,-0.651436,target_evaluation,target_evaluation_clean,source_only,teff,-1,1.0,5025.61572265625,5195.374221089678,169.75849843342803,169.75849843342803,3.6419122796683374,0.25555555555555554
39627839816865588,rvspecfit-main-bright-9.fits,10.728113,3960.8994,4.4292912,-0.4187252,target_evaluation,target_evaluation_clean,source_only,teff,-1,1.0,3960.8994140625,4200.870032755534,239.97061869303434,239.97061869303434,6.141328009456521,0.6407407407407407
39627839821055583,rvspecfit-main-bright-9.fits,13.759142,4015.057,4.523047,-0.5563418,target_evaluation,target_evaluation_clean,source_only,teff,-1,1.0,4015.056884765625,4225.603056132001,210.54617136637626,210.54617136637626,4.839088681814633,0.49444444444444446
39627845865046248,rvspecfit-main-bright-9.fits,12.871122,3645.7952,4.8327327,0.2286792,target_evaluation,target_evaluation_clean,source_only,teff,-1,1.0,3645.795166015625,3563.5407605997725,-82.25440541585249,82.25440541585249,5.416297818508471,0.5648148148148148
39627845860853503,rvspecfit-main-bright-9.fits,26.803902,5411.7363,4.7129574,-0.54156125,target_evaluation,target_evaluation_clean,source_only,teff,-1,1.0,5411.736328125,5458.713269246422,46.97694112142199,46.97694112142199,2.4266525834414847,0.03518518518518519
39627833785455822,rvspecfit-main-bright-9.fits,19.493109,3852.0898,4.842148,-0.25,target_evaluation,target_evaluation_clean,source_only,teff,-1,1.0,3852.08984375,3897.4971247355156,45.40728098551563,45.40728098551563,4.147947154244474,0.37222222222222223
39627851909045330,rvspecfit-main-bright-9.fits,22.31135,5862.414,4.257343,-0.67050207,target_evaluation,target_evaluation_clean,source_only,teff,-1,1.0,5862.4140625,5635.899588216147,-226.5144742838529,226.5144742838529,3.555214779299837,0.22777777777777777
39627851913232720,rvspecfit-main-bright-9.fits,38.27888,4340.273,4.7055964,-0.32321364,target_evaluation,target_evaluation_clean,source_only,teff,-1,1.0,4340.27294921875,4271.889535319011,-68.38341389973903,68.38341389973903,3.1681161404686384,0.1425925925925926
39627845869245534,rvspecfit-main-bright-9.fits,44.033375,6095.794,4.289099,-0.5429145,target_evaluation,target_evaluation_clean,source_only,teff,-1,1.0,6095.7939453125,6032.507682698567,-63.286262613933104,63.286262613933104,2.039386525932354,0.003703703703703704
39627839837834061,rvspecfit-main-bright-9.fits,18.223211,4585.609,4.679545,-0.26840124,target_evaluation,target_evaluation_clean,source_only,teff,-1,1.0,4585.60888671875,4471.636193644205,-113.97269307454462,113.97269307454462,3.592865620049723,0.23333333333333334
39627839829446786,rvspecfit-main-bright-9.fits,13.116069,3434.77,4.522116,0.022658512,target_evaluation,target_evaluation_clean,source_only,teff,-1,1.0,3434.77001953125,3499.350375467935,64.58035593668501,64.58035593668501,5.619094875851576,0.5814814814814815
39627845873438049,rvspecfit-main-bright-9.fits,21.684975,5177.2314,4.8784614,-0.70214164,target_evaluation,target_evaluation_clean,source_only,teff,-1,1.0,5177.2314453125,5301.439924519854,124.20847920735378,124.20847920735378,2.872666173077456,0.08703703703703704
39627845869247436,rvspecfit-main-bright-9.fits,65.567,6116.4717,3.9716609,-0.62627816,target_evaluation,target_evaluation_clean,source_only,teff,-1,1.0,6116.4716796875,5998.972631429035,-117.49904825846534,117.49904825846534,2.0158807969573043,0.003703703703703704
39627839833638184,rvspecfit-main-bright-9.fits,23.375196,3722.8513,4.692401,-0.5,target_evaluation,target_evaluation_clean,source_only,teff,-1,1.0,3722.851318359375,3807.0892425537104,84.23792419433539,84.23792419433539,3.284601586664518,0.1685185185185185
39627839837834062,rvspecfit-main-bright-9.fits,29.298006,3464.2122,4.331614,-0.21758264,target_evaluation,target_evaluation_clean,source_only,teff,-1,1.0,3464.212158203125,3554.2215446980786,90.00938649495356,90.00938649495356,4.922576326045273,0.5037037037037037
39627845873435234,rvspecfit-main-bright-9.fits,44.133266,5946.902,4.733702,-0.44999155,target_evaluation,target_evaluation_clean,source_only,teff,-1,1.0,5946.90185546875,5796.052005310061,-150.84985015868915,150.84985015868915,2.534437164724399,0.044444444444444446
39627803590661381,rvspecfit-main-bright-0.fits,28.50589,4480.691,4.253539,0.17412166,target_evaluation,target_evaluation_clean,source_only,logg,-1,1.0,4.253539085388184,4.5817944903175025,0.32825540492931893,0.32825540492931893,4.706940735627219,0.4740740740740741
39627797550864891,rvspecfit-main-bright-0.fits,14.311126,3968.126,4.493116,-0.6129776,target_evaluation,target_evaluation_clean,source_only,logg,-1,1.0,4.4931159019470215,4.590447038114071,0.09733113616704969,0.09733113616704969,5.521235109389005,0.5740740740740741
39627785479657922,rvspecfit-main-bright-0.fits,23.107883,5525.6953,4.8475904,-0.8433948,target_evaluation,target_evaluation_clean,source_only,logg,-1,1.0,4.847590446472168,4.601547628343108,-0.2460428181290597,0.2460428181290597,2.6599726578066387,0.05
39627797550862010,rvspecfit-main-bright-0.fits,17.196161,5155.6426,4.86746,-0.74379873,target_evaluation,target_evaluation_clean,source_only,logg,-1,1.0,4.867459774017334,4.649438790182273,-0.21802098383506063,0.21802098383506063,3.5013585122357846,0.20925925925925926
39627803599047112,rvspecfit-main-bright-0.fits,26.322287,5086.4585,4.766821,-0.46503806,target_evaluation,target_evaluation_clean,source_only,logg,-1,1.0,4.766820907592773,4.82346163849036,0.0566407308975867,0.0566407308975867,3.2042111353674616,0.14814814814814814
39627809643043009,rvspecfit-main-bright-0.fits,10.406952,4673.5483,4.4082108,-0.41964775,target_evaluation,target_evaluation_clean,source_only,logg,-1,1.0,4.408210754394531,4.745924368004005,0.3377136136094734,0.3377136136094734,5.393483889359661,0.5611111111111111
39627797571831121,rvspecfit-main-bright-0.fits,38.04706,5674.233,5.089847,-0.64886004,target_evaluation,target_evaluation_clean,source_only,logg,-1,1.0,5.089847087860107,4.767839480638505,-0.32200760722160204,0.32200760722160204,1.8004474219853346,0.0
39627821731021743,rvspecfit-main-bright-1.fits,32.808224,6012.902,4.0533924,-0.97668797,target_evaluation,target_evaluation_clean,source_only,logg,-1,1.0,4.05339241027832,4.2896172222495075,0.23622481197118717,0.23622481197118717,2.3923813014576214,0.027777777777777776
39627821731024542,rvspecfit-main-bright-1.fits,10.150132,3514.3335,4.795404,-9.54014e-09,target_evaluation,target_evaluation_clean,source_only,logg,-1,1.0,4.795403957366943,4.649080457389353,-0.14632349997759064,0.14632349997759064,6.914926672000059,0.7018518518518518
39627815691227637,rvspecfit-main-bright-1.fits,12.06874,5242.399,5.082218,-0.3883964,target_evaluation,target_evaluation_clean,source_only,logg,-1,1.0,5.082218170166016,4.844278900722665,-0.2379392694433502,0.2379392694433502,4.697433517772108,0.4703703703703704
39627815691227894,rvspecfit-main-bright-1.fits,16.81999,5900.0044,4.712105,-0.6586523,target_evaluation,target_evaluation_clean,source_only,logg,-1,1.0,4.712104797363281,4.2844618644317,-0.4276429329315814,0.4276429329315814,4.026120127748926,0.34629629629629627
39627815691224502,rvspecfit-main-bright-1.fits,15.9603815,5896.2236,4.731507,-1.1173238,target_evaluation,target_evaluation_clean,source_only,logg,-1,1.0,4.731506824493408,3.991740422050157,-0.7397664024432511,0.7397664024432511,3.684479909015867,0.26296296296296295
39627815703807705,rvspecfit-main-bright-1.fits,13.988191,3606.7092,4.674957,-0.09309976,target_evaluation,target_evaluation_clean,source_only,logg,-1,1.0,4.674956798553467,4.577443980673951,-0.09751281787951616,0.09751281787951616,7.010063074407172,0.7074074074074074
39627809651425857,rvspecfit-main-bright-1.fits,29.866762,5622.943,4.8139563,-0.37131092,target_evaluation,target_evaluation_clean,source_only,logg,-1,1.0,4.813956260681152,4.779734264314175,-0.03422199636697698,0.03422199636697698,4.2166096493683,0.3888888888888889
39627803615825148,rvspecfit-main-bright-1.fits,12.816327,5113.739,2.2663527,-0.98540086,target_evaluation,target_evaluation_clean,source_only,logg,-1,1.0,2.266352653503418,3.843500029742719,1.5771473762393011,1.5771473762393011,6.270929736588265,0.6481481481481481
39627815699615891,rvspecfit-main-bright-1.fits,18.43502,4220.126,4.723737,-1.3810121,target_evaluation,target_evaluation_clean,source_only,logg,-1,1.0,4.723736763000488,4.743189628819622,0.01945286581913397,0.01945286581913397,4.805048968956197,0.48703703703703705
39627803590658022,rvspecfit-main-bright-2.fits,16.427069,3402.1553,4.6148133,-0.25,target_evaluation,target_evaluation_clean,source_only,logg,-1,1.0,4.614813327789307,4.6257668261726685,0.010953498383361904,0.010953498383361904,5.7983589868175525,0.6055555555555555
39627821714244104,rvspecfit-main-bright-2.fits,23.581211,3939.141,4.8228536,0.04200729,target_evaluation,target_evaluation_clean,source_only,logg,-1,1.0,4.8228535652160645,4.639837263623872,-0.1830163015921924,0.1830163015921924,4.342961633345989,0.4166666666666667
39627815674447825,rvspecfit-main-bright-2.fits,12.42645,3848.9524,4.6892333,-0.37573263,target_evaluation,target_evaluation_clean,source_only,logg,-1,1.0,4.689233303070068,4.598637760480245,-0.09059554258982327,0.09059554258982327,5.460451902115393,0.5685185185185185
39627821705861343,rvspecfit-main-bright-2.fits,23.189272,5815.6016,4.2078815,-0.86157435,target_evaluation,target_evaluation_clean,source_only,logg,-1,1.0,4.207881450653076,3.9683550297220522,-0.23952642093102394,0.23952642093102394,4.186240242612702,0.38333333333333336
39627821710049965,rvspecfit-main-bright-2.fits,24.613297,5314.402,3.0451887,-1.3697333,target_evaluation,target_evaluation_clean,source_only,logg,-1,1.0,3.0451886653900146,4.03688830892245,0.991699643532435,0.991699643532435,4.2122786448282525,0.3888888888888889
39627809622067402,rvspecfit-main-bright-2.fits,31.265646,6137.838,4.0774336,-1.2985094,target_evaluation,target_evaluation_clean,source_only,logg,-1,1.0,4.0774335861206055,4.314896734356879,0.2374631482362739,0.2374631482362739,3.0220177698407396,0.11851851851851852
39627809622066836,rvspecfit-main-bright-2.fits,15.522804,3970.5703,4.5469885,-0.63032347,target_evaluation,target_evaluation_clean,source_only,logg,-1,1.0,4.546988487243652,4.557574415902297,0.010585928658644939,0.010585928658644939,4.722734221883384,0.4777777777777778
39627809617878013,rvspecfit-main-bright-2.fits,31.116262,5462.681,5.1084437,-0.5318166,target_evaluation,target_evaluation_clean,source_only,logg,-1,1.0,5.108443737030029,4.744850238263607,-0.36359349876642266,0.36359349876642266,3.018400635700798,0.11851851851851852
39627815661869306,rvspecfit-main-bright-2.fits,12.123284,3522.1082,4.599729,-0.106358714,target_evaluation,target_evaluation_clean,source_only,logg,-1,1.0,4.599729061126709,4.586024999320508,-0.013704061806200762,0.013704061806200762,5.611959753961972,0.5814814814814815
39627803590657135,rvspecfit-main-bright-2.fits,16.43598,5378.66,4.766294,-0.32350528,target_evaluation,target_evaluation_clean,source_only,logg,-1,1.0,4.766294002532959,4.886515682836374,0.12022168030341529,0.12022168030341529,4.0216601305501865,0.34629629629629627
39627803590659709,rvspecfit-main-bright-2.fits,12.965964,3757.0525,4.6078687,-0.25,target_evaluation,target_evaluation_clean,source_only,logg,-1,1.0,4.607868671417236,4.6394283111890156,0.031559639771779224,0.031559639771779224,4.9544322473474045,0.5092592592592593
39627803586463484,rvspecfit-main-bright-2.fits,31.973804,5079.818,2.5580812,-1.1764431,target_evaluation,target_evaluation_clean,source_only,logg,-1,1.0,2.5580811500549316,3.714647302627564,1.1565661525726325,1.1565661525726325,4.50568913691611,0.44814814814814813
39627815661867184,rvspecfit-main-bright-2.fits,11.212901,5877.344,4.5,-0.87294865,target_evaluation,target_evaluation_clean,source_only,logg,-1,1.0,4.5,4.443603006303309,-0.0563969936966906,0.0563969936966906,4.4953617113244,0.4462962962962963
39627821705858400,rvspecfit-main-bright-2.fits,28.417381,5869.313,4.42161,-0.59817594,target_evaluation,target_evaluation_clean,source_only,logg,-1,1.0,4.421609878540039,4.4902576730648684,0.06864779452482939,0.06864779452482939,3.8024334077238984,0.3037037037037037
39627815666062822,rvspecfit-main-bright-2.fits,21.326593,4725.2007,4.828737,-0.48243913,target_evaluation,target_evaluation_clean,source_only,logg,-1,1.0,4.828736782073975,4.688657649159431,-0.14007913291454344,0.14007913291454344,3.8319897391632884,0.31296296296296294
39627809634650742,rvspecfit-main-bright-2.fits,29.139715,5899.9976,4.5475526,-0.6766757,target_evaluation,target_evaluation_clean,source_only,logg,-1,1.0,4.547552585601807,4.491391596198082,-0.05616098940372449,0.05616098940372449,3.4652435754296356,0.2037037037037037
39627809630461078,rvspecfit-main-bright-2.fits,15.055974,5211.608,5.1218247,-0.6671269,target_evaluation,target_evaluation_clean,source_only,logg,-1,1.0,5.121824741363525,4.821690576672555,-0.3001341646909701,0.3001341646909701,4.024149591089454,0.34629629629629627
39627821714245907,rvspecfit-main-bright-2.fits,10.977933,4366.539,4.231374,-0.31133905,target_evaluation,target_evaluation_clean,source_only,logg,-1,1.0,4.2313737869262695,4.631660500069459,0.4002867131431893,0.4002867131431893,4.567809090144178,0.45740740740740743
39627815670253220,rvspecfit-main-bright-2.fits,22.477627,5879.129,4.39243,-0.723626,target_evaluation,target_evaluation_clean,source_only,logg,-1,1.0,4.392429828643799,4.490460957984129,0.0980311293403302,0.0980311293403302,4.250084889804043,0.3962962962962963
39627815670255646,rvspecfit-main-bright-2.fits,39.936398,4625.0684,4.7049537,-0.38005188,target_evaluation,target_evaluation_clean,source_only,logg,-1,1.0,4.704953670501709,4.708261581460634,0.003307910958924687,0.003307910958924687,3.943062057699056,0.3314814814814815
39627809622072149,rvspecfit-main-bright-2.fits,24.390818,4927.6396,4.850641,-0.33607587,target_evaluation,target_evaluation_clean,source_only,logg,-1,1.0,4.850640773773193,4.781327189902465,-0.06931358387072795,0.06931358387072795,3.164673246389869,0.1425925925925926
39627839842027358,rvspecfit-main-bright-3.fits,24.140806,3398.4958,4.8100953,-3.0253883e-08,target_evaluation,target_evaluation_clean,source_only,logg,-1,1.0,4.810095310211182,4.67917967647314,-0.1309156337380415,0.1309156337380415,4.386734395320419,0.4222222222222222
39627833793842886,rvspecfit-main-bright-3.fits,39.385548,5554.7554,4.770294,-0.47174188,target_evaluation,target_evaluation_clean,source_only,logg,-1,1.0,4.770294189453125,4.445635529061159,-0.32465866039196634,0.32465866039196634,3.6570056033530363,0.2611111111111111
39627833798038562,rvspecfit-main-bright-3.fits,28.237612,5951.2617,4.267125,-0.8982497,target_evaluation,target_evaluation_clean,source_only,logg,-1,1.0,4.267125129699707,4.401950396398703,0.13482526669899553,0.13482526669899553,2.8030232182871817,0.07222222222222222
39627827766625875,rvspecfit-main-bright-3.fits,25.357946,4335.492,4.686248,-0.4138596,target_evaluation,target_evaluation_clean,source_only,logg,-1,1.0,4.686247825622559,4.638094047904013,-0.048153777718545676,0.048153777718545676,3.715064667047358,0.2777777777777778
39627827770823696,rvspecfit-main-bright-3.fits,31.719215,4336.5527,4.3862042,0.22128439,target_evaluation,target_evaluation_clean,source_only,logg,-1,1.0,4.386204242706299,4.670930131673812,0.28472588896751283,0.28472588896751283,4.125387158063072,0.37037037037037035
39627833798034999,rvspecfit-main-bright-3.fits,17.041107,4075.3704,4.620044,-0.052925248,target_evaluation,target_evaluation_clean,source_only,logg,-1,1.0,4.620044231414795,4.6382459599773105,0.018201728562515562,0.018201728562515562,4.772007167503463,0.48333333333333334
39627833802234446,rvspecfit-main-bright-3.fits,21.432701,6195.4375,4.5,-2.0472734,target_evaluation,target_evaluation_clean,source_only,logg,-1,1.0,4.5,4.229062024553614,-0.27093797544638587,0.27093797544638587,2.7257126090683683,0.05925925925925926
39627833793843974,rvspecfit-main-bright-3.fits,40.123512,3609.6584,4.536659,-0.20593798,target_evaluation,target_evaluation_clean,source_only,logg,-1,1.0,4.536658763885498,4.671355028847853,0.1346962649623551,0.1346962649623551,3.2728547869799876,0.1648148148148148
39627821743607305,rvspecfit-main-bright-4.fits,38.73113,4629.5903,4.7259316,-0.11974044,target_evaluation,target_evaluation_clean,source_only,logg,-1,1.0,4.725931644439697,4.664639138380686,-0.06129250605901149,0.06129250605901149,2.8183229606296183,0.07777777777777778
39627821743608617,rvspecfit-main-bright-4.fits,14.83805,6469.1216,4.834329,-1.9999986,target_evaluation,target_evaluation_clean,source_only,logg,-1,1.0,4.834329128265381,4.187634174128375,-0.646694954137006,0.646694954137006,3.8459074263882345,0.31296296296296294
39627827783406885,rvspecfit-main-bright-4.fits,25.759974,3451.2712,4.5000005,6.0765877e-09,target_evaluation,target_evaluation_clean,source_only,logg,-1,1.0,4.500000476837158,4.6961168067653976,0.19611632992823935,0.19611632992823935,4.00142998048248,0.34444444444444444
39627833819009327,rvspecfit-main-bright-4.fits,14.72425,5800.006,4.4179063,-0.41439247,target_evaluation,target_evaluation_clean,source_only,logg,-1,1.0,4.417906284332275,4.7755380993088075,0.35763181497653207,0.35763181497653207,3.599294552693579,0.23333333333333334
39627821747799263,rvspecfit-main-bright-4.fits,12.165322,6256.565,4.644997,-1.5297871,target_evaluation,target_evaluation_clean,source_only,logg,-1,1.0,4.6449971199035645,4.345830175578594,-0.2991669443249707,0.2991669443249707,4.136780685831654,0.37037037037037035
39627833823204203,rvspecfit-main-bright-4.fits,34.961163,4537.2896,4.6756153,-0.036325403,target_evaluation,target_evaluation_clean,source_only,logg,-1,1.0,4.675615310668945,4.649971079826355,-0.025644230842590154,0.025644230842590154,3.360470891260752,0.18518518518518517
39627821735220946,rvspecfit-main-bright-4.fits,16.858812,3473.7603,4.656427,-0.7322211,target_evaluation,target_evaluation_clean,source_only,logg,-1,1.0,4.656426906585693,4.680499130686124,0.024072224100430972,0.024072224100430972,4.720935893155424,0.4759259259259259
39627833839977270,rvspecfit-main-bright-5.fits,22.707117,3847.4602,4.847961,-0.07507452,target_evaluation,target_evaluation_clean,source_only,logg,-1,1.0,4.847960948944092,4.653474878768126,-0.19448607017596586,0.19448607017596586,3.6855059580680964,0.26296296296296295
39627845923766625,rvspecfit-main-bright-5.fits,25.341322,3959.5576,4.3476377,-0.7805401,target_evaluation,target_evaluation_clean,source_only,logg,-1,1.0,4.34763765335083,4.631297639707724,0.28365998635689404,0.28365998635689404,3.0532926990193827,0.12222222222222222
39627839879775616,rvspecfit-main-bright-5.fits,43.97754,5813.363,4.760278,-1.1522388,target_evaluation,target_evaluation_clean,source_only,logg,-1,1.0,4.760278224945068,4.548908891677856,-0.2113693332672124,0.2113693332672124,2.0007806642845347,0.003703703703703704
39627845919573600,rvspecfit-main-bright-5.fits,41.5082,6244.3022,4.3234587,-1.7500005,target_evaluation,target_evaluation_clean,source_only,logg,-1,1.0,4.323458671569824,4.296690440475939,-0.026768231093885042,0.026768231093885042,1.980887723888662,0.001851851851851852
39627845915380471,rvspecfit-main-bright-5.fits,44.527607,3708.848,4.5635805,-0.6112659,target_evaluation,target_evaluation_clean,source_only,logg,-1,1.0,4.563580513000488,4.680486647089322,0.11690613408883355,0.11690613408883355,2.7980973824247535,0.07222222222222222
39627839875583467,rvspecfit-main-bright-5.fits,30.495152,3700.0,4.774045,2.0906618e-05,target_evaluation,target_evaluation_clean,source_only,logg,-1,1.0,4.774044990539551,4.572478264669575,-0.20156672586997537,0.20156672586997537,3.249091902007945,0.1537037037037037
39627833831591187,rvspecfit-main-bright-5.fits,14.973386,4433.752,4.873937,-0.6670582,target_evaluation,target_evaluation_clean,source_only,logg,-1,1.0,4.873937129974365,4.646705347001554,-0.22723178297281166,0.22723178297281166,3.5164212228574434,0.21666666666666667
39627833835783596,rvspecfit-main-bright-5.fits,19.291912,4050.7817,4.467584,-0.6911538,target_evaluation,target_evaluation_clean,source_only,logg,-1,1.0,4.467584133148193,4.638080270091692,0.1704961369434983,0.1704961369434983,3.268314697909772,0.16296296296296298
39627845915383495,rvspecfit-main-bright-5.fits,10.922119,5638.3613,4.8552957,-0.6561243,target_evaluation,target_evaluation_clean,source_only,logg,-1,1.0,4.855295658111572,4.744231581886612,-0.1110640762249604,0.1110640762249604,5.109653480748014,0.5296296296296297
39627833810618447,rvspecfit-main-bright-6.fits,40.771164,6517.8154,4.6731167,-2.3132465,target_evaluation,target_evaluation_clean,source_only,logg,-1,1.0,4.673116683959961,4.211587986151377,-0.46152869780858374,0.46152869780858374,2.7671641661499153,0.06666666666666667
39627839850415811,rvspecfit-main-bright-6.fits,14.076207,5159.8643,4.866095,-0.5808288,target_evaluation,target_evaluation_clean,source_only,logg,-1,1.0,4.866095066070557,4.801147593061132,-0.0649474730094246,0.0649474730094246,4.811605310786557,0.48703703703703705
39627845886020401,rvspecfit-main-bright-6.fits,13.033478,6121.208,4.152123,-0.96648407,target_evaluation,target_evaluation_clean,source_only,logg,-1,1.0,4.152122974395752,3.7948250437776236,-0.3572979306181283,0.3572979306181283,4.335017238802545,0.4166666666666667
39627845886019547,rvspecfit-main-bright-6.fits,26.366577,5199.997,4.8886833,-0.30279285,target_evaluation,target_evaluation_clean,source_only,logg,-1,1.0,4.888683319091797,4.842077005704246,-0.04660631338755117,0.04660631338755117,3.867318013338838,0.3148148148148148
39627845886024355,rvspecfit-main-bright-6.fits,32.78284,5942.658,4.291933,-0.6273537,target_evaluation,target_evaluation_clean,source_only,logg,-1,1.0,4.291933059692383,4.469155536492665,0.17722247680028236,0.17722247680028236,4.290890957466497,0.40555555555555556
39627827728880168,rvspecfit-main-bright-8.fits,11.884048,3643.9668,4.5368013,-0.5000001,target_evaluation,target_evaluation_clean,source_only,logg,-1,1.0,4.536801338195801,4.586513081789017,0.04971174359321662,0.04971174359321662,6.137716646508014,0.6407407407407407
39627827728881595,rvspecfit-main-bright-8.fits,11.067028,3715.3442,4.560988,-0.41314766,target_evaluation,target_evaluation_clean,source_only,logg,-1,1.0,4.560987949371338,4.676856242219609,0.11586829284827083,0.11586829284827083,6.117663362454201,0.6388888888888888
39627821693274753,rvspecfit-main-bright-8.fits,14.563165,4903.6562,4.7105637,-0.6856381,target_evaluation,target_evaluation_clean,source_only,logg,-1,1.0,4.710563659667969,4.792132975061734,0.08156931539376533,0.08156931539376533,3.2080875948911785,0.14814814814814814
39627833777063378,rvspecfit-main-bright-8.fits,36.156208,4865.3774,4.8829994,-0.2660883,target_evaluation,target_evaluation_clean,source_only,logg,-1,1.0,4.882999420166016,4.718888413310049,-0.16411100685596658,0.16411100685596658,3.964154181537539,0.3333333333333333
39627839816861389,rvspecfit-main-bright-8.fits,23.303087,5715.106,4.715221,-0.5199357,target_evaluation,target_evaluation_clean,source_only,logg,-1,1.0,4.715220928192139,4.533481683135034,-0.1817392450571047,0.1817392450571047,2.881483309127383,0.09074074074074075
39627833781259407,rvspecfit-main-bright-8.fits,22.830645,4481.9824,4.584956,-0.5631001,target_evaluation,target_evaluation_clean,source_only,logg,-1,1.0,4.584956169128418,4.671413854559261,0.08645768543084298,0.08645768543084298,5.506355435802245,0.5722222222222222
39627839812672682,rvspecfit-main-bright-8.fits,11.783399,5055.8506,5.161906,-1.1391282,target_evaluation,target_evaluation_clean,source_only,logg,-1,1.0,5.161905765533447,4.796901324689389,-0.36500444084405803,0.36500444084405803,3.7615232438110153,0.29074074074074074
39627827737264610,rvspecfit-main-bright-8.fits,51.15046,3715.6196,4.598353,-0.2972362,target_evaluation,target_evaluation_clean,source_only,logg,-1,1.0,4.598352909088135,4.678911493122575,0.08055858403444027,0.08055858403444027,3.056567368598423,0.12407407407407407
39627827728877440,rvspecfit-main-bright-8.fits,36.33877,5575.7563,4.6957045,-0.07203574,target_evaluation,target_evaluation_clean,source_only,logg,-1,1.0,4.695704460144043,4.836198227604231,0.14049376746018805,0.14049376746018805,2.6252799991626254,0.05
39627821693275169,rvspecfit-main-bright-8.fits,15.122388,5025.6157,4.4391804,-0.651436,target_evaluation,target_evaluation_clean,source_only,logg,-1,1.0,4.439180374145508,4.850661327342193,0.4114809531966852,0.4114809531966852,3.6419122796683374,0.25555555555555554
39627839816865588,rvspecfit-main-bright-9.fits,10.728113,3960.8994,4.4292912,-0.4187252,target_evaluation,target_evaluation_clean,source_only,logg,-1,1.0,4.429291248321533,4.618766734302044,0.18947548598051078,0.18947548598051078,6.141328009456521,0.6407407407407407
39627839821055583,rvspecfit-main-bright-9.fits,13.759142,4015.057,4.523047,-0.5563418,target_evaluation,target_evaluation_clean,source_only,logg,-1,1.0,4.523046970367432,4.591402966777481,0.06835599641004908,0.06835599641004908,4.839088681814633,0.49444444444444446
39627845865046248,rvspecfit-main-bright-9.fits,12.871122,3645.7952,4.8327327,0.2286792,target_evaluation,target_evaluation_clean,source_only,logg,-1,1.0,4.832732677459717,4.637789678672949,-0.19494299878676813,0.19494299878676813,5.416297818508471,0.5648148148148148
39627845860853503,rvspecfit-main-bright-9.fits,26.803902,5411.7363,4.7129574,-0.54156125,target_evaluation,target_evaluation_clean,source_only,logg,-1,1.0,4.712957382202148,4.861001611550648,0.1480442293484998,0.1480442293484998,2.4266525834414847,0.03518518518518519
39627833785455822,rvspecfit-main-bright-9.fits,19.493109,3852.0898,4.842148,-0.25,target_evaluation,target_evaluation_clean,source_only,logg,-1,1.0,4.8421478271484375,4.711135123670099,-0.13101270347833882,0.13101270347833882,4.147947154244474,0.37222222222222223
39627851909045330,rvspecfit-main-bright-9.fits,22.31135,5862.414,4.257343,-0.67050207,target_evaluation,target_evaluation_clean,source_only,logg,-1,1.0,4.25734281539917,3.8596572066346813,-0.39768560876448866,0.39768560876448866,3.555214779299837,0.22777777777777777
39627851913232720,rvspecfit-main-bright-9.fits,38.27888,4340.273,4.7055964,-0.32321364,target_evaluation,target_evaluation_clean,source_only,logg,-1,1.0,4.705596446990967,4.628463484446207,-0.0771329625447601,0.0771329625447601,3.1681161404686384,0.1425925925925926
39627845869245534,rvspecfit-main-bright-9.fits,44.033375,6095.794,4.289099,-0.5429145,target_evaluation,target_evaluation_clean,source_only,logg,-1,1.0,4.289099216461182,4.498352336883545,0.2092531204223631,0.2092531204223631,2.039386525932354,0.003703703703703704
39627839837834061,rvspecfit-main-bright-9.fits,18.223211,4585.609,4.679545,-0.26840124,target_evaluation,target_evaluation_clean,source_only,logg,-1,1.0,4.679544925689697,4.620705731312432,-0.05883919437726526,0.05883919437726526,3.592865620049723,0.23333333333333334
39627839829446786,rvspecfit-main-bright-9.fits,13.116069,3434.77,4.522116,0.022658512,target_evaluation,target_evaluation_clean,source_only,logg,-1,1.0,4.522116184234619,4.691494079629577,0.16937789539495807,0.16937789539495807,5.619094875851576,0.5814814814814815
39627845873438049,rvspecfit-main-bright-9.fits,21.684975,5177.2314,4.8784614,-0.70214164,target_evaluation,target_evaluation_clean,source_only,logg,-1,1.0,4.8784613609313965,4.763795925776163,-0.1146654351552332,0.1146654351552332,2.872666173077456,0.08703703703703704
39627845869247436,rvspecfit-main-bright-9.fits,65.567,6116.4717,3.9716609,-0.62627816,target_evaluation,target_evaluation_clean,source_only,logg,-1,1.0,3.971660852432251,4.408866575558978,0.437205723126727,0.437205723126727,2.0158807969573043,0.003703703703703704
39627839833638184,rvspecfit-main-bright-9.fits,23.375196,3722.8513,4.692401,-0.5,target_evaluation,target_evaluation_clean,source_only,logg,-1,1.0,4.692400932312012,4.66903080860774,-0.023370123704271606,0.023370123704271606,3.284601586664518,0.1685185185185185
39627839837834062,rvspecfit-main-bright-9.fits,29.298006,3464.2122,4.331614,-0.21758264,target_evaluation,target_evaluation_clean,source_only,logg,-1,1.0,4.331614017486572,4.689675803681215,0.3580617861946429,0.3580617861946429,4.922576326045273,0.5037037037037037
39627845873435234,rvspecfit-main-bright-9.fits,44.133266,5946.902,4.733702,-0.44999155,target_evaluation,target_evaluation_clean,source_only,logg,-1,1.0,4.733702182769775,4.660077093640963,-0.0736250891288126,0.0736250891288126,2.534437164724399,0.044444444444444446
39627803590661381,rvspecfit-main-bright-0.fits,28.50589,4480.691,4.253539,0.17412166,target_evaluation,target_evaluation_clean,source_only,feh,-1,1.0,0.1741216629743576,-0.27980756036769455,-0.45392922334205216,0.45392922334205216,4.706940735627219,0.4740740740740741
39627797550864891,rvspecfit-main-bright-0.fits,14.311126,3968.126,4.493116,-0.6129776,target_evaluation,target_evaluation_clean,source_only,feh,-1,1.0,-0.6129776239395142,-0.3552340329573631,0.25774359098215105,0.25774359098215105,5.521235109389005,0.5740740740740741
39627785479657922,rvspecfit-main-bright-0.fits,23.107883,5525.6953,4.8475904,-0.8433948,target_evaluation,target_evaluation_clean,source_only,feh,-1,1.0,-0.8433948159217834,-0.70027761882171,0.14311719710007342,0.14311719710007342,2.6599726578066387,0.05
39627797550862010,rvspecfit-main-bright-0.fits,17.196161,5155.6426,4.86746,-0.74379873,target_evaluation,target_evaluation_clean,source_only,feh,-1,1.0,-0.7437987327575684,-0.6447415035854401,0.09905722917212822,0.09905722917212822,3.5013585122357846,0.20925925925925926
39627803599047112,rvspecfit-main-bright-0.fits,26.322287,5086.4585,4.766821,-0.46503806,target_evaluation,target_evaluation_clean,source_only,feh,-1,1.0,-0.4650380611419678,-0.4182516182803858,0.046786442861581956,0.046786442861581956,3.2042111353674616,0.14814814814814814
39627809643043009,rvspecfit-main-bright-0.fits,10.406952,4673.5483,4.4082108,-0.41964775,target_evaluation,target_evaluation_clean,source_only,feh,-1,1.0,-0.419647753238678,-0.49013914014510945,-0.07049138690643147,0.07049138690643147,5.393483889359661,0.5611111111111111
39627797571831121,rvspecfit-main-bright-0.fits,38.04706,5674.233,5.089847,-0.64886004,target_evaluation,target_evaluation_clean,source_only,feh,-1,1.0,-0.6488600373268127,-0.50756690048147,0.14129313684534273,0.14129313684534273,1.8004474219853346,0.0
39627821731021743,rvspecfit-main-bright-1.fits,32.808224,6012.902,4.0533924,-0.97668797,target_evaluation,target_evaluation_clean,source_only,feh,-1,1.0,-0.9766879677772522,-0.9363079353794456,0.04038003239780663,0.04038003239780663,2.3923813014576214,0.027777777777777776
39627821731024542,rvspecfit-main-bright-1.fits,10.150132,3514.3335,4.795404,-9.54014e-09,target_evaluation,target_evaluation_clean,source_only,feh,-1,1.0,-9.540140233355032e-09,-0.06958309610828918,-0.06958308656814895,0.06958308656814895,6.914926672000059,0.7018518518518518
39627815691227637,rvspecfit-main-bright-1.fits,12.06874,5242.399,5.082218,-0.3883964,target_evaluation,target_evaluation_clean,source_only,feh,-1,1.0,-0.38839641213417053,-0.49945570671077794,-0.1110592945766074,0.1110592945766074,4.697433517772108,0.4703703703703704
39627815691227894,rvspecfit-main-bright-1.fits,16.81999,5900.0044,4.712105,-0.6586523,target_evaluation,target_evaluation_clean,source_only,feh,-1,1.0,-0.6586523056030273,-0.8993770778464314,-0.24072477224340405,0.24072477224340405,4.026120127748926,0.34629629629629627
39627815691224502,rvspecfit-main-bright-1.fits,15.9603815,5896.2236,4.731507,-1.1173238,target_evaluation,target_evaluation_clean,source_only,feh,-1,1.0,-1.1173237562179565,-1.2995967329852283,-0.18227297676727172,0.18227297676727172,3.684479909015867,0.26296296296296295
39627815703807705,rvspecfit-main-bright-1.fits,13.988191,3606.7092,4.674957,-0.09309976,target_evaluation,target_evaluation_clean,source_only,feh,-1,1.0,-0.09309975802898407,-0.28033103578028756,-0.1872312777513035,0.1872312777513035,7.010063074407172,0.7074074074074074
39627809651425857,rvspecfit-main-bright-1.fits,29.866762,5622.943,4.8139563,-0.37131092,target_evaluation,target_evaluation_clean,source_only,feh,-1,1.0,-0.37131091952323914,-0.5268072422547264,-0.15549632273148728,0.15549632273148728,4.2166096493683,0.3888888888888889
39627803615825148,rvspecfit-main-bright-1.fits,12.816327,5113.739,2.2663527,-0.98540086,target_evaluation,target_evaluation_clean,source_only,feh,-1,1.0,-0.9854008555412292,-1.2957491237918533,-0.310348268250624,0.310348268250624,6.270929736588265,0.6481481481481481
39627815699615891,rvspecfit-main-bright-1.fits,18.43502,4220.126,4.723737,-1.3810121,target_evaluation,target_evaluation_clean,source_only,feh,-1,1.0,-1.3810120820999146,-0.6023804147448386,0.7786316673550759,0.7786316673550759,4.805048968956197,0.48703703703703705
39627803590658022,rvspecfit-main-bright-2.fits,16.427069,3402.1553,4.6148133,-0.25,target_evaluation,target_evaluation_clean,source_only,feh,-1,1.0,-0.25,-0.08959138727978125,0.16040861272021875,0.16040861272021875,5.7983589868175525,0.6055555555555555
39627821714244104,rvspecfit-main-bright-2.fits,23.581211,3939.141,4.8228536,0.04200729,target_evaluation,target_evaluation_clean,source_only,feh,-1,1.0,0.042007289826869965,-0.21285527030773937,-0.25486256013460934,0.25486256013460934,4.342961633345989,0.4166666666666667
39627815674447825,rvspecfit-main-bright-2.fits,12.42645,3848.9524,4.6892333,-0.37573263,target_evaluation,target_evaluation_clean,source_only,feh,-1,1.0,-0.3757326304912567,-0.25710140214979676,0.11863122834145995,0.11863122834145995,5.460451902115393,0.5685185185185185
39627821705861343,rvspecfit-main-bright-2.fits,23.189272,5815.6016,4.2078815,-0.86157435,target_evaluation,target_evaluation_clean,source_only,feh,-1,1.0,-0.8615743517875671,-1.082941958345473,-0.22136760655790577,0.22136760655790577,4.186240242612702,0.38333333333333336
39627821710049965,rvspecfit-main-bright-2.fits,24.613297,5314.402,3.0451887,-1.3697333,target_evaluation,target_evaluation_clean,source_only,feh,-1,1.0,-1.3697333335876465,-1.065791820647816,0.3039415129398304,0.3039415129398304,4.2122786448282525,0.3888888888888889
39627809622067402,rvspecfit-main-bright-2.fits,31.265646,6137.838,4.0774336,-1.2985094,target_evaluation,target_evaluation_clean,source_only,feh,-1,1.0,-1.2985093593597412,-1.5931026462962237,-0.29459328693648246,0.29459328693648246,3.0220177698407396,0.11851851851851852
39627809622066836,rvspecfit-main-bright-2.fits,15.522804,3970.5703,4.5469885,-0.63032347,target_evaluation,target_evaluation_clean,source_only,feh,-1,1.0,-0.6303234696388245,-0.3586554892837333,0.27166798035509115,0.27166798035509115,4.722734221883384,0.4777777777777778
39627809617878013,rvspecfit-main-bright-2.fits,31.116262,5462.681,5.1084437,-0.5318166,target_evaluation,target_evaluation_clean,source_only,feh,-1,1.0,-0.5318166017532349,-0.5826295693494314,-0.05081296759619658,0.05081296759619658,3.018400635700798,0.11851851851851852
39627815661869306,rvspecfit-main-bright-2.fits,12.123284,3522.1082,4.599729,-0.106358714,target_evaluation,target_evaluation_clean,source_only,feh,-1,1.0,-0.10635871440172195,-0.15884878998554738,-0.05249007558382543,0.05249007558382543,5.611959753961972,0.5814814814814815
39627803590657135,rvspecfit-main-bright-2.fits,16.43598,5378.66,4.766294,-0.32350528,target_evaluation,target_evaluation_clean,source_only,feh,-1,1.0,-0.3235052824020386,-0.5086514201154931,-0.18514613771345456,0.18514613771345456,4.0216601305501865,0.34629629629629627
39627803590659709,rvspecfit-main-bright-2.fits,12.965964,3757.0525,4.6078687,-0.25,target_evaluation,target_evaluation_clean,source_only,feh,-1,1.0,-0.25,-0.17051971269709315,0.07948028730290685,0.07948028730290685,4.9544322473474045,0.5092592592592593
39627803586463484,rvspecfit-main-bright-2.fits,31.973804,5079.818,2.5580812,-1.1764431,target_evaluation,target_evaluation_clean,source_only,feh,-1,1.0,-1.176443099975586,-1.2242876459754006,-0.04784454599981469,0.04784454599981469,4.50568913691611,0.44814814814814813
39627815661867184,rvspecfit-main-bright-2.fits,11.212901,5877.344,4.5,-0.87294865,target_evaluation,target_evaluation_clean,source_only,feh,-1,1.0,-0.8729486465454102,-0.7873775369115176,0.08557110963389258,0.08557110963389258,4.4953617113244,0.4462962962962963
39627821705858400,rvspecfit-main-bright-2.fits,28.417381,5869.313,4.42161,-0.59817594,target_evaluation,target_evaluation_clean,source_only,feh,-1,1.0,-0.5981759428977966,-0.6555114131299322,-0.05733547023213559,0.05733547023213559,3.8024334077238984,0.3037037037037037
39627815666062822,rvspecfit-main-bright-2.fits,21.326593,4725.2007,4.828737,-0.48243913,target_evaluation,target_evaluation_clean,source_only,feh,-1,1.0,-0.4824391305446625,-0.37163612320348505,0.11080300734117743,0.11080300734117743,3.8319897391632884,0.31296296296296294
39627809634650742,rvspecfit-main-bright-2.fits,29.139715,5899.9976,4.5475526,-0.6766757,target_evaluation,target_evaluation_clean,source_only,feh,-1,1.0,-0.6766756772994995,-0.7277669618123523,-0.05109128451285283,0.05109128451285283,3.4652435754296356,0.2037037037037037
39627809630461078,rvspecfit-main-bright-2.fits,15.055974,5211.608,5.1218247,-0.6671269,target_evaluation,target_evaluation_clean,source_only,feh,-1,1.0,-0.6671268939971924,-0.4583909407785784,0.208735953218614,0.208735953218614,4.024149591089454,0.34629629629629627
39627821714245907,rvspecfit-main-bright-2.fits,10.977933,4366.539,4.231374,-0.31133905,target_evaluation,target_evaluation_clean,source_only,feh,-1,1.0,-0.31133905053138733,-0.4470093568530661,-0.13567030632167876,0.13567030632167876,4.567809090144178,0.45740740740740743
39627815670253220,rvspecfit-main-bright-2.fits,22.477627,5879.129,4.39243,-0.723626,target_evaluation,target_evaluation_clean,source_only,feh,-1,1.0,-0.7236260175704956,-0.7449623275391482,-0.021336309968652545,0.021336309968652545,4.250084889804043,0.3962962962962963
39627815670255646,rvspecfit-main-bright-2.fits,39.936398,4625.0684,4.7049537,-0.38005188,target_evaluation,target_evaluation_clean,source_only,feh,-1,1.0,-0.3800518810749054,-0.2739003908360559,0.10615149023884951,0.10615149023884951,3.943062057699056,0.3314814814814815
39627809622072149,rvspecfit-main-bright-2.fits,24.390818,4927.6396,4.850641,-0.33607587,target_evaluation,target_evaluation_clean,source_only,feh,-1,1.0,-0.33607587218284607,-0.4102493794417628,-0.07417350725891675,0.07417350725891675,3.164673246389869,0.1425925925925926
39627839842027358,rvspecfit-main-bright-3.fits,24.140806,3398.4958,4.8100953,-3.0253883e-08,target_evaluation,target_evaluation_clean,source_only,feh,-1,1.0,-3.025388295441189e-08,-0.030647695864845233,-0.03064766561096228,0.03064766561096228,4.386734395320419,0.4222222222222222
39627833793842886,rvspecfit-main-bright-3.fits,39.385548,5554.7554,4.770294,-0.47174188,target_evaluation,target_evaluation_clean,source_only,feh,-1,1.0,-0.4717418849468231,-0.7637820134218781,-0.292040128475055,0.292040128475055,3.6570056033530363,0.2611111111111111
39627833798038562,rvspecfit-main-bright-3.fits,28.237612,5951.2617,4.267125,-0.8982497,target_evaluation,target_evaluation_clean,source_only,feh,-1,1.0,-0.8982496857643127,-0.8809796950190016,0.017269990745311103,0.017269990745311103,2.8030232182871817,0.07222222222222222
39627827766625875,rvspecfit-main-bright-3.fits,25.357946,4335.492,4.686248,-0.4138596,target_evaluation,target_evaluation_clean,source_only,feh,-1,1.0,-0.41385960578918457,-0.31219913334701543,0.10166047244216914,0.10166047244216914,3.715064667047358,0.2777777777777778
39627827770823696,rvspecfit-main-bright-3.fits,31.719215,4336.5527,4.3862042,0.22128439,target_evaluation,target_evaluation_clean,source_only,feh,-1,1.0,0.2212843894958496,-0.1777058945242013,-0.3989902840200509,0.3989902840200509,4.125387158063072,0.37037037037037035
39627833798034999,rvspecfit-main-bright-3.fits,17.041107,4075.3704,4.620044,-0.052925248,target_evaluation,target_evaluation_clean,source_only,feh,-1,1.0,-0.05292524769902229,-0.1469831928816377,-0.0940579451826154,0.0940579451826154,4.772007167503463,0.48333333333333334
39627833802234446,rvspecfit-main-bright-3.fits,21.432701,6195.4375,4.5,-2.0472734,target_evaluation,target_evaluation_clean,source_only,feh,-1,1.0,-2.0472733974456787,-1.472493734074135,0.5747796633715436,0.5747796633715436,2.7257126090683683,0.05925925925925926
39627833793843974,rvspecfit-main-bright-3.fits,40.123512,3609.6584,4.536659,-0.20593798,target_evaluation,target_evaluation_clean,source_only,feh,-1,1.0,-0.20593798160552979,-0.20044724069971662,0.005490740905813168,0.005490740905813168,3.2728547869799876,0.1648148148148148
39627821743607305,rvspecfit-main-bright-4.fits,38.73113,4629.5903,4.7259316,-0.11974044,target_evaluation,target_evaluation_clean,source_only,feh,-1,1.0,-0.11974044144153595,-0.30403119060098127,-0.18429074915944532,0.18429074915944532,2.8183229606296183,0.07777777777777778
39627821743608617,rvspecfit-main-bright-4.fits,14.83805,6469.1216,4.834329,-1.9999986,target_evaluation,target_evaluation_clean,source_only,feh,-1,1.0,-1.9999985694885254,-1.534021754438679,0.46597681504984645,0.46597681504984645,3.8459074263882345,0.31296296296296294
39627827783406885,rvspecfit-main-bright-4.fits,25.759974,3451.2712,4.5000005,6.0765877e-09,target_evaluation,target_evaluation_clean,source_only,feh,-1,1.0,6.076587677483758e-09,-0.023810840323078387,-0.023810846399666064,0.023810846399666064,4.00142998048248,0.34444444444444444
39627833819009327,rvspecfit-main-bright-4.fits,14.72425,5800.006,4.4179063,-0.41439247,target_evaluation,target_evaluation_clean,source_only,feh,-1,1.0,-0.41439247131347656,-0.5785482514909986,-0.16415578017752208,0.16415578017752208,3.599294552693579,0.23333333333333334
39627821747799263,rvspecfit-main-bright-4.fits,12.165322,6256.565,4.644997,-1.5297871,target_evaluation,target_evaluation_clean,source_only,feh,-1,1.0,-1.5297870635986328,-1.3249986011752235,0.2047884624234093,0.2047884624234093,4.136780685831654,0.37037037037037035
39627833823204203,rvspecfit-main-bright-4.fits,34.961163,4537.2896,4.6756153,-0.036325403,target_evaluation,target_evaluation_clean,source_only,feh,-1,1.0,-0.036325402557849884,-0.3007753315961056,-0.2644499290382557,0.2644499290382557,3.360470891260752,0.18518518518518517
39627821735220946,rvspecfit-main-bright-4.fits,16.858812,3473.7603,4.656427,-0.7322211,target_evaluation,target_evaluation_clean,source_only,feh,-1,1.0,-0.7322211265563965,-0.2164625064403224,0.5157586201160741,0.5157586201160741,4.720935893155424,0.4759259259259259
39627833839977270,rvspecfit-main-bright-5.fits,22.707117,3847.4602,4.847961,-0.07507452,target_evaluation,target_evaluation_clean,source_only,feh,-1,1.0,-0.07507452368736267,-0.3093234444736294,-0.23424892078626675,0.23424892078626675,3.6855059580680964,0.26296296296296295
39627845923766625,rvspecfit-main-bright-5.fits,25.341322,3959.5576,4.3476377,-0.7805401,target_evaluation,target_evaluation_clean,source_only,feh,-1,1.0,-0.7805401086807251,-0.4621918916112836,0.3183482170694415,0.3183482170694415,3.0532926990193827,0.12222222222222222
39627839879775616,rvspecfit-main-bright-5.fits,43.97754,5813.363,4.760278,-1.1522388,target_evaluation,target_evaluation_clean,source_only,feh,-1,1.0,-1.1522388458251953,-0.6151727215138574,0.5370661243113379,0.5370661243113379,2.0007806642845347,0.003703703703703704
39627845919573600,rvspecfit-main-bright-5.fits,41.5082,6244.3022,4.3234587,-1.7500005,target_evaluation,target_evaluation_clean,source_only,feh,-1,1.0,-1.7500004768371582,-1.2473602717742323,0.502640205062926,0.502640205062926,1.980887723888662,0.001851851851851852
39627845915380471,rvspecfit-main-bright-5.fits,44.527607,3708.848,4.5635805,-0.6112659,target_evaluation,target_evaluation_clean,source_only,feh,-1,1.0,-0.6112658977508545,-0.3124989725130115,0.298766925237843,0.298766925237843,2.7980973824247535,0.07222222222222222
39627839875583467,rvspecfit-main-bright-5.fits,30.495152,3700.0,4.774045,2.0906618e-05,target_evaluation,target_evaluation_clean,source_only,feh,-1,1.0,2.0906618374283426e-05,-0.1459700903681114,-0.14599099698648568,0.14599099698648568,3.249091902007945,0.1537037037037037
39627833831591187,rvspecfit-main-bright-5.fits,14.973386,4433.752,4.873937,-0.6670582,target_evaluation,target_evaluation_clean,source_only,feh,-1,1.0,-0.6670582294464111,-0.3849680410263438,0.28209018842006733,0.28209018842006733,3.5164212228574434,0.21666666666666667
39627833835783596,rvspecfit-main-bright-5.fits,19.291912,4050.7817,4.467584,-0.6911538,target_evaluation,target_evaluation_clean,source_only,feh,-1,1.0,-0.6911538243293762,-0.41684661971602854,0.2743072046133477,0.2743072046133477,3.268314697909772,0.16296296296296298
39627845915383495,rvspecfit-main-bright-5.fits,10.922119,5638.3613,4.8552957,-0.6561243,target_evaluation,target_evaluation_clean,source_only,feh,-1,1.0,-0.6561242938041687,-0.5897420769588397,0.06638221684532897,0.06638221684532897,5.109653480748014,0.5296296296296297
39627833810618447,rvspecfit-main-bright-6.fits,40.771164,6517.8154,4.6731167,-2.3132465,target_evaluation,target_evaluation_clean,source_only,feh,-1,1.0,-2.313246488571167,-1.3232579331286252,0.9899885554425418,0.9899885554425418,2.7671641661499153,0.06666666666666667
39627839850415811,rvspecfit-main-bright-6.fits,14.076207,5159.8643,4.866095,-0.5808288,target_evaluation,target_evaluation_clean,source_only,feh,-1,1.0,-0.5808287858963013,-0.4392402889300138,0.14158849696628745,0.14158849696628745,4.811605310786557,0.48703703703703705
39627845886020401,rvspecfit-main-bright-6.fits,13.033478,6121.208,4.152123,-0.96648407,target_evaluation,target_evaluation_clean,source_only,feh,-1,1.0,-0.9664840698242188,-1.4567469259819879,-0.4902628561577691,0.4902628561577691,4.335017238802545,0.4166666666666667
39627845886019547,rvspecfit-main-bright-6.fits,26.366577,5199.997,4.8886833,-0.30279285,target_evaluation,target_evaluation_clean,source_only,feh,-1,1.0,-0.30279284715652466,-0.39702375401587553,-0.09423090685935087,0.09423090685935087,3.867318013338838,0.3148148148148148
39627845886024355,rvspecfit-main-bright-6.fits,32.78284,5942.658,4.291933,-0.6273537,target_evaluation,target_evaluation_clean,source_only,feh,-1,1.0,-0.6273537278175354,-1.1593093392656493,-0.5319556114481139,0.5319556114481139,4.290890957466497,0.40555555555555556
39627827728880168,rvspecfit-main-bright-8.fits,11.884048,3643.9668,4.5368013,-0.5000001,target_evaluation,target_evaluation_clean,source_only,feh,-1,1.0,-0.5000001192092896,-0.3845206891593434,0.11547943004994615,0.11547943004994615,6.137716646508014,0.6407407407407407
39627827728881595,rvspecfit-main-bright-8.fits,11.067028,3715.3442,4.560988,-0.41314766,target_evaluation,target_evaluation_clean,source_only,feh,-1,1.0,-0.4131476581096649,-0.3371410438360498,0.0760066142736151,0.0760066142736151,6.117663362454201,0.6388888888888888
39627821693274753,rvspecfit-main-bright-8.fits,14.563165,4903.6562,4.7105637,-0.6856381,target_evaluation,target_evaluation_clean,source_only,feh,-1,1.0,-0.6856381297111511,-0.5159873782884932,0.16965075142265795,0.16965075142265795,3.2080875948911785,0.14814814814814814
39627833777063378,rvspecfit-main-bright-8.fits,36.156208,4865.3774,4.8829994,-0.2660883,target_evaluation,target_evaluation_clean,source_only,feh,-1,1.0,-0.2660883069038391,-0.4573713527398738,-0.19128304583603467,0.19128304583603467,3.964154181537539,0.3333333333333333
39627839816861389,rvspecfit-main-bright-8.fits,23.303087,5715.106,4.715221,-0.5199357,target_evaluation,target_evaluation_clean,source_only,feh,-1,1.0,-0.5199357271194458,-0.6964531089117135,-0.17651738179226772,0.17651738179226772,2.881483309127383,0.09074074074074075
39627833781259407,rvspecfit-main-bright-8.fits,22.830645,4481.9824,4.584956,-0.5631001,target_evaluation,target_evaluation_clean,source_only,feh,-1,1.0,-0.5631000995635986,-0.43720639135872225,0.1258937082048764,0.1258937082048764,5.506355435802245,0.5722222222222222
39627839812672682,rvspecfit-main-bright-8.fits,11.783399,5055.8506,5.161906,-1.1391282,target_evaluation,target_evaluation_clean,source_only,feh,-1,1.0,-1.1391282081604004,-0.5487582383273789,0.5903699698330215,0.5903699698330215,3.7615232438110153,0.29074074074074074
39627827737264610,rvspecfit-main-bright-8.fits,51.15046,3715.6196,4.598353,-0.2972362,target_evaluation,target_evaluation_clean,source_only,feh,-1,1.0,-0.29723620414733887,-0.3498897943218,-0.05265359017446114,0.05265359017446114,3.056567368598423,0.12407407407407407
39627827728877440,rvspecfit-main-bright-8.fits,36.33877,5575.7563,4.6957045,-0.07203574,target_evaluation,target_evaluation_clean,source_only,feh,-1,1.0,-0.07203573733568192,-0.529211489193452,-0.45717575185777004,0.45717575185777004,2.6252799991626254,0.05
39627821693275169,rvspecfit-main-bright-8.fits,15.122388,5025.6157,4.4391804,-0.651436,target_evaluation,target_evaluation_clean,source_only,feh,-1,1.0,-0.6514359712600708,-0.4608698168365908,0.19056615442348002,0.19056615442348002,3.6419122796683374,0.25555555555555554
39627839816865588,rvspecfit-main-bright-9.fits,10.728113,3960.8994,4.4292912,-0.4187252,target_evaluation,target_evaluation_clean,source_only,feh,-1,1.0,-0.4187251925468445,-0.5102853062468244,-0.09156011369997996,0.09156011369997996,6.141328009456521,0.6407407407407407
39627839821055583,rvspecfit-main-bright-9.fits,13.759142,4015.057,4.523047,-0.5563418,target_evaluation,target_evaluation_clean,source_only,feh,-1,1.0,-0.556341826915741,-0.394629526681577,0.16171230023416394,0.16171230023416394,4.839088681814633,0.49444444444444446
39627845865046248,rvspecfit-main-bright-9.fits,12.871122,3645.7952,4.8327327,0.2286792,target_evaluation,target_evaluation_clean,source_only,feh,-1,1.0,0.22867919504642487,-0.10847661973014647,-0.3371558147765713,0.3371558147765713,5.416297818508471,0.5648148148148148
39627845860853503,rvspecfit-main-bright-9.fits,26.803902,5411.7363,4.7129574,-0.54156125,target_evaluation,target_evaluation_clean,source_only,feh,-1,1.0,-0.5415612459182739,-0.5126844968507067,0.02887674906756721,0.02887674906756721,2.4266525834414847,0.03518518518518519
39627833785455822,rvspecfit-main-bright-9.fits,19.493109,3852.0898,4.842148,-0.25,target_evaluation,target_evaluation_clean,source_only,feh,-1,1.0,-0.25,-0.14109383476420864,0.10890616523579136,0.10890616523579136,4.147947154244474,0.37222222222222223
39627851909045330,rvspecfit-main-bright-9.fits,22.31135,5862.414,4.257343,-0.67050207,target_evaluation,target_evaluation_clean,source_only,feh,-1,1.0,-0.6705020666122437,-1.1124457975166535,-0.44194373090440986,0.44194373090440986,3.555214779299837,0.22777777777777777
39627851913232720,rvspecfit-main-bright-9.fits,38.27888,4340.273,4.7055964,-0.32321364,target_evaluation,target_evaluation_clean,source_only,feh,-1,1.0,-0.3232136368751526,-0.2777114975976885,0.045502139277464104,0.045502139277464104,3.1681161404686384,0.1425925925925926
39627845869245534,rvspecfit-main-bright-9.fits,44.033375,6095.794,4.289099,-0.5429145,target_evaluation,target_evaluation_clean,source_only,feh,-1,1.0,-0.5429145097732544,-0.624171112899979,-0.08125660312672456,0.08125660312672456,2.039386525932354,0.003703703703703704
39627839837834061,rvspecfit-main-bright-9.fits,18.223211,4585.609,4.679545,-0.26840124,target_evaluation,target_evaluation_clean,source_only,feh,-1,1.0,-0.26840123534202576,-0.3389894660616602,-0.07058823071963444,0.07058823071963444,3.592865620049723,0.23333333333333334
39627839829446786,rvspecfit-main-bright-9.fits,13.116069,3434.77,4.522116,0.022658512,target_evaluation,target_evaluation_clean,source_only,feh,-1,1.0,0.022658511996269226,0.0030968301503636986,-0.019561681845905527,0.019561681845905527,5.619094875851576,0.5814814814814815
39627845873438049,rvspecfit-main-bright-9.fits,21.684975,5177.2314,4.8784614,-0.70214164,target_evaluation,target_evaluation_clean,source_only,feh,-1,1.0,-0.7021416425704956,-0.5147204213977478,0.18742122117274784,0.18742122117274784,2.872666173077456,0.08703703703703704
39627845869247436,rvspecfit-main-bright-9.fits,65.567,6116.4717,3.9716609,-0.62627816,target_evaluation,target_evaluation_clean,source_only,feh,-1,1.0,-0.6262781620025635,-0.7818412184094393,-0.15556305640687584,0.15556305640687584,2.0158807969573043,0.003703703703703704
39627839833638184,rvspecfit-main-bright-9.fits,23.375196,3722.8513,4.692401,-0.5,target_evaluation,target_evaluation_clean,source_only,feh,-1,1.0,-0.5,-0.265201488873037,0.23479851112696298,0.23479851112696298,3.284601586664518,0.1685185185185185
39627839837834062,rvspecfit-main-bright-9.fits,29.298006,3464.2122,4.331614,-0.21758264,target_evaluation,target_evaluation_clean,source_only,feh,-1,1.0,-0.21758264303207397,-0.09254554565086676,0.12503709738120722,0.12503709738120722,4.922576326045273,0.5037037037037037
39627845873435234,rvspecfit-main-bright-9.fits,44.133266,5946.902,4.733702,-0.44999155,target_evaluation,target_evaluation_clean,source_only,feh,-1,1.0,-0.4499915540218353,-0.6812112193057938,-0.23121966528395843,0.23121966528395843,2.534437164724399,0.044444444444444446
39627803590661381,rvspecfit-main-bright-0.fits,28.50589,4480.691,4.253539,0.17412166,target_evaluation,target_evaluation_clean,noise_augmented,teff,-1,1.0,4480.69091796875,4265.825604797365,-214.86531317138542,214.86531317138542,4.706940735627219,0.4740740740740741
39627797550864891,rvspecfit-main-bright-0.fits,14.311126,3968.126,4.493116,-0.6129776,target_evaluation,target_evaluation_clean,noise_augmented,teff,-1,1.0,3968.1259765625,4049.4111220499685,81.28514548746853,81.28514548746853,5.521235109389005,0.5740740740740741
39627785479657922,rvspecfit-main-bright-0.fits,23.107883,5525.6953,4.8475904,-0.8433948,target_evaluation,target_evaluation_clean,noise_augmented,teff,-1,1.0,5525.6953125,5541.798533569335,16.103221069334722,16.103221069334722,2.6599726578066387,0.05
39627797550862010,rvspecfit-main-bright-0.fits,17.196161,5155.6426,4.86746,-0.74379873,target_evaluation,target_evaluation_clean,noise_augmented,teff,-1,1.0,5155.642578125,5430.965762695314,275.32318457031397,275.32318457031397,3.5013585122357846,0.20925925925925926
39627803599047112,rvspecfit-main-bright-0.fits,26.322287,5086.4585,4.766821,-0.46503806,target_evaluation,target_evaluation_clean,noise_augmented,teff,-1,1.0,5086.45849609375,5107.053348510742,20.59485241699167,20.59485241699167,3.2042111353674616,0.14814814814814814
39627809643043009,rvspecfit-main-bright-0.fits,10.406952,4673.5483,4.4082108,-0.41964775,target_evaluation,target_evaluation_clean,noise_augmented,teff,-1,1.0,4673.54833984375,4860.254365600586,186.70602575683642,186.70602575683642,5.393483889359661,0.5611111111111111
39627797571831121,rvspecfit-main-bright-0.fits,38.04706,5674.233,5.089847,-0.64886004,target_evaluation,target_evaluation_clean,noise_augmented,teff,-1,1.0,5674.23291015625,5636.238020141601,-37.99489001464917,37.99489001464917,1.8004474219853346,0.0
39627821731021743,rvspecfit-main-bright-1.fits,32.808224,6012.902,4.0533924,-0.97668797,target_evaluation,target_evaluation_clean,noise_augmented,teff,-1,1.0,6012.90185546875,6004.579990437827,-8.321865030922709,8.321865030922709,2.3923813014576214,0.027777777777777776
39627821731024542,rvspecfit-main-bright-1.fits,10.150132,3514.3335,4.795404,-9.54014e-09,target_evaluation,target_evaluation_clean,noise_augmented,teff,-1,1.0,3514.33349609375,3539.5415127258298,25.20801663207976,25.20801663207976,6.914926672000059,0.7018518518518518
39627815691227637,rvspecfit-main-bright-1.fits,12.06874,5242.399,5.082218,-0.3883964,target_evaluation,target_evaluation_clean,noise_augmented,teff,-1,1.0,5242.39892578125,5159.683612386066,-82.71531339518424,82.71531339518424,4.697433517772108,0.4703703703703704
39627815691227894,rvspecfit-main-bright-1.fits,16.81999,5900.0044,4.712105,-0.6586523,target_evaluation,target_evaluation_clean,noise_augmented,teff,-1,1.0,5900.00439453125,5802.981013732913,-97.0233807983368,97.0233807983368,4.026120127748926,0.34629629629629627
39627815691224502,rvspecfit-main-bright-1.fits,15.9603815,5896.2236,4.731507,-1.1173238,target_evaluation,target_evaluation_clean,noise_augmented,teff,-1,1.0,5896.2236328125,5904.654391377769,8.430758565268661,8.430758565268661,3.684479909015867,0.26296296296296295
39627815703807705,rvspecfit-main-bright-1.fits,13.988191,3606.7092,4.674957,-0.09309976,target_evaluation,target_evaluation_clean,noise_augmented,teff,-1,1.0,3606.709228515625,3564.8501070861807,-41.85912142944426,41.85912142944426,7.010063074407172,0.7074074074074074
39627809651425857,rvspecfit-main-bright-1.fits,29.866762,5622.943,4.8139563,-0.37131092,target_evaluation,target_evaluation_clean,noise_augmented,teff,-1,1.0,5622.94287109375,5537.336677185059,-85.60619390869124,85.60619390869124,4.2166096493683,0.3888888888888889
39627803615825148,rvspecfit-main-bright-1.fits,12.816327,5113.739,2.2663527,-0.98540086,target_evaluation,target_evaluation_clean,noise_augmented,teff,-1,1.0,5113.73876953125,5636.8073363444,523.06856681315,523.06856681315,6.270929736588265,0.6481481481481481
39627815699615891,rvspecfit-main-bright-1.fits,18.43502,4220.126,4.723737,-1.3810121,target_evaluation,target_evaluation_clean,noise_augmented,teff,-1,1.0,4220.1259765625,4931.346283223471,711.2203066609709,711.2203066609709,4.805048968956197,0.48703703703703705
39627803590658022,rvspecfit-main-bright-2.fits,16.427069,3402.1553,4.6148133,-0.25,target_evaluation,target_evaluation_clean,noise_augmented,teff,-1,1.0,3402.1552734375,3512.390813415527,110.23553997802719,110.23553997802719,5.7983589868175525,0.6055555555555555
39627821714244104,rvspecfit-main-bright-2.fits,23.581211,3939.141,4.8228536,0.04200729,target_evaluation,target_evaluation_clean,noise_augmented,teff,-1,1.0,3939.14111328125,3944.8426256612147,5.701512379964697,5.701512379964697,4.342961633345989,0.4166666666666667
39627815674447825,rvspecfit-main-bright-2.fits,12.42645,3848.9524,4.6892333,-0.37573263,target_evaluation,target_evaluation_clean,noise_augmented,teff,-1,1.0,3848.952392578125,3942.6765075581875,93.7241149800625,93.7241149800625,5.460451902115393,0.5685185185185185
39627821705861343,rvspecfit-main-bright-2.fits,23.189272,5815.6016,4.2078815,-0.86157435,target_evaluation,target_evaluation_clean,noise_augmented,teff,-1,1.0,5815.6015625,5902.382131652833,86.78056915283287,86.78056915283287,4.186240242612702,0.38333333333333336
39627821710049965,rvspecfit-main-bright-2.fits,24.613297,5314.402,3.0451887,-1.3697333,target_evaluation,target_evaluation_clean,noise_augmented,teff,-1,1.0,5314.40185546875,5855.063160135905,540.6613046671546,540.6613046671546,4.2122786448282525,0.3888888888888889
39627809622067402,rvspecfit-main-bright-2.fits,31.265646,6137.838,4.0774336,-1.2985094,target_evaluation,target_evaluation_clean,noise_augmented,teff,-1,1.0,6137.837890625,6166.682054056804,28.84416343180419,28.84416343180419,3.0220177698407396,0.11851851851851852
39627809622066836,rvspecfit-main-bright-2.fits,15.522804,3970.5703,4.5469885,-0.63032347,target_evaluation,target_evaluation_clean,noise_augmented,teff,-1,1.0,3970.5703125,4110.8657052307135,140.2953927307135,140.2953927307135,4.722734221883384,0.4777777777777778
39627809617878013,rvspecfit-main-bright-2.fits,31.116262,5462.681,5.1084437,-0.5318166,target_evaluation,target_evaluation_clean,noise_augmented,teff,-1,1.0,5462.68115234375,5492.831171529135,30.150019185384735,30.150019185384735,3.018400635700798,0.11851851851851852
39627815661869306,rvspecfit-main-bright-2.fits,12.123284,3522.1082,4.599729,-0.106358714,target_evaluation,target_evaluation_clean,noise_augmented,teff,-1,1.0,3522.108154296875,3532.9632793172204,10.85512502034544,10.85512502034544,5.611959753961972,0.5814814814814815
39627803590657135,rvspecfit-main-bright-2.fits,16.43598,5378.66,4.766294,-0.32350528,target_evaluation,target_evaluation_clean,noise_augmented,teff,-1,1.0,5378.66015625,5378.75730061849,0.09714436849026242,0.09714436849026242,4.0216601305501865,0.34629629629629627
39627803590659709,rvspecfit-main-bright-2.fits,12.965964,3757.0525,4.6078687,-0.25,target_evaluation,target_evaluation_clean,noise_augmented,teff,-1,1.0,3757.052490234375,3865.251413584392,108.19892335001714,108.19892335001714,4.9544322473474045,0.5092592592592593
39627803586463484,rvspecfit-main-bright-2.fits,31.973804,5079.818,2.5580812,-1.1764431,target_evaluation,target_evaluation_clean,noise_augmented,teff,-1,1.0,5079.81787109375,5685.518354919433,605.7004838256826,605.7004838256826,4.50568913691611,0.44814814814814813
39627815661867184,rvspecfit-main-bright-2.fits,11.212901,5877.344,4.5,-0.87294865,target_evaluation,target_evaluation_clean,noise_augmented,teff,-1,1.0,5877.34423828125,5894.3209297078465,16.976691426596517,16.976691426596517,4.4953617113244,0.4462962962962963
39627821705858400,rvspecfit-main-bright-2.fits,28.417381,5869.313,4.42161,-0.59817594,target_evaluation,target_evaluation_clean,noise_augmented,teff,-1,1.0,5869.31298828125,5926.220470906573,56.9074826253227,56.9074826253227,3.8024334077238984,0.3037037037037037
39627815666062822,rvspecfit-main-bright-2.fits,21.326593,4725.2007,4.828737,-0.48243913,target_evaluation,target_evaluation_clean,noise_augmented,teff,-1,1.0,4725.20068359375,4593.821485087076,-131.37919850667367,131.37919850667367,3.8319897391632884,0.31296296296296294
39627809634650742,rvspecfit-main-bright-2.fits,29.139715,5899.9976,4.5475526,-0.6766757,target_evaluation,target_evaluation_clean,noise_augmented,teff,-1,1.0,5899.99755859375,5955.917092956544,55.919534362794366,55.919534362794366,3.4652435754296356,0.2037037037037037
39627809630461078,rvspecfit-main-bright-2.fits,15.055974,5211.608,5.1218247,-0.6671269,target_evaluation,target_evaluation_clean,noise_augmented,teff,-1,1.0,5211.60791015625,5167.851892873126,-43.75601728312358,43.75601728312358,4.024149591089454,0.34629629629629627
39627821714245907,rvspecfit-main-bright-2.fits,10.977933,4366.539,4.231374,-0.31133905,target_evaluation,target_evaluation_clean,noise_augmented,teff,-1,1.0,4366.5390625,4316.999916585287,-49.53914591471312,49.53914591471312,4.567809090144178,0.45740740740740743
39627815670253220,rvspecfit-main-bright-2.fits,22.477627,5879.129,4.39243,-0.723626,target_evaluation,target_evaluation_clean,noise_augmented,teff,-1,1.0,5879.12890625,5887.789598653157,8.660692403156645,8.660692403156645,4.250084889804043,0.3962962962962963
39627815670255646,rvspecfit-main-bright-2.fits,39.936398,4625.0684,4.7049537,-0.38005188,target_evaluation,target_evaluation_clean,noise_augmented,teff,-1,1.0,4625.068359375,4627.854679595948,2.786320220948255,2.786320220948255,3.943062057699056,0.3314814814814815
39627809622072149,rvspecfit-main-bright-2.fits,24.390818,4927.6396,4.850641,-0.33607587,target_evaluation,target_evaluation_clean,noise_augmented,teff,-1,1.0,4927.6396484375,4893.024084615073,-34.61556382242725,34.61556382242725,3.164673246389869,0.1425925925925926
39627839842027358,rvspecfit-main-bright-3.fits,24.140806,3398.4958,4.8100953,-3.0253883e-08,target_evaluation,target_evaluation_clean,noise_augmented,teff,-1,1.0,3398.495849609375,3446.1095908711777,47.613741261802716,47.613741261802716,4.386734395320419,0.4222222222222222
39627833793842886,rvspecfit-main-bright-3.fits,39.385548,5554.7554,4.770294,-0.47174188,target_evaluation,target_evaluation_clean,noise_augmented,teff,-1,1.0,5554.75537109375,5439.065675537109,-115.6896955566408,115.6896955566408,3.6570056033530363,0.2611111111111111
39627833798038562,rvspecfit-main-bright-3.fits,28.237612,5951.2617,4.267125,-0.8982497,target_evaluation,target_evaluation_clean,noise_augmented,teff,-1,1.0,5951.26171875,6022.276034769695,71.01431601969489,71.01431601969489,2.8030232182871817,0.07222222222222222
39627827766625875,rvspecfit-main-bright-3.fits,25.357946,4335.492,4.686248,-0.4138596,target_evaluation,target_evaluation_clean,noise_augmented,teff,-1,1.0,4335.4921875,4247.8369546407075,-87.65523285929248,87.65523285929248,3.715064667047358,0.2777777777777778
39627827770823696,rvspecfit-main-bright-3.fits,31.719215,4336.5527,4.3862042,0.22128439,target_evaluation,target_evaluation_clean,noise_augmented,teff,-1,1.0,4336.552734375,4171.139985046388,-165.41274932861234,165.41274932861234,4.125387158063072,0.37037037037037035
39627833798034999,rvspecfit-main-bright-3.fits,17.041107,4075.3704,4.620044,-0.052925248,target_evaluation,target_evaluation_clean,noise_augmented,teff,-1,1.0,4075.370361328125,4042.168467376708,-33.20189395141688,33.20189395141688,4.772007167503463,0.48333333333333334
39627833802234446,rvspecfit-main-bright-3.fits,21.432701,6195.4375,4.5,-2.0472734,target_evaluation,target_evaluation_clean,noise_augmented,teff,-1,1.0,6195.4375,6235.404923563637,39.96742356363666,39.96742356363666,2.7257126090683683,0.05925925925925926
39627833793843974,rvspecfit-main-bright-3.fits,40.123512,3609.6584,4.536659,-0.20593798,target_evaluation,target_evaluation_clean,noise_augmented,teff,-1,1.0,3609.658447265625,3704.674263956705,95.01581669108009,95.01581669108009,3.2728547869799876,0.1648148148148148
39627821743607305,rvspecfit-main-bright-4.fits,38.73113,4629.5903,4.7259316,-0.11974044,target_evaluation,target_evaluation_clean,noise_augmented,teff,-1,1.0,4629.59033203125,4468.308930216471,-161.2814018147792,161.2814018147792,2.8183229606296183,0.07777777777777778
39627821743608617,rvspecfit-main-bright-4.fits,14.83805,6469.1216,4.834329,-1.9999986,target_evaluation,target_evaluation_clean,noise_augmented,teff,-1,1.0,6469.12158203125,6212.418577209475,-256.7030048217748,256.7030048217748,3.8459074263882345,0.31296296296296294
39627827783406885,rvspecfit-main-bright-4.fits,25.759974,3451.2712,4.5000005,6.0765877e-09,target_evaluation,target_evaluation_clean,noise_augmented,teff,-1,1.0,3451.271240234375,3423.7175033365875,-27.55373689778753,27.55373689778753,4.00142998048248,0.34444444444444444
39627833819009327,rvspecfit-main-bright-4.fits,14.72425,5800.006,4.4179063,-0.41439247,target_evaluation,target_evaluation_clean,noise_augmented,teff,-1,1.0,5800.005859375,5580.288199340825,-219.71766003417542,219.71766003417542,3.599294552693579,0.23333333333333334
39627821747799263,rvspecfit-main-bright-4.fits,12.165322,6256.565,4.644997,-1.5297871,target_evaluation,target_evaluation_clean,noise_augmented,teff,-1,1.0,6256.56494140625,6048.886443196613,-207.67849820963693,207.67849820963693,4.136780685831654,0.37037037037037035
39627833823204203,rvspecfit-main-bright-4.fits,34.961163,4537.2896,4.6756153,-0.036325403,target_evaluation,target_evaluation_clean,noise_augmented,teff,-1,1.0,4537.28955078125,4307.050654632567,-230.23889614868312,230.23889614868312,3.360470891260752,0.18518518518518517
39627821735220946,rvspecfit-main-bright-4.fits,16.858812,3473.7603,4.656427,-0.7322211,target_evaluation,target_evaluation_clean,noise_augmented,teff,-1,1.0,3473.76025390625,3549.8037008972183,76.04344699096828,76.04344699096828,4.720935893155424,0.4759259259259259
39627833839977270,rvspecfit-main-bright-5.fits,22.707117,3847.4602,4.847961,-0.07507452,target_evaluation,target_evaluation_clean,noise_augmented,teff,-1,1.0,3847.460205078125,3752.906256734213,-94.553948343912,94.553948343912,3.6855059580680964,0.26296296296296295
39627845923766625,rvspecfit-main-bright-5.fits,25.341322,3959.5576,4.3476377,-0.7805401,target_evaluation,target_evaluation_clean,noise_augmented,teff,-1,1.0,3959.5576171875,4154.077794230145,194.52017704264472,194.52017704264472,3.0532926990193827,0.12222222222222222
39627839879775616,rvspecfit-main-bright-5.fits,43.97754,5813.363,4.760278,-1.1522388,target_evaluation,target_evaluation_clean,noise_augmented,teff,-1,1.0,5813.36279296875,5949.546698425293,136.18390545654256,136.18390545654256,2.0007806642845347,0.003703703703703704
39627845919573600,rvspecfit-main-bright-5.fits,41.5082,6244.3022,4.3234587,-1.7500005,target_evaluation,target_evaluation_clean,noise_augmented,teff,-1,1.0,6244.30224609375,6119.344711405436,-124.9575346883139,124.9575346883139,1.980887723888662,0.001851851851851852
39627845915380471,rvspecfit-main-bright-5.fits,44.527607,3708.848,4.5635805,-0.6112659,target_evaluation,target_evaluation_clean,noise_augmented,teff,-1,1.0,3708.847900390625,3710.2671472676593,1.4192468770343112,1.4192468770343112,2.7980973824247535,0.07222222222222222
39627839875583467,rvspecfit-main-bright-5.fits,30.495152,3700.0,4.774045,2.0906618e-05,target_evaluation,target_evaluation_clean,noise_augmented,teff,-1,1.0,3700.0,3641.929557698567,-58.070442301433104,58.070442301433104,3.249091902007945,0.1537037037037037
39627833831591187,rvspecfit-main-bright-5.fits,14.973386,4433.752,4.873937,-0.6670582,target_evaluation,target_evaluation_clean,noise_augmented,teff,-1,1.0,4433.751953125,4510.874562062581,77.12260893758139,77.12260893758139,3.5164212228574434,0.21666666666666667
39627833835783596,rvspecfit-main-bright-5.fits,19.291912,4050.7817,4.467584,-0.6911538,target_evaluation,target_evaluation_clean,noise_augmented,teff,-1,1.0,4050.78173828125,4142.083982472738,91.30224419148817,91.30224419148817,3.268314697909772,0.16296296296296298
39627845915383495,rvspecfit-main-bright-5.fits,10.922119,5638.3613,4.8552957,-0.6561243,target_evaluation,target_evaluation_clean,noise_augmented,teff,-1,1.0,5638.361328125,5633.4023196818025,-4.95900844319749,4.95900844319749,5.109653480748014,0.5296296296296297
39627833810618447,rvspecfit-main-bright-6.fits,40.771164,6517.8154,4.6731167,-2.3132465,target_evaluation,target_evaluation_clean,noise_augmented,teff,-1,1.0,6517.8154296875,6082.7643764444965,-435.0510532430035,435.0510532430035,2.7671641661499153,0.06666666666666667
39627839850415811,rvspecfit-main-bright-6.fits,14.076207,5159.8643,4.866095,-0.5808288,target_evaluation,target_evaluation_clean,noise_augmented,teff,-1,1.0,5159.8642578125,5378.766746195477,218.90248838297703,218.90248838297703,4.811605310786557,0.48703703703703705
39627845886020401,rvspecfit-main-bright-6.fits,13.033478,6121.208,4.152123,-0.96648407,target_evaluation,target_evaluation_clean,noise_augmented,teff,-1,1.0,6121.2080078125,5923.834574178054,-197.37343363444597,197.37343363444597,4.335017238802545,0.4166666666666667
39627845886019547,rvspecfit-main-bright-6.fits,26.366577,5199.997,4.8886833,-0.30279285,target_evaluation,target_evaluation_clean,noise_augmented,teff,-1,1.0,5199.9970703125,5178.67461850993,-21.322451802569958,21.322451802569958,3.867318013338838,0.3148148148148148
39627845886024355,rvspecfit-main-bright-6.fits,32.78284,5942.658,4.291933,-0.6273537,target_evaluation,target_evaluation_clean,noise_augmented,teff,-1,1.0,5942.658203125,6020.939669250489,78.2814661254888,78.2814661254888,4.290890957466497,0.40555555555555556
39627827728880168,rvspecfit-main-bright-8.fits,11.884048,3643.9668,4.5368013,-0.5000001,target_evaluation,target_evaluation_clean,noise_augmented,teff,-1,1.0,3643.966796875,3692.219722646079,48.252925771078935,48.252925771078935,6.137716646508014,0.6407407407407407
39627827728881595,rvspecfit-main-bright-8.fits,11.067028,3715.3442,4.560988,-0.41314766,target_evaluation,target_evaluation_clean,noise_augmented,teff,-1,1.0,3715.34423828125,3801.4733309326157,86.12909265136568,86.12909265136568,6.117663362454201,0.6388888888888888
39627821693274753,rvspecfit-main-bright-8.fits,14.563165,4903.6562,4.7105637,-0.6856381,target_evaluation,target_evaluation_clean,noise_augmented,teff,-1,1.0,4903.65625,5013.224039286295,109.56778928629501,109.56778928629501,3.2080875948911785,0.14814814814814814
39627833777063378,rvspecfit-main-bright-8.fits,36.156208,4865.3774,4.8829994,-0.2660883,target_evaluation,target_evaluation_clean,noise_augmented,teff,-1,1.0,4865.37744140625,4726.945299936932,-138.43214146931768,138.43214146931768,3.964154181537539,0.3333333333333333
39627839816861389,rvspecfit-main-bright-8.fits,23.303087,5715.106,4.715221,-0.5199357,target_evaluation,target_evaluation_clean,noise_augmented,teff,-1,1.0,5715.10595703125,5887.933885701498,172.82792867024818,172.82792867024818,2.881483309127383,0.09074074074074075
39627833781259407,rvspecfit-main-bright-8.fits,22.830645,4481.9824,4.584956,-0.5631001,target_evaluation,target_evaluation_clean,noise_augmented,teff,-1,1.0,4481.982421875,4665.650745910645,183.66832403564513,183.66832403564513,5.506355435802245,0.5722222222222222
39627839812672682,rvspecfit-main-bright-8.fits,11.783399,5055.8506,5.161906,-1.1391282,target_evaluation,target_evaluation_clean,noise_augmented,teff,-1,1.0,5055.8505859375,5375.764410990398,319.91382505289766,319.91382505289766,3.7615232438110153,0.29074074074074074
39627827737264610,rvspecfit-main-bright-8.fits,51.15046,3715.6196,4.598353,-0.2972362,target_evaluation,target_evaluation_clean,noise_augmented,teff,-1,1.0,3715.61962890625,3730.689198455811,15.069569549561038,15.069569549561038,3.056567368598423,0.12407407407407407
39627827728877440,rvspecfit-main-bright-8.fits,36.33877,5575.7563,4.6957045,-0.07203574,target_evaluation,target_evaluation_clean,noise_augmented,teff,-1,1.0,5575.75634765625,5420.443199483237,-155.31314817301336,155.31314817301336,2.6252799991626254,0.05
39627821693275169,rvspecfit-main-bright-8.fits,15.122388,5025.6157,4.4391804,-0.651436,target_evaluation,target_evaluation_clean,noise_augmented,teff,-1,1.0,5025.61572265625,5197.39123510742,171.77551245116956,171.77551245116956,3.6419122796683374,0.25555555555555554
39627839816865588,rvspecfit-main-bright-9.fits,10.728113,3960.8994,4.4292912,-0.4187252,target_evaluation,target_evaluation_clean,noise_augmented,teff,-1,1.0,3960.8994140625,4108.043304880779,147.14389081827903,147.14389081827903,6.141328009456521,0.6407407407407407
39627839821055583,rvspecfit-main-bright-9.fits,13.759142,4015.057,4.523047,-0.5563418,target_evaluation,target_evaluation_clean,noise_augmented,teff,-1,1.0,4015.056884765625,4196.672093739827,181.61520897420178,181.61520897420178,4.839088681814633,0.49444444444444446
39627845865046248,rvspecfit-main-bright-9.fits,12.871122,3645.7952,4.8327327,0.2286792,target_evaluation,target_evaluation_clean,noise_augmented,teff,-1,1.0,3645.795166015625,3551.1660992838542,-94.62906673177076,94.62906673177076,5.416297818508471,0.5648148148148148
39627845860853503,rvspecfit-main-bright-9.fits,26.803902,5411.7363,4.7129574,-0.54156125,target_evaluation,target_evaluation_clean,noise_augmented,teff,-1,1.0,5411.736328125,5467.981995544436,56.24566741943636,56.24566741943636,2.4266525834414847,0.03518518518518519
39627833785455822,rvspecfit-main-bright-9.fits,19.493109,3852.0898,4.842148,-0.25,target_evaluation,target_evaluation_clean,noise_augmented,teff,-1,1.0,3852.08984375,3890.4764449462905,38.386601196290485,38.386601196290485,4.147947154244474,0.37222222222222223
39627851909045330,rvspecfit-main-bright-9.fits,22.31135,5862.414,4.257343,-0.67050207,target_evaluation,target_evaluation_clean,noise_augmented,teff,-1,1.0,5862.4140625,5789.280818054194,-73.13324444580576,73.13324444580576,3.555214779299837,0.22777777777777777
39627851913232720,rvspecfit-main-bright-9.fits,38.27888,4340.273,4.7055964,-0.32321364,target_evaluation,target_evaluation_clean,noise_augmented,teff,-1,1.0,4340.27294921875,4270.823982747396,-69.44896647135374,69.44896647135374,3.1681161404686384,0.1425925925925926
39627845869245534,rvspecfit-main-bright-9.fits,44.033375,6095.794,4.289099,-0.5429145,target_evaluation,target_evaluation_clean,noise_augmented,teff,-1,1.0,6095.7939453125,6045.659277221679,-50.134668090820924,50.134668090820924,2.039386525932354,0.003703703703703704
39627839837834061,rvspecfit-main-bright-9.fits,18.223211,4585.609,4.679545,-0.26840124,target_evaluation,target_evaluation_clean,noise_augmented,teff,-1,1.0,4585.60888671875,4527.776140441895,-57.83274627685478,57.83274627685478,3.592865620049723,0.23333333333333334
39627839829446786,rvspecfit-main-bright-9.fits,13.116069,3434.77,4.522116,0.022658512,target_evaluation,target_evaluation_clean,noise_augmented,teff,-1,1.0,3434.77001953125,3476.4682052408857,41.69818570963571,41.69818570963571,5.619094875851576,0.5814814814814815
39627845873438049,rvspecfit-main-bright-9.fits,21.684975,5177.2314,4.8784614,-0.70214164,target_evaluation,target_evaluation_clean,noise_augmented,teff,-1,1.0,5177.2314453125,5320.958658304851,143.72721299235127,143.72721299235127,2.872666173077456,0.08703703703703704
39627845869247436,rvspecfit-main-bright-9.fits,65.567,6116.4717,3.9716609,-0.62627816,target_evaluation,target_evaluation_clean,noise_augmented,teff,-1,1.0,6116.4716796875,6005.920776936846,-110.55090275065413,110.55090275065413,2.0158807969573043,0.003703703703703704
39627839833638184,rvspecfit-main-bright-9.fits,23.375196,3722.8513,4.692401,-0.5,target_evaluation,target_evaluation_clean,noise_augmented,teff,-1,1.0,3722.851318359375,3818.112025390626,95.26070703125106,95.26070703125106,3.284601586664518,0.1685185185185185
39627839837834062,rvspecfit-main-bright-9.fits,29.298006,3464.2122,4.331614,-0.21758264,target_evaluation,target_evaluation_clean,noise_augmented,teff,-1,1.0,3464.212158203125,3549.318833801269,85.1066755981442,85.1066755981442,4.922576326045273,0.5037037037037037
39627845873435234,rvspecfit-main-bright-9.fits,44.133266,5946.902,4.733702,-0.44999155,target_evaluation,target_evaluation_clean,noise_augmented,teff,-1,1.0,5946.90185546875,5783.840139648438,-163.0617158203122,163.0617158203122,2.534437164724399,0.044444444444444446
39627803590661381,rvspecfit-main-bright-0.fits,28.50589,4480.691,4.253539,0.17412166,target_evaluation,target_evaluation_clean,noise_augmented,logg,-1,1.0,4.253539085388184,4.57531083214283,0.3217717467546466,0.3217717467546466,4.706940735627219,0.4740740740740741
39627797550864891,rvspecfit-main-bright-0.fits,14.311126,3968.126,4.493116,-0.6129776,target_evaluation,target_evaluation_clean,noise_augmented,logg,-1,1.0,4.4931159019470215,4.592108558942875,0.09899265699585325,0.09899265699585325,5.521235109389005,0.5740740740740741
39627785479657922,rvspecfit-main-bright-0.fits,23.107883,5525.6953,4.8475904,-0.8433948,target_evaluation,target_evaluation_clean,noise_augmented,logg,-1,1.0,4.847590446472168,4.582511592408019,-0.2650788540641491,0.2650788540641491,2.6599726578066387,0.05
39627797550862010,rvspecfit-main-bright-0.fits,17.196161,5155.6426,4.86746,-0.74379873,target_evaluation,target_evaluation_clean,noise_augmented,logg,-1,1.0,4.867459774017334,4.623413841327032,-0.24404593269030173,0.24404593269030173,3.5013585122357846,0.20925925925925926
39627803599047112,rvspecfit-main-bright-0.fits,26.322287,5086.4585,4.766821,-0.46503806,target_evaluation,target_evaluation_clean,noise_augmented,logg,-1,1.0,4.766820907592773,4.8306849697033565,0.06386406211058304,0.06386406211058304,3.2042111353674616,0.14814814814814814
39627809643043009,rvspecfit-main-bright-0.fits,10.406952,4673.5483,4.4082108,-0.41964775,target_evaluation,target_evaluation_clean,noise_augmented,logg,-1,1.0,4.408210754394531,4.760357824414968,0.352147070020437,0.352147070020437,5.393483889359661,0.5611111111111111
39627797571831121,rvspecfit-main-bright-0.fits,38.04706,5674.233,5.089847,-0.64886004,target_evaluation,target_evaluation_clean,noise_augmented,logg,-1,1.0,5.089847087860107,4.7662456023295725,-0.3236014855305349,0.3236014855305349,1.8004474219853346,0.0
39627821731021743,rvspecfit-main-bright-1.fits,32.808224,6012.902,4.0533924,-0.97668797,target_evaluation,target_evaluation_clean,noise_augmented,logg,-1,1.0,4.05339241027832,4.292473115682599,0.2390807054042785,0.2390807054042785,2.3923813014576214,0.027777777777777776
39627821731024542,rvspecfit-main-bright-1.fits,10.150132,3514.3335,4.795404,-9.54014e-09,target_evaluation,target_evaluation_clean,noise_augmented,logg,-1,1.0,4.795403957366943,4.6347785816490665,-0.16062537571787683,0.16062537571787683,6.914926672000059,0.7018518518518518
39627815691227637,rvspecfit-main-bright-1.fits,12.06874,5242.399,5.082218,-0.3883964,target_evaluation,target_evaluation_clean,noise_augmented,logg,-1,1.0,5.082218170166016,4.865262805978455,-0.21695536418756056,0.21695536418756056,4.697433517772108,0.4703703703703704
39627815691227894,rvspecfit-main-bright-1.fits,16.81999,5900.0044,4.712105,-0.6586523,target_evaluation,target_evaluation_clean,noise_augmented,logg,-1,1.0,4.712104797363281,4.083245505064724,-0.6288592922985572,0.6288592922985572,4.026120127748926,0.34629629629629627
39627815691224502,rvspecfit-main-bright-1.fits,15.9603815,5896.2236,4.731507,-1.1173238,target_evaluation,target_evaluation_clean,noise_augmented,logg,-1,1.0,4.731506824493408,4.068301934560139,-0.6632048899332688,0.6632048899332688,3.684479909015867,0.26296296296296295
39627815703807705,rvspecfit-main-bright-1.fits,13.988191,3606.7092,4.674957,-0.09309976,target_evaluation,target_evaluation_clean,noise_augmented,logg,-1,1.0,4.674956798553467,4.590165036320687,-0.08479176223278007,0.08479176223278007,7.010063074407172,0.7074074074074074
39627809651425857,rvspecfit-main-bright-1.fits,29.866762,5622.943,4.8139563,-0.37131092,target_evaluation,target_evaluation_clean,noise_augmented,logg,-1,1.0,4.813956260681152,4.807546301225824,-0.006409959455328185,0.006409959455328185,4.2166096493683,0.3888888888888889
39627803615825148,rvspecfit-main-bright-1.fits,12.816327,5113.739,2.2663527,-0.98540086,target_evaluation,target_evaluation_clean,noise_augmented,logg,-1,1.0,2.266352653503418,3.889633914073309,1.623281260569891,1.623281260569891,6.270929736588265,0.6481481481481481
39627815699615891,rvspecfit-main-bright-1.fits,18.43502,4220.126,4.723737,-1.3810121,target_evaluation,target_evaluation_clean,noise_augmented,logg,-1,1.0,4.723736763000488,4.724510950028897,0.0007741870284085905,0.0007741870284085905,4.805048968956197,0.48703703703703705
39627803590658022,rvspecfit-main-bright-2.fits,16.427069,3402.1553,4.6148133,-0.25,target_evaluation,target_evaluation_clean,noise_augmented,logg,-1,1.0,4.614813327789307,4.632141906003158,0.01732857821385103,0.01732857821385103,5.7983589868175525,0.6055555555555555
39627821714244104,rvspecfit-main-bright-2.fits,23.581211,3939.141,4.8228536,0.04200729,target_evaluation,target_evaluation_clean,noise_augmented,logg,-1,1.0,4.8228535652160645,4.64623409384489,-0.17661947137117462,0.17661947137117462,4.342961633345989,0.4166666666666667
39627815674447825,rvspecfit-main-bright-2.fits,12.42645,3848.9524,4.6892333,-0.37573263,target_evaluation,target_evaluation_clean,noise_augmented,logg,-1,1.0,4.689233303070068,4.586057084848486,-0.10317621822158252,0.10317621822158252,5.460451902115393,0.5685185185185185
39627821705861343,rvspecfit-main-bright-2.fits,23.189272,5815.6016,4.2078815,-0.86157435,target_evaluation,target_evaluation_clean,noise_augmented,logg,-1,1.0,4.207881450653076,4.105634380141896,-0.1022470705111802,0.1022470705111802,4.186240242612702,0.38333333333333336
39627821710049965,rvspecfit-main-bright-2.fits,24.613297,5314.402,3.0451887,-1.3697333,target_evaluation,target_evaluation_clean,noise_augmented,logg,-1,1.0,3.0451886653900146,4.081478128582239,1.0362894631922241,1.0362894631922241,4.2122786448282525,0.3888888888888889
39627809622067402,rvspecfit-main-bright-2.fits,31.265646,6137.838,4.0774336,-1.2985094,target_evaluation,target_evaluation_clean,noise_augmented,logg,-1,1.0,4.0774335861206055,4.392414239645005,0.3149806535243993,0.3149806535243993,3.0220177698407396,0.11851851851851852
39627809622066836,rvspecfit-main-bright-2.fits,15.522804,3970.5703,4.5469885,-0.63032347,target_evaluation,target_evaluation_clean,noise_augmented,logg,-1,1.0,4.546988487243652,4.570256462693218,0.02326797544956527,0.02326797544956527,4.722734221883384,0.4777777777777778
39627809617878013,rvspecfit-main-bright-2.fits,31.116262,5462.681,5.1084437,-0.5318166,target_evaluation,target_evaluation_clean,noise_augmented,logg,-1,1.0,5.108443737030029,4.74212278141578,-0.36632095561424904,0.36632095561424904,3.018400635700798,0.11851851851851852
39627815661869306,rvspecfit-main-bright-2.fits,12.123284,3522.1082,4.599729,-0.106358714,target_evaluation,target_evaluation_clean,noise_augmented,logg,-1,1.0,4.599729061126709,4.558016464352608,-0.041712596774100774,0.041712596774100774,5.611959753961972,0.5814814814814815
39627803590657135,rvspecfit-main-bright-2.fits,16.43598,5378.66,4.766294,-0.32350528,target_evaluation,target_evaluation_clean,noise_augmented,logg,-1,1.0,4.766294002532959,4.9146266544262565,0.14833265189329747,0.14833265189329747,4.0216601305501865,0.34629629629629627
39627803590659709,rvspecfit-main-bright-2.fits,12.965964,3757.0525,4.6078687,-0.25,target_evaluation,target_evaluation_clean,noise_augmented,logg,-1,1.0,4.607868671417236,4.639038514157136,0.031169842739899423,0.031169842739899423,4.9544322473474045,0.5092592592592593
39627803586463484,rvspecfit-main-bright-2.fits,31.973804,5079.818,2.5580812,-1.1764431,target_evaluation,target_evaluation_clean,noise_augmented,logg,-1,1.0,2.5580811500549316,3.739980165292817,1.1818990152378852,1.1818990152378852,4.50568913691611,0.44814814814814813
39627815661867184,rvspecfit-main-bright-2.fits,11.212901,5877.344,4.5,-0.87294865,target_evaluation,target_evaluation_clean,noise_augmented,logg,-1,1.0,4.5,4.432615220506985,-0.06738477949301469,0.06738477949301469,4.4953617113244,0.4462962962962963
39627821705858400,rvspecfit-main-bright-2.fits,28.417381,5869.313,4.42161,-0.59817594,target_evaluation,target_evaluation_clean,noise_augmented,logg,-1,1.0,4.421609878540039,4.503430274446804,0.08182039590676471,0.08182039590676471,3.8024334077238984,0.3037037037037037
39627815666062822,rvspecfit-main-bright-2.fits,21.326593,4725.2007,4.828737,-0.48243913,target_evaluation,target_evaluation_clean,noise_augmented,logg,-1,1.0,4.828736782073975,4.693383869548637,-0.1353529125253372,0.1353529125253372,3.8319897391632884,0.31296296296296294
39627809634650742,rvspecfit-main-bright-2.fits,29.139715,5899.9976,4.5475526,-0.6766757,target_evaluation,target_evaluation_clean,noise_augmented,logg,-1,1.0,4.547552585601807,4.514675462166468,-0.03287712343533844,0.03287712343533844,3.4652435754296356,0.2037037037037037
39627809630461078,rvspecfit-main-bright-2.fits,15.055974,5211.608,5.1218247,-0.6671269,target_evaluation,target_evaluation_clean,noise_augmented,logg,-1,1.0,5.121824741363525,4.865925187925495,-0.25589955343802995,0.25589955343802995,4.024149591089454,0.34629629629629627
39627821714245907,rvspecfit-main-bright-2.fits,10.977933,4366.539,4.231374,-0.31133905,target_evaluation,target_evaluation_clean,noise_augmented,logg,-1,1.0,4.2313737869262695,4.641306331634522,0.40993254470825224,0.40993254470825224,4.567809090144178,0.45740740740740743
39627815670253220,rvspecfit-main-bright-2.fits,22.477627,5879.129,4.39243,-0.723626,target_evaluation,target_evaluation_clean,noise_augmented,logg,-1,1.0,4.392429828643799,4.4969951828817525,0.10456535423795366,0.10456535423795366,4.250084889804043,0.3962962962962963
39627815670255646,rvspecfit-main-bright-2.fits,39.936398,4625.0684,4.7049537,-0.38005188,target_evaluation,target_evaluation_clean,noise_augmented,logg,-1,1.0,4.704953670501709,4.701505151033401,-0.0034485194683080422,0.0034485194683080422,3.943062057699056,0.3314814814814815
39627809622072149,rvspecfit-main-bright-2.fits,24.390818,4927.6396,4.850641,-0.33607587,target_evaluation,target_evaluation_clean,noise_augmented,logg,-1,1.0,4.850640773773193,4.803553038398425,-0.04708773537476851,0.04708773537476851,3.164673246389869,0.1425925925925926
39627839842027358,rvspecfit-main-bright-3.fits,24.140806,3398.4958,4.8100953,-3.0253883e-08,target_evaluation,target_evaluation_clean,noise_augmented,logg,-1,1.0,4.810095310211182,4.65445354139805,-0.15564176881313152,0.15564176881313152,4.386734395320419,0.4222222222222222
39627833793842886,rvspecfit-main-bright-3.fits,39.385548,5554.7554,4.770294,-0.47174188,target_evaluation,target_evaluation_clean,noise_augmented,logg,-1,1.0,4.770294189453125,4.407153046588103,-0.36314114286502175,0.36314114286502175,3.6570056033530363,0.2611111111111111
39627833798038562,rvspecfit-main-bright-3.fits,28.237612,5951.2617,4.267125,-0.8982497,target_evaluation,target_evaluation_clean,noise_augmented,logg,-1,1.0,4.267125129699707,4.406621656477452,0.13949652677774527,0.13949652677774527,2.8030232182871817,0.07222222222222222
39627827766625875,rvspecfit-main-bright-3.fits,25.357946,4335.492,4.686248,-0.4138596,target_evaluation,target_evaluation_clean,noise_augmented,logg,-1,1.0,4.686247825622559,4.623376224875451,-0.06287160074710751,0.06287160074710751,3.715064667047358,0.2777777777777778
39627827770823696,rvspecfit-main-bright-3.fits,31.719215,4336.5527,4.3862042,0.22128439,target_evaluation,target_evaluation_clean,noise_augmented,logg,-1,1.0,4.386204242706299,4.682426717261473,0.29622247455517403,0.29622247455517403,4.125387158063072,0.37037037037037035
39627833798034999,rvspecfit-main-bright-3.fits,17.041107,4075.3704,4.620044,-0.052925248,target_evaluation,target_evaluation_clean,noise_augmented,logg,-1,1.0,4.620044231414795,4.66177226948738,0.04172803807258507,0.04172803807258507,4.772007167503463,0.48333333333333334
39627833802234446,rvspecfit-main-bright-3.fits,21.432701,6195.4375,4.5,-2.0472734,target_evaluation,target_evaluation_clean,noise_augmented,logg,-1,1.0,4.5,4.180751620709895,-0.3192483792901051,0.3192483792901051,2.7257126090683683,0.05925925925925926
39627833793843974,rvspecfit-main-bright-3.fits,40.123512,3609.6584,4.536659,-0.20593798,target_evaluation,target_evaluation_clean,noise_augmented,logg,-1,1.0,4.536658763885498,4.6538254175782185,0.1171666536927205,0.1171666536927205,3.2728547869799876,0.1648148148148148
39627821743607305,rvspecfit-main-bright-4.fits,38.73113,4629.5903,4.7259316,-0.11974044,target_evaluation,target_evaluation_clean,noise_augmented,logg,-1,1.0,4.725931644439697,4.66703742603461,-0.05889421840508735,0.05889421840508735,2.8183229606296183,0.07777777777777778
39627821743608617,rvspecfit-main-bright-4.fits,14.83805,6469.1216,4.834329,-1.9999986,target_evaluation,target_evaluation_clean,noise_augmented,logg,-1,1.0,4.834329128265381,4.284717649479709,-0.5496114787856721,0.5496114787856721,3.8459074263882345,0.31296296296296294
39627827783406885,rvspecfit-main-bright-4.fits,25.759974,3451.2712,4.5000005,6.0765877e-09,target_evaluation,target_evaluation_clean,noise_augmented,logg,-1,1.0,4.500000476837158,4.698172234972318,0.19817175813515941,0.19817175813515941,4.00142998048248,0.34444444444444444
39627833819009327,rvspecfit-main-bright-4.fits,14.72425,5800.006,4.4179063,-0.41439247,target_evaluation,target_evaluation_clean,noise_augmented,logg,-1,1.0,4.417906284332275,4.755386030117672,0.3374797457853962,0.3374797457853962,3.599294552693579,0.23333333333333334
39627821747799263,rvspecfit-main-bright-4.fits,12.165322,6256.565,4.644997,-1.5297871,target_evaluation,target_evaluation_clean,noise_augmented,logg,-1,1.0,4.6449971199035645,4.294699216783048,-0.35029790312051645,0.35029790312051645,4.136780685831654,0.37037037037037035
39627833823204203,rvspecfit-main-bright-4.fits,34.961163,4537.2896,4.6756153,-0.036325403,target_evaluation,target_evaluation_clean,noise_augmented,logg,-1,1.0,4.675615310668945,4.647531916956107,-0.028083393712837967,0.028083393712837967,3.360470891260752,0.18518518518518517
39627821735220946,rvspecfit-main-bright-4.fits,16.858812,3473.7603,4.656427,-0.7322211,target_evaluation,target_evaluation_clean,noise_augmented,logg,-1,1.0,4.656426906585693,4.6866950719753895,0.030268165389696122,0.030268165389696122,4.720935893155424,0.4759259259259259
39627833839977270,rvspecfit-main-bright-5.fits,22.707117,3847.4602,4.847961,-0.07507452,target_evaluation,target_evaluation_clean,noise_augmented,logg,-1,1.0,4.847960948944092,4.663253213584423,-0.18470773535966867,0.18470773535966867,3.6855059580680964,0.26296296296296295
39627845923766625,rvspecfit-main-bright-5.fits,25.341322,3959.5576,4.3476377,-0.7805401,target_evaluation,target_evaluation_clean,noise_augmented,logg,-1,1.0,4.34763765335083,4.639663039704163,0.2920253863533331,0.2920253863533331,3.0532926990193827,0.12222222222222222
39627839879775616,rvspecfit-main-bright-5.fits,43.97754,5813.363,4.760278,-1.1522388,target_evaluation,target_evaluation_clean,noise_augmented,logg,-1,1.0,4.760278224945068,4.5502541903952745,-0.2100240345497939,0.2100240345497939,2.0007806642845347,0.003703703703703704
39627845919573600,rvspecfit-main-bright-5.fits,41.5082,6244.3022,4.3234587,-1.7500005,target_evaluation,target_evaluation_clean,noise_augmented,logg,-1,1.0,4.323458671569824,4.262113710025946,-0.06134496154387836,0.06134496154387836,1.980887723888662,0.001851851851851852
39627845915380471,rvspecfit-main-bright-5.fits,44.527607,3708.848,4.5635805,-0.6112659,target_evaluation,target_evaluation_clean,noise_augmented,logg,-1,1.0,4.563580513000488,4.671080083648365,0.1074995706478763,0.1074995706478763,2.7980973824247535,0.07222222222222222
39627839875583467,rvspecfit-main-bright-5.fits,30.495152,3700.0,4.774045,2.0906618e-05,target_evaluation,target_evaluation_clean,noise_augmented,logg,-1,1.0,4.774044990539551,4.592421724696953,-0.1816232658425978,0.1816232658425978,3.249091902007945,0.1537037037037037
39627833831591187,rvspecfit-main-bright-5.fits,14.973386,4433.752,4.873937,-0.6670582,target_evaluation,target_evaluation_clean,noise_augmented,logg,-1,1.0,4.873937129974365,4.640617107431094,-0.23332002254327122,0.23332002254327122,3.5164212228574434,0.21666666666666667
39627833835783596,rvspecfit-main-bright-5.fits,19.291912,4050.7817,4.467584,-0.6911538,target_evaluation,target_evaluation_clean,noise_augmented,logg,-1,1.0,4.467584133148193,4.624504591425261,0.15692045827706735,0.15692045827706735,3.268314697909772,0.16296296296296298
39627845915383495,rvspecfit-main-bright-5.fits,10.922119,5638.3613,4.8552957,-0.6561243,target_evaluation,target_evaluation_clean,noise_augmented,logg,-1,1.0,4.855295658111572,4.722152630190054,-0.133143027921518,0.133143027921518,5.109653480748014,0.5296296296296297
39627833810618447,rvspecfit-main-bright-6.fits,40.771164,6517.8154,4.6731167,-2.3132465,target_evaluation,target_evaluation_clean,noise_augmented,logg,-1,1.0,4.673116683959961,4.208237677812575,-0.46487900614738553,0.46487900614738553,2.7671641661499153,0.06666666666666667
39627839850415811,rvspecfit-main-bright-6.fits,14.076207,5159.8643,4.866095,-0.5808288,target_evaluation,target_evaluation_clean,noise_augmented,logg,-1,1.0,4.866095066070557,4.821964433888596,-0.044130632181961005,0.044130632181961005,4.811605310786557,0.48703703703703705
39627845886020401,rvspecfit-main-bright-6.fits,13.033478,6121.208,4.152123,-0.96648407,target_evaluation,target_evaluation_clean,noise_augmented,logg,-1,1.0,4.152122974395752,3.9184573161204614,-0.2336656582752905,0.2336656582752905,4.335017238802545,0.4166666666666667
39627845886019547,rvspecfit-main-bright-6.fits,26.366577,5199.997,4.8886833,-0.30279285,target_evaluation,target_evaluation_clean,noise_augmented,logg,-1,1.0,4.888683319091797,4.849796929836273,-0.03888638925552357,0.03888638925552357,3.867318013338838,0.3148148148148148
39627845886024355,rvspecfit-main-bright-6.fits,32.78284,5942.658,4.291933,-0.6273537,target_evaluation,target_evaluation_clean,noise_augmented,logg,-1,1.0,4.291933059692383,4.448290934801102,0.15635787510871957,0.15635787510871957,4.290890957466497,0.40555555555555556
39627827728880168,rvspecfit-main-bright-8.fits,11.884048,3643.9668,4.5368013,-0.5000001,target_evaluation,target_evaluation_clean,noise_augmented,logg,-1,1.0,4.536801338195801,4.608002121826013,0.07120078363021243,0.07120078363021243,6.137716646508014,0.6407407407407407
39627827728881595,rvspecfit-main-bright-8.fits,11.067028,3715.3442,4.560988,-0.41314766,target_evaluation,target_evaluation_clean,noise_augmented,logg,-1,1.0,4.560987949371338,4.7104957851370175,0.1495078357656796,0.1495078357656796,6.117663362454201,0.6388888888888888
39627821693274753,rvspecfit-main-bright-8.fits,14.563165,4903.6562,4.7105637,-0.6856381,target_evaluation,target_evaluation_clean,noise_augmented,logg,-1,1.0,4.710563659667969,4.815019721527893,0.10445606185992418,0.10445606185992418,3.2080875948911785,0.14814814814814814
39627833777063378,rvspecfit-main-bright-8.fits,36.156208,4865.3774,4.8829994,-0.2660883,target_evaluation,target_evaluation_clean,noise_augmented,logg,-1,1.0,4.882999420166016,4.707789203584194,-0.17521021658182168,0.17521021658182168,3.964154181537539,0.3333333333333333
39627839816861389,rvspecfit-main-bright-8.fits,23.303087,5715.106,4.715221,-0.5199357,target_evaluation,target_evaluation_clean,noise_augmented,logg,-1,1.0,4.715220928192139,4.525980894009272,-0.18924003418286706,0.18924003418286706,2.881483309127383,0.09074074074074075
39627833781259407,rvspecfit-main-bright-8.fits,22.830645,4481.9824,4.584956,-0.5631001,target_evaluation,target_evaluation_clean,noise_augmented,logg,-1,1.0,4.584956169128418,4.6747764839828,0.08982031485438213,0.08982031485438213,5.506355435802245,0.5722222222222222
39627839812672682,rvspecfit-main-bright-8.fits,11.783399,5055.8506,5.161906,-1.1391282,target_evaluation,target_evaluation_clean,noise_augmented,logg,-1,1.0,5.161905765533447,4.816827760239443,-0.34507800529400434,0.34507800529400434,3.7615232438110153,0.29074074074074074
39627827737264610,rvspecfit-main-bright-8.fits,51.15046,3715.6196,4.598353,-0.2972362,target_evaluation,target_evaluation_clean,noise_augmented,logg,-1,1.0,4.598352909088135,4.671810269176961,0.07345736008882664,0.07345736008882664,3.056567368598423,0.12407407407407407
39627827728877440,rvspecfit-main-bright-8.fits,36.33877,5575.7563,4.6957045,-0.07203574,target_evaluation,target_evaluation_clean,noise_augmented,logg,-1,1.0,4.695704460144043,4.849592786173028,0.1538883260289854,0.1538883260289854,2.6252799991626254,0.05
39627821693275169,rvspecfit-main-bright-8.fits,15.122388,5025.6157,4.4391804,-0.651436,target_evaluation,target_evaluation_clean,noise_augmented,logg,-1,1.0,4.439180374145508,4.871097265064716,0.43191689091920793,0.43191689091920793,3.6419122796683374,0.25555555555555554
39627839816865588,rvspecfit-main-bright-9.fits,10.728113,3960.8994,4.4292912,-0.4187252,target_evaluation,target_evaluation_clean,noise_augmented,logg,-1,1.0,4.429291248321533,4.614885628581046,0.1855943802595128,0.1855943802595128,6.141328009456521,0.6407407407407407
39627839821055583,rvspecfit-main-bright-9.fits,13.759142,4015.057,4.523047,-0.5563418,target_evaluation,target_evaluation_clean,noise_augmented,logg,-1,1.0,4.523046970367432,4.591546749651432,0.06849977928400008,0.06849977928400008,4.839088681814633,0.49444444444444446
39627845865046248,rvspecfit-main-bright-9.fits,12.871122,3645.7952,4.8327327,0.2286792,target_evaluation,target_evaluation_clean,noise_augmented,logg,-1,1.0,4.832732677459717,4.679105603396891,-0.1536270740628254,0.1536270740628254,5.416297818508471,0.5648148148148148
39627845860853503,rvspecfit-main-bright-9.fits,26.803902,5411.7363,4.7129574,-0.54156125,target_evaluation,target_evaluation_clean,noise_augmented,logg,-1,1.0,4.712957382202148,4.8603187389771145,0.1473613567749661,0.1473613567749661,2.4266525834414847,0.03518518518518519
39627833785455822,rvspecfit-main-bright-9.fits,19.493109,3852.0898,4.842148,-0.25,target_evaluation,target_evaluation_clean,noise_augmented,logg,-1,1.0,4.8421478271484375,4.750976319789888,-0.09117150735854906,0.09117150735854906,4.147947154244474,0.37222222222222223
39627851909045330,rvspecfit-main-bright-9.fits,22.31135,5862.414,4.257343,-0.67050207,target_evaluation,target_evaluation_clean,noise_augmented,logg,-1,1.0,4.25734281539917,4.022127893765766,-0.2352149216334043,0.2352149216334043,3.555214779299837,0.22777777777777777
39627851913232720,rvspecfit-main-bright-9.fits,38.27888,4340.273,4.7055964,-0.32321364,target_evaluation,target_evaluation_clean,noise_augmented,logg,-1,1.0,4.705596446990967,4.62756472059091,-0.07803172640005673,0.07803172640005673,3.1681161404686384,0.1425925925925926
39627845869245534,rvspecfit-main-bright-9.fits,44.033375,6095.794,4.289099,-0.5429145,target_evaluation,target_evaluation_clean,noise_augmented,logg,-1,1.0,4.289099216461182,4.5155332372188575,0.22643402075767582,0.22643402075767582,2.039386525932354,0.003703703703703704
39627839837834061,rvspecfit-main-bright-9.fits,18.223211,4585.609,4.679545,-0.26840124,target_evaluation,target_evaluation_clean,noise_augmented,logg,-1,1.0,4.679544925689697,4.622344428092241,-0.05720049759745649,0.05720049759745649,3.592865620049723,0.23333333333333334
39627839829446786,rvspecfit-main-bright-9.fits,13.116069,3434.77,4.522116,0.022658512,target_evaluation,target_evaluation_clean,noise_augmented,logg,-1,1.0,4.522116184234619,4.710376426974931,0.18826024274031194,0.18826024274031194,5.619094875851576,0.5814814814814815
39627845873438049,rvspecfit-main-bright-9.fits,21.684975,5177.2314,4.8784614,-0.70214164,target_evaluation,target_evaluation_clean,noise_augmented,logg,-1,1.0,4.8784613609313965,4.756070136527221,-0.1223912244041756,0.1223912244041756,2.872666173077456,0.08703703703703704
39627845869247436,rvspecfit-main-bright-9.fits,65.567,6116.4717,3.9716609,-0.62627816,target_evaluation,target_evaluation_clean,noise_augmented,logg,-1,1.0,3.971660852432251,4.401653166264295,0.4299923138320443,0.4299923138320443,2.0158807969573043,0.003703703703703704
39627839833638184,rvspecfit-main-bright-9.fits,23.375196,3722.8513,4.692401,-0.5,target_evaluation,target_evaluation_clean,noise_augmented,logg,-1,1.0,4.692400932312012,4.698532745003701,0.006131812691688943,0.006131812691688943,3.284601586664518,0.1685185185185185
39627839837834062,rvspecfit-main-bright-9.fits,29.298006,3464.2122,4.331614,-0.21758264,target_evaluation,target_evaluation_clean,noise_augmented,logg,-1,1.0,4.331614017486572,4.693770192662875,0.3621561751763025,0.3621561751763025,4.922576326045273,0.5037037037037037
39627845873435234,rvspecfit-main-bright-9.fits,44.133266,5946.902,4.733702,-0.44999155,target_evaluation,target_evaluation_clean,noise_augmented,logg,-1,1.0,4.733702182769775,4.659849724868934,-0.07385245790084127,0.07385245790084127,2.534437164724399,0.044444444444444446
39627803590661381,rvspecfit-main-bright-0.fits,28.50589,4480.691,4.253539,0.17412166,target_evaluation,target_evaluation_clean,noise_augmented,feh,-1,1.0,0.1741216629743576,-0.3343044523385398,-0.5084261153128974,0.5084261153128974,4.706940735627219,0.4740740740740741
39627797550864891,rvspecfit-main-bright-0.fits,14.311126,3968.126,4.493116,-0.6129776,target_evaluation,target_evaluation_clean,noise_augmented,feh,-1,1.0,-0.6129776239395142,-0.32742960567445145,0.2855480182650627,0.2855480182650627,5.521235109389005,0.5740740740740741
39627785479657922,rvspecfit-main-bright-0.fits,23.107883,5525.6953,4.8475904,-0.8433948,target_evaluation,target_evaluation_clean,noise_augmented,feh,-1,1.0,-0.8433948159217834,-0.6746052735851452,0.16878954233663823,0.16878954233663823,2.6599726578066387,0.05
39627797550862010,rvspecfit-main-bright-0.fits,17.196161,5155.6426,4.86746,-0.74379873,target_evaluation,target_evaluation_clean,noise_augmented,feh,-1,1.0,-0.7437987327575684,-0.6158597794721523,0.12793895328541605,0.12793895328541605,3.5013585122357846,0.20925925925925926
39627803599047112,rvspecfit-main-bright-0.fits,26.322287,5086.4585,4.766821,-0.46503806,target_evaluation,target_evaluation_clean,noise_augmented,feh,-1,1.0,-0.4650380611419678,-0.4436731313091392,0.02136492983282856,0.02136492983282856,3.2042111353674616,0.14814814814814814
39627809643043009,rvspecfit-main-bright-0.fits,10.406952,4673.5483,4.4082108,-0.41964775,target_evaluation,target_evaluation_clean,noise_augmented,feh,-1,1.0,-0.419647753238678,-0.45585693578545794,-0.03620918254677996,0.03620918254677996,5.393483889359661,0.5611111111111111
39627797571831121,rvspecfit-main-bright-0.fits,38.04706,5674.233,5.089847,-0.64886004,target_evaluation,target_evaluation_clean,noise_augmented,feh,-1,1.0,-0.6488600373268127,-0.5090452950919669,0.1398147422348458,0.1398147422348458,1.8004474219853346,0.0
39627821731021743,rvspecfit-main-bright-1.fits,32.808224,6012.902,4.0533924,-0.97668797,target_evaluation,target_evaluation_clean,noise_augmented,feh,-1,1.0,-0.9766879677772522,-0.9726830766983332,0.004004891078918993,0.004004891078918993,2.3923813014576214,0.027777777777777776
39627821731024542,rvspecfit-main-bright-1.fits,10.150132,3514.3335,4.795404,-9.54014e-09,target_evaluation,target_evaluation_clean,noise_augmented,feh,-1,1.0,-9.540140233355032e-09,-0.0548775124671733,-0.05487750292703307,0.05487750292703307,6.914926672000059,0.7018518518518518
39627815691227637,rvspecfit-main-bright-1.fits,12.06874,5242.399,5.082218,-0.3883964,target_evaluation,target_evaluation_clean,noise_augmented,feh,-1,1.0,-0.38839641213417053,-0.5065870464877227,-0.11819063435355215,0.11819063435355215,4.697433517772108,0.4703703703703704
39627815691227894,rvspecfit-main-bright-1.fits,16.81999,5900.0044,4.712105,-0.6586523,target_evaluation,target_evaluation_clean,noise_augmented,feh,-1,1.0,-0.6586523056030273,-0.8987142420696714,-0.2400619364666441,0.2400619364666441,4.026120127748926,0.34629629629629627
39627815691224502,rvspecfit-main-bright-1.fits,15.9603815,5896.2236,4.731507,-1.1173238,target_evaluation,target_evaluation_clean,noise_augmented,feh,-1,1.0,-1.1173237562179565,-1.2426396972512206,-0.12531594103326404,0.12531594103326404,3.684479909015867,0.26296296296296295
39627815703807705,rvspecfit-main-bright-1.fits,13.988191,3606.7092,4.674957,-0.09309976,target_evaluation,target_evaluation_clean,noise_augmented,feh,-1,1.0,-0.09309975802898407,-0.31225219009344557,-0.2191524320644615,0.2191524320644615,7.010063074407172,0.7074074074074074
39627809651425857,rvspecfit-main-bright-1.fits,29.866762,5622.943,4.8139563,-0.37131092,target_evaluation,target_evaluation_clean,noise_augmented,feh,-1,1.0,-0.37131091952323914,-0.5183533876215418,-0.14704246809830268,0.14704246809830268,4.2166096493683,0.3888888888888889
39627803615825148,rvspecfit-main-bright-1.fits,12.816327,5113.739,2.2663527,-0.98540086,target_evaluation,target_evaluation_clean,noise_augmented,feh,-1,1.0,-0.9854008555412292,-1.2276132904700932,-0.2422124349288639,0.2422124349288639,6.270929736588265,0.6481481481481481
39627815699615891,rvspecfit-main-bright-1.fits,18.43502,4220.126,4.723737,-1.3810121,target_evaluation,target_evaluation_clean,noise_augmented,feh,-1,1.0,-1.3810120820999146,-0.6292648035256811,0.7517472785742334,0.7517472785742334,4.805048968956197,0.48703703703703705
39627803590658022,rvspecfit-main-bright-2.fits,16.427069,3402.1553,4.6148133,-0.25,target_evaluation,target_evaluation_clean,noise_augmented,feh,-1,1.0,-0.25,-0.08230017924136292,0.1676998207586371,0.1676998207586371,5.7983589868175525,0.6055555555555555
39627821714244104,rvspecfit-main-bright-2.fits,23.581211,3939.141,4.8228536,0.04200729,target_evaluation,target_evaluation_clean,noise_augmented,feh,-1,1.0,0.042007289826869965,-0.163199827251781,-0.20520711707865097,0.20520711707865097,4.342961633345989,0.4166666666666667
39627815674447825,rvspecfit-main-bright-2.fits,12.42645,3848.9524,4.6892333,-0.37573263,target_evaluation,target_evaluation_clean,noise_augmented,feh,-1,1.0,-0.3757326304912567,-0.22726176936063844,0.14847086113061828,0.14847086113061828,5.460451902115393,0.5685185185185185
39627821705861343,rvspecfit-main-bright-2.fits,23.189272,5815.6016,4.2078815,-0.86157435,target_evaluation,target_evaluation_clean,noise_augmented,feh,-1,1.0,-0.8615743517875671,-1.0929105632988112,-0.23133621151124406,0.23133621151124406,4.186240242612702,0.38333333333333336
39627821710049965,rvspecfit-main-bright-2.fits,24.613297,5314.402,3.0451887,-1.3697333,target_evaluation,target_evaluation_clean,noise_augmented,feh,-1,1.0,-1.3697333335876465,-1.099868915243695,0.2698644183439516,0.2698644183439516,4.2122786448282525,0.3888888888888889
39627809622067402,rvspecfit-main-bright-2.fits,31.265646,6137.838,4.0774336,-1.2985094,target_evaluation,target_evaluation_clean,noise_augmented,feh,-1,1.0,-1.2985093593597412,-1.5537059768065804,-0.2551966174468392,0.2551966174468392,3.0220177698407396,0.11851851851851852
39627809622066836,rvspecfit-main-bright-2.fits,15.522804,3970.5703,4.5469885,-0.63032347,target_evaluation,target_evaluation_clean,noise_augmented,feh,-1,1.0,-0.6303234696388245,-0.3614234317552231,0.26890003788360134,0.26890003788360134,4.722734221883384,0.4777777777777778
39627809617878013,rvspecfit-main-bright-2.fits,31.116262,5462.681,5.1084437,-0.5318166,target_evaluation,target_evaluation_clean,noise_augmented,feh,-1,1.0,-0.5318166017532349,-0.553451014309035,-0.02163441255580012,0.02163441255580012,3.018400635700798,0.11851851851851852
39627815661869306,rvspecfit-main-bright-2.fits,12.123284,3522.1082,4.599729,-0.106358714,target_evaluation,target_evaluation_clean,noise_augmented,feh,-1,1.0,-0.10635871440172195,-0.18373524073147565,-0.0773765263297537,0.0773765263297537,5.611959753961972,0.5814814814814815
39627803590657135,rvspecfit-main-bright-2.fits,16.43598,5378.66,4.766294,-0.32350528,target_evaluation,target_evaluation_clean,noise_augmented,feh,-1,1.0,-0.3235052824020386,-0.5366180797601119,-0.2131127973580733,0.2131127973580733,4.0216601305501865,0.34629629629629627
39627803590659709,rvspecfit-main-bright-2.fits,12.965964,3757.0525,4.6078687,-0.25,target_evaluation,target_evaluation_clean,noise_augmented,feh,-1,1.0,-0.25,-0.16266000486167298,0.08733999513832702,0.08733999513832702,4.9544322473474045,0.5092592592592593
39627803586463484,rvspecfit-main-bright-2.fits,31.973804,5079.818,2.5580812,-1.1764431,target_evaluation,target_evaluation_clean,noise_augmented,feh,-1,1.0,-1.176443099975586,-1.184304639873405,-0.007861539897819014,0.007861539897819014,4.50568913691611,0.44814814814814813
39627815661867184,rvspecfit-main-bright-2.fits,11.212901,5877.344,4.5,-0.87294865,target_evaluation,target_evaluation_clean,noise_augmented,feh,-1,1.0,-0.8729486465454102,-0.7563391289040446,0.11660951764136551,0.11660951764136551,4.4953617113244,0.4462962962962963
39627821705858400,rvspecfit-main-bright-2.fits,28.417381,5869.313,4.42161,-0.59817594,target_evaluation,target_evaluation_clean,noise_augmented,feh,-1,1.0,-0.5981759428977966,-0.6440841386940641,-0.04590819579626748,0.04590819579626748,3.8024334077238984,0.3037037037037037
39627815666062822,rvspecfit-main-bright-2.fits,21.326593,4725.2007,4.828737,-0.48243913,target_evaluation,target_evaluation_clean,noise_augmented,feh,-1,1.0,-0.4824391305446625,-0.3742482472414671,0.10819088330319537,0.10819088330319537,3.8319897391632884,0.31296296296296294
39627809634650742,rvspecfit-main-bright-2.fits,29.139715,5899.9976,4.5475526,-0.6766757,target_evaluation,target_evaluation_clean,noise_augmented,feh,-1,1.0,-0.6766756772994995,-0.7058142792346577,-0.02913860193515816,0.02913860193515816,3.4652435754296356,0.2037037037037037
39627809630461078,rvspecfit-main-bright-2.fits,15.055974,5211.608,5.1218247,-0.6671269,target_evaluation,target_evaluation_clean,noise_augmented,feh,-1,1.0,-0.6671268939971924,-0.4468576264884321,0.2202692675087603,0.2202692675087603,4.024149591089454,0.34629629629629627
39627821714245907,rvspecfit-main-bright-2.fits,10.977933,4366.539,4.231374,-0.31133905,target_evaluation,target_evaluation_clean,noise_augmented,feh,-1,1.0,-0.31133905053138733,-0.4642861090297778,-0.15294705849839046,0.15294705849839046,4.567809090144178,0.45740740740740743
39627815670253220,rvspecfit-main-bright-2.fits,22.477627,5879.129,4.39243,-0.723626,target_evaluation,target_evaluation_clean,noise_augmented,feh,-1,1.0,-0.7236260175704956,-0.7138634013612756,0.009762616209220032,0.009762616209220032,4.250084889804043,0.3962962962962963
39627815670255646,rvspecfit-main-bright-2.fits,39.936398,4625.0684,4.7049537,-0.38005188,target_evaluation,target_evaluation_clean,noise_augmented,feh,-1,1.0,-0.3800518810749054,-0.2692910119324612,0.11076086914244421,0.11076086914244421,3.943062057699056,0.3314814814814815
39627809622072149,rvspecfit-main-bright-2.fits,24.390818,4927.6396,4.850641,-0.33607587,target_evaluation,target_evaluation_clean,noise_augmented,feh,-1,1.0,-0.33607587218284607,-0.39061572525432964,-0.05453985307148357,0.05453985307148357,3.164673246389869,0.1425925925925926
39627839842027358,rvspecfit-main-bright-3.fits,24.140806,3398.4958,4.8100953,-3.0253883e-08,target_evaluation,target_evaluation_clean,noise_augmented,feh,-1,1.0,-3.025388295441189e-08,-0.03459590266317648,-0.03459587240929352,0.03459587240929352,4.386734395320419,0.4222222222222222
39627833793842886,rvspecfit-main-bright-3.fits,39.385548,5554.7554,4.770294,-0.47174188,target_evaluation,target_evaluation_clean,noise_augmented,feh,-1,1.0,-0.4717418849468231,-0.780674637556697,-0.30893275260987385,0.30893275260987385,3.6570056033530363,0.2611111111111111
39627833798038562,rvspecfit-main-bright-3.fits,28.237612,5951.2617,4.267125,-0.8982497,target_evaluation,target_evaluation_clean,noise_augmented,feh,-1,1.0,-0.8982496857643127,-0.9062365874418916,-0.007986901677578873,0.007986901677578873,2.8030232182871817,0.07222222222222222
39627827766625875,rvspecfit-main-bright-3.fits,25.357946,4335.492,4.686248,-0.4138596,target_evaluation,target_evaluation_clean,noise_augmented,feh,-1,1.0,-0.41385960578918457,-0.31042489510185495,0.10343471068732962,0.10343471068732962,3.715064667047358,0.2777777777777778
39627827770823696,rvspecfit-main-bright-3.fits,31.719215,4336.5527,4.3862042,0.22128439,target_evaluation,target_evaluation_clean,noise_augmented,feh,-1,1.0,0.2212843894958496,-0.18205062079388262,-0.40333501028973223,0.40333501028973223,4.125387158063072,0.37037037037037035
39627833798034999,rvspecfit-main-bright-3.fits,17.041107,4075.3704,4.620044,-0.052925248,target_evaluation,target_evaluation_clean,noise_augmented,feh,-1,1.0,-0.05292524769902229,-0.11724266273873588,-0.06431741503971358,0.06431741503971358,4.772007167503463,0.48333333333333334
39627833802234446,rvspecfit-main-bright-3.fits,21.432701,6195.4375,4.5,-2.0472734,target_evaluation,target_evaluation_clean,noise_augmented,feh,-1,1.0,-2.0472733974456787,-1.4082881172175208,0.6389852802281579,0.6389852802281579,2.7257126090683683,0.05925925925925926
39627833793843974,rvspecfit-main-bright-3.fits,40.123512,3609.6584,4.536659,-0.20593798,target_evaluation,target_evaluation_clean,noise_augmented,feh,-1,1.0,-0.20593798160552979,-0.17406473612112192,0.03187324548440787,0.03187324548440787,3.2728547869799876,0.1648148148148148
39627821743607305,rvspecfit-main-bright-4.fits,38.73113,4629.5903,4.7259316,-0.11974044,target_evaluation,target_evaluation_clean,noise_augmented,feh,-1,1.0,-0.11974044144153595,-0.3176570996398029,-0.19791665819826693,0.19791665819826693,2.8183229606296183,0.07777777777777778
39627821743608617,rvspecfit-main-bright-4.fits,14.83805,6469.1216,4.834329,-1.9999986,target_evaluation,target_evaluation_clean,noise_augmented,feh,-1,1.0,-1.9999985694885254,-1.5072941363131007,0.49270443317542467,0.49270443317542467,3.8459074263882345,0.31296296296296294
39627827783406885,rvspecfit-main-bright-4.fits,25.759974,3451.2712,4.5000005,6.0765877e-09,target_evaluation,target_evaluation_clean,noise_augmented,feh,-1,1.0,6.076587677483758e-09,-0.021785858359028704,-0.021785864435616382,0.021785864435616382,4.00142998048248,0.34444444444444444
39627833819009327,rvspecfit-main-bright-4.fits,14.72425,5800.006,4.4179063,-0.41439247,target_evaluation,target_evaluation_clean,noise_augmented,feh,-1,1.0,-0.41439247131347656,-0.5473535558156045,-0.13296108450212796,0.13296108450212796,3.599294552693579,0.23333333333333334
39627821747799263,rvspecfit-main-bright-4.fits,12.165322,6256.565,4.644997,-1.5297871,target_evaluation,target_evaluation_clean,noise_augmented,feh,-1,1.0,-1.5297870635986328,-1.3473572520477077,0.18242981155092508,0.18242981155092508,4.136780685831654,0.37037037037037035
39627833823204203,rvspecfit-main-bright-4.fits,34.961163,4537.2896,4.6756153,-0.036325403,target_evaluation,target_evaluation_clean,noise_augmented,feh,-1,1.0,-0.036325402557849884,-0.31667359135085016,-0.2803481887930003,0.2803481887930003,3.360470891260752,0.18518518518518517
39627821735220946,rvspecfit-main-bright-4.fits,16.858812,3473.7603,4.656427,-0.7322211,target_evaluation,target_evaluation_clean,noise_augmented,feh,-1,1.0,-0.7322211265563965,-0.2539162847422036,0.47830484181419286,0.47830484181419286,4.720935893155424,0.4759259259259259
39627833839977270,rvspecfit-main-bright-5.fits,22.707117,3847.4602,4.847961,-0.07507452,target_evaluation,target_evaluation_clean,noise_augmented,feh,-1,1.0,-0.07507452368736267,-0.3554283977730628,-0.2803538740857001,0.2803538740857001,3.6855059580680964,0.26296296296296295
39627845923766625,rvspecfit-main-bright-5.fits,25.341322,3959.5576,4.3476377,-0.7805401,target_evaluation,target_evaluation_clean,noise_augmented,feh,-1,1.0,-0.7805401086807251,-0.49429884371098637,0.28624126496973873,0.28624126496973873,3.0532926990193827,0.12222222222222222
39627839879775616,rvspecfit-main-bright-5.fits,43.97754,5813.363,4.760278,-1.1522388,target_evaluation,target_evaluation_clean,noise_augmented,feh,-1,1.0,-1.1522388458251953,-0.6330250422445435,0.5192138035806518,0.5192138035806518,2.0007806642845347,0.003703703703703704
39627845919573600,rvspecfit-main-bright-5.fits,41.5082,6244.3022,4.3234587,-1.7500005,target_evaluation,target_evaluation_clean,noise_augmented,feh,-1,1.0,-1.7500004768371582,-1.2442401347359018,0.5057603421012564,0.5057603421012564,1.980887723888662,0.001851851851851852
39627845915380471,rvspecfit-main-bright-5.fits,44.527607,3708.848,4.5635805,-0.6112659,target_evaluation,target_evaluation_clean,noise_augmented,feh,-1,1.0,-0.6112658977508545,-0.33889996082357415,0.27236593692728034,0.27236593692728034,2.7980973824247535,0.07222222222222222
39627839875583467,rvspecfit-main-bright-5.fits,30.495152,3700.0,4.774045,2.0906618e-05,target_evaluation,target_evaluation_clean,noise_augmented,feh,-1,1.0,2.0906618374283426e-05,-0.14598884475970655,-0.14600975137808084,0.14600975137808084,3.249091902007945,0.1537037037037037
39627833831591187,rvspecfit-main-bright-5.fits,14.973386,4433.752,4.873937,-0.6670582,target_evaluation,target_evaluation_clean,noise_augmented,feh,-1,1.0,-0.6670582294464111,-0.36043607803232336,0.3066221514140878,0.3066221514140878,3.5164212228574434,0.21666666666666667
39627833835783596,rvspecfit-main-bright-5.fits,19.291912,4050.7817,4.467584,-0.6911538,target_evaluation,target_evaluation_clean,noise_augmented,feh,-1,1.0,-0.6911538243293762,-0.43412102147616366,0.25703280285321256,0.25703280285321256,3.268314697909772,0.16296296296296298
39627845915383495,rvspecfit-main-bright-5.fits,10.922119,5638.3613,4.8552957,-0.6561243,target_evaluation,target_evaluation_clean,noise_augmented,feh,-1,1.0,-0.6561242938041687,-0.5568918108240082,0.09923248298016052,0.09923248298016052,5.109653480748014,0.5296296296296297
39627833810618447,rvspecfit-main-bright-6.fits,40.771164,6517.8154,4.6731167,-2.3132465,target_evaluation,target_evaluation_clean,noise_augmented,feh,-1,1.0,-2.313246488571167,-1.405748510996501,0.9074979775746659,0.9074979775746659,2.7671641661499153,0.06666666666666667
39627839850415811,rvspecfit-main-bright-6.fits,14.076207,5159.8643,4.866095,-0.5808288,target_evaluation,target_evaluation_clean,noise_augmented,feh,-1,1.0,-0.5808287858963013,-0.39328445925868627,0.187544326637615,0.187544326637615,4.811605310786557,0.48703703703703705
39627845886020401,rvspecfit-main-bright-6.fits,13.033478,6121.208,4.152123,-0.96648407,target_evaluation,target_evaluation_clean,noise_augmented,feh,-1,1.0,-0.9664840698242188,-1.391391240336001,-0.4249071705117822,0.4249071705117822,4.335017238802545,0.4166666666666667
39627845886019547,rvspecfit-main-bright-6.fits,26.366577,5199.997,4.8886833,-0.30279285,target_evaluation,target_evaluation_clean,noise_augmented,feh,-1,1.0,-0.30279284715652466,-0.3986168676830518,-0.09582402052652716,0.09582402052652716,3.867318013338838,0.3148148148148148
39627845886024355,rvspecfit-main-bright-6.fits,32.78284,5942.658,4.291933,-0.6273537,target_evaluation,target_evaluation_clean,noise_augmented,feh,-1,1.0,-0.6273537278175354,-1.2241659266663099,-0.5968121988487745,0.5968121988487745,4.290890957466497,0.40555555555555556
39627827728880168,rvspecfit-main-bright-8.fits,11.884048,3643.9668,4.5368013,-0.5000001,target_evaluation,target_evaluation_clean,noise_augmented,feh,-1,1.0,-0.5000001192092896,-0.3761323817294053,0.12386773747988428,0.12386773747988428,6.137716646508014,0.6407407407407407
39627827728881595,rvspecfit-main-bright-8.fits,11.067028,3715.3442,4.560988,-0.41314766,target_evaluation,target_evaluation_clean,noise_augmented,feh,-1,1.0,-0.4131476581096649,-0.32217198237871875,0.09097567573094617,0.09097567573094617,6.117663362454201,0.6388888888888888
39627821693274753,rvspecfit-main-bright-8.fits,14.563165,4903.6562,4.7105637,-0.6856381,target_evaluation,target_evaluation_clean,noise_augmented,feh,-1,1.0,-0.6856381297111511,-0.5035449753412978,0.1820931543698533,0.1820931543698533,3.2080875948911785,0.14814814814814814
39627833777063378,rvspecfit-main-bright-8.fits,36.156208,4865.3774,4.8829994,-0.2660883,target_evaluation,target_evaluation_clean,noise_augmented,feh,-1,1.0,-0.2660883069038391,-0.4390089441577893,-0.17292063725395018,0.17292063725395018,3.964154181537539,0.3333333333333333
39627839816861389,rvspecfit-main-bright-8.fits,23.303087,5715.106,4.715221,-0.5199357,target_evaluation,target_evaluation_clean,noise_augmented,feh,-1,1.0,-0.5199357271194458,-0.6731557115822414,-0.1532199844627956,0.1532199844627956,2.881483309127383,0.09074074074074075
39627833781259407,rvspecfit-main-bright-8.fits,22.830645,4481.9824,4.584956,-0.5631001,target_evaluation,target_evaluation_clean,noise_augmented,feh,-1,1.0,-0.5631000995635986,-0.398883522585767,0.16421657697783165,0.16421657697783165,5.506355435802245,0.5722222222222222
39627839812672682,rvspecfit-main-bright-8.fits,11.783399,5055.8506,5.161906,-1.1391282,target_evaluation,target_evaluation_clean,noise_augmented,feh,-1,1.0,-1.1391282081604004,-0.5666288833276678,0.5724993248327326,0.5724993248327326,3.7615232438110153,0.29074074074074074
39627827737264610,rvspecfit-main-bright-8.fits,51.15046,3715.6196,4.598353,-0.2972362,target_evaluation,target_evaluation_clean,noise_augmented,feh,-1,1.0,-0.29723620414733887,-0.3800992338551058,-0.08286302970776693,0.08286302970776693,3.056567368598423,0.12407407407407407
39627827728877440,rvspecfit-main-bright-8.fits,36.33877,5575.7563,4.6957045,-0.07203574,target_evaluation,target_evaluation_clean,noise_augmented,feh,-1,1.0,-0.07203573733568192,-0.5087077929669368,-0.4366720556312549,0.4366720556312549,2.6252799991626254,0.05
39627821693275169,rvspecfit-main-bright-8.fits,15.122388,5025.6157,4.4391804,-0.651436,target_evaluation,target_evaluation_clean,noise_augmented,feh,-1,1.0,-0.6514359712600708,-0.48608398925652735,0.16535198200354345,0.16535198200354345,3.6419122796683374,0.25555555555555554
39627839816865588,rvspecfit-main-bright-9.fits,10.728113,3960.8994,4.4292912,-0.4187252,target_evaluation,target_evaluation_clean,noise_augmented,feh,-1,1.0,-0.4187251925468445,-0.5126250403349989,-0.09389984778815441,0.09389984778815441,6.141328009456521,0.6407407407407407
39627839821055583,rvspecfit-main-bright-9.fits,13.759142,4015.057,4.523047,-0.5563418,target_evaluation,target_evaluation_clean,noise_augmented,feh,-1,1.0,-0.556341826915741,-0.3761877152702347,0.18015411164550627,0.18015411164550627,4.839088681814633,0.49444444444444446
39627845865046248,rvspecfit-main-bright-9.fits,12.871122,3645.7952,4.8327327,0.2286792,target_evaluation,target_evaluation_clean,noise_augmented,feh,-1,1.0,0.22867919504642487,-0.06916863038416926,-0.2978478254305941,0.2978478254305941,5.416297818508471,0.5648148148148148
39627845860853503,rvspecfit-main-bright-9.fits,26.803902,5411.7363,4.7129574,-0.54156125,target_evaluation,target_evaluation_clean,noise_augmented,feh,-1,1.0,-0.5415612459182739,-0.502045213063698,0.039516032854575944,0.039516032854575944,2.4266525834414847,0.03518518518518519
39627833785455822,rvspecfit-main-bright-9.fits,19.493109,3852.0898,4.842148,-0.25,target_evaluation,target_evaluation_clean,noise_augmented,feh,-1,1.0,-0.25,-0.1139160177523974,0.1360839822476026,0.1360839822476026,4.147947154244474,0.37222222222222223
39627851909045330,rvspecfit-main-bright-9.fits,22.31135,5862.414,4.257343,-0.67050207,target_evaluation,target_evaluation_clean,noise_augmented,feh,-1,1.0,-0.6705020666122437,-1.0482719373876854,-0.3777698707754418,0.3777698707754418,3.555214779299837,0.22777777777777777
39627851913232720,rvspecfit-main-bright-9.fits,38.27888,4340.273,4.7055964,-0.32321364,target_evaluation,target_evaluation_clean,noise_augmented,feh,-1,1.0,-0.3232136368751526,-0.295834607986423,0.027379028888729562,0.027379028888729562,3.1681161404686384,0.1425925925925926
39627845869245534,rvspecfit-main-bright-9.fits,44.033375,6095.794,4.289099,-0.5429145,target_evaluation,target_evaluation_clean,noise_augmented,feh,-1,1.0,-0.5429145097732544,-0.6184262267748514,-0.07551171700159698,0.07551171700159698,2.039386525932354,0.003703703703703704
39627839837834061,rvspecfit-main-bright-9.fits,18.223211,4585.609,4.679545,-0.26840124,target_evaluation,target_evaluation_clean,noise_augmented,feh,-1,1.0,-0.26840123534202576,-0.31388626770395794,-0.04548503236193219,0.04548503236193219,3.592865620049723,0.23333333333333334
39627839829446786,rvspecfit-main-bright-9.fits,13.116069,3434.77,4.522116,0.022658512,target_evaluation,target_evaluation_clean,noise_augmented,feh,-1,1.0,0.022658511996269226,0.026083948362796355,0.0034254363665271285,0.0034254363665271285,5.619094875851576,0.5814814814814815
39627845873438049,rvspecfit-main-bright-9.fits,21.684975,5177.2314,4.8784614,-0.70214164,target_evaluation,target_evaluation_clean,noise_augmented,feh,-1,1.0,-0.7021416425704956,-0.5340767351417998,0.16806490742869584,0.16806490742869584,2.872666173077456,0.08703703703703704
39627845869247436,rvspecfit-main-bright-9.fits,65.567,6116.4717,3.9716609,-0.62627816,target_evaluation,target_evaluation_clean,noise_augmented,feh,-1,1.0,-0.6262781620025635,-0.7752516197388373,-0.1489734577362738,0.1489734577362738,2.0158807969573043,0.003703703703703704
39627839833638184,rvspecfit-main-bright-9.fits,23.375196,3722.8513,4.692401,-0.5,target_evaluation,target_evaluation_clean,noise_augmented,feh,-1,1.0,-0.5,-0.24894050089160052,0.2510594991083995,0.2510594991083995,3.284601586664518,0.1685185185185185
39627839837834062,rvspecfit-main-bright-9.fits,29.298006,3464.2122,4.331614,-0.21758264,target_evaluation,target_evaluation_clean,noise_augmented,feh,-1,1.0,-0.21758264303207397,-0.06149240431176522,0.15609023872030875,0.15609023872030875,4.922576326045273,0.5037037037037037
39627845873435234,rvspecfit-main-bright-9.fits,44.133266,5946.902,4.733702,-0.44999155,target_evaluation,target_evaluation_clean,noise_augmented,feh,-1,1.0,-0.4499915540218353,-0.6736665592764816,-0.22367500525464623,0.22367500525464623,2.534437164724399,0.044444444444444446
