model,target,noise_factor,seed,requested_coverage,retained_fraction,n,mae,rmse,bias,ood_threshold
noise_augmented,feh,1.25,2026,1.0,1.0,91,0.20341623446552137,0.2655438068966864,0.022842709949004926,7.595953540392921
noise_augmented,feh,1.25,2026,0.9,0.9010989010989011,82,0.2085629671034057,0.2736649264137749,0.02739494529933907,6.124241525429909
noise_augmented,feh,1.25,2026,0.8,0.8021978021978022,73,0.21080672028021927,0.2785371798608128,0.018116537936768314,5.251438779024363
noise_augmented,feh,1.25,2026,0.7,0.7032967032967034,64,0.20578939167604432,0.2709699157096572,0.01603349680367321,4.782856746988877
noise_augmented,feh,1.25,2026,0.5,0.5054945054945055,46,0.19116799175903926,0.2616270227262367,0.040733738647721805,4.176230137107247
noise_augmented,feh,1.25,2027,1.0,1.0,91,0.19933636098040927,0.2617904640524635,0.029663707438630185,7.301768273633678
noise_augmented,feh,1.25,2027,0.9,0.9010989010989011,82,0.20770102267422633,0.27114097033474344,0.03318733507301024,6.218371236368593
noise_augmented,feh,1.25,2027,0.8,0.8021978021978022,73,0.2147725425612515,0.2810105019410144,0.0361494232913458,5.299859550873836
noise_augmented,feh,1.25,2027,0.7,0.7032967032967034,64,0.1968962644150709,0.2575924601861375,0.02462568079428362,4.813270500325617
noise_augmented,feh,1.25,2027,0.5,0.5054945054945055,46,0.20131596293917792,0.2704002437183408,0.03539481807650508,4.107816121653257
noise_augmented,feh,1.25,2028,1.0,1.0,91,0.2064480068736099,0.2731156025930973,0.016010240709742843,7.19975494162893
noise_augmented,feh,1.25,2028,0.9,0.9010989010989011,82,0.21166861942243975,0.28085274384242814,0.018678853544307903,5.841665698523388
noise_augmented,feh,1.25,2028,0.8,0.8021978021978022,73,0.2155457744432749,0.2863732980818965,0.034087858604852674,5.290426290845662
noise_augmented,feh,1.25,2028,0.7,0.7032967032967034,64,0.20784620910178148,0.27598641049544,0.019289249217693625,4.920438018306178
noise_augmented,feh,1.25,2028,0.5,0.5054945054945055,46,0.20379897602924285,0.2705498349285412,0.012524134142430452,4.191171077129839
noise_augmented,feh,1.25,2029,1.0,1.0,91,0.20741264698156758,0.27134716737959086,0.018899822503837028,7.43271065055572
noise_augmented,feh,1.25,2029,0.9,0.9010989010989011,82,0.21666186925180622,0.2814817837853248,0.022694676594841638,6.15887433361101
noise_augmented,feh,1.25,2029,0.8,0.8021978021978022,73,0.21805982893465578,0.28402823392800464,0.010086963740639821,5.2127650983139615
noise_augmented,feh,1.25,2029,0.7,0.7032967032967034,64,0.22080724377663175,0.2836468205696025,-0.0038421202418526743,4.766042216869119
noise_augmented,feh,1.25,2029,0.5,0.5054945054945055,46,0.2038862096416624,0.27307109905640914,0.06288055749087938,4.195555478478881
noise_augmented,feh,1.25,2030,1.0,1.0,91,0.2079844903625698,0.2745474478310594,0.01590221429639149,7.498974279667811
noise_augmented,feh,1.25,2030,0.9,0.9010989010989011,82,0.2123746136345543,0.2808036441366255,0.01757334135464482,5.882754844074946
noise_augmented,feh,1.25,2030,0.8,0.8021978021978022,73,0.21816727077942322,0.2880441657316275,0.017035255200276336,5.220656246120714
noise_augmented,feh,1.25,2030,0.7,0.7032967032967034,64,0.2154463488950098,0.28271979174632034,0.004962482914772335,4.781586212236554
noise_augmented,feh,1.25,2030,0.5,0.5054945054945055,46,0.20206741135462944,0.270636490280992,0.011146701837469287,4.255093035063522
noise_augmented,feh,1.25,2031,1.0,1.0,91,0.2043993007781812,0.26993935397589636,0.018455184398767234,7.784523425890308
noise_augmented,feh,1.25,2031,0.9,0.9010989010989011,82,0.2147649114755355,0.28059398740810937,0.024422132531884615,6.284229588637379
noise_augmented,feh,1.25,2031,0.8,0.8021978021978022,73,0.2225542291178964,0.2913983225123329,0.0197402571970071,5.4003021566695
noise_augmented,feh,1.25,2031,0.7,0.7032967032967034,64,0.21130981141580787,0.27664079259692065,0.009246929393508786,4.789124825274431
noise_augmented,feh,1.25,2031,0.5,0.5054945054945055,46,0.2043871708438053,0.27322872905851675,0.044691740339685204,4.083913249791167
noise_augmented,feh,1.25,2032,1.0,1.0,91,0.2090610934839779,0.27455071600510106,0.013616396580122281,7.547449430283151
noise_augmented,feh,1.25,2032,0.9,0.9010989010989011,82,0.2200656812763731,0.28625401671056916,0.019020460515425393,5.841991784408138
noise_augmented,feh,1.25,2032,0.8,0.8021978021978022,73,0.2256457084323479,0.292650307960262,0.006007246466441306,5.282772774952778
noise_augmented,feh,1.25,2032,0.7,0.7032967032967034,64,0.21807183677872854,0.28447774135978043,-0.005344022633306307,4.808092747784171
noise_augmented,feh,1.25,2032,0.5,0.5054945054945055,46,0.21134443780137174,0.2830691591024875,0.031138267098651296,4.187996330058906
noise_augmented,feh,1.25,2033,1.0,1.0,91,0.20422441304780795,0.2688909814363807,0.018379113208139036,8.00333684812959
noise_augmented,feh,1.25,2033,0.9,0.9010989010989011,82,0.21222214733989755,0.2779322685926862,0.029034633806067845,6.078990390905785
noise_augmented,feh,1.25,2033,0.8,0.8021978021978022,73,0.2149473701695063,0.2828788406779438,0.015444507877623793,5.555764122161868
noise_augmented,feh,1.25,2033,0.7,0.7032967032967034,64,0.2155212522221323,0.28150559342004045,0.003270577208497983,4.740471913590458
noise_augmented,feh,1.25,2033,0.5,0.5054945054945055,46,0.19404663432263478,0.2638466878451006,0.027966125958466974,4.220627678521284
noise_augmented,feh,1.25,2034,1.0,1.0,91,0.2050192633207112,0.2710925892698211,0.020533653796944634,7.554604682182063
noise_augmented,feh,1.25,2034,0.9,0.9010989010989011,82,0.21398561891861034,0.2817571559284419,0.023602746878347694,5.754142841194796
noise_augmented,feh,1.25,2034,0.8,0.8021978021978022,73,0.21369760310280486,0.28425199811896484,0.017536147353738908,5.35012496462915
noise_augmented,feh,1.25,2034,0.7,0.7032967032967034,64,0.2148857619962269,0.28224242968204366,0.009536277467437227,4.872602953373041
noise_augmented,feh,1.25,2034,0.5,0.5054945054945055,46,0.21186746240634582,0.2793840859899346,0.024791565207857916,4.197739918822267
noise_augmented,feh,1.25,2035,1.0,1.0,91,0.20380791450512034,0.26953219092755076,0.02605209457974773,7.186187627265039
noise_augmented,feh,1.25,2035,0.9,0.9010989010989011,82,0.21169050936632292,0.27909515290676074,0.030907478170687133,6.15228875428727
noise_augmented,feh,1.25,2035,0.8,0.8021978021978022,73,0.21354237855182226,0.28407140973442035,0.0200032154443122,5.1806555210800695
noise_augmented,feh,1.25,2035,0.7,0.7032967032967034,64,0.21071125541392594,0.2778494051815267,0.016758084815501603,4.704678132336735
noise_augmented,feh,1.25,2035,0.5,0.5054945054945055,46,0.1913795141892286,0.2618370887268682,0.027003142821173286,4.213052058388503
noise_augmented,feh,1.5,2026,1.0,1.0,91,0.20581121419990484,0.2668512930578335,0.017191048002418,8.101802284407299
noise_augmented,feh,1.5,2026,0.9,0.9010989010989011,82,0.2108947079946016,0.27508573023035754,0.02265205422907598,6.53125226598326
noise_augmented,feh,1.5,2026,0.8,0.8021978021978022,73,0.21699940977110432,0.28518002586470786,0.018766644969864923,5.743702848152076
noise_augmented,feh,1.5,2026,0.7,0.7032967032967034,64,0.2057864514776582,0.2713517531397956,0.010779832093522821,5.031491137391894
noise_augmented,feh,1.5,2026,0.5,0.5054945054945055,46,0.19852195357163016,0.2727970216937652,0.019807587934967667,4.455503200688046
noise_augmented,feh,1.5,2027,1.0,1.0,91,0.19785759965726782,0.2607922195543987,0.02883103108900816,7.919490138868574
noise_augmented,feh,1.5,2027,0.9,0.9010989010989011,82,0.20411637495793858,0.2692159677570577,0.030592008355918566,6.620703595504675
noise_augmented,feh,1.5,2027,0.8,0.8021978021978022,73,0.20762515807305476,0.27380568816913575,0.030255296255683364,5.645051070930792
noise_augmented,feh,1.5,2027,0.7,0.7032967032967034,64,0.19786113251951465,0.2589653368795777,0.0109925145031839,5.219869737375622
noise_augmented,feh,1.5,2027,0.5,0.5054945054945055,46,0.19874837139626275,0.26440544056059007,0.037640317519977026,4.388948658652711
noise_augmented,feh,1.5,2028,1.0,1.0,91,0.20971521358916123,0.2777569811428514,0.008303201493566349,7.441055143678593
noise_augmented,feh,1.5,2028,0.9,0.9010989010989011,82,0.21673136240640306,0.2859095649918629,0.016599243165295083,6.487863138087752
noise_augmented,feh,1.5,2028,0.8,0.8021978021978022,73,0.21557472009656342,0.28906576397394806,0.030530241536085637,5.777396317878333
noise_augmented,feh,1.5,2028,0.7,0.7032967032967034,64,0.2144136209517123,0.28565852832144567,0.007614558898151009,5.352295504849262
noise_augmented,feh,1.5,2028,0.5,0.5054945054945055,46,0.20957519223857596,0.2796503710381782,-0.008653602708327393,4.423260122493148
noise_augmented,feh,1.5,2029,1.0,1.0,91,0.21104882231431085,0.2739823312220286,0.012034782530876479,7.888840040386634
noise_augmented,feh,1.5,2029,0.9,0.9010989010989011,82,0.21839114484778585,0.2826147731030412,0.01869664423269631,6.692795730054376
noise_augmented,feh,1.5,2029,0.8,0.8021978021978022,73,0.22293234440289436,0.28607087468838893,0.004762296546890887,5.707595947577387
noise_augmented,feh,1.5,2029,0.7,0.7032967032967034,64,0.2231799446227764,0.2842410037831373,-0.005176466443169139,5.212789020301196
noise_augmented,feh,1.5,2029,0.5,0.5054945054945055,46,0.21483071687187105,0.28677518159189525,0.02941047477709152,4.529659948634247
noise_augmented,feh,1.5,2030,1.0,1.0,91,0.21183109842670053,0.2787702046747354,0.007771173400013671,7.788177566200479
noise_augmented,feh,1.5,2030,0.9,0.9010989010989011,82,0.21457670725416836,0.2841464419241841,0.01647757566103255,6.384441976212087
noise_augmented,feh,1.5,2030,0.8,0.8021978021978022,73,0.22294745130332108,0.29259540657323074,0.007188769360613053,5.720804615903009
noise_augmented,feh,1.5,2030,0.7,0.7032967032967034,64,0.21288306466014045,0.27914705142593726,-0.030532450654345542,5.381034517365968
noise_augmented,feh,1.5,2030,0.5,0.5054945054945055,46,0.20854535327685864,0.2750130433543687,0.0009614052187888829,4.478937068395142
noise_augmented,feh,1.5,2031,1.0,1.0,91,0.20625470243130165,0.2705734536170994,0.00910638439664746,8.321149489280906
noise_augmented,feh,1.5,2031,0.9,0.9010989010989011,82,0.21816390713118386,0.2822036292959806,0.011853415198117966,7.015481661009989
noise_augmented,feh,1.5,2031,0.8,0.8021978021978022,73,0.22298598349454496,0.29121686619250825,0.011694025140955,5.874681757112707
noise_augmented,feh,1.5,2031,0.7,0.7032967032967034,64,0.21024406700610965,0.2747729608088083,0.007589376702715934,5.225359539546237
noise_augmented,feh,1.5,2031,0.5,0.5054945054945055,46,0.20499494479283295,0.27354422811655826,0.026075842001475957,4.38056460196862
noise_augmented,feh,1.5,2032,1.0,1.0,91,0.21239629761009604,0.2803829697683616,0.0057671668153111075,7.974018256932847
noise_augmented,feh,1.5,2032,0.9,0.9010989010989011,82,0.2245139575522617,0.29267499182230095,0.00973103749329479,6.209187597422856
noise_augmented,feh,1.5,2032,0.8,0.8021978021978022,73,0.2289984860226874,0.29897352312704456,-0.006255328891089285,5.7427848573071865
noise_augmented,feh,1.5,2032,0.7,0.7032967032967034,64,0.22660046102313466,0.2964623627365235,-0.0190839528039234,5.129449666847407
noise_augmented,feh,1.5,2032,0.5,0.5054945054945055,46,0.2023968437038949,0.27564988649625444,0.0289203814900922,4.421747125299416
noise_augmented,feh,1.5,2033,1.0,1.0,91,0.2045812764582519,0.26967722190207744,0.011031890404773618,8.463532096833363
noise_augmented,feh,1.5,2033,0.9,0.9010989010989011,82,0.21163171355875446,0.2780315968635095,0.024352771388990106,6.674516320088836
noise_augmented,feh,1.5,2033,0.8,0.8021978021978022,73,0.21384178244349444,0.2818181253327373,0.010011898497702539,5.992240136365584
noise_augmented,feh,1.5,2033,0.7,0.7032967032967034,64,0.21269765405200414,0.2796469607352287,0.0034656172571601272,5.282975990628511
noise_augmented,feh,1.5,2033,0.5,0.5054945054945055,46,0.2019875726880657,0.2760915079530585,0.005309726606298601,4.481834704015087
noise_augmented,feh,1.5,2034,1.0,1.0,91,0.20798647477806015,0.27268718763796346,0.013673041446871214,7.946028508039404
noise_augmented,feh,1.5,2034,0.9,0.9010989010989011,82,0.21219646628816646,0.2802487925236628,0.02086100639685327,6.309958649773496
noise_augmented,feh,1.5,2034,0.8,0.8021978021978022,73,0.2175062818239733,0.28590838006879626,0.0139619280652473,5.945023834129496
noise_augmented,feh,1.5,2034,0.7,0.7032967032967034,64,0.21250529675611293,0.2785844500211018,-0.0013606339190547038,5.141623911523283
noise_augmented,feh,1.5,2034,0.5,0.5054945054945055,46,0.21504939559011138,0.28302164091318205,-0.004682861984090912,4.45608793321318
noise_augmented,feh,1.5,2035,1.0,1.0,91,0.2037676030939284,0.27050885295110677,0.018510128225745277,7.609905598216215
noise_augmented,feh,1.5,2035,0.9,0.9010989010989011,82,0.21029133302704975,0.2793145676538456,0.024174302902438653,6.632161288945155
noise_augmented,feh,1.5,2035,0.8,0.8021978021978022,73,0.21315243808696366,0.2847196134434933,0.013070818062025685,5.803954647949827
noise_augmented,feh,1.5,2035,0.7,0.7032967032967034,64,0.21547571905012952,0.2892381079866398,0.011020962257956868,5.068697651931169
noise_augmented,feh,1.5,2035,0.5,0.5054945054945055,46,0.19709983437838555,0.2675911986041722,-0.003159466166782259,4.5652093689442514
noise_augmented,feh,2.0,2026,1.0,1.0,91,0.20705790306246216,0.26914905333751105,0.0064655233067249535,9.034792059723255
noise_augmented,feh,2.0,2026,0.9,0.9010989010989011,82,0.2091039534299709,0.2753104851501211,0.011571801115917473,7.6828860150503
noise_augmented,feh,2.0,2026,0.8,0.8021978021978022,73,0.2099686434204147,0.2778516012676609,0.011059934613254153,6.733942685336873
noise_augmented,feh,2.0,2026,0.7,0.7032967032967034,64,0.20158425729472312,0.26825575413828195,-0.008486954295005225,6.070880234433099
noise_augmented,feh,2.0,2026,0.5,0.5054945054945055,46,0.1874632469020617,0.2632268050918453,-0.012380289052785414,5.009015806455158
noise_augmented,feh,2.0,2027,1.0,1.0,91,0.20099509342300606,0.2649438968615047,0.01635933707335391,8.702504128178683
noise_augmented,feh,2.0,2027,0.9,0.9010989010989011,82,0.20363733434822126,0.27109852687957736,0.021660034200494307,7.651889634983364
noise_augmented,feh,2.0,2027,0.8,0.8021978021978022,73,0.20416297009754214,0.271201267273351,0.018103818087745225,6.85433283808765
noise_augmented,feh,2.0,2027,0.7,0.7032967032967034,64,0.1963498180376429,0.2595593606778798,0.0008521812087533415,5.981627401139651
noise_augmented,feh,2.0,2027,0.5,0.5054945054945055,46,0.20253545644234813,0.2695196506755832,-0.0035053725456161778,5.146466432788483
noise_augmented,feh,2.0,2028,1.0,1.0,91,0.21180591263083967,0.28169194176908263,-0.007279965846602197,8.974234565737644
noise_augmented,feh,2.0,2028,0.9,0.9010989010989011,82,0.21319738718413614,0.2863173648840907,0.009675543218754397,7.50317689844879
noise_augmented,feh,2.0,2028,0.8,0.8021978021978022,73,0.21575649375070585,0.2904506902648874,0.010673541793261012,6.837870515456976
noise_augmented,feh,2.0,2028,0.7,0.7032967032967034,64,0.22022636339314622,0.293865135844149,0.0002675823653891917,6.137653449499556
noise_augmented,feh,2.0,2028,0.5,0.5054945054945055,46,0.21133982048878505,0.28102391367041213,-0.019047414725235363,5.016860009347914
noise_augmented,feh,2.0,2029,1.0,1.0,91,0.21801555538255005,0.28327663325465186,-0.005183723965413425,8.581816086568676
noise_augmented,feh,2.0,2029,0.9,0.9010989010989011,82,0.22039767204462565,0.28750029800282617,0.001588089510262102,7.867344913260719
noise_augmented,feh,2.0,2029,0.8,0.8021978021978022,73,0.22915242818577172,0.29270528890521796,-0.0024338751076754045,6.479538249670633
noise_augmented,feh,2.0,2029,0.7,0.7032967032967034,64,0.2307227571775496,0.29904301697162083,0.008183776462075232,5.972827076360004
noise_augmented,feh,2.0,2029,0.5,0.5054945054945055,46,0.22864196614758855,0.2985500307952678,-0.00388916183942483,5.087927370915993
noise_augmented,feh,2.0,2030,1.0,1.0,91,0.2197504121293641,0.28608949961861563,-0.012790464724978351,8.631227027742215
noise_augmented,feh,2.0,2030,0.9,0.9010989010989011,82,0.22152304753135674,0.29205413176352446,-0.007505799515449103,7.619213156892981
noise_augmented,feh,2.0,2030,0.8,0.8021978021978022,73,0.2257271345922195,0.2947074893160886,-0.022676005478344988,6.840304659687585
noise_augmented,feh,2.0,2030,0.7,0.7032967032967034,64,0.21831982405624742,0.28680963161411777,-0.038747604636836026,6.005026747713752
noise_augmented,feh,2.0,2030,0.5,0.5054945054945055,46,0.2203687026638134,0.29564980278648006,-0.02766980571199967,5.07227463123882
noise_augmented,feh,2.0,2031,1.0,1.0,91,0.20626765375533437,0.2721717975638936,-0.009556033341734497,9.519827207064964
noise_augmented,feh,2.0,2031,0.9,0.9010989010989011,82,0.2143098948739488,0.2810862637697872,-0.0033214440495647844,7.920404782427695
noise_augmented,feh,2.0,2031,0.8,0.8021978021978022,73,0.2189624597535924,0.2905756406453309,-0.004176016444032875,6.695324075273736
noise_augmented,feh,2.0,2031,0.7,0.7032967032967034,64,0.21063058104596588,0.2759904681813101,-0.009162671106027115,5.868073813558603
noise_augmented,feh,2.0,2031,0.5,0.5054945054945055,46,0.2115210930669344,0.2793959046227669,-0.010071846333938778,5.001989157194174
noise_augmented,feh,2.0,2032,1.0,1.0,91,0.21559570972764142,0.28414979751946245,-0.00916329933768352,8.675090094390276
noise_augmented,feh,2.0,2032,0.9,0.9010989010989011,82,0.22836948358848272,0.29693030771893997,-0.008009431520902797,7.306536044989815
noise_augmented,feh,2.0,2032,0.8,0.8021978021978022,73,0.23457577360281612,0.30406823880011974,-0.018253934438453277,6.511738751213215
noise_augmented,feh,2.0,2032,0.7,0.7032967032967034,64,0.22668413887926842,0.2980079729364312,-0.04115592542553808,5.8826229889534805
noise_augmented,feh,2.0,2032,0.5,0.5054945054945055,46,0.2188715204044067,0.29923474240783343,-0.009282357056003365,5.109259713585862
noise_augmented,feh,2.0,2033,1.0,1.0,91,0.20661973807862757,0.26767821463973746,-0.006265682834031457,9.298535234165968
noise_augmented,feh,2.0,2033,0.9,0.9010989010989011,82,0.2127519788909925,0.2749030255817161,0.00635432894097665,7.814196084922462
noise_augmented,feh,2.0,2033,0.8,0.8021978021978022,73,0.21342456661919507,0.2772671701677879,-0.009179624680755215,6.946439661494909
noise_augmented,feh,2.0,2033,0.7,0.7032967032967034,64,0.20637346642590354,0.2669521868616324,-0.02194795921202639,6.091286789289568
noise_augmented,feh,2.0,2033,0.5,0.5054945054945055,46,0.19694237150533914,0.26429539522062684,-0.018195378021324274,5.041177312405656
noise_augmented,feh,2.0,2034,1.0,1.0,91,0.2112613784127618,0.27589874640617723,-0.0021632490071587175,9.59351479517519
noise_augmented,feh,2.0,2034,0.9,0.9010989010989011,82,0.21140741585433742,0.2764913765220977,0.004153399222284225,7.522209258969362
noise_augmented,feh,2.0,2034,0.8,0.8021978021978022,73,0.21680985172216538,0.2849422982826566,0.004249868120216213,6.814040589962521
noise_augmented,feh,2.0,2034,0.7,0.7032967032967034,64,0.2233742211898074,0.2929408154086609,-0.007205105995621552,6.2003207471410535
noise_augmented,feh,2.0,2034,0.5,0.5054945054945055,46,0.2298068965325996,0.3000666801663362,-0.02530063888257092,4.8828143861762685
noise_augmented,feh,2.0,2035,1.0,1.0,91,0.21252392373545495,0.28163877446749613,0.0010290527207675365,8.57385397521364
noise_augmented,feh,2.0,2035,0.9,0.9010989010989011,82,0.2159666673632513,0.2872964903040392,0.013738656435507052,7.355608076772894
noise_augmented,feh,2.0,2035,0.8,0.8021978021978022,73,0.22152205013796733,0.2944607938856097,0.0062318691680720815,6.8249253617173045
noise_augmented,feh,2.0,2035,0.7,0.7032967032967034,64,0.2285258843008155,0.30588159963596806,0.007901272512127022,5.985455015043925
noise_augmented,feh,2.0,2035,0.5,0.5054945054945055,46,0.22597660590520738,0.30145637408055914,-0.03178036496784635,5.062653780269063
noise_augmented,feh,2.5,2026,1.0,1.0,91,0.21270550868318996,0.27592267855426234,-0.007558432122844184,9.762260493310654
noise_augmented,feh,2.5,2026,0.9,0.9010989010989011,82,0.21407642752874845,0.2808011709592585,0.000629348243211737,8.537599196596723
noise_augmented,feh,2.5,2026,0.8,0.8021978021978022,73,0.21970442446880145,0.28957224744162935,0.01259720841462826,7.701791414869927
noise_augmented,feh,2.5,2026,0.7,0.7032967032967034,64,0.22294322095838862,0.29508277581167724,-0.0012330172552124236,6.995851207536973
noise_augmented,feh,2.5,2026,0.5,0.5054945054945055,46,0.19702711483242388,0.27435119998526264,-0.029768488473771747,5.558848251245054
noise_augmented,feh,2.5,2027,1.0,1.0,91,0.20121095782398504,0.263795861373804,0.0032079696702567023,9.764169769939048
noise_augmented,feh,2.5,2027,0.9,0.9010989010989011,82,0.20259271635212248,0.26878895370378014,0.008952956500469476,8.541050724489356
noise_augmented,feh,2.5,2027,0.8,0.8021978021978022,73,0.2026914546300067,0.26978626152290747,0.008002623357903131,7.431361177229289
noise_augmented,feh,2.5,2027,0.7,0.7032967032967034,64,0.19406722098428508,0.25789790360209336,-0.015177672162216844,6.679885474935212
noise_augmented,feh,2.5,2027,0.5,0.5054945054945055,46,0.20078585204703103,0.2707765242972111,-0.009078890409176,5.795501128175306
noise_augmented,feh,2.5,2028,1.0,1.0,91,0.22726236471876862,0.29715148472245007,-0.03148393845810467,10.07576187818279
noise_augmented,feh,2.5,2028,0.9,0.9010989010989011,82,0.22304819479090815,0.2961104459551516,-0.00971233117577224,8.426511949152186
noise_augmented,feh,2.5,2028,0.8,0.8021978021978022,73,0.22692705914423364,0.30213576478393206,-0.004032341905133807,7.997011204201343
noise_augmented,feh,2.5,2028,0.7,0.7032967032967034,64,0.21560166636225733,0.28356027764124725,-0.02797206017355305,7.118172459012666
noise_augmented,feh,2.5,2028,0.5,0.5054945054945055,46,0.22073115082186975,0.2904986538727584,-0.035984117241888346,5.626720895782511
noise_augmented,feh,2.5,2029,1.0,1.0,91,0.22598980109242084,0.29818088765048795,-0.02176739771783025,9.988341121451285
noise_augmented,feh,2.5,2029,0.9,0.9010989010989011,82,0.2248594216472166,0.29577912820350244,-0.00832649263054013,8.706239753300984
noise_augmented,feh,2.5,2029,0.8,0.8021978021978022,73,0.23179359655450074,0.2999545526530119,-0.014869188649010611,7.401553967752931
noise_augmented,feh,2.5,2029,0.7,0.7032967032967034,64,0.2344833852483056,0.30579800090323955,0.0005303720380027549,6.827580779281904
noise_augmented,feh,2.5,2029,0.5,0.5054945054945055,46,0.22970503968329686,0.30247855307561533,-0.033946646780715656,5.721195442060562
noise_augmented,feh,2.5,2030,1.0,1.0,91,0.22996407204834604,0.29732911524673994,-0.029066748869527093,9.347401604281757
noise_augmented,feh,2.5,2030,0.9,0.9010989010989011,82,0.2344949996939663,0.30525616724694515,-0.022410316655752174,8.444900595186647
noise_augmented,feh,2.5,2030,0.8,0.8021978021978022,73,0.23973030448598334,0.3116650054944867,-0.031685071174111665,7.841159048355392
noise_augmented,feh,2.5,2030,0.7,0.7032967032967034,64,0.22532344919101685,0.29506461893547586,-0.0666949853870358,7.1380220371210505
noise_augmented,feh,2.5,2030,0.5,0.5054945054945055,46,0.24573834151012078,0.32064322821800223,-0.054170042328249825,5.668093636395261
noise_augmented,feh,2.5,2031,1.0,1.0,91,0.21611413236289753,0.28077381530707196,-0.03126017681706502,10.091362394385497
noise_augmented,feh,2.5,2031,0.9,0.9010989010989011,82,0.2207640013161095,0.2872949690189571,-0.021269714345416815,8.7655584794868
noise_augmented,feh,2.5,2031,0.8,0.8021978021978022,73,0.22730479531053374,0.2979982028712516,-0.022657630453562262,7.655763285835449
noise_augmented,feh,2.5,2031,0.7,0.7032967032967034,64,0.21534240803444066,0.28213067732190467,-0.022923790324862924,6.746024636019949
noise_augmented,feh,2.5,2031,0.5,0.5054945054945055,46,0.20732930754505388,0.2786492278745682,-0.02051413611292078,5.640851548672015
noise_augmented,feh,2.5,2032,1.0,1.0,91,0.22311229678853617,0.2938941513808055,-0.02662310767847939,10.012908178173628
noise_augmented,feh,2.5,2032,0.9,0.9010989010989011,82,0.23000202322015045,0.29963156047886524,-0.030451854712967453,8.455424956957712
noise_augmented,feh,2.5,2032,0.8,0.8021978021978022,73,0.2382462815904871,0.3102501639813234,-0.03775293990259245,7.285385404245364
noise_augmented,feh,2.5,2032,0.7,0.7032967032967034,64,0.23922534862527053,0.3175990595300444,-0.02969050311225169,6.624129484640036
noise_augmented,feh,2.5,2032,0.5,0.5054945054945055,46,0.22323530637209385,0.30527107517515406,-0.032248058245522716,5.791974542894893
noise_augmented,feh,2.5,2033,1.0,1.0,91,0.20682125969991372,0.266195184934968,-0.019688621360997246,10.224156478475612
noise_augmented,feh,2.5,2033,0.9,0.9010989010989011,82,0.21389552254917044,0.27346359097340456,-0.007667262686906714,8.965124779792784
noise_augmented,feh,2.5,2033,0.8,0.8021978021978022,73,0.21113113910377998,0.2716507058997691,-0.01572661905820979,7.937539894137409
noise_augmented,feh,2.5,2033,0.7,0.7032967032967034,64,0.20218280243323256,0.2617148336217118,-0.03337181916571554,6.948486060651844
noise_augmented,feh,2.5,2033,0.5,0.5054945054945055,46,0.19871601331406363,0.2639553317348026,-0.031689251989450946,5.503405768321757
noise_augmented,feh,2.5,2034,1.0,1.0,91,0.21791733923878767,0.28445056302636285,-0.016340362022125902,10.375812099863094
noise_augmented,feh,2.5,2034,0.9,0.9010989010989011,82,0.22137931219644869,0.289347620656772,-0.0010216815236466184,8.234417791995927
noise_augmented,feh,2.5,2034,0.8,0.8021978021978022,73,0.23146043316610698,0.30095048994373197,-0.0055628635822005355,7.671504468364513
noise_augmented,feh,2.5,2034,0.7,0.7032967032967034,64,0.22725322795033298,0.2983270358665378,-0.019164806388727695,7.058189984054948
noise_augmented,feh,2.5,2034,0.5,0.5054945054945055,46,0.23530702115404742,0.3075433925694929,-0.035945442822374496,5.622011585482624
noise_augmented,feh,2.5,2035,1.0,1.0,91,0.21763369005420813,0.2901387635863538,-0.014597812965055917,10.157867265705947
noise_augmented,feh,2.5,2035,0.9,0.9010989010989011,82,0.226360620544648,0.29903199899489286,-0.006524936070650747,8.117205464426622
noise_augmented,feh,2.5,2035,0.8,0.8021978021978022,73,0.22676298749909152,0.30337154538472666,0.004950346123302106,7.5556844027772865
noise_augmented,feh,2.5,2035,0.7,0.7032967032967034,64,0.21809188881256925,0.2957517301997086,-0.024143108948285405,6.870458140845126
noise_augmented,feh,2.5,2035,0.5,0.5054945054945055,46,0.21970624169421643,0.3016187063582393,-0.0360386368496246,5.750820471385018
noise_augmented,feh,3.0,2026,1.0,1.0,91,0.2195138243529611,0.28258604461912934,-0.024442966862999852,10.456858378287956
noise_augmented,feh,3.0,2026,0.9,0.9010989010989011,82,0.22110193539970185,0.2874634160442126,-0.012885778892964378,9.266388699656307
noise_augmented,feh,3.0,2026,0.8,0.8021978021978022,73,0.21978911066933296,0.28873284908705665,-0.008353128231986723,8.587218566775155
noise_augmented,feh,3.0,2026,0.7,0.7032967032967034,64,0.21927010714501594,0.2916078131749246,-0.009108629870916811,7.795959393135333
noise_augmented,feh,3.0,2026,0.5,0.5054945054945055,46,0.20150266745307271,0.2804024843028382,-0.03413476567060307,6.250418674674447
noise_augmented,feh,3.0,2027,1.0,1.0,91,0.19907847446688387,0.264637502280088,-0.006539106915326268,10.173210040642722
noise_augmented,feh,3.0,2027,0.9,0.9010989010989011,82,0.20257006848883696,0.2719167535818529,-0.0012790932824240115,9.3413489494389
noise_augmented,feh,3.0,2027,0.8,0.8021978021978022,73,0.20055031252027286,0.26921547541241114,-0.0024894643483997494,8.262850717978283
noise_augmented,feh,3.0,2027,0.7,0.7032967032967034,64,0.20285331671628534,0.273781013593389,-0.01069685595183233,7.579387204411659
noise_augmented,feh,3.0,2027,0.5,0.5054945054945055,46,0.21433274609536054,0.28495369917801955,-0.030265967641852208,6.370577047996463
noise_augmented,feh,3.0,2028,1.0,1.0,91,0.24288444273985085,0.3135611721784129,-0.05565782842952056,10.275061650357646
noise_augmented,feh,3.0,2028,0.9,0.9010989010989011,82,0.2402595502710907,0.31409057508407984,-0.03717479607533857,9.136730473283963
noise_augmented,feh,3.0,2028,0.8,0.8021978021978022,73,0.23809820833132092,0.31436045847768723,-0.019459270565845687,8.794087260220953
noise_augmented,feh,3.0,2028,0.7,0.7032967032967034,64,0.2450891846371313,0.325132393420164,-0.01411755736455543,7.89778646279516
noise_augmented,feh,3.0,2028,0.5,0.5054945054945055,46,0.2287632562882186,0.3024571045053807,-0.04705472640942472,6.216813915787123
noise_augmented,feh,3.0,2029,1.0,1.0,91,0.23381869211877762,0.3086424992257532,-0.041181437099022264,11.393025708665595
noise_augmented,feh,3.0,2029,0.9,0.9010989010989011,82,0.2305288579592037,0.30248865632925315,-0.021581984108912,9.420139209727322
noise_augmented,feh,3.0,2029,0.8,0.8021978021978022,73,0.23355057132227858,0.3049084859688544,-0.024486744368989163,8.224590741682722
noise_augmented,feh,3.0,2029,0.7,0.7032967032967034,64,0.24525287802505838,0.3178157934039894,-0.01859715486450288,7.593021923256927
noise_augmented,feh,3.0,2029,0.5,0.5054945054945055,46,0.23714958002701,0.3137320101783199,-0.043395690594522474,6.247524966618343
noise_augmented,feh,3.0,2030,1.0,1.0,91,0.24221126170524612,0.31094470303180094,-0.05091251969455283,10.371890187713984
noise_augmented,feh,3.0,2030,0.9,0.9010989010989011,82,0.2485661800842206,0.3186550835055861,-0.04326160657641343,9.349970693353011
noise_augmented,feh,3.0,2030,0.8,0.8021978021978022,73,0.2485918857754543,0.3204035015138665,-0.06189518119261915,8.482020624120443
noise_augmented,feh,3.0,2030,0.7,0.7032967032967034,64,0.23932965543820212,0.31226738691540573,-0.08418384914934413,7.828602387073871
noise_augmented,feh,3.0,2030,0.5,0.5054945054945055,46,0.25610063503479913,0.33346666839402994,-0.060191804979986795,6.491769419299752
noise_augmented,feh,3.0,2031,1.0,1.0,91,0.22669937580468602,0.29040782234292434,-0.0539206311394304,10.92160958730312
noise_augmented,feh,3.0,2031,0.9,0.9010989010989011,82,0.2246756392771687,0.2922979340989304,-0.03819192162306735,9.57367415974898
noise_augmented,feh,3.0,2031,0.8,0.8021978021978022,73,0.22859027530879988,0.2979417608853776,-0.02985681360202535,8.494766424139284
noise_augmented,feh,3.0,2031,0.7,0.7032967032967034,64,0.21288939713408342,0.28045293355775613,-0.04600557371068061,7.667378298244554
noise_augmented,feh,3.0,2031,0.5,0.5054945054945055,46,0.2047373168131065,0.2761836737068484,-0.033565550823085495,6.183007121984955
noise_augmented,feh,3.0,2032,1.0,1.0,91,0.23624894929824347,0.3083086821805025,-0.0404162483332955,9.996689244938604
noise_augmented,feh,3.0,2032,0.9,0.9010989010989011,82,0.241359213703478,0.3138026519343736,-0.04694942118778465,9.039650778819643
noise_augmented,feh,3.0,2032,0.8,0.8021978021978022,73,0.2411048336669955,0.3180519867734089,-0.052421685874476716,8.304384407643614
noise_augmented,feh,3.0,2032,0.7,0.7032967032967034,64,0.238535371244445,0.31672689555640304,-0.04757439875587141,7.529674751594213
noise_augmented,feh,3.0,2032,0.5,0.5054945054945055,46,0.22315780495609486,0.3091298476705292,-0.052255160437722326,6.436216805174543
noise_augmented,feh,3.0,2033,1.0,1.0,91,0.2099405629897404,0.2727169074378558,-0.04313768034803279,10.908050647722522
noise_augmented,feh,3.0,2033,0.9,0.9010989010989011,82,0.2134210998540289,0.2766647174663931,-0.028310583751646082,9.536588570909386
noise_augmented,feh,3.0,2033,0.8,0.8021978021978022,73,0.2051623388201884,0.2678536054728871,-0.028126844855475317,8.770684134823545
noise_augmented,feh,3.0,2033,0.7,0.7032967032967034,64,0.2012929673285364,0.2627712368908262,-0.05118709317143566,7.816289326847242
noise_augmented,feh,3.0,2033,0.5,0.5054945054945055,46,0.21429196496333167,0.2770199921015605,-0.06622176866386334,6.092995660668896
noise_augmented,feh,3.0,2034,1.0,1.0,91,0.21981972999184254,0.28532268253957754,-0.03202008182631878,11.279507817164816
noise_augmented,feh,3.0,2034,0.9,0.9010989010989011,82,0.21888452143550252,0.287374281596488,-0.010472716764006657,9.28184708074344
noise_augmented,feh,3.0,2034,0.8,0.8021978021978022,73,0.2242212497173053,0.29307088442668155,-0.025612656607696734,8.412253403692825
noise_augmented,feh,3.0,2034,0.7,0.7032967032967034,64,0.22889280422437497,0.2997557869398035,-0.02790516842461229,7.836325695157602
noise_augmented,feh,3.0,2034,0.5,0.5054945054945055,46,0.2298704779242821,0.30520611845053564,-0.050193584820478476,6.278153457923509
noise_augmented,feh,3.0,2035,1.0,1.0,91,0.2250121708723965,0.30330244296052133,-0.034822992550435306,11.034460048115337
noise_augmented,feh,3.0,2035,0.9,0.9010989010989011,82,0.22877461432154542,0.30773718059481814,-0.01810982821131438,8.878620579198138
noise_augmented,feh,3.0,2035,0.8,0.8021978021978022,73,0.23965967530335755,0.3200965933647585,-0.015243164821408478,8.060271639942316
noise_augmented,feh,3.0,2035,0.7,0.7032967032967034,64,0.2305469295294571,0.31645861646205325,-0.004837734146891887,7.571994233101748
noise_augmented,feh,3.0,2035,0.5,0.5054945054945055,46,0.23302697338611908,0.3239437203674667,-0.03205603231564247,6.305183052501468
noise_augmented,logg,1.25,2026,1.0,1.0,91,0.21533609806290463,0.3298521819758846,0.01593164755223883,7.595953540392921
noise_augmented,logg,1.25,2026,0.9,0.9010989010989011,82,0.20819331706333438,0.2939032244166215,-0.007788487190032288,6.124241525429909
noise_augmented,logg,1.25,2026,0.8,0.8021978021978022,73,0.2207114128137014,0.3081762563940612,-0.006115002465982905,5.251438779024363
noise_augmented,logg,1.25,2026,0.7,0.7032967032967034,64,0.23076770231282953,0.32054475008516836,-0.017942792729164075,4.782856746988877
noise_augmented,logg,1.25,2026,0.5,0.5054945054945055,46,0.19339749156370545,0.24724149344224572,-0.06337926982991061,4.176230137107247
noise_augmented,logg,1.25,2027,1.0,1.0,91,0.2126019325492148,0.3171875019733623,0.013650294567638947,7.301768273633678
noise_augmented,logg,1.25,2027,0.9,0.9010989010989011,82,0.20379585647037862,0.2855890269568082,-0.011289747695734108,6.218371236368593
noise_augmented,logg,1.25,2027,0.8,0.8021978021978022,73,0.21152027405669177,0.29631902668070015,-0.012364374363259366,5.299859550873836
noise_augmented,logg,1.25,2027,0.7,0.7032967032967034,64,0.21078208094400686,0.29605540633265043,-0.008220520142466187,4.813270500325617
noise_augmented,logg,1.25,2027,0.5,0.5054945054945055,46,0.19629255786624533,0.24524348605473406,-0.04472861750013623,4.107816121653257
noise_augmented,logg,1.25,2028,1.0,1.0,91,0.22059896316218283,0.3332968357940277,0.007960443317234984,7.19975494162893
noise_augmented,logg,1.25,2028,0.9,0.9010989010989011,82,0.2141344530217774,0.3035074734769775,-0.013102305063023964,5.841665698523388
noise_augmented,logg,1.25,2028,0.8,0.8021978021978022,73,0.21455022578329255,0.3102450608675094,-0.013688614792883833,5.290426290845662
noise_augmented,logg,1.25,2028,0.7,0.7032967032967034,64,0.2297861555744894,0.32578814889019614,-0.027380454156082208,4.920438018306178
noise_augmented,logg,1.25,2028,0.5,0.5054945054945055,46,0.1861070605548828,0.23747603920881,-0.045129180261838424,4.191171077129839
noise_augmented,logg,1.25,2029,1.0,1.0,91,0.21984150134556463,0.33291783129396135,0.005993590988955527,7.43271065055572
noise_augmented,logg,1.25,2029,0.9,0.9010989010989011,82,0.214509515667834,0.29861490043372263,-0.01840813971922669,6.15887433361101
noise_augmented,logg,1.25,2029,0.8,0.8021978021978022,73,0.22373524637758468,0.3105475791512937,-0.018910701003385058,5.2127650983139615
noise_augmented,logg,1.25,2029,0.7,0.7032967032967034,64,0.23115365163361046,0.31976381685133887,-0.02687811908312151,4.766042216869119
noise_augmented,logg,1.25,2029,0.5,0.5054945054945055,46,0.19098881276254218,0.26432459581864387,-0.004465075454202325,4.195555478478881
noise_augmented,logg,1.25,2030,1.0,1.0,91,0.21392267907943038,0.3283251104863518,0.007703155477950937,7.498974279667811
noise_augmented,logg,1.25,2030,0.9,0.9010989010989011,82,0.20816666927642935,0.29854221254628577,-0.013779432360961144,5.882754844074946
noise_augmented,logg,1.25,2030,0.8,0.8021978021978022,73,0.2159279997434518,0.3095544490243388,-0.02267483922049877,5.220656246120714
noise_augmented,logg,1.25,2030,0.7,0.7032967032967034,64,0.2308438168300005,0.32500992072444335,-0.035213787788990994,4.781586212236554
noise_augmented,logg,1.25,2030,0.5,0.5054945054945055,46,0.19599520896504757,0.27907104906197366,-0.018451661849151653,4.255093035063522
noise_augmented,logg,1.25,2031,1.0,1.0,91,0.22271298210896004,0.3373723639251855,0.00800234118093055,7.784523425890308
noise_augmented,logg,1.25,2031,0.9,0.9010989010989011,82,0.214657681952284,0.308557707981604,-0.016480210892189907,6.284229588637379
noise_augmented,logg,1.25,2031,0.8,0.8021978021978022,73,0.22915857471341988,0.3227633301105852,-0.014313686294642877,5.4003021566695
noise_augmented,logg,1.25,2031,0.7,0.7032967032967034,64,0.2402398481319351,0.33560554263289216,-0.022107225133416647,4.789124825274431
noise_augmented,logg,1.25,2031,0.5,0.5054945054945055,46,0.1925831238798043,0.24049691816390878,-0.04360933044099308,4.083913249791167
noise_augmented,logg,1.25,2032,1.0,1.0,91,0.21699605367624705,0.32984061870287046,0.011931268390281769,7.547449430283151
noise_augmented,logg,1.25,2032,0.9,0.9010989010989011,82,0.2111328068683302,0.29537561938815204,-0.00830873650385114,5.841991784408138
noise_augmented,logg,1.25,2032,0.8,0.8021978021978022,73,0.2214087681940429,0.3075094911283259,-0.010590425991984885,5.282772774952778
noise_augmented,logg,1.25,2032,0.7,0.7032967032967034,64,0.23169347776115562,0.319951926352977,-0.015554343907628325,4.808092747784171
noise_augmented,logg,1.25,2032,0.5,0.5054945054945055,46,0.1905004232296911,0.23844421359506165,-0.04317937085421199,4.187996330058906
noise_augmented,logg,1.25,2033,1.0,1.0,91,0.228906612678107,0.33462092755318096,0.0012582623024124946,8.00333684812959
noise_augmented,logg,1.25,2033,0.9,0.9010989010989011,82,0.21955228323992207,0.30515138705806033,-0.022907968101583992,6.078990390905785
noise_augmented,logg,1.25,2033,0.8,0.8021978021978022,73,0.233758293557657,0.3200354101958208,-0.02133421642758541,5.555764122161868
noise_augmented,logg,1.25,2033,0.7,0.7032967032967034,64,0.2468999534106503,0.3338661740148833,-0.03214327766808375,4.740471913590458
noise_augmented,logg,1.25,2033,0.5,0.5054945054945055,46,0.1878176367395166,0.23816379044026104,-0.044441459670878994,4.220627678521284
noise_augmented,logg,1.25,2034,1.0,1.0,91,0.21720287102952113,0.3299060054508073,0.00737047130055038,7.554604682182063
noise_augmented,logg,1.25,2034,0.9,0.9010989010989011,82,0.21159804688854444,0.29846965811670534,-0.013677259924571795,5.754142841194796
noise_augmented,logg,1.25,2034,0.8,0.8021978021978022,73,0.22330706783775342,0.3112939351779612,-0.017033089333065136,5.35012496462915
noise_augmented,logg,1.25,2034,0.7,0.7032967032967034,64,0.2316603851259377,0.3194761073808831,-0.023295144271105808,4.872602953373041
noise_augmented,logg,1.25,2034,0.5,0.5054945054945055,46,0.1897135691733467,0.24142467368573875,-0.061017840884734345,4.197739918822267
noise_augmented,logg,1.25,2035,1.0,1.0,91,0.21726060281306397,0.3256755444799026,0.012170204985272817,7.186187627265039
noise_augmented,logg,1.25,2035,0.9,0.9010989010989011,82,0.21067583672665977,0.29278027919201155,-0.010511342590659577,6.15228875428727
noise_augmented,logg,1.25,2035,0.8,0.8021978021978022,73,0.22487376847060314,0.3067267996016623,-0.014112469148418062,5.1806555210800695
noise_augmented,logg,1.25,2035,0.7,0.7032967032967034,64,0.23156577432574704,0.31669536718031055,-0.02923925771083058,4.704678132336735
noise_augmented,logg,1.25,2035,0.5,0.5054945054945055,46,0.1857326515995075,0.2309703227707611,-0.04358731873095908,4.213052058388503
noise_augmented,logg,1.5,2026,1.0,1.0,91,0.21721881101463322,0.3357793201822331,0.0128073427574539,8.101802284407299
noise_augmented,logg,1.5,2026,0.9,0.9010989010989011,82,0.20923326972272357,0.3024725536075931,-0.009994977579368841,6.53125226598326
noise_augmented,logg,1.5,2026,0.8,0.8021978021978022,73,0.22236293209973546,0.3171871136425409,-0.010464580414638174,5.743702848152076
noise_augmented,logg,1.5,2026,0.7,0.7032967032967034,64,0.2386463025165724,0.3335359831871478,-0.01789091463945812,5.031491137391894
noise_augmented,logg,1.5,2026,0.5,0.5054945054945055,46,0.1870648310322695,0.252074210358415,-0.06858210863151432,4.455503200688046
noise_augmented,logg,1.5,2027,1.0,1.0,91,0.21519240204023796,0.3184520291586549,0.008579703022817683,7.919490138868574
noise_augmented,logg,1.5,2027,0.9,0.9010989010989011,82,0.20942587874139232,0.2890926905524448,-0.012290776933112164,6.620703595504675
noise_augmented,logg,1.5,2027,0.8,0.8021978021978022,73,0.21567551714780678,0.29809091299953183,-0.018640911397596834,5.645051070930792
noise_augmented,logg,1.5,2027,0.7,0.7032967032967034,64,0.2138473657726621,0.2942925163690356,0.0027215473509079463,5.219869737375622
noise_augmented,logg,1.5,2027,0.5,0.5054945054945055,46,0.19493154724849313,0.24557662575331637,-0.046617927030593205,4.388948658652711
noise_augmented,logg,1.5,2028,1.0,1.0,91,0.22345581124586528,0.338482806332662,0.001972195576071025,7.441055143678593
noise_augmented,logg,1.5,2028,0.9,0.9010989010989011,82,0.21579110111029673,0.3078820535149728,-0.022527638815161885,6.487863138087752
noise_augmented,logg,1.5,2028,0.8,0.8021978021978022,73,0.21854972526322242,0.3158565258853303,-0.018655191010672464,5.777396317878333
noise_augmented,logg,1.5,2028,0.7,0.7032967032967034,64,0.23427604957576864,0.33170714763233056,-0.012646577800624371,5.352295504849262
noise_augmented,logg,1.5,2028,0.5,0.5054945054945055,46,0.18020117699970406,0.23069708704453168,-0.04222883104673359,4.423260122493148
noise_augmented,logg,1.5,2029,1.0,1.0,91,0.22019520580746765,0.33520464809763556,-0.0011705752032580578,7.888840040386634
noise_augmented,logg,1.5,2029,0.9,0.9010989010989011,82,0.21321936221432897,0.3020830055389329,-0.0212836016922947,6.692795730054376
noise_augmented,logg,1.5,2029,0.8,0.8021978021978022,73,0.22533662752909217,0.31519576389582576,-0.025337275077491138,5.707595947577387
noise_augmented,logg,1.5,2029,0.7,0.7032967032967034,64,0.22705837415112184,0.3205909952612471,-0.03957275046641017,5.212789020301196
noise_augmented,logg,1.5,2029,0.5,0.5054945054945055,46,0.1813486919118012,0.25953372791802715,-0.02513610576849063,4.529659948634247
noise_augmented,logg,1.5,2030,1.0,1.0,91,0.21405079950703387,0.3287025106620653,0.0004912369258892834,7.788177566200479
noise_augmented,logg,1.5,2030,0.9,0.9010989010989011,82,0.2075241527764538,0.29801272299038134,-0.014246096806676385,6.384441976212087
noise_augmented,logg,1.5,2030,0.8,0.8021978021978022,73,0.2192068533558554,0.31117739625914065,-0.02768470451616803,5.720804615903009
noise_augmented,logg,1.5,2030,0.7,0.7032967032967034,64,0.21913091060845213,0.31361732747121224,-0.019069614553048113,5.381034517365968
noise_augmented,logg,1.5,2030,0.5,0.5054945054945055,46,0.18673584380789107,0.25883731369303964,-0.013953539978335039,4.478937068395142
noise_augmented,logg,1.5,2031,1.0,1.0,91,0.22826810650794946,0.34360142847777825,0.0023309514520368584,8.321149489280906
noise_augmented,logg,1.5,2031,0.9,0.9010989010989011,82,0.23985498611180775,0.3587623805710207,-0.0038952185727232197,7.015481661009989
noise_augmented,logg,1.5,2031,0.8,0.8021978021978022,73,0.2396951472291121,0.33825643404484596,-0.02274114262322858,5.874681757112707
noise_augmented,logg,1.5,2031,0.7,0.7032967032967034,64,0.25029720980596437,0.349548590071554,-0.01910164001661665,5.225359539546237
noise_augmented,logg,1.5,2031,0.5,0.5054945054945055,46,0.20010359147061485,0.24786559939428793,-0.03561237980878852,4.38056460196862
noise_augmented,logg,1.5,2032,1.0,1.0,91,0.22048866314460053,0.34035081811842954,0.005240108273623216,7.974018256932847
noise_augmented,logg,1.5,2032,0.9,0.9010989010989011,82,0.2146016185880917,0.303122667409032,-0.01641865295619984,6.209187597422856
noise_augmented,logg,1.5,2032,0.8,0.8021978021978022,73,0.23062070192090442,0.3182549195502206,-0.01406467264632112,5.7427848573071865
noise_augmented,logg,1.5,2032,0.7,0.7032967032967034,64,0.23572373570920893,0.32783244287297464,-0.025212114727590197,5.129449666847407
noise_augmented,logg,1.5,2032,0.5,0.5054945054945055,46,0.17120277936324693,0.20908452165250985,-0.03624574829940321,4.421747125299416
noise_augmented,logg,1.5,2033,1.0,1.0,91,0.23477784210858343,0.34294956899698553,-0.005601455328228929,8.463532096833363
noise_augmented,logg,1.5,2033,0.9,0.9010989010989011,82,0.225347422554847,0.315479195222523,-0.025354594145485236,6.674516320088836
noise_augmented,logg,1.5,2033,0.8,0.8021978021978022,73,0.2380991108029675,0.32895823151894155,-0.03252743734113173,5.992240136365584
noise_augmented,logg,1.5,2033,0.7,0.7032967032967034,64,0.25076293016830487,0.3443298910447317,-0.026367405038792813,5.282975990628511
noise_augmented,logg,1.5,2033,0.5,0.5054945054945055,46,0.2063856046275385,0.2898452607524641,0.0030513428965771826,4.481834704015087
noise_augmented,logg,1.5,2034,1.0,1.0,91,0.2185169530578587,0.3349377069014634,0.0009802891943917578,7.946028508039404
noise_augmented,logg,1.5,2034,0.9,0.9010989010989011,82,0.21234683372928387,0.30378357570688413,-0.016263648871120487,6.309958649773496
noise_augmented,logg,1.5,2034,0.8,0.8021978021978022,73,0.2244889972599133,0.31690978968816363,-0.021994678983133273,5.945023834129496
noise_augmented,logg,1.5,2034,0.7,0.7032967032967034,64,0.2245453907395716,0.3087655991420176,-0.00971031067629053,5.141623911523283
noise_augmented,logg,1.5,2034,0.5,0.5054945054945055,46,0.17667004657957888,0.22402342122597965,-0.045170810573775144,4.45608793321318
noise_augmented,logg,1.5,2035,1.0,1.0,91,0.21710034689405486,0.3247130112649392,0.006382655247445464,7.609905598216215
noise_augmented,logg,1.5,2035,0.9,0.9010989010989011,82,0.21092515409634874,0.2915859211877515,-0.016196150670327838,6.632161288945155
noise_augmented,logg,1.5,2035,0.8,0.8021978021978022,73,0.22646115483064658,0.30636123596260395,-0.019638611375877347,5.803954647949827
noise_augmented,logg,1.5,2035,0.7,0.7032967032967034,64,0.21732546603664155,0.29562000824915197,-0.006873038862676727,5.068697651931169
noise_augmented,logg,1.5,2035,0.5,0.5054945054945055,46,0.183790945970278,0.22687912251097994,-0.027246657540616677,4.5652093689442514
noise_augmented,logg,2.0,2026,1.0,1.0,91,0.22491431450254307,0.3522398727812863,0.005674991060962533,9.034792059723255
noise_augmented,logg,2.0,2026,0.9,0.9010989010989011,82,0.2196903108836916,0.31860343443086847,-0.01394219842226045,7.6828860150503
noise_augmented,logg,2.0,2026,0.8,0.8021978021978022,73,0.22841016618968688,0.33089328005635815,-0.01549124498005328,6.733942685336873
noise_augmented,logg,2.0,2026,0.7,0.7032967032967034,64,0.24187114767543982,0.3456217449811186,-0.02391669395348673,6.070880234433099
noise_augmented,logg,2.0,2026,0.5,0.5054945054945055,46,0.20393420697187176,0.31543176632303715,-0.011806548747679559,5.009015806455158
noise_augmented,logg,2.0,2027,1.0,1.0,91,0.21628025532030795,0.31575786287581903,-0.00017982138971727314,8.702504128178683
noise_augmented,logg,2.0,2027,0.9,0.9010989010989011,82,0.2084824506091635,0.2845727568553293,-0.02724249355083108,7.651889634983364
noise_augmented,logg,2.0,2027,0.8,0.8021978021978022,73,0.2080164073259318,0.28330889307667295,-0.017872006070668602,6.85433283808765
noise_augmented,logg,2.0,2027,0.7,0.7032967032967034,64,0.20933796392055218,0.28434834478748977,0.0008091568960806039,5.981627401139651
noise_augmented,logg,2.0,2027,0.5,0.5054945054945055,46,0.18074236470482466,0.23829422103143896,-0.012394574107683399,5.146466432788483
noise_augmented,logg,2.0,2028,1.0,1.0,91,0.22972138729931674,0.34515353053025644,-0.011328371041751382,8.974234565737644
noise_augmented,logg,2.0,2028,0.9,0.9010989010989011,82,0.21636432647002418,0.3119232533713026,-0.037108611840785115,7.50317689844879
noise_augmented,logg,2.0,2028,0.8,0.8021978021978022,73,0.22650064247370297,0.3250737338533778,-0.03398844530606935,6.837870515456976
noise_augmented,logg,2.0,2028,0.7,0.7032967032967034,64,0.2303243821590828,0.3332668520558129,-0.021620751350652535,6.137653449499556
noise_augmented,logg,2.0,2028,0.5,0.5054945054945055,46,0.20752266445971887,0.3163747041868507,0.02759849784253296,5.016860009347914
noise_augmented,logg,2.0,2029,1.0,1.0,91,0.2308826702786234,0.3502039739194241,-0.017687674266405697,8.581816086568676
noise_augmented,logg,2.0,2029,0.9,0.9010989010989011,82,0.23885366065884994,0.36137991067852254,-0.01490148927550014,7.867344913260719
noise_augmented,logg,2.0,2029,0.8,0.8021978021978022,73,0.23146299708325016,0.33054538675621736,-0.0342896696620337,6.479538249670633
noise_augmented,logg,2.0,2029,0.7,0.7032967032967034,64,0.21856819005388145,0.31244863526396044,-0.02936732685084771,5.972827076360004
noise_augmented,logg,2.0,2029,0.5,0.5054945054945055,46,0.18765535315288162,0.27310985084856026,-0.0246361042626095,5.087927370915993
noise_augmented,logg,2.0,2030,1.0,1.0,91,0.22532733241171185,0.34496634357412254,-0.019268494472835573,8.631227027742215
noise_augmented,logg,2.0,2030,0.9,0.9010989010989011,82,0.22165240251678758,0.31859991664928056,-0.039285395429628674,7.619213156892981
noise_augmented,logg,2.0,2030,0.8,0.8021978021978022,73,0.2319736507702364,0.3313179120968901,-0.03685988396229268,6.840304659687585
noise_augmented,logg,2.0,2030,0.7,0.7032967032967034,64,0.232536512428429,0.3363365633461889,-0.03463731222770488,6.005026747713752
noise_augmented,logg,2.0,2030,0.5,0.5054945054945055,46,0.2130889918588211,0.3245633733360086,-0.0049372168623884214,5.07227463123882
noise_augmented,logg,2.0,2031,1.0,1.0,91,0.23274971531937402,0.3506673909737982,-0.008783869035842246,9.519827207064964
noise_augmented,logg,2.0,2031,0.9,0.9010989010989011,82,0.23238790086989963,0.3362872915602041,-0.028869382175851624,7.920404782427695
noise_augmented,logg,2.0,2031,0.8,0.8021978021978022,73,0.24234898424420723,0.3480370452201537,-0.040329935640504855,6.695324075273736
noise_augmented,logg,2.0,2031,0.7,0.7032967032967034,64,0.23917373838927586,0.3411606797714342,-0.012059710561297732,5.868073813558603
noise_augmented,logg,2.0,2031,0.5,0.5054945054945055,46,0.21907690276529487,0.29423514257278344,9.055873492506187e-05,5.001989157194174
noise_augmented,logg,2.0,2032,1.0,1.0,91,0.227348226446481,0.35023469344686475,-0.00629112672118055,8.675090094390276
noise_augmented,logg,2.0,2032,0.9,0.9010989010989011,82,0.2223668419905311,0.3169829304856651,-0.030521306084908235,7.306536044989815
noise_augmented,logg,2.0,2032,0.8,0.8021978021978022,73,0.23312173834347852,0.32924660855697113,-0.019655052154303878,6.511738751213215
noise_augmented,logg,2.0,2032,0.7,0.7032967032967034,64,0.23441442233277504,0.33422338750206815,-0.020235327533291124,5.8826229889534805
noise_augmented,logg,2.0,2032,0.5,0.5054945054945055,46,0.19201622944098484,0.2727117531271073,0.01581131013860752,5.109259713585862
noise_augmented,logg,2.0,2033,1.0,1.0,91,0.23993428429273497,0.34684114783343806,-0.020395326906508342,9.298535234165968
noise_augmented,logg,2.0,2033,0.9,0.9010989010989011,82,0.23406680189036777,0.3280565608863222,-0.03908602090676646,7.814196084922462
noise_augmented,logg,2.0,2033,0.8,0.8021978021978022,73,0.24615072265457918,0.34153611413529855,-0.04668368067983643,6.946439661494909
noise_augmented,logg,2.0,2033,0.7,0.7032967032967034,64,0.24971044556144653,0.3501722312934383,-0.04217662195023177,6.091286789289568
noise_augmented,logg,2.0,2033,0.5,0.5054945054945055,46,0.2028629719202503,0.292555336861867,-0.007241885723195488,5.041177312405656
noise_augmented,logg,2.0,2034,1.0,1.0,91,0.2185884059502747,0.33530644782084146,-0.008016642528685143,9.59351479517519
noise_augmented,logg,2.0,2034,0.9,0.9010989010989011,82,0.21471962121129043,0.3095384279216344,-0.025287875287658905,7.522209258969362
noise_augmented,logg,2.0,2034,0.8,0.8021978021978022,73,0.21348251891503603,0.306192271550724,-0.021310366082001132,6.814040589962521
noise_augmented,logg,2.0,2034,0.7,0.7032967032967034,64,0.21554359902860604,0.3055817596885638,-0.00828545179699254,6.2003207471410535
noise_augmented,logg,2.0,2034,0.5,0.5054945054945055,46,0.1885484070255274,0.27327473554493825,-0.0049362359560918955,4.8828143861762685
noise_augmented,logg,2.0,2035,1.0,1.0,91,0.21756490377847112,0.31826879791137885,-0.006057478298416147,8.57385397521364
noise_augmented,logg,2.0,2035,0.9,0.9010989010989011,82,0.21266887341027851,0.2904887996768768,-0.02604161240330074,7.355608076772894
noise_augmented,logg,2.0,2035,0.8,0.8021978021978022,73,0.2218496266001983,0.3015814489399526,-0.02950174243646126,6.8249253617173045
noise_augmented,logg,2.0,2035,0.7,0.7032967032967034,64,0.2249781910049111,0.30304914601680033,-0.010592740985409653,5.985455015043925
noise_augmented,logg,2.0,2035,0.5,0.5054945054945055,46,0.22249088099447747,0.307559968453016,0.01621557151169887,5.062653780269063
noise_augmented,logg,2.5,2026,1.0,1.0,91,0.22839731330705632,0.3624917954943931,-0.0031747575849841187,9.762260493310654
noise_augmented,logg,2.5,2026,0.9,0.9010989010989011,82,0.22215163048592979,0.3283941210283987,-0.02288902507734496,8.537599196596723
noise_augmented,logg,2.5,2026,0.8,0.8021978021978022,73,0.22737035474072287,0.3375493539775485,-0.027763489427767955,7.701791414869927
noise_augmented,logg,2.5,2026,0.7,0.7032967032967034,64,0.2439723610891959,0.35516592424533744,-0.03431471830653026,6.995851207536973
noise_augmented,logg,2.5,2026,0.5,0.5054945054945055,46,0.19441036193504718,0.28294316231530026,0.017537022581350925,5.558848251245054
noise_augmented,logg,2.5,2027,1.0,1.0,91,0.22099364133370208,0.3165936259255002,-0.0075183905681849425,9.764169769939048
noise_augmented,logg,2.5,2027,0.9,0.9010989010989011,82,0.21252476400476136,0.28678748838773604,-0.03524709464331006,8.541050724489356
noise_augmented,logg,2.5,2027,0.8,0.8021978021978022,73,0.21316982553021527,0.2875509261243784,-0.027105321676763897,7.431361177229289
noise_augmented,logg,2.5,2027,0.7,0.7032967032967034,64,0.21245470943938288,0.2856999648354484,-0.008885734783019968,6.679885474935212
noise_augmented,logg,2.5,2027,0.5,0.5054945054945055,46,0.20208261300126673,0.2812801732374063,0.001149087547823724,5.795501128175306
noise_augmented,logg,2.5,2028,1.0,1.0,91,0.2371087653148963,0.35240900497466854,-0.024587845738445187,10.07576187818279
noise_augmented,logg,2.5,2028,0.9,0.9010989010989011,82,0.22494918402108735,0.3186853103240775,-0.04596879936015717,8.426511949152186
noise_augmented,logg,2.5,2028,0.8,0.8021978021978022,73,0.22553535192102614,0.32389441117899775,-0.03562823266566631,7.997011204201343
noise_augmented,logg,2.5,2028,0.7,0.7032967032967034,64,0.23138303072176272,0.33230047247035455,-0.020344052476032423,7.118172459012666
noise_augmented,logg,2.5,2028,0.5,0.5054945054945055,46,0.2140558729119923,0.3221376863274135,0.014067022572824859,5.626720895782511
noise_augmented,logg,2.5,2029,1.0,1.0,91,0.23910143224725805,0.36065446822715747,-0.027614001030450284,9.988341121451285
noise_augmented,logg,2.5,2029,0.9,0.9010989010989011,82,0.23064474506288535,0.3340442780484317,-0.03902938998145299,8.706239753300984
noise_augmented,logg,2.5,2029,0.8,0.8021978021978022,73,0.239377539703563,0.3459841354659913,-0.04485786740720004,7.401553967752931
noise_augmented,logg,2.5,2029,0.7,0.7032967032967034,64,0.22065807452844477,0.3161342748525396,-0.03137433913272502,6.827580779281904
noise_augmented,logg,2.5,2029,0.5,0.5054945054945055,46,0.19993290945801218,0.2954197399478508,0.010375886457121808,5.721195442060562
noise_augmented,logg,2.5,2030,1.0,1.0,91,0.23792628903375887,0.3599641240667388,-0.03988654216436247,9.347401604281757
noise_augmented,logg,2.5,2030,0.9,0.9010989010989011,82,0.23300375438160537,0.3313050360070256,-0.0588156316979388,8.444900595186647
noise_augmented,logg,2.5,2030,0.8,0.8021978021978022,73,0.23982657445552163,0.3427683824535628,-0.06381752885027583,7.841159048355392
noise_augmented,logg,2.5,2030,0.7,0.7032967032967034,64,0.23586538909018687,0.33839032747223474,-0.04494902712060155,7.1380220371210505
noise_augmented,logg,2.5,2030,0.5,0.5054945054945055,46,0.22027363794048654,0.32620132578178807,0.004723365518925585,5.668093636395261
noise_augmented,logg,2.5,2031,1.0,1.0,91,0.239711241550498,0.3683548977086509,-0.016218209193521415,10.091362394385497
noise_augmented,logg,2.5,2031,0.9,0.9010989010989011,82,0.236042042050541,0.34160992900775033,-0.03866502829065662,8.7655584794868
noise_augmented,logg,2.5,2031,0.8,0.8021978021978022,73,0.2471792140822161,0.3541085169863519,-0.05068971731387871,7.655763285835449
noise_augmented,logg,2.5,2031,0.7,0.7032967032967034,64,0.24229472682500877,0.34430588999123435,-0.02063270884969587,6.746024636019949
noise_augmented,logg,2.5,2031,0.5,0.5054945054945055,46,0.22860069939213407,0.3359947837222896,0.02875816329687391,5.640851548672015
noise_augmented,logg,2.5,2032,1.0,1.0,91,0.2397862049125052,0.3716750590382334,-0.021629957046482552,10.012908178173628
noise_augmented,logg,2.5,2032,0.9,0.9010989010989011,82,0.2379774234240374,0.3381477834843212,-0.04287997817351081,8.455424956957712
noise_augmented,logg,2.5,2032,0.8,0.8021978021978022,73,0.23818600220903416,0.34307288256020263,-0.03692169556987879,7.285385404245364
noise_augmented,logg,2.5,2032,0.7,0.7032967032967034,64,0.24221695130830634,0.35247462870778257,-0.029980889517969095,6.624129484640036
noise_augmented,logg,2.5,2032,0.5,0.5054945054945055,46,0.21378568492484265,0.3119028610804617,0.0284816554307508,5.791974542894893
noise_augmented,logg,2.5,2033,1.0,1.0,91,0.24717397865041738,0.35297314357576887,-0.034406554988124914,10.224156478475612
noise_augmented,logg,2.5,2033,0.9,0.9010989010989011,82,0.24339308908872517,0.33900089509640224,-0.05733470898987807,8.965124779792784
noise_augmented,logg,2.5,2033,0.8,0.8021978021978022,73,0.25501766924321956,0.3533839293173455,-0.060289303787358896,7.937539894137409
noise_augmented,logg,2.5,2033,0.7,0.7032967032967034,64,0.2496783219929787,0.35164556427955973,-0.04700991693387436,6.948486060651844
noise_augmented,logg,2.5,2033,0.5,0.5054945054945055,46,0.21064340913101406,0.30343322919666194,-0.01820637654286381,5.503405768321757
noise_augmented,logg,2.5,2034,1.0,1.0,91,0.2223958371450831,0.34335676789860103,-0.014507281702844313,10.375812099863094
noise_augmented,logg,2.5,2034,0.9,0.9010989010989011,82,0.215441026319939,0.31096109273633177,-0.03200599444239614,8.234417791995927
noise_augmented,logg,2.5,2034,0.8,0.8021978021978022,73,0.22215448044573882,0.32119357050858416,-0.03662151997614678,7.671504468364513
noise_augmented,logg,2.5,2034,0.7,0.7032967032967034,64,0.21576585830608375,0.3161053919287475,-0.016523653807273816,7.058189984054948
noise_augmented,logg,2.5,2034,0.5,0.5054945054945055,46,0.19191764809148043,0.28247023548001904,-0.010461453982237644,5.622011585482624
noise_augmented,logg,2.5,2035,1.0,1.0,91,0.2181551910648636,0.31429535466876785,-0.011210514450357067,10.157867265705947
noise_augmented,logg,2.5,2035,0.9,0.9010989010989011,82,0.21543714669952577,0.2891220819410867,-0.028617563238715678,8.117205464426622
noise_augmented,logg,2.5,2035,0.8,0.8021978021978022,73,0.22156040010904102,0.2978660256076975,-0.031784517476547744,7.5556844027772865
noise_augmented,logg,2.5,2035,0.7,0.7032967032967034,64,0.2195282455962155,0.29179706299889235,-0.006416897995397415,6.870458140845126
noise_augmented,logg,2.5,2035,0.5,0.5054945054945055,46,0.21790518129692601,0.29985595228484363,0.01883493746277229,5.750820471385018
noise_augmented,logg,3.0,2026,1.0,1.0,91,0.23318907060957197,0.37435922386049636,-0.015569953951752478,10.456858378287956
noise_augmented,logg,3.0,2026,0.9,0.9010989010989011,82,0.22096466484532593,0.33013233717058327,-0.02998771256898948,9.266388699656307
noise_augmented,logg,3.0,2026,0.8,0.8021978021978022,73,0.23088457675040025,0.34325769116694116,-0.03962921556000274,8.587218566775155
noise_augmented,logg,3.0,2026,0.7,0.7032967032967034,64,0.24797590138328562,0.36126471262699056,-0.04141569665508945,7.795959393135333
noise_augmented,logg,3.0,2026,0.5,0.5054945054945055,46,0.1970182443863671,0.2856990504812637,0.015953903292616183,6.250418674674447
noise_augmented,logg,3.0,2027,1.0,1.0,91,0.2153286502678969,0.30383719604005766,-0.01245472534377505,10.173210040642722
noise_augmented,logg,3.0,2027,0.9,0.9010989010989011,82,0.20893536839325239,0.2782796991255643,-0.03937133742541811,9.3413489494389
noise_augmented,logg,3.0,2027,0.8,0.8021978021978022,73,0.20689996675568606,0.275759988902185,-0.03127692806666307,8.262850717978283
noise_augmented,logg,3.0,2027,0.7,0.7032967032967034,64,0.20276247068292744,0.2728410781186007,-0.01949999069593228,7.579387204411659
noise_augmented,logg,3.0,2027,0.5,0.5054945054945055,46,0.20098202848650368,0.2730536565395613,0.007303833994744339,6.370577047996463
noise_augmented,logg,3.0,2028,1.0,1.0,91,0.2411923510520671,0.36098527715451206,-0.037554809875649915,10.275061650357646
noise_augmented,logg,3.0,2028,0.9,0.9010989010989011,82,0.2289026984672966,0.3290227153627837,-0.05879677894965909,9.136730473283963
noise_augmented,logg,3.0,2028,0.8,0.8021978021978022,73,0.23384536386066948,0.3361377060302472,-0.05282276716801144,8.794087260220953
noise_augmented,logg,3.0,2028,0.7,0.7032967032967034,64,0.23182302764166787,0.33664713909350635,-0.028222529261528205,7.89778646279516
noise_augmented,logg,3.0,2028,0.5,0.5054945054945055,46,0.229016321519147,0.33770395597329217,0.0018000948757364505,6.216813915787123
noise_augmented,logg,3.0,2029,1.0,1.0,91,0.2429526061731164,0.3771352326167904,-0.036943235363606684,11.393025708665595
noise_augmented,logg,3.0,2029,0.9,0.9010989010989011,82,0.24978182113970224,0.38924444199640484,-0.03301906748685419,9.420139209727322
noise_augmented,logg,3.0,2029,0.8,0.8021978021978022,73,0.24024921017245637,0.3560146630231756,-0.05734883428586137,8.224590741682722
noise_augmented,logg,3.0,2029,0.7,0.7032967032967034,64,0.23151581768753657,0.33391155202843004,-0.060876400923666966,7.593021923256927
noise_augmented,logg,3.0,2029,0.5,0.5054945054945055,46,0.19878687256574668,0.3007958290828215,0.007391083249579117,6.247524966618343
noise_augmented,logg,3.0,2030,1.0,1.0,91,0.24609075754575238,0.3666986209213924,-0.055476680191881816,10.371890187713984
noise_augmented,logg,3.0,2030,0.9,0.9010989010989011,82,0.2405076012531431,0.34292248532310166,-0.07244353958140527,9.349970693353011
noise_augmented,logg,3.0,2030,0.8,0.8021978021978022,73,0.2501322005103983,0.35488730846769534,-0.0805722557302206,8.482020624120443
noise_augmented,logg,3.0,2030,0.7,0.7032967032967034,64,0.22721847812148432,0.3290966642203451,-0.037801807195258656,7.828602387073871
noise_augmented,logg,3.0,2030,0.5,0.5054945054945055,46,0.22426821778325937,0.3341215503949527,-0.014817289895985644,6.491769419299752
noise_augmented,logg,3.0,2031,1.0,1.0,91,0.2434366937230576,0.3654114735721308,-0.02596713632923786,10.92160958730312
noise_augmented,logg,3.0,2031,0.9,0.9010989010989011,82,0.236044560246109,0.3399373715228012,-0.05135359751620922,9.57367415974898
noise_augmented,logg,3.0,2031,0.8,0.8021978021978022,73,0.24504366470866557,0.3516853922689527,-0.04736493575722674,8.494766424139284
noise_augmented,logg,3.0,2031,0.7,0.7032967032967034,64,0.24315513309386258,0.3455133321915728,-0.0214756479854697,7.667378298244554
noise_augmented,logg,3.0,2031,0.5,0.5054945054945055,46,0.23067358726997297,0.3358820260099973,0.031650116197440986,6.183007121984955
noise_augmented,logg,3.0,2032,1.0,1.0,91,0.24505102508987273,0.38206176089323646,-0.024471993125511207,9.996689244938604
noise_augmented,logg,3.0,2032,0.9,0.9010989010989011,82,0.23963003016269313,0.334573024172731,-0.048840592720402,9.039650778819643
noise_augmented,logg,3.0,2032,0.8,0.8021978021978022,73,0.2379644639579129,0.33700758142252013,-0.03824071505624962,8.304384407643614
noise_augmented,logg,3.0,2032,0.7,0.7032967032967034,64,0.2260646637159711,0.33161494134597574,-0.017105408713842522,7.529674751594213
noise_augmented,logg,3.0,2032,0.5,0.5054945054945055,46,0.21856806261470343,0.31798222059816994,0.019870344360669697,6.436216805174543
noise_augmented,logg,3.0,2033,1.0,1.0,91,0.24608929664267745,0.35228580243398777,-0.04890928231207003,10.908050647722522
noise_augmented,logg,3.0,2033,0.9,0.9010989010989011,82,0.23801544452319312,0.33808130931334507,-0.06781186802164324,9.536588570909386
noise_augmented,logg,3.0,2033,0.8,0.8021978021978022,73,0.24929509333007435,0.3507884910105198,-0.06423137547463581,8.770684134823545
noise_augmented,logg,3.0,2033,0.7,0.7032967032967034,64,0.25396104633885763,0.3574465280795383,-0.05683934858643135,7.816289326847242
noise_augmented,logg,3.0,2033,0.5,0.5054945054945055,46,0.22228515593491616,0.3164695285848526,-0.024603052603809704,6.092995660668896
noise_augmented,logg,3.0,2034,1.0,1.0,91,0.22868551637281437,0.34782534975145346,-0.022457199340665805,11.279507817164816
noise_augmented,logg,3.0,2034,0.9,0.9010989010989011,82,0.21450665765637303,0.30837018797353427,-0.03457661457153846,9.28184708074344
noise_augmented,logg,3.0,2034,0.8,0.8021978021978022,73,0.21672286079626657,0.31583056964660594,-0.027923775199613633,8.412253403692825
noise_augmented,logg,3.0,2034,0.7,0.7032967032967034,64,0.2234017561688088,0.31951106971293003,-0.031438413498768074,7.836325695157602
noise_augmented,logg,3.0,2034,0.5,0.5054945054945055,46,0.19025436965386958,0.2810339303105011,-0.027344250296553182,6.278153457923509
noise_augmented,logg,3.0,2035,1.0,1.0,91,0.22172256249636985,0.3197957800043755,-0.021015515063381146,11.034460048115337
noise_augmented,logg,3.0,2035,0.9,0.9010989010989011,82,0.21267313444929423,0.2848110143018186,-0.028866357612173835,8.878620579198138
noise_augmented,logg,3.0,2035,0.8,0.8021978021978022,73,0.2161284307506806,0.29070059454550284,-0.029234462801588288,8.060271639942316
noise_augmented,logg,3.0,2035,0.7,0.7032967032967034,64,0.2274507885471299,0.3011331203803879,-0.01850867995666354,7.571994233101748
noise_augmented,logg,3.0,2035,0.5,0.5054945054945055,46,0.23618310136553194,0.32033854409671586,-0.0048854115117286535,6.305183052501468
noise_augmented,teff,1.25,2026,1.0,1.0,91,129.16865624228654,187.0556425064412,18.181658096816502,7.595953540392921
noise_augmented,teff,1.25,2026,0.9,0.9010989010989011,82,128.73059785573045,184.84654561396212,6.699138604885115,6.124241525429909
noise_augmented,teff,1.25,2026,0.8,0.8021978021978022,73,133.52452719241592,192.46730980822124,1.6722707622649404,5.251438779024363
noise_augmented,teff,1.25,2026,0.7,0.7032967032967034,64,130.73925730419123,179.58413085682247,-12.335262920697645,4.782856746988877
noise_augmented,teff,1.25,2026,0.5,0.5054945054945055,46,113.06382591977287,145.31028094951614,-39.99080064060374,4.176230137107247
noise_augmented,teff,1.25,2027,1.0,1.0,91,125.13396107220245,185.0454686479537,16.03318254217933,7.301768273633678
noise_augmented,teff,1.25,2027,0.9,0.9010989010989011,82,122.63471617238145,179.30243640527559,2.7020585448724543,6.218371236368593
noise_augmented,teff,1.25,2027,0.8,0.8021978021978022,73,125.50644529884403,186.17583411241225,0.7785313483810344,5.299859550873836
noise_augmented,teff,1.25,2027,0.7,0.7032967032967034,64,113.55554430913952,165.2996059091923,-4.6343908947306645,4.813270500325617
noise_augmented,teff,1.25,2027,0.5,0.5054945054945055,46,97.70577664715326,138.26515604670678,-28.617306082020416,4.107816121653257
noise_augmented,teff,1.25,2028,1.0,1.0,91,128.74288524675188,187.24922279006918,28.739824926355297,7.19975494162893
noise_augmented,teff,1.25,2028,0.9,0.9010989010989011,82,127.36990636462689,183.70893576054863,17.05125337603794,5.841665698523388
noise_augmented,teff,1.25,2028,0.8,0.8021978021978022,73,128.97690020612592,188.45803302913407,17.782971006628554,5.290426290845662
noise_augmented,teff,1.25,2028,0.7,0.7032967032967034,64,121.29075035158775,171.0873456029473,1.9368588657379036,4.920438018306178
noise_augmented,teff,1.25,2028,0.5,0.5054945054945055,46,104.33822221308152,138.78731557749916,-15.312244341864274,4.191171077129839
noise_augmented,teff,1.25,2029,1.0,1.0,91,125.71618518837748,179.2141458225696,18.87760626433108,7.43271065055572
noise_augmented,teff,1.25,2029,0.9,0.9010989010989011,82,127.65488983489266,179.60898438423263,10.491599852895467,6.15887433361101
noise_augmented,teff,1.25,2029,0.8,0.8021978021978022,73,127.333400906637,183.78043072727854,-1.6783767188781609,5.2127650983139615
noise_augmented,teff,1.25,2029,0.7,0.7032967032967034,64,121.78478343105334,169.25862956190042,-13.452039368311581,4.766042216869119
noise_augmented,teff,1.25,2029,0.5,0.5054945054945055,46,111.60527565577421,155.37040265757244,-5.037389182049191,4.195555478478881
noise_augmented,teff,1.25,2030,1.0,1.0,91,125.85430375308091,180.75888221933363,25.10060581047997,7.498974279667811
noise_augmented,teff,1.25,2030,0.9,0.9010989010989011,82,126.48677426519632,181.61989481685987,16.067247170797355,5.882754844074946
noise_augmented,teff,1.25,2030,0.8,0.8021978021978022,73,129.20657498587,187.6194029935048,12.302370108130013,5.220656246120714
noise_augmented,teff,1.25,2030,0.7,0.7032967032967034,64,120.67200909996049,172.66160675827848,-2.3437384824748833,4.781586212236554
noise_augmented,teff,1.25,2030,0.5,0.5054945054945055,46,107.95311869568772,153.47250138822992,-15.774926089521356,4.255093035063522
noise_augmented,teff,1.25,2031,1.0,1.0,91,125.17142686915147,178.70272828556372,21.53140413254966,7.784523425890308
noise_augmented,teff,1.25,2031,0.9,0.9010989010989011,82,127.08050388516072,179.3523907144247,13.246946663213027,6.284229588637379
noise_augmented,teff,1.25,2031,0.8,0.8021978021978022,73,128.17898156431713,184.34364783836398,5.440648326856312,5.4003021566695
noise_augmented,teff,1.25,2031,0.7,0.7032967032967034,64,122.04035471248622,172.92540424438707,-6.026570212046295,4.789124825274431
noise_augmented,teff,1.25,2031,0.5,0.5054945054945055,46,107.35709719605363,138.97535128627513,-9.175817587368813,4.083913249791167
noise_augmented,teff,1.25,2032,1.0,1.0,91,125.71342974272245,181.2142935290527,25.263815096565214,7.547449430283151
noise_augmented,teff,1.25,2032,0.9,0.9010989010989011,82,126.21114307112047,180.28081927741985,16.138510530549294,5.841991784408138
noise_augmented,teff,1.25,2032,0.8,0.8021978021978022,73,128.17385727583658,184.89318644395001,6.5730585067957605,5.282772774952778
noise_augmented,teff,1.25,2032,0.7,0.7032967032967034,64,115.34095331637062,165.5146663213725,-2.5235236390431908,4.808092747784171
noise_augmented,teff,1.25,2032,0.5,0.5054945054945055,46,107.91725581359863,142.6872461072999,-11.770146009141222,4.187996330058906
noise_augmented,teff,1.25,2033,1.0,1.0,91,127.59856490652912,187.12052852206475,21.979642660846658,8.00333684812959
noise_augmented,teff,1.25,2033,0.9,0.9010989010989011,82,127.7055721950377,186.1827735967566,13.788893777366605,6.078990390905785
noise_augmented,teff,1.25,2033,0.8,0.8021978021978022,73,130.1833077371676,192.1083945144027,4.682639310793236,5.555764122161868
noise_augmented,teff,1.25,2033,0.7,0.7032967032967034,64,127.8384028221767,177.89378836492912,-12.964084157625813,4.740471913590458
noise_augmented,teff,1.25,2033,0.5,0.5054945054945055,46,103.82969286136354,140.13648464978527,-36.61011871647488,4.220627678521284
noise_augmented,teff,1.25,2034,1.0,1.0,91,123.75384244243916,178.19197565942517,18.878414184458535,7.554604682182063
noise_augmented,teff,1.25,2034,0.9,0.9010989010989011,82,123.58805436098675,175.8147167978842,8.330200355343738,5.754142841194796
noise_augmented,teff,1.25,2034,0.8,0.8021978021978022,73,125.81638889985109,181.76235725519857,0.4411187997756913,5.35012496462915
noise_augmented,teff,1.25,2034,0.7,0.7032967032967034,64,116.05027011775962,161.14688074441233,-8.536010685602804,4.872602953373041
noise_augmented,teff,1.25,2034,0.5,0.5054945054945055,46,96.22895873006179,125.40316643584174,-25.538031558271797,4.197739918822267
noise_augmented,teff,1.25,2035,1.0,1.0,91,125.75420038210699,185.8671867229323,24.619964633927804,7.186187627265039
noise_augmented,teff,1.25,2035,0.9,0.9010989010989011,82,127.25508757267154,184.28895393182486,15.280027288297378,6.15228875428727
noise_augmented,teff,1.25,2035,0.8,0.8021978021978022,73,126.57519440115317,188.7218661856764,6.230275657061574,5.1806555210800695
noise_augmented,teff,1.25,2035,0.7,0.7032967032967034,64,117.69159580787027,168.22217894089417,-6.793553387800856,4.704678132336735
noise_augmented,teff,1.25,2035,0.5,0.5054945054945055,46,96.43682123488288,132.54151504814274,-22.977329950526222,4.213052058388503
noise_augmented,teff,1.5,2026,1.0,1.0,91,139.4604946028602,197.93219316665008,13.911640537694923,8.101802284407299
noise_augmented,teff,1.5,2026,0.9,0.9010989010989011,82,137.985098519426,195.5021839909886,-0.17235893907036925,6.53125226598326
noise_augmented,teff,1.5,2026,0.8,0.8021978021978022,73,141.27078913872418,202.6296097454508,-5.853298276718754,5.743702848152076
noise_augmented,teff,1.5,2026,0.7,0.7032967032967034,64,137.28211299721397,186.5584805647502,-21.427909687519517,5.031491137391894
noise_augmented,teff,1.5,2026,0.5,0.5054945054945055,46,110.86077449721206,142.93551666190206,-33.29991330088787,4.455503200688046
noise_augmented,teff,1.5,2027,1.0,1.0,91,131.10412876249327,193.69879203672863,10.62271014292528,7.919490138868574
noise_augmented,teff,1.5,2027,0.9,0.9010989010989011,82,130.50020948543406,188.79363987653042,-2.371136190150609,6.620703595504675
noise_augmented,teff,1.5,2027,0.8,0.8021978021978022,73,131.7952869110805,193.88651098514617,-5.229128592573719,5.645051070930792
noise_augmented,teff,1.5,2027,0.7,0.7032967032967034,64,111.91362785196297,164.7067705948972,-6.410514710267179,5.219869737375622
noise_augmented,teff,1.5,2027,0.5,0.5054945054945055,46,100.14829519100446,144.01978727448173,-30.72874737570914,4.388948658652711
noise_augmented,teff,1.5,2028,1.0,1.0,91,136.54143528619014,195.58720267425156,28.24412133677279,7.441055143678593
noise_augmented,teff,1.5,2028,0.9,0.9010989010989011,82,131.65847748460234,188.13371960245286,12.03317493234029,6.487863138087752
noise_augmented,teff,1.5,2028,0.8,0.8021978021978022,73,134.63033853539588,194.83948233731667,13.019084316445216,5.777396317878333
noise_augmented,teff,1.5,2028,0.7,0.7032967032967034,64,126.62919975360234,177.32222673398056,-0.22973043203366217,5.352295504849262
noise_augmented,teff,1.5,2028,0.5,0.5054945054945055,46,95.25014543107625,128.60833828560308,-26.29624607539554,4.423260122493148
noise_augmented,teff,1.5,2029,1.0,1.0,91,133.22262848112786,185.1358764645313,11.865830490503917,7.888840040386634
noise_augmented,teff,1.5,2029,0.9,0.9010989010989011,82,135.80202392925477,186.53013734183432,4.764026542353821,6.692795730054376
noise_augmented,teff,1.5,2029,0.8,0.8021978021978022,73,140.0183844062421,193.58749652087826,-7.174982521509663,5.707595947577387
noise_augmented,teff,1.5,2029,0.7,0.7032967032967034,64,129.72749912261958,174.91815641136685,-13.765333317120486,5.212789020301196
noise_augmented,teff,1.5,2029,0.5,0.5054945054945055,46,115.92972446629625,156.53880016182552,-15.9027802944455,4.529659948634247
noise_augmented,teff,1.5,2030,1.0,1.0,91,126.72997520161731,183.6631590153149,19.801489594288512,7.788177566200479
noise_augmented,teff,1.5,2030,0.9,0.9010989010989011,82,128.77094864759994,186.10743331387266,13.650071976328418,6.384441976212087
noise_augmented,teff,1.5,2030,0.8,0.8021978021978022,73,133.28052848335162,193.28139267641282,7.0230077882532935,5.720804615903009
noise_augmented,teff,1.5,2030,0.7,0.7032967032967034,64,115.0055488165219,166.67562269855551,-6.561310568650413,5.381034517365968
noise_augmented,teff,1.5,2030,0.5,0.5054945054945055,46,107.03965203415132,155.15622966453375,-16.138182715374292,4.478937068395142
noise_augmented,teff,1.5,2031,1.0,1.0,91,132.1248285975191,183.90635921421736,19.006745955023668,8.321149489280906
noise_augmented,teff,1.5,2031,0.9,0.9010989010989011,82,140.54141301510168,192.64944783824652,16.645313263807964,7.015481661009989
noise_augmented,teff,1.5,2031,0.8,0.8021978021978022,73,138.44831972472272,192.5576183266785,9.30555041977707,5.874681757112707
noise_augmented,teff,1.5,2031,0.7,0.7032967032967034,64,131.37381452687532,179.53881503853648,-7.380841845512265,5.225359539546237
noise_augmented,teff,1.5,2031,0.5,0.5054945054945055,46,110.05355037788658,139.88100475929147,-28.560186392521363,4.38056460196862
noise_augmented,teff,1.5,2032,1.0,1.0,91,133.30537440250376,189.46350172677316,22.203000692514113,7.974018256932847
noise_augmented,teff,1.5,2032,0.9,0.9010989010989011,82,133.1482083835756,188.56454757142083,11.2115054302679,6.209187597422856
noise_augmented,teff,1.5,2032,0.8,0.8021978021978022,73,135.61889492310112,194.11273983781152,0.8379015834580184,5.7427848573071865
noise_augmented,teff,1.5,2032,0.7,0.7032967032967034,64,124.59738454548497,173.6945420555832,-11.011631600221158,5.129449666847407
noise_augmented,teff,1.5,2032,0.5,0.5054945054945055,46,110.90178197401846,146.56637669144655,-22.904529395504436,4.421747125299416
noise_augmented,teff,1.5,2033,1.0,1.0,91,133.82013229370105,196.9682750228704,16.433735189137373,8.463532096833363
noise_augmented,teff,1.5,2033,0.9,0.9010989010989011,82,133.34764061619197,196.86351116677852,8.053705010018724,6.674516320088836
noise_augmented,teff,1.5,2033,0.8,0.8021978021978022,73,140.7572118881433,206.40399379774948,0.5398812099787429,5.992240136365584
noise_augmented,teff,1.5,2033,0.7,0.7032967032967034,64,129.78458574962605,182.936289807004,-18.487408186594713,5.282975990628511
noise_augmented,teff,1.5,2033,0.5,0.5054945054945055,46,122.3166917202713,179.67654786342118,-34.226274276512214,4.481834704015087
noise_augmented,teff,1.5,2034,1.0,1.0,91,129.27291608381444,184.6309785221449,13.236120338300195,7.946028508039404
noise_augmented,teff,1.5,2034,0.9,0.9010989010989011,82,128.18041557671762,183.25745535742678,3.1067599648576074,6.309958649773496
noise_augmented,teff,1.5,2034,0.8,0.8021978021978022,73,134.1730381005691,190.9028716717875,-5.955519259657624,5.945023834129496
noise_augmented,teff,1.5,2034,0.7,0.7032967032967034,64,116.74833116769777,158.57829553866452,-7.03570331207915,5.141623911523283
noise_augmented,teff,1.5,2034,0.5,0.5054945054945055,46,97.3454999318883,127.84441929236095,-28.602165658259892,4.45608793321318
noise_augmented,teff,1.5,2035,1.0,1.0,91,133.89243275367826,194.5932198052377,21.049665844927922,7.609905598216215
noise_augmented,teff,1.5,2035,0.9,0.9010989010989011,82,134.47170861084481,192.24577815322803,9.243759968207254,6.632161288945155
noise_augmented,teff,1.5,2035,0.8,0.8021978021978022,73,133.96480952655668,196.94080202577263,-0.3106911072055071,5.803954647949827
noise_augmented,teff,1.5,2035,0.7,0.7032967032967034,64,132.64971970240276,198.23600128956505,2.6237350861232613,5.068697651931169
noise_augmented,teff,1.5,2035,0.5,0.5054945054945055,46,93.0831197808309,125.42006820615474,-30.07136736242308,4.5652093689442514
noise_augmented,teff,2.0,2026,1.0,1.0,91,156.6755437836699,222.32665201117734,9.672944689628466,9.034792059723255
noise_augmented,teff,2.0,2026,0.9,0.9010989010989011,82,155.26425148394821,220.76911670870666,3.0328434316744146,7.6828860150503
noise_augmented,teff,2.0,2026,0.8,0.8021978021978022,73,156.99727204414248,223.55364385840548,-8.408871159383741,6.733942685336873
noise_augmented,teff,2.0,2026,0.7,0.7032967032967034,64,147.35987231365823,201.7815308630052,-37.18724142821636,6.070880234433099
noise_augmented,teff,2.0,2026,0.5,0.5054945054945055,46,124.12109728097205,176.2648764809878,-29.485410033073844,5.009015806455158
noise_augmented,teff,2.0,2027,1.0,1.0,91,148.87496818089738,214.39074452285743,3.056648310622877,8.702504128178683
noise_augmented,teff,2.0,2027,0.9,0.9010989010989011,82,148.61194130526903,210.21139737947763,-13.210828306864885,7.651889634983364
noise_augmented,teff,2.0,2027,0.8,0.8021978021978022,73,143.94247962930737,207.2474890129563,-10.280752001618678,6.85433283808765
noise_augmented,teff,2.0,2027,0.7,0.7032967032967034,64,128.01310864289582,182.97781039157118,-8.694880365689599,5.981627401139651
noise_augmented,teff,2.0,2027,0.5,0.5054945054945055,46,98.79250203140897,143.45969839417603,-38.36085831130744,5.146466432788483
noise_augmented,teff,2.0,2028,1.0,1.0,91,151.41524020676394,214.92833246262734,26.32103837512798,8.974234565737644
noise_augmented,teff,2.0,2028,0.9,0.9010989010989011,82,147.5542328514782,207.3588831225095,10.29342159054149,7.50317689844879
noise_augmented,teff,2.0,2028,0.8,0.8021978021978022,73,145.79501516849052,209.8810968851746,5.611533624239748,6.837870515456976
noise_augmented,teff,2.0,2028,0.7,0.7032967032967034,64,145.702181684494,214.58562094919387,1.4866270691552685,6.137653449499556
noise_augmented,teff,2.0,2028,0.5,0.5054945054945055,46,115.62312134695729,170.45487463371285,-4.680128167414978,5.016860009347914
noise_augmented,teff,2.0,2029,1.0,1.0,91,149.14676831032344,203.78788644723363,3.03211456254133,8.581816086568676
noise_augmented,teff,2.0,2029,0.9,0.9010989010989011,82,154.3550978589563,209.46762515778,-4.0090716145831795,7.867344913260719
noise_augmented,teff,2.0,2029,0.8,0.8021978021978022,73,155.11599671594638,210.25919890870904,-11.82900112998639,6.479538249670633
noise_augmented,teff,2.0,2029,0.7,0.7032967032967034,64,146.60972716935487,207.58123185573749,-9.4606743335722,5.972827076360004
noise_augmented,teff,2.0,2029,0.5,0.5054945054945055,46,123.36991869873953,170.0035554402506,-33.703720054515664,5.087927370915993
noise_augmented,teff,2.0,2030,1.0,1.0,91,134.70101726769516,194.16807311604077,15.216177961859632,8.631227027742215
noise_augmented,teff,2.0,2030,0.9,0.9010989010989011,82,133.63217972310366,194.8649814314245,4.170666865527171,7.619213156892981
noise_augmented,teff,2.0,2030,0.8,0.8021978021978022,73,137.76351602730236,200.69410838888942,-2.6818173617706984,6.840304659687585
noise_augmented,teff,2.0,2030,0.7,0.7032967032967034,64,129.21536857843392,184.0376907407625,-12.750433198134012,6.005026747713752
noise_augmented,teff,2.0,2030,0.5,0.5054945054945055,46,121.46453713215233,184.53962618122537,-6.090576833752256,5.07227463123882
noise_augmented,teff,2.0,2031,1.0,1.0,91,143.80511869079788,195.56091430557427,10.85311248399211,9.519827207064964
noise_augmented,teff,2.0,2031,0.9,0.9010989010989011,82,147.0487474607139,197.76785138607488,-0.2754499490630922,7.920404782427695
noise_augmented,teff,2.0,2031,0.8,0.8021978021978022,73,151.0584945197952,204.99798488612194,-7.260734732989514,6.695324075273736
noise_augmented,teff,2.0,2031,0.7,0.7032967032967034,64,134.95720913584992,184.30357451685944,-9.43065354553866,5.868073813558603
noise_augmented,teff,2.0,2031,0.5,0.5054945054945055,46,119.51695772386576,156.01219475051374,-46.60285869565236,5.001989157194174
noise_augmented,teff,2.0,2032,1.0,1.0,91,149.68930480599323,209.550716491695,13.828588902959178,8.675090094390276
noise_augmented,teff,2.0,2032,0.9,0.9010989010989011,82,147.78096025470018,208.16267739967628,-2.7281595153807614,7.306536044989815
noise_augmented,teff,2.0,2032,0.8,0.8021978021978022,73,147.76490125501093,203.38669780303684,0.22692804164118993,6.511738751213215
noise_augmented,teff,2.0,2032,0.7,0.7032967032967034,64,131.39491289091097,179.79407640472652,-14.745927265326038,5.8826229889534805
noise_augmented,teff,2.0,2032,0.5,0.5054945054945055,46,122.01988431891837,172.54217709574792,-26.04897503927443,5.109259713585862
noise_augmented,teff,2.0,2033,1.0,1.0,91,150.14558413170863,219.70853995530342,9.141048988426219,9.298535234165968
noise_augmented,teff,2.0,2033,0.9,0.9010989010989011,82,150.00470927987422,220.47739957105568,-4.010280759733721,7.814196084922462
noise_augmented,teff,2.0,2033,0.8,0.8021978021978022,73,159.03665464580632,231.4309669207356,-13.769564030616637,6.946439661494909
noise_augmented,teff,2.0,2033,0.7,0.7032967032967034,64,140.6967478052772,198.19240559735366,-39.9522060976027,6.091286789289568
noise_augmented,teff,2.0,2033,0.5,0.5054945054945055,46,128.22672028162827,181.92579305483147,-44.494982762433345,5.041177312405656
noise_augmented,teff,2.0,2034,1.0,1.0,91,140.57376623613385,200.03765346126767,10.577902559385315,9.59351479517519
noise_augmented,teff,2.0,2034,0.9,0.9010989010989011,82,138.97685510390338,196.79125498305012,-3.5904387523371333,7.522209258969362
noise_augmented,teff,2.0,2034,0.8,0.8021978021978022,73,137.41912616788926,192.63785509998178,-5.650756642659448,6.814040589962521
noise_augmented,teff,2.0,2034,0.7,0.7032967032967034,64,127.41103239107102,183.30369969312696,-8.009363850434603,6.2003207471410535
noise_augmented,teff,2.0,2034,0.5,0.5054945054945055,46,115.23425446684406,159.6663232044422,-29.99149091969367,4.8828143861762685
noise_augmented,teff,2.0,2035,1.0,1.0,91,150.54313058762324,217.81800478341054,21.064574423653923,8.57385397521364
noise_augmented,teff,2.0,2035,0.9,0.9010989010989011,82,145.18568093847256,208.23174821025478,4.058104709780453,7.355608076772894
noise_augmented,teff,2.0,2035,0.8,0.8021978021978022,73,149.99813505561164,215.15231145919242,-0.34082920231215724,6.8249253617173045
noise_augmented,teff,2.0,2035,0.7,0.7032967032967034,64,147.38839622418078,217.81717948057982,-18.90058812093723,5.985455015043925
noise_augmented,teff,2.0,2035,0.5,0.5054945054945055,46,120.21653150962032,166.46425576965103,-5.419650000972939,5.062653780269063
noise_augmented,teff,2.5,2026,1.0,1.0,91,182.5015137370462,254.30494828641156,2.649067654787754,9.762260493310654
noise_augmented,teff,2.5,2026,0.9,0.9010989010989011,82,181.75265004575152,253.73240171904783,-8.008808832680415,8.537599196596723
noise_augmented,teff,2.5,2026,0.8,0.8021978021978022,73,180.84440288205778,252.31569376749346,-24.12745916650516,7.701791414869927
noise_augmented,teff,2.5,2026,0.7,0.7032967032967034,64,179.77884967088698,254.97831896343058,-26.230717150847333,6.995851207536973
noise_augmented,teff,2.5,2026,0.5,0.5054945054945055,46,136.12633698969285,190.30893193679887,-45.53800503451601,5.558848251245054
noise_augmented,teff,2.5,2027,1.0,1.0,91,170.07503441767986,242.48795208824419,-0.7309358537276299,9.764169769939048
noise_augmented,teff,2.5,2027,0.9,0.9010989010989011,82,169.7885611332839,240.5251065005755,-19.76440587522927,8.541050724489356
noise_augmented,teff,2.5,2027,0.8,0.8021978021978022,73,165.53379433730305,235.31031691774177,-18.584498264957233,7.431361177229289
noise_augmented,teff,2.5,2027,0.7,0.7032967032967034,64,144.79777925300587,207.67806736556687,-16.06837728214255,6.679885474935212
noise_augmented,teff,2.5,2027,0.5,0.5054945054945055,46,118.9487568248801,172.2729875459632,-38.342569730012144,5.795501128175306
noise_augmented,teff,2.5,2028,1.0,1.0,91,165.34115104524415,234.2919230074846,27.176869946602167,10.07576187818279
noise_augmented,teff,2.5,2028,0.9,0.9010989010989011,82,158.7854477308323,223.5596743847845,8.018306013650118,8.426511949152186
noise_augmented,teff,2.5,2028,0.8,0.8021978021978022,73,154.17524585978234,224.20237819201085,5.506959825071546,7.997011204201343
noise_augmented,teff,2.5,2028,0.7,0.7032967032967034,64,151.28256062698398,223.91686435981435,9.949092266718452,7.118172459012666
noise_augmented,teff,2.5,2028,0.5,0.5054945054945055,46,118.2191090656228,174.63265048071935,-11.208533799544728,5.626720895782511
noise_augmented,teff,2.5,2029,1.0,1.0,91,166.64259243696154,226.8806953711326,0.3791358720829751,9.988341121451285
noise_augmented,teff,2.5,2029,0.9,0.9010989010989011,82,173.03717946072695,232.69395113314766,-9.826993717100455,8.706239753300984
noise_augmented,teff,2.5,2029,0.8,0.8021978021978022,73,172.71077771386246,232.65782353061292,-17.36230601104309,7.401553967752931
noise_augmented,teff,2.5,2029,0.7,0.7032967032967034,64,162.06607302999458,226.9208807065907,-12.185883412837896,6.827580779281904
noise_augmented,teff,2.5,2029,0.5,0.5054945054945055,46,137.71912132793892,190.19631510819804,-33.231442522353056,5.721195442060562
noise_augmented,teff,2.5,2030,1.0,1.0,91,148.93040546872757,212.652069153807,13.859331507756336,9.347401604281757
noise_augmented,teff,2.5,2030,0.9,0.9010989010989011,82,145.08065108235664,209.1212079986142,-4.555552915247323,8.444900595186647
noise_augmented,teff,2.5,2030,0.8,0.8021978021978022,73,146.14218149361093,213.96420698992392,-12.165109139080831,7.841159048355392
noise_augmented,teff,2.5,2030,0.7,0.7032967032967034,64,129.8213084654807,184.64165687889073,-14.1976655557948,7.1380220371210505
noise_augmented,teff,2.5,2030,0.5,0.5054945054945055,46,130.22739356331175,188.63960713166284,-19.85047686435827,5.668093636395261
noise_augmented,teff,2.5,2031,1.0,1.0,91,157.26583778141006,211.06454369860043,13.524558942186843,10.091362394385497
noise_augmented,teff,2.5,2031,0.9,0.9010989010989011,82,155.48232909734463,210.9436881345888,-4.0354315656958,8.7655584794868
noise_augmented,teff,2.5,2031,0.8,0.8021978021978022,73,160.5398410723961,217.88628230815294,-15.198790202798554,7.655763285835449
noise_augmented,teff,2.5,2031,0.7,0.7032967032967034,64,143.3248183914818,195.33477560235346,-13.927864400863697,6.746024636019949
noise_augmented,teff,2.5,2031,0.5,0.5054945054945055,46,140.95678031479073,195.18264383123812,-47.17889678004185,5.640851548672015
noise_augmented,teff,2.5,2032,1.0,1.0,91,171.2489963029016,240.1493542203653,16.14303428756128,10.012908178173628
noise_augmented,teff,2.5,2032,0.9,0.9010989010989011,82,165.37838461787518,228.9825487877786,-6.5350380858131905,8.455424956957712
noise_augmented,teff,2.5,2032,0.8,0.8021978021978022,73,152.56012380577317,207.00044563080394,-8.154008774848567,7.285385404245364
noise_augmented,teff,2.5,2032,0.7,0.7032967032967034,64,148.0620472779273,205.71655917791946,-6.552531892935107,6.624129484640036
noise_augmented,teff,2.5,2032,0.5,0.5054945054945055,46,139.07800486467877,192.87574882094464,-27.977974060942753,5.791974542894893
noise_augmented,teff,2.5,2033,1.0,1.0,91,172.05738650266744,244.80241547003646,6.022239074595346,10.224156478475612
noise_augmented,teff,2.5,2033,0.9,0.9010989010989011,82,174.22758094589088,249.70251729864765,-7.883421950549474,8.965124779792784
noise_augmented,teff,2.5,2033,0.8,0.8021978021978022,73,175.00406899355514,251.73447323597262,-28.303197033050218,7.937539894137409
noise_augmented,teff,2.5,2033,0.7,0.7032967032967034,64,150.85043499342572,206.96833538636687,-41.03850848388659,6.948486060651844
noise_augmented,teff,2.5,2033,0.5,0.5054945054945055,46,143.42649747809793,198.17388206113984,-56.04915997225985,5.503405768321757
noise_augmented,teff,2.5,2034,1.0,1.0,91,154.3912294308169,216.50077243904423,11.974650986556309,10.375812099863094
noise_augmented,teff,2.5,2034,0.9,0.9010989010989011,82,148.73888220202426,203.84365367642707,-8.350991596128729,8.234417791995927
noise_augmented,teff,2.5,2034,0.8,0.8021978021978022,73,147.73120732499896,207.48987471647098,-22.01062560254787,7.671504468364513
noise_augmented,teff,2.5,2034,0.7,0.7032967032967034,64,137.89670105409607,195.4123291636307,-22.080780960559807,7.058189984054948
noise_augmented,teff,2.5,2034,0.5,0.5054945054945055,46,124.21455134958423,164.75241366090822,-37.72350508228248,5.622011585482624
noise_augmented,teff,2.5,2035,1.0,1.0,91,171.85886961280914,250.51164189831277,23.527956882351035,10.157867265705947
noise_augmented,teff,2.5,2035,0.9,0.9010989010989011,82,174.53268366136015,256.1814169556404,17.915220384179015,8.117205464426622
noise_augmented,teff,2.5,2035,0.8,0.8021978021978022,73,167.69995682529128,241.36671953559673,-0.7381212960858959,7.5556844027772865
noise_augmented,teff,2.5,2035,0.7,0.7032967032967034,64,148.43826392761872,216.3518045185887,-3.3783173791569396,6.870458140845126
noise_augmented,teff,2.5,2035,0.5,0.5054945054945055,46,124.86048260321124,171.10073378023768,-16.52041317395228,5.750820471385018
noise_augmented,teff,3.0,2026,1.0,1.0,91,204.07244537398236,275.78264038132147,7.796951334859187,10.456858378287956
noise_augmented,teff,3.0,2026,0.9,0.9010989010989011,82,200.05312841251038,275.59695102483863,-9.87434919081256,9.266388699656307
noise_augmented,teff,3.0,2026,0.8,0.8021978021978022,73,204.17738160238753,279.5132215262512,-29.86378019595887,8.587218566775155
noise_augmented,teff,3.0,2026,0.7,0.7032967032967034,64,200.06156174691506,281.72236486328836,-43.655926252682846,7.795959393135333
noise_augmented,teff,3.0,2026,0.5,0.5054945054945055,46,151.61049091482852,209.11640287289194,-57.31456257010189,6.250418674674447
noise_augmented,teff,3.0,2027,1.0,1.0,91,186.9809741811228,259.6683802331237,-3.9707224508993573,10.173210040642722
noise_augmented,teff,3.0,2027,0.9,0.9010989010989011,82,183.7199782791758,256.741964258531,-28.18983139782444,9.3413489494389
noise_augmented,teff,3.0,2027,0.8,0.8021978021978022,73,174.20775747471635,245.5131749729456,-18.86729254958645,8.262850717978283
noise_augmented,teff,3.0,2027,0.7,0.7032967032967034,64,161.2744098876317,235.9892824094255,-4.635530139923354,7.579387204411659
noise_augmented,teff,3.0,2027,0.5,0.5054945054945055,46,137.5346132078308,189.00086940343678,-46.778336112202325,6.370577047996463
noise_augmented,teff,3.0,2028,1.0,1.0,91,186.06166629218353,258.0984385295807,37.52771178528496,10.275061650357646
noise_augmented,teff,3.0,2028,0.9,0.9010989010989011,82,179.33354941428576,256.2619325809321,21.431575913716078,9.136730473283963
noise_augmented,teff,3.0,2028,0.8,0.8021978021978022,73,172.45704037796088,247.44918394256322,5.52265280471864,8.794087260220953
noise_augmented,teff,3.0,2028,0.7,0.7032967032967034,64,158.30219770399722,234.80362532244473,-13.833105898539344,7.89778646279516
noise_augmented,teff,3.0,2028,0.5,0.5054945054945055,46,124.2542591700898,180.8416600155214,-21.44101576100254,6.216813915787123
noise_augmented,teff,3.0,2029,1.0,1.0,91,187.26940300652882,253.04310459266125,5.169352545658042,11.393025708665595
noise_augmented,teff,3.0,2029,0.9,0.9010989010989011,82,189.70144841834548,254.58878512950136,-11.645518608279174,9.420139209727322
noise_augmented,teff,3.0,2029,0.8,0.8021978021978022,73,184.03947877871673,249.89442282521173,-20.144207688701563,8.224590741682722
noise_augmented,teff,3.0,2029,0.7,0.7032967032967034,64,170.21152376429183,232.7988350576271,-21.23672547181429,7.593021923256927
noise_augmented,teff,3.0,2029,0.5,0.5054945054945055,46,142.6565685128469,194.51007896612734,-41.952064714514684,6.247524966618343
noise_augmented,teff,3.0,2030,1.0,1.0,91,170.9991616335021,237.65618577218308,19.831869793567307,10.371890187713984
noise_augmented,teff,3.0,2030,0.9,0.9010989010989011,82,164.34372733015357,230.1536942729372,-0.6867266128661679,9.349970693353011
noise_augmented,teff,3.0,2030,0.8,0.8021978021978022,73,162.77200571041018,231.5017161890092,-20.58727021002196,8.482020624120443
noise_augmented,teff,3.0,2030,0.7,0.7032967032967034,64,140.1759627726873,195.59062272328234,-10.65494385242426,7.828602387073871
noise_augmented,teff,3.0,2030,0.5,0.5054945054945055,46,136.97134168807298,193.39214172324245,-23.779803829911383,6.491769419299752
noise_augmented,teff,3.0,2031,1.0,1.0,91,177.12177989996042,232.26898163422194,17.69367470776895,10.92160958730312
noise_augmented,teff,3.0,2031,0.9,0.9010989010989011,82,169.32147247450902,223.7999727336939,-7.604839385118079,9.57367415974898
noise_augmented,teff,3.0,2031,0.8,0.8021978021978022,73,160.06711509000857,215.3434695017434,-9.391251915500636,8.494766424139284
noise_augmented,teff,3.0,2031,0.7,0.7032967032967034,64,150.14079487864154,202.46200817735897,-14.870700893402166,7.667378298244554
noise_augmented,teff,3.0,2031,0.5,0.5054945054945055,46,156.08784669096542,212.07914558378548,-49.67848618946923,6.183007121984955
noise_augmented,teff,3.0,2032,1.0,1.0,91,184.330286992894,253.46253338297754,17.98726221262047,9.996689244938604
noise_augmented,teff,3.0,2032,0.9,0.9010989010989011,82,180.5788080820223,247.32323521826137,-4.021377954622694,9.039650778819643
noise_augmented,teff,3.0,2032,0.8,0.8021978021978022,73,164.6288147849165,221.75702548910462,-9.149676522172305,8.304384407643614
noise_augmented,teff,3.0,2032,0.7,0.7032967032967034,64,152.38490239858612,210.48916068620375,-14.802470251878226,7.529674751594213
noise_augmented,teff,3.0,2032,0.5,0.5054945054945055,46,139.79713832490316,190.93809595576164,-34.80729343823435,6.436216805174543
noise_augmented,teff,3.0,2033,1.0,1.0,91,196.1770274925371,271.7789359754454,9.139148997436163,10.908050647722522
noise_augmented,teff,3.0,2033,0.9,0.9010989010989011,82,202.4908178213476,279.0131115241268,-4.514092503617287,9.536588570909386
noise_augmented,teff,3.0,2033,0.8,0.8021978021978022,73,199.0581257111013,279.197825212035,-26.81574357611938,8.770684134823545
noise_augmented,teff,3.0,2033,0.7,0.7032967032967034,64,169.94739767853412,228.92023494060754,-50.73393042357759,7.816289326847242
noise_augmented,teff,3.0,2033,0.5,0.5054945054945055,46,173.94594181425657,228.45296062519571,-62.16351332092277,6.092995660668896
noise_augmented,teff,3.0,2034,1.0,1.0,91,166.85336431895948,234.48970340716954,21.660786105872187,11.279507817164816
noise_augmented,teff,3.0,2034,0.9,0.9010989010989011,82,155.38615841277831,209.91091193280022,-5.540238754148343,9.28184708074344
noise_augmented,teff,3.0,2034,0.8,0.8021978021978022,73,151.54800964104635,209.75020264366526,-17.130965046921823,8.412253403692825
noise_augmented,teff,3.0,2034,0.7,0.7032967032967034,64,142.7955606915155,197.86721880161352,-17.63363196881611,7.836325695157602
noise_augmented,teff,3.0,2034,0.5,0.5054945054945055,46,125.22239953414243,166.27317505375228,-44.538790939331086,6.278153457923509
noise_augmented,teff,3.0,2035,1.0,1.0,91,196.92996559014503,280.9444005411554,37.651527779156595,11.034460048115337
noise_augmented,teff,3.0,2035,0.9,0.9010989010989011,82,194.44734574009337,282.11838793158967,20.73657233931388,8.878620579198138
noise_augmented,teff,3.0,2035,0.8,0.8021978021978022,73,191.21330634255605,281.5028832645329,22.544323460548654,8.060271639942316
noise_augmented,teff,3.0,2035,0.7,0.7032967032967034,64,178.72170103041316,259.7578257029523,0.41785375881214293,7.571994233101748
noise_augmented,teff,3.0,2035,0.5,0.5054945054945055,46,145.62088606284286,202.3458541343768,-39.19864940300526,6.305183052501468
source_only,feh,1.25,2026,1.0,1.0,91,0.20577359962551273,0.2715933775559016,0.016197555084253155,7.595953540392921
source_only,feh,1.25,2026,0.9,0.9010989010989011,82,0.2118270461681269,0.28088455107441634,0.02100415117167657,6.124241525429909
source_only,feh,1.25,2026,0.8,0.8021978021978022,73,0.2153678075294538,0.28631408964261623,0.012752502623485111,5.251438779024363
source_only,feh,1.25,2026,0.7,0.7032967032967034,64,0.20961280668230423,0.2773403654593856,0.012261399346848941,4.782856746988877
source_only,feh,1.25,2026,0.5,0.5054945054945055,46,0.19979912739182543,0.27448827488360955,0.036976177040233905,4.176230137107247
source_only,feh,1.25,2027,1.0,1.0,91,0.20266636574034727,0.2663901837476994,0.022921754398201336,7.301768273633678
source_only,feh,1.25,2027,0.9,0.9010989010989011,82,0.2101152060860378,0.2752606509110307,0.028072044820114248,6.218371236368593
source_only,feh,1.25,2027,0.8,0.8021978021978022,73,0.2185461830531759,0.28581528929152417,0.03213273334538528,5.299859550873836
source_only,feh,1.25,2027,0.7,0.7032967032967034,64,0.19980330345881264,0.2616466772790472,0.020916853773005895,4.813270500325617
source_only,feh,1.25,2027,0.5,0.5054945054945055,46,0.20544030644565392,0.27572391290468484,0.035149812719682864,4.107816121653257
source_only,feh,1.25,2028,1.0,1.0,91,0.20631503300382076,0.2745912272676316,0.007199326458448708,7.19975494162893
source_only,feh,1.25,2028,0.9,0.9010989010989011,82,0.21231510091721162,0.2831401272171174,0.010209223886441474,5.841665698523388
source_only,feh,1.25,2028,0.8,0.8021978021978022,73,0.21478314934041215,0.2875973331617902,0.026915836652167,5.290426290845662
source_only,feh,1.25,2028,0.7,0.7032967032967034,64,0.20907270149059878,0.2779096543961312,0.01269126506564296,4.920438018306178
source_only,feh,1.25,2028,0.5,0.5054945054945055,46,0.20814508635927315,0.2794133914967997,0.007810433386009794,4.191171077129839
source_only,feh,1.25,2029,1.0,1.0,91,0.2098878566655202,0.2780086618958911,0.009148203934848676,7.43271065055572
source_only,feh,1.25,2029,0.9,0.9010989010989011,82,0.2203611886153583,0.2889748201466503,0.01353285127580273,6.15887433361101
source_only,feh,1.25,2029,0.8,0.8021978021978022,73,0.22334141339782015,0.2925439990103832,0.0031233216650554964,5.2127650983139615
source_only,feh,1.25,2029,0.7,0.7032967032967034,64,0.22580793623783557,0.29287120883718365,-0.01129986091243898,4.766042216869119
source_only,feh,1.25,2029,0.5,0.5054945054945055,46,0.20825059571051813,0.28350136804707865,0.06047998463674742,4.195555478478881
source_only,feh,1.25,2030,1.0,1.0,91,0.21169131177391146,0.28005326507387074,0.008802962258628488,7.498974279667811
source_only,feh,1.25,2030,0.9,0.9010989010989011,82,0.2165001590228394,0.28719169775854964,0.01108565340612516,5.882754844074946
source_only,feh,1.25,2030,0.8,0.8021978021978022,73,0.22238042762556554,0.2944174382545954,0.011349012549183432,5.220656246120714
source_only,feh,1.25,2030,0.7,0.7032967032967034,64,0.22214902707578874,0.2917504040867985,5.863821030228748e-05,4.781586212236554
source_only,feh,1.25,2030,0.5,0.5054945054945055,46,0.20938207594214156,0.2818957396110475,0.008123265364243588,4.255093035063522
source_only,feh,1.25,2031,1.0,1.0,91,0.20665652191661618,0.2736351418551071,0.010955629095996679,7.784523425890308
source_only,feh,1.25,2031,0.9,0.9010989010989011,82,0.21558695013134663,0.28374082868757633,0.017564634274135283,6.284229588637379
source_only,feh,1.25,2031,0.8,0.8021978021978022,73,0.2261255259246569,0.2956159025502327,0.014587138954459162,5.4003021566695
source_only,feh,1.25,2031,0.7,0.7032967032967034,64,0.2142759976232634,0.2788545684857214,0.005872228014949167,4.789124825274431
source_only,feh,1.25,2031,0.5,0.5054945054945055,46,0.20655494088879767,0.27778504430109685,0.04273214939208243,4.083913249791167
source_only,feh,1.25,2032,1.0,1.0,91,0.20793923272544187,0.274934925131277,0.00753678183477494,7.547449430283151
source_only,feh,1.25,2032,0.9,0.9010989010989011,82,0.22007921612954787,0.2872822010727158,0.012449742738073505,5.841991784408138
source_only,feh,1.25,2032,0.8,0.8021978021978022,73,0.22573782814884688,0.29366632085782923,0.0006130985694068929,5.282772774952778
source_only,feh,1.25,2032,0.7,0.7032967032967034,64,0.2186990161733587,0.2855701695254857,-0.010355286630107628,4.808092747784171
source_only,feh,1.25,2032,0.5,0.5054945054945055,46,0.20989567779380933,0.2843756108665912,0.030144229598273918,4.187996330058906
source_only,feh,1.25,2033,1.0,1.0,91,0.2051659193902382,0.27116767525382246,0.011467403390202417,8.00333684812959
source_only,feh,1.25,2033,0.9,0.9010989010989011,82,0.21199992050061495,0.2796538528362845,0.023525465464850008,6.078990390905785
source_only,feh,1.25,2033,0.8,0.8021978021978022,73,0.21659183520653646,0.2849392809883418,0.010927834931725859,5.555764122161868
source_only,feh,1.25,2033,0.7,0.7032967032967034,64,0.21710407215739674,0.2827658331634478,-0.0011260819080982278,4.740471913590458
source_only,feh,1.25,2033,0.5,0.5054945054945055,46,0.19748073001064603,0.2697539432766388,0.023896503431249813,4.220627678521284
source_only,feh,1.25,2034,1.0,1.0,91,0.20902337177261315,0.27404818616718607,0.015015949145775304,7.554604682182063
source_only,feh,1.25,2034,0.9,0.9010989010989011,82,0.21797611489534996,0.2848111245867997,0.01878531666936014,5.754142841194796
source_only,feh,1.25,2034,0.8,0.8021978021978022,73,0.21829773197634308,0.2872404685921024,0.013241223715215618,5.35012496462915
source_only,feh,1.25,2034,0.7,0.7032967032967034,64,0.21917817167982415,0.28448806154920353,0.005896714315506977,4.872602953373041
source_only,feh,1.25,2034,0.5,0.5054945054945055,46,0.2179593668184122,0.2872243767155971,0.02065260481292992,4.197739918822267
source_only,feh,1.25,2035,1.0,1.0,91,0.2058195682018445,0.27268130806742,0.01831359044645156,7.186187627265039
source_only,feh,1.25,2035,0.9,0.9010989010989011,82,0.21416471530361192,0.2826610147009792,0.024089857899370046,6.15228875428727
source_only,feh,1.25,2035,0.8,0.8021978021978022,73,0.21545927477754281,0.2863384505491934,0.012523762756174025,5.1806555210800695
source_only,feh,1.25,2035,0.7,0.7032967032967034,64,0.21388492094556733,0.2813352629965215,0.009335240887970747,4.704678132336735
source_only,feh,1.25,2035,0.5,0.5054945054945055,46,0.19520396554909167,0.2685659167508107,0.02299806125522558,4.213052058388503
source_only,feh,1.5,2026,1.0,1.0,91,0.2062095070814362,0.27298205948502274,0.01221973415432872,8.101802284407299
source_only,feh,1.5,2026,0.9,0.9010989010989011,82,0.21236254148625872,0.2822701925235287,0.018734421035886954,6.53125226598326
source_only,feh,1.5,2026,0.8,0.8021978021978022,73,0.22123940018672056,0.2939839264533999,0.01657277152638418,5.743702848152076
source_only,feh,1.5,2026,0.7,0.7032967032967034,64,0.20979004182038283,0.28013045903421097,0.010075198543821256,5.031491137391894
source_only,feh,1.5,2026,0.5,0.5054945054945055,46,0.20430355565107375,0.28395106289491756,0.020120887126835515,4.455503200688046
source_only,feh,1.5,2027,1.0,1.0,91,0.20116621102176566,0.2655074281722553,0.01890885691210614,7.919490138868574
source_only,feh,1.5,2027,0.9,0.9010989010989011,82,0.20723570255274504,0.273021455344792,0.02163694702361323,6.620703595504675
source_only,feh,1.5,2027,0.8,0.8021978021978022,73,0.20993589210177555,0.27679056080390685,0.021987234261220085,5.645051070930792
source_only,feh,1.5,2027,0.7,0.7032967032967034,64,0.20243725571308555,0.26441083730524345,0.005787167760270374,5.219869737375622
source_only,feh,1.5,2027,0.5,0.5054945054945055,46,0.2063156683213894,0.27513269709536575,0.033481578233246,4.388948658652711
source_only,feh,1.5,2028,1.0,1.0,91,0.20970974458996466,0.28114087558238016,-0.0031218418111366468,7.441055143678593
source_only,feh,1.5,2028,0.9,0.9010989010989011,82,0.21682428806848084,0.2894290497345496,0.0058506295886108185,6.487863138087752
source_only,feh,1.5,2028,0.8,0.8021978021978022,73,0.21562902677514115,0.2911571308692189,0.020575479177435737,5.777396317878333
source_only,feh,1.5,2028,0.7,0.7032967032967034,64,0.21717445279946124,0.2876804224153914,-0.0011206389102534492,5.352295504849262
source_only,feh,1.5,2028,0.5,0.5054945054945055,46,0.21712619128220004,0.2908419725634697,-0.012003061681951087,4.423260122493148
source_only,feh,1.5,2029,1.0,1.0,91,0.21709218095483704,0.2844885558905197,0.0011261815579951375,7.888840040386634
source_only,feh,1.5,2029,0.9,0.9010989010989011,82,0.2239243286715195,0.29264751615285484,0.008825680391392936,6.692795730054376
source_only,feh,1.5,2029,0.8,0.8021978021978022,73,0.2293078294201183,0.2978447199394074,-0.005552501753507981,5.707595947577387
source_only,feh,1.5,2029,0.7,0.7032967032967034,64,0.23097769030567994,0.2983081489269583,-0.014160757338351634,5.212789020301196
source_only,feh,1.5,2029,0.5,0.5054945054945055,46,0.22147412213412884,0.30130858885159145,0.02522341028916635,4.529659948634247
source_only,feh,1.5,2030,1.0,1.0,91,0.2146768950107149,0.286565080886148,-0.00020766917589222118,7.788177566200479
source_only,feh,1.5,2030,0.9,0.9010989010989011,82,0.21785654501919027,0.2928543512831219,0.008994506210805761,6.384441976212087
source_only,feh,1.5,2030,0.8,0.8021978021978022,73,0.2279166062079101,0.30252958744040725,0.00031416823632125757,5.720804615903009
source_only,feh,1.5,2030,0.7,0.7032967032967034,64,0.21859078101995033,0.29092776447038243,-0.03716414479701053,5.381034517365968
source_only,feh,1.5,2030,0.5,0.5054945054945055,46,0.2199600245125284,0.29376515465462766,-0.0033908362056490012,4.478937068395142
source_only,feh,1.5,2031,1.0,1.0,91,0.2089224721387949,0.2767561160436375,0.0017361759499750129,8.321149489280906
source_only,feh,1.5,2031,0.9,0.9010989010989011,82,0.2213832685006532,0.28902706085767044,0.004291814679263242,7.015481661009989
source_only,feh,1.5,2031,0.8,0.8021978021978022,73,0.22657420458003955,0.2977024193206583,0.0056925868588417194,5.874681757112707
source_only,feh,1.5,2031,0.7,0.7032967032967034,64,0.2117057099758307,0.2782164608025658,0.004423813864386731,5.225359539546237
source_only,feh,1.5,2031,0.5,0.5054945054945055,46,0.20497011196320686,0.27955203341007256,0.025374468311455525,4.38056460196862
source_only,feh,1.5,2032,1.0,1.0,91,0.21241957704664804,0.280676303597648,-0.0014072387325918766,7.974018256932847
source_only,feh,1.5,2032,0.9,0.9010989010989011,82,0.22643937055738345,0.29381970558263765,0.0033336819963940426,6.209187597422856
source_only,feh,1.5,2032,0.8,0.8021978021978022,73,0.2318038829187674,0.30027561138103115,-0.01129311155413787,5.7427848573071865
source_only,feh,1.5,2032,0.7,0.7032967032967034,64,0.2294973249638023,0.2975231576166311,-0.024429638745183505,5.129449666847407
source_only,feh,1.5,2032,0.5,0.5054945054945055,46,0.20602656817278228,0.28151367119102555,0.025615747021877203,4.421747125299416
source_only,feh,1.5,2033,1.0,1.0,91,0.20862764335375886,0.27504449680530607,0.0021005756703290574,8.463532096833363
source_only,feh,1.5,2033,0.9,0.9010989010989011,82,0.21325231892833724,0.2820678949168418,0.018698517114841072,6.674516320088836
source_only,feh,1.5,2033,0.8,0.8021978021978022,73,0.21774937308777445,0.287105592246728,0.004317992355467663,5.992240136365584
source_only,feh,1.5,2033,0.7,0.7032967032967034,64,0.2171883869868545,0.28445081123413124,-0.003858195246548915,5.282975990628511
source_only,feh,1.5,2033,0.5,0.5054945054945055,46,0.21004232056173894,0.2852014338790703,-0.0005247985738618677,4.481834704015087
source_only,feh,1.5,2034,1.0,1.0,91,0.21110241743517735,0.2764250245571677,0.0066508442090170835,7.946028508039404
source_only,feh,1.5,2034,0.9,0.9010989010989011,82,0.21554828227389733,0.28382499561302177,0.01407370772027097,6.309958649773496
source_only,feh,1.5,2034,0.8,0.8021978021978022,73,0.22085186331516807,0.28985596448730955,0.007412994970428046,5.945023834129496
source_only,feh,1.5,2034,0.7,0.7032967032967034,64,0.21708612598164492,0.28324448657396073,-0.006804737082371646,5.141623911523283
source_only,feh,1.5,2034,0.5,0.5054945054945055,46,0.22047353566614356,0.28897780654170796,-0.012096125592079886,4.45608793321318
source_only,feh,1.5,2035,1.0,1.0,91,0.20474367271729768,0.2737138068905323,0.011969910234874396,7.609905598216215
source_only,feh,1.5,2035,0.9,0.9010989010989011,82,0.2124017065471875,0.2829852302544724,0.01846536408097142,6.632161288945155
source_only,feh,1.5,2035,0.8,0.8021978021978022,73,0.21518871522816574,0.2875917660374279,0.007290003370026973,5.803954647949827
source_only,feh,1.5,2035,0.7,0.7032967032967034,64,0.2187617915186762,0.2936353360438214,0.006540571028037929,5.068697651931169
source_only,feh,1.5,2035,0.5,0.5054945054945055,46,0.1984929480205478,0.2712883349275885,-0.008858732857370601,4.5652093689442514
source_only,feh,2.0,2026,1.0,1.0,91,0.21003618943108185,0.2784441225935391,0.0006931968983227645,9.034792059723255
source_only,feh,2.0,2026,0.9,0.9010989010989011,82,0.21284992675119255,0.2853216546081092,0.006618621541073949,7.6828860150503
source_only,feh,2.0,2026,0.8,0.8021978021978022,73,0.2151466611853181,0.28992374910063806,0.0067837108642618835,6.733942685336873
source_only,feh,2.0,2026,0.7,0.7032967032967034,64,0.20856106607279534,0.2827872486715228,-0.011290385061241102,6.070880234433099
source_only,feh,2.0,2026,0.5,0.5054945054945055,46,0.19499135499552592,0.27691701915133304,-0.011297125150467121,5.009015806455158
source_only,feh,2.0,2027,1.0,1.0,91,0.20436235834349897,0.27030600890581113,0.005871743408451578,8.702504128178683
source_only,feh,2.0,2027,0.9,0.9010989010989011,82,0.2060662113576732,0.27478158171810774,0.013550282807663948,7.651889634983364
source_only,feh,2.0,2027,0.8,0.8021978021978022,73,0.20891286675092924,0.2786999950937558,0.011975422779413433,6.85433283808765
source_only,feh,2.0,2027,0.7,0.7032967032967034,64,0.20038133096660035,0.26561501107851243,-0.0065005627038656096,5.981627401139651
source_only,feh,2.0,2027,0.5,0.5054945054945055,46,0.20705822435563695,0.27789788160352724,-0.009498133040088595,5.146466432788483
source_only,feh,2.0,2028,1.0,1.0,91,0.21728316580674073,0.2904794203945467,-0.02117871470455391,8.974234565737644
source_only,feh,2.0,2028,0.9,0.9010989010989011,82,0.21843564829023335,0.295928894400208,-0.004870768161415581,7.50317689844879
source_only,feh,2.0,2028,0.8,0.8021978021978022,73,0.22317548835390377,0.29954690345673,0.00012240299635567925,6.837870515456976
source_only,feh,2.0,2028,0.7,0.7032967032967034,64,0.2278077318378677,0.30262665673145484,-0.009475781146336985,6.137653449499556
source_only,feh,2.0,2028,0.5,0.5054945054945055,46,0.22419268695433764,0.29802701307004353,-0.023554291868015474,5.016860009347914
source_only,feh,2.0,2029,1.0,1.0,91,0.2266035829224447,0.2934427517202505,-0.019066710351935537,8.581816086568676
source_only,feh,2.0,2029,0.9,0.9010989010989011,82,0.23039385713422111,0.29923053356769463,-0.010428709398788942,7.867344913260719
source_only,feh,2.0,2029,0.8,0.8021978021978022,73,0.23856432743091951,0.30448158800686814,-0.012877068679459536,6.479538249670633
source_only,feh,2.0,2029,0.7,0.7032967032967034,64,0.2372195126800493,0.3085609251248184,-0.0015858149692217667,5.972827076360004
source_only,feh,2.0,2029,0.5,0.5054945054945055,46,0.23894485650275274,0.31499985258868757,-0.011960781635085406,5.087927370915993
source_only,feh,2.0,2030,1.0,1.0,91,0.2282756741174518,0.30048696783870366,-0.022149726106833946,8.631227027742215
source_only,feh,2.0,2030,0.9,0.9010989010989011,82,0.2297318439005147,0.30649316956579964,-0.014530524324670129,7.619213156892981
source_only,feh,2.0,2030,0.8,0.8021978021978022,73,0.23568936765136894,0.31086532712684173,-0.029129734602276695,6.840304659687585
source_only,feh,2.0,2030,0.7,0.7032967032967034,64,0.2292118004949191,0.30424240302138583,-0.04292153209310513,6.005026747713752
source_only,feh,2.0,2030,0.5,0.5054945054945055,46,0.23327003730672646,0.31408454673809166,-0.0312641229261544,5.07227463123882
source_only,feh,2.0,2031,1.0,1.0,91,0.21038660935272158,0.27760626842292097,-0.018430143088342815,9.519827207064964
source_only,feh,2.0,2031,0.9,0.9010989010989011,82,0.2178440049859986,0.28594076010487685,-0.009843714627662864,7.920404782427695
source_only,feh,2.0,2031,0.8,0.8021978021978022,73,0.2229968533395372,0.2960953735347603,-0.010263798125898031,6.695324075273736
source_only,feh,2.0,2031,0.7,0.7032967032967034,64,0.21162798997391447,0.2791600409007679,-0.015870419761563875,5.868073813558603
source_only,feh,2.0,2031,0.5,0.5054945054945055,46,0.20594034117115484,0.27756190518784324,-0.009859949983187339,5.001989157194174
source_only,feh,2.0,2032,1.0,1.0,91,0.21852090094209556,0.28762028941994955,-0.017226863617388958,8.675090094390276
source_only,feh,2.0,2032,0.9,0.9010989010989011,82,0.23094073637012086,0.3003587679021625,-0.01361734416129614,7.306536044989815
source_only,feh,2.0,2032,0.8,0.8021978021978022,73,0.23815066178311498,0.30790298375825004,-0.025755863545032405,6.511738751213215
source_only,feh,2.0,2032,0.7,0.7032967032967034,64,0.23149318537812763,0.30230649331291315,-0.046851915083832366,5.8826229889534805
source_only,feh,2.0,2032,0.5,0.5054945054945055,46,0.21891869629060376,0.29907462209306374,-0.011480456345347606,5.109259713585862
source_only,feh,2.0,2033,1.0,1.0,91,0.2101030422240048,0.27680785810527375,-0.012895634653681872,9.298535234165968
source_only,feh,2.0,2033,0.9,0.9010989010989011,82,0.21327398482103685,0.28105876524122253,0.004979735901120712,7.814196084922462
source_only,feh,2.0,2033,0.8,0.8021978021978022,73,0.2143868956108531,0.2830195690133605,-0.010481253466890592,6.946439661494909
source_only,feh,2.0,2033,0.7,0.7032967032967034,64,0.2079685897963643,0.27288012279504,-0.029362618728910276,6.091286789289568
source_only,feh,2.0,2033,0.5,0.5054945054945055,46,0.20245657362562075,0.27540548996599906,-0.02035164177134295,5.041177312405656
source_only,feh,2.0,2034,1.0,1.0,91,0.21187486615519088,0.2778675041280037,-0.00914243806037798,9.59351479517519
source_only,feh,2.0,2034,0.9,0.9010989010989011,82,0.21180121991211434,0.2779486569457784,-0.0015366763571024165,7.522209258969362
source_only,feh,2.0,2034,0.8,0.8021978021978022,73,0.21942988369919167,0.28838925853757424,-0.0016180965545076738,6.814040589962521
source_only,feh,2.0,2034,0.7,0.7032967032967034,64,0.22535457573673037,0.2957486631041253,-0.014094735942770038,6.2003207471410535
source_only,feh,2.0,2034,0.5,0.5054945054945055,46,0.22918035116973554,0.2979943638430162,-0.031229880394574045,4.8828143861762685
source_only,feh,2.0,2035,1.0,1.0,91,0.2102903027769623,0.28090837048821526,-0.0060252346905283905,8.57385397521364
source_only,feh,2.0,2035,0.9,0.9010989010989011,82,0.2145737854623422,0.28653429926325324,0.007736058547004852,7.355608076772894
source_only,feh,2.0,2035,0.8,0.8021978021978022,73,0.2201116915539729,0.2933318910716776,0.0011030986157602657,6.8249253617173045
source_only,feh,2.0,2035,0.7,0.7032967032967034,64,0.22826732904291797,0.3058748337708664,0.00317765291273283,5.985455015043925
source_only,feh,2.0,2035,0.5,0.5054945054945055,46,0.22334762772684166,0.3009073618828816,-0.03266257883945354,5.062653780269063
source_only,feh,2.5,2026,1.0,1.0,91,0.215749540028734,0.28729957590920485,-0.013604715333043315,9.762260493310654
source_only,feh,2.5,2026,0.9,0.9010989010989011,82,0.2181037224255737,0.29320058582882447,-0.005227363022049688,8.537599196596723
source_only,feh,2.5,2026,0.8,0.8021978021978022,73,0.22563114372758175,0.3041800865501175,0.007938574378920914,7.701791414869927
source_only,feh,2.5,2026,0.7,0.7032967032967034,64,0.23081213019648908,0.311625611434585,-0.0027764847581509336,6.995851207536973
source_only,feh,2.5,2026,0.5,0.5054945054945055,46,0.20449599693943368,0.2898318001640395,-0.029732536161466518,5.558848251245054
source_only,feh,2.5,2027,1.0,1.0,91,0.20507763614406818,0.270122170089789,-0.009945926075521848,9.764169769939048
source_only,feh,2.5,2027,0.9,0.9010989010989011,82,0.2054752849783634,0.2740804062092019,-0.0027883993941777443,8.541050724489356
source_only,feh,2.5,2027,0.8,0.8021978021978022,73,0.20540953466271272,0.27484392302305855,-0.0014967453967849285,7.431361177229289
source_only,feh,2.5,2027,0.7,0.7032967032967034,64,0.1963596866486068,0.2615002768699288,-0.025073012911942888,6.679885474935212
source_only,feh,2.5,2027,0.5,0.5054945054945055,46,0.20548770160700328,0.2767062289773393,-0.020773583807191236,5.795501128175306
source_only,feh,2.5,2028,1.0,1.0,91,0.23282608787862208,0.3052841594553343,-0.04334692612212591,10.07576187818279
source_only,feh,2.5,2028,0.9,0.9010989010989011,82,0.22962429893437708,0.3063740356520099,-0.023296519698466904,8.426511949152186
source_only,feh,2.5,2028,0.8,0.8021978021978022,73,0.23537058850161904,0.3116695776289644,-0.01476618484899085,7.997011204201343
source_only,feh,2.5,2028,0.7,0.7032967032967034,64,0.2252629608616225,0.2976415919920449,-0.0357605733003886,7.118172459012666
source_only,feh,2.5,2028,0.5,0.5054945054945055,46,0.23123229501306297,0.30647584604178196,-0.03888998280268148,5.626720895782511
source_only,feh,2.5,2029,1.0,1.0,91,0.23516679591258619,0.30853378809063603,-0.03583789660874129,9.988341121451285
source_only,feh,2.5,2029,0.9,0.9010989010989011,82,0.23441158052071218,0.30779213901387786,-0.019857923367373975,8.706239753300984
source_only,feh,2.5,2029,0.8,0.8021978021978022,73,0.24186661495450776,0.31373580437688897,-0.026612652469752078,7.401553967752931
source_only,feh,2.5,2029,0.7,0.7032967032967034,64,0.24019634330641454,0.3160365221714459,-0.011093642542015884,6.827580779281904
source_only,feh,2.5,2029,0.5,0.5054945054945055,46,0.24035845115443838,0.32142891539200374,-0.04481054509067754,5.721195442060562
source_only,feh,2.5,2030,1.0,1.0,91,0.23930853927649878,0.31210273050357273,-0.04107200445284124,9.347401604281757
source_only,feh,2.5,2030,0.9,0.9010989010989011,82,0.24335070656603863,0.3193981790356546,-0.03151337325698658,8.444900595186647
source_only,feh,2.5,2030,0.8,0.8021978021978022,73,0.24790944574346804,0.32614621050186426,-0.03941291749231662,7.841159048355392
source_only,feh,2.5,2030,0.7,0.7032967032967034,64,0.2341625692714398,0.3107285869212746,-0.07285330975826909,7.1380220371210505
source_only,feh,2.5,2030,0.5,0.5054945054945055,46,0.25736700201078166,0.33721913271747805,-0.06086672474599335,5.668093636395261
source_only,feh,2.5,2031,1.0,1.0,91,0.21768153842977694,0.28465484140397007,-0.04320614459207738,10.091362394385497
source_only,feh,2.5,2031,0.9,0.9010989010989011,82,0.22001992624348354,0.2896871995136314,-0.02977159522659927,8.7655584794868
source_only,feh,2.5,2031,0.8,0.8021978021978022,73,0.22575281414220885,0.30009537948683523,-0.030157672331845218,7.655763285835449
source_only,feh,2.5,2031,0.7,0.7032967032967034,64,0.2094020709144549,0.2775382067652745,-0.031087426725130516,6.746024636019949
source_only,feh,2.5,2031,0.5,0.5054945054945055,46,0.20209544996045067,0.2746922476871663,-0.026421254305501313,5.640851548672015
source_only,feh,2.5,2032,1.0,1.0,91,0.2260213654250454,0.29843147130359926,-0.0394845857215127,10.012908178173628
source_only,feh,2.5,2032,0.9,0.9010989010989011,82,0.23336107197779282,0.3053543167440641,-0.040273299049375454,8.455424956957712
source_only,feh,2.5,2032,0.8,0.8021978021978022,73,0.24031994722568492,0.31538240297710474,-0.04617896437554796,7.285385404245364
source_only,feh,2.5,2032,0.7,0.7032967032967034,64,0.24078773723508823,0.32239920203417943,-0.03679834056014152,6.624129484640036
source_only,feh,2.5,2032,0.5,0.5054945054945055,46,0.22455100234682118,0.3104296945361533,-0.03255723553929177,5.791974542894893
source_only,feh,2.5,2033,1.0,1.0,91,0.21417636003157403,0.28024968591178406,-0.030854676534340274,10.224156478475612
source_only,feh,2.5,2033,0.9,0.9010989010989011,82,0.21679265336116776,0.28391548488122675,-0.013350297284969417,8.965124779792784
source_only,feh,2.5,2033,0.8,0.8021978021978022,73,0.21641210993098156,0.28368204129871466,-0.021212519486231856,7.937539894137409
source_only,feh,2.5,2033,0.7,0.7032967032967034,64,0.20624482145393022,0.27359520850518815,-0.04359681050374055,6.948486060651844
source_only,feh,2.5,2033,0.5,0.5054945054945055,46,0.20417135844615322,0.27694817824980883,-0.03665035919324677,5.503405768321757
source_only,feh,2.5,2034,1.0,1.0,91,0.21940927091962992,0.28454378561919264,-0.02550652894680283,10.375812099863094
source_only,feh,2.5,2034,0.9,0.9010989010989011,82,0.2226494336170953,0.28864785197966975,-0.009029175911576292,8.234417791995927
source_only,feh,2.5,2034,0.8,0.8021978021978022,73,0.233493920670159,0.300789722662595,-0.013449864074454886,7.671504468364513
source_only,feh,2.5,2034,0.7,0.7032967032967034,64,0.227624296329571,0.29688421435257484,-0.029235284904147427,7.058189984054948
source_only,feh,2.5,2034,0.5,0.5054945054945055,46,0.2338435089305501,0.3028376666989494,-0.0435944369126257,5.622011585482624
source_only,feh,2.5,2035,1.0,1.0,91,0.21586568863897548,0.2907557593052493,-0.02222245484376607,10.157867265705947
source_only,feh,2.5,2035,0.9,0.9010989010989011,82,0.22520779163661622,0.3005496415390907,-0.012865852909623826,8.117205464426622
source_only,feh,2.5,2035,0.8,0.8021978021978022,73,0.22710547298458936,0.3051899434949176,0.0010499203528157456,7.5556844027772865
source_only,feh,2.5,2035,0.7,0.7032967032967034,64,0.21994269620338167,0.29800893898867703,-0.025988718491951522,6.870458140845126
source_only,feh,2.5,2035,0.5,0.5054945054945055,46,0.2210752683344874,0.30317024691090877,-0.039828825862651816,5.750820471385018
source_only,feh,3.0,2026,1.0,1.0,91,0.22526147594650364,0.3004868246501732,-0.03528822332613936,10.456858378287956
source_only,feh,3.0,2026,0.9,0.9010989010989011,82,0.22912055959838423,0.3067856170999124,-0.0228982352011693,9.266388699656307
source_only,feh,3.0,2026,0.8,0.8021978021978022,73,0.22674967035196456,0.30733644049520314,-0.013255940713719043,8.587218566775155
source_only,feh,3.0,2026,0.7,0.7032967032967034,64,0.23021721607895573,0.31284378438869487,-0.013357729993881264,7.795959393135333
source_only,feh,3.0,2026,0.5,0.5054945054945055,46,0.21195397689373244,0.2988836442955454,-0.036251652881446585,6.250418674674447
source_only,feh,3.0,2027,1.0,1.0,91,0.20497504755318202,0.2726528201821962,-0.027018645386313583,10.173210040642722
source_only,feh,3.0,2027,0.9,0.9010989010989011,82,0.20359743731077506,0.2749438371172509,-0.01682074028057379,9.3413489494389
source_only,feh,3.0,2027,0.8,0.8021978021978022,73,0.201996625187093,0.2734551111980842,-0.015455394772489528,8.262850717978283
source_only,feh,3.0,2027,0.7,0.7032967032967034,64,0.20393493400301083,0.2774017083929314,-0.023841128462156316,7.579387204411659
source_only,feh,3.0,2027,0.5,0.5054945054945055,46,0.21748176433316732,0.2896397590891584,-0.04563780040707975,6.370577047996463
source_only,feh,3.0,2028,1.0,1.0,91,0.2493185613414539,0.31997538706958306,-0.07068683624795737,10.275061650357646
source_only,feh,3.0,2028,0.9,0.9010989010989011,82,0.24385017590508626,0.31624893773246443,-0.049690980014987014,9.136730473283963
source_only,feh,3.0,2028,0.8,0.8021978021978022,73,0.2437191496635292,0.31711780089354974,-0.030659917979738285,8.794087260220953
source_only,feh,3.0,2028,0.7,0.7032967032967034,64,0.2501599518525602,0.32648012146405253,-0.024125657181970885,7.89778646279516
source_only,feh,3.0,2028,0.5,0.5054945054945055,46,0.23819972485677948,0.3120619818145861,-0.05155847164103814,6.216813915787123
source_only,feh,3.0,2029,1.0,1.0,91,0.24241358313341177,0.3225237580047412,-0.054612585360649286,11.393025708665595
source_only,feh,3.0,2029,0.9,0.9010989010989011,82,0.23869629527217245,0.3168854538016755,-0.03102962997790855,9.420139209727322
source_only,feh,3.0,2029,0.8,0.8021978021978022,73,0.24003673223273214,0.3196271025834479,-0.030809043694544975,8.224590741682722
source_only,feh,3.0,2029,0.7,0.7032967032967034,64,0.2529213655346819,0.33312679653460436,-0.02615961939604565,7.593021923256927
source_only,feh,3.0,2029,0.5,0.5054945054945055,46,0.24640720456274362,0.3334292566592684,-0.051740271517481784,6.247524966618343
source_only,feh,3.0,2030,1.0,1.0,91,0.2510586699627091,0.3263365137464763,-0.06300665742725191,10.371890187713984
source_only,feh,3.0,2030,0.9,0.9010989010989011,82,0.25541484988699686,0.3314430109240649,-0.051497405104531,9.349970693353011
source_only,feh,3.0,2030,0.8,0.8021978021978022,73,0.25477128655709025,0.33345514683808075,-0.06899685406625211,8.482020624120443
source_only,feh,3.0,2030,0.7,0.7032967032967034,64,0.24913512712877614,0.3283887966430971,-0.09194062081548615,7.828602387073871
source_only,feh,3.0,2030,0.5,0.5054945054945055,46,0.2637711823136635,0.34650154935699434,-0.06443142358749285,6.491769419299752
source_only,feh,3.0,2031,1.0,1.0,91,0.22953191983490223,0.2957239070916197,-0.06666571120946116,10.92160958730312
source_only,feh,3.0,2031,0.9,0.9010989010989011,82,0.22458341248088093,0.2944668078611282,-0.04586674220552005,9.57367415974898
source_only,feh,3.0,2031,0.8,0.8021978021978022,73,0.22587670591436157,0.2988405695709015,-0.03696873600935834,8.494766424139284
source_only,feh,3.0,2031,0.7,0.7032967032967034,64,0.20656129017867902,0.2764563299793901,-0.05500562395634745,7.667378298244554
source_only,feh,3.0,2031,0.5,0.5054945054945055,46,0.19931460417488922,0.27276868838236557,-0.04311157384311258,6.183007121984955
source_only,feh,3.0,2032,1.0,1.0,91,0.23942474353021412,0.3126096762796466,-0.05832353541446252,9.996689244938604
source_only,feh,3.0,2032,0.9,0.9010989010989011,82,0.24287707518949259,0.3178368077745881,-0.0616782551305225,9.039650778819643
source_only,feh,3.0,2032,0.8,0.8021978021978022,73,0.24350749688940404,0.32235196696475377,-0.0633668501282176,8.304384407643614
source_only,feh,3.0,2032,0.7,0.7032967032967034,64,0.2428115041898655,0.3256993646162759,-0.05884779435413747,7.529674751594213
source_only,feh,3.0,2032,0.5,0.5054945054945055,46,0.2280013493379208,0.3160641847332697,-0.05516557789354507,6.436216805174543
source_only,feh,3.0,2033,1.0,1.0,91,0.22194260726397255,0.28927468488230457,-0.05477315796524457,10.908050647722522
source_only,feh,3.0,2033,0.9,0.9010989010989011,82,0.2202201963183259,0.28896328246905617,-0.034702880633152175,9.536588570909386
source_only,feh,3.0,2033,0.8,0.8021978021978022,73,0.21491031637899694,0.2840842018701904,-0.035304293752641054,8.770684134823545
source_only,feh,3.0,2033,0.7,0.7032967032967034,64,0.20713693969240435,0.2770230490076253,-0.05953157395924512,7.816289326847242
source_only,feh,3.0,2033,0.5,0.5054945054945055,46,0.22015938585702505,0.2933015240813875,-0.07241688965699089,6.092995660668896
source_only,feh,3.0,2034,1.0,1.0,91,0.22169932601445852,0.28810930674843693,-0.0460879950881747,11.279507817164816
source_only,feh,3.0,2034,0.9,0.9010989010989011,82,0.21733438315610326,0.2867133419119608,-0.02244863785986141,9.28184708074344
source_only,feh,3.0,2034,0.8,0.8021978021978022,73,0.2232655618008119,0.2922639895237895,-0.03735103997158927,8.412253403692825
source_only,feh,3.0,2034,0.7,0.7032967032967034,64,0.22763396821821222,0.30070827829261654,-0.04051792633478247,7.836325695157602
source_only,feh,3.0,2034,0.5,0.5054945054945055,46,0.22803485428543943,0.3036378541105381,-0.06080482714291525,6.278153457923509
source_only,feh,3.0,2035,1.0,1.0,91,0.22881915682211212,0.3036081508460833,-0.04323043609993352,11.034460048115337
source_only,feh,3.0,2035,0.9,0.9010989010989011,82,0.23056066779561876,0.3092745889533548,-0.024602453335640023,8.878620579198138
source_only,feh,3.0,2035,0.8,0.8021978021978022,73,0.24085847307719452,0.32174558638868783,-0.018258714406102453,8.060271639942316
source_only,feh,3.0,2035,0.7,0.7032967032967034,64,0.2334548092468245,0.31947045806805857,-0.007284600395117288,7.571994233101748
source_only,feh,3.0,2035,0.5,0.5054945054945055,46,0.23470251952684262,0.32561528510020316,-0.035650458308129386,6.305183052501468
source_only,logg,1.25,2026,1.0,1.0,91,0.2157197172694154,0.32602633830201,0.008718239996896119,7.595953540392921
source_only,logg,1.25,2026,0.9,0.9010989010989011,82,0.2083540551243275,0.29065530369930437,-0.015926076691082855,6.124241525429909
source_only,logg,1.25,2026,0.8,0.8021978021978022,73,0.2198800859413191,0.3044366139159024,-0.01395478728971533,5.251438779024363
source_only,logg,1.25,2026,0.7,0.7032967032967034,64,0.22952916036515172,0.314970463314143,-0.02278815162833795,4.782856746988877
source_only,logg,1.25,2026,0.5,0.5054945054945055,46,0.19569945877012995,0.25479308771696685,-0.06781899683285458,4.176230137107247
source_only,logg,1.25,2027,1.0,1.0,91,0.210325109909524,0.30674619774180023,0.005527538016383814,7.301768273633678
source_only,logg,1.25,2027,0.9,0.9010989010989011,82,0.20267947875266154,0.277586370308964,-0.017992618589139676,6.218371236368593
source_only,logg,1.25,2027,0.8,0.8021978021978022,73,0.21002707763621806,0.28679444141822885,-0.019991626483664916,5.299859550873836
source_only,logg,1.25,2027,0.7,0.7032967032967034,64,0.20738800005521632,0.2822874625074589,-0.014986519951683971,4.813270500325617
source_only,logg,1.25,2027,0.5,0.5054945054945055,46,0.19129596485823863,0.23561340546208032,-0.04523239824866927,4.107816121653257
source_only,logg,1.25,2028,1.0,1.0,91,0.22052298721703847,0.3269040096759611,0.00299004710528441,7.19975494162893
source_only,logg,1.25,2028,0.9,0.9010989010989011,82,0.21410541629888158,0.29399414146903097,-0.018665473984508987,5.841665698523388
source_only,logg,1.25,2028,0.8,0.8021978021978022,73,0.2125000485614552,0.29671182508965127,-0.016778452365093722,5.290426290845662
source_only,logg,1.25,2028,0.7,0.7032967032967034,64,0.2271321604416393,0.31101613221926155,-0.029767790025410718,4.920438018306178
source_only,logg,1.25,2028,0.5,0.5054945054945055,46,0.18751963021746576,0.2367308397647025,-0.04941810669890378,4.191171077129839
source_only,logg,1.25,2029,1.0,1.0,91,0.2194504261966591,0.32714002872360154,-0.0018326613961996492,7.43271065055572
source_only,logg,1.25,2029,0.9,0.9010989010989011,82,0.2161050904729987,0.2971632807207923,-0.025549702895123955,6.15887433361101
source_only,logg,1.25,2029,0.8,0.8021978021978022,73,0.2246759794169366,0.30855980480750783,-0.026793102402937613,5.2127650983139615
source_only,logg,1.25,2029,0.7,0.7032967032967034,64,0.23127866002110148,0.31593499364232086,-0.03424917470353374,4.766042216869119
source_only,logg,1.25,2029,0.5,0.5054945054945055,46,0.189684123651705,0.25845839169719087,-0.012021483683931874,4.195555478478881
source_only,logg,1.25,2030,1.0,1.0,91,0.21644886491499518,0.33068106491294974,-0.001295428695259423,7.498974279667811
source_only,logg,1.25,2030,0.9,0.9010989010989011,82,0.2090789816716336,0.29554064547076936,-0.0241409933239948,5.882754844074946
source_only,logg,1.25,2030,0.8,0.8021978021978022,73,0.2163999194301424,0.30528609172130416,-0.033362416261679566,5.220656246120714
source_only,logg,1.25,2030,0.7,0.7032967032967034,64,0.23087566539334728,0.3200036503550678,-0.046257774516319246,4.781586212236554
source_only,logg,1.25,2030,0.5,0.5054945054945055,46,0.19726973208180343,0.2776775712775818,-0.030062097062667124,4.255093035063522
source_only,logg,1.25,2031,1.0,1.0,91,0.2219579612957688,0.326870830574418,0.0026490942757206406,7.784523425890308
source_only,logg,1.25,2031,0.9,0.9010989010989011,82,0.2150853937609893,0.30215653833278955,-0.021235448239538005,6.284229588637379
source_only,logg,1.25,2031,0.8,0.8021978021978022,73,0.23115696659915524,0.31662195142750094,-0.019436056945966482,5.4003021566695
source_only,logg,1.25,2031,0.7,0.7032967032967034,64,0.23887024418295671,0.32579648412897483,-0.024161594610972045,4.789124825274431
source_only,logg,1.25,2031,0.5,0.5054945054945055,46,0.19276114928549604,0.23892502543395375,-0.04593347569738639,4.083913249791167
source_only,logg,1.25,2032,1.0,1.0,91,0.21711777009042627,0.32327462816155905,0.0027144899702334973,7.547449430283151
source_only,logg,1.25,2032,0.9,0.9010989010989011,82,0.2127056737680261,0.29065773028854647,-0.01800579865894665,5.841991784408138
source_only,logg,1.25,2032,0.8,0.8021978021978022,73,0.22308944730045585,0.30258100124907455,-0.020155393215891472,5.282772774952778
source_only,logg,1.25,2032,0.7,0.7032967032967034,64,0.23328985250865414,0.31434194657852416,-0.025879317478587162,4.808092747784171
source_only,logg,1.25,2032,0.5,0.5054945054945055,46,0.19077507512940864,0.23694874475284328,-0.04563330680347854,4.187996330058906
source_only,logg,1.25,2033,1.0,1.0,91,0.22467047523011188,0.3237223649316431,-0.007933424285480153,8.00333684812959
source_only,logg,1.25,2033,0.9,0.9010989010989011,82,0.21760541101781303,0.300478532800658,-0.031136548596669287,6.078990390905785
source_only,logg,1.25,2033,0.8,0.8021978021978022,73,0.23245971047987102,0.3151934524512856,-0.03088262813004214,5.555764122161868
source_only,logg,1.25,2033,0.7,0.7032967032967034,64,0.24513507229741632,0.3282482155867377,-0.04118090852939869,4.740471913590458
source_only,logg,1.25,2033,0.5,0.5054945054945055,46,0.18818466412416382,0.24294736381503357,-0.052312956767669797,4.220627678521284
source_only,logg,1.25,2034,1.0,1.0,91,0.21514195789238463,0.31824509766415937,0.00024095419671516633,7.554604682182063
source_only,logg,1.25,2034,0.9,0.9010989010989011,82,0.20960026049153596,0.2887425128714216,-0.02027465454325447,5.754142841194796
source_only,logg,1.25,2034,0.8,0.8021978021978022,73,0.221043223033757,0.30067678850892265,-0.024369374682369896,5.35012496462915
source_only,logg,1.25,2034,0.7,0.7032967032967034,64,0.2267989124093826,0.3058433203533979,-0.0282734776148574,4.872602953373041
source_only,logg,1.25,2034,0.5,0.5054945054945055,46,0.1866249260803064,0.23639255644344617,-0.059957368427860674,4.197739918822267
source_only,logg,1.25,2035,1.0,1.0,91,0.21478501615288492,0.31637616592727896,0.0032688523867191346,7.186187627265039
source_only,logg,1.25,2035,0.9,0.9010989010989011,82,0.2091435875168176,0.28596225407167164,-0.01961871490851653,6.15228875428727
source_only,logg,1.25,2035,0.8,0.8021978021978022,73,0.22421438516411063,0.29954328636451066,-0.024257467205393925,5.1806555210800695
source_only,logg,1.25,2035,0.7,0.7032967032967034,64,0.2307037436434378,0.30866267177071743,-0.03825259434369714,4.704678132336735
source_only,logg,1.25,2035,0.5,0.5054945054945055,46,0.18562511870610535,0.2321141721694496,-0.04617016278963153,4.213052058388503
source_only,logg,1.5,2026,1.0,1.0,91,0.21825620942172572,0.3306463052950887,0.00544600521361005,8.101802284407299
source_only,logg,1.5,2026,0.9,0.9010989010989011,82,0.21015606759888394,0.2933501317969697,-0.018708142544922743,6.53125226598326
source_only,logg,1.5,2026,0.8,0.8021978021978022,73,0.2227220524187504,0.307335368738374,-0.017668474048512177,5.743702848152076
source_only,logg,1.5,2026,0.7,0.7032967032967034,64,0.2376679207570852,0.3213945625969885,-0.023129935407390244,5.031491137391894
source_only,logg,1.5,2026,0.5,0.5054945054945055,46,0.1900049761477589,0.25172373815178667,-0.07142358933022044,4.455503200688046
source_only,logg,1.5,2027,1.0,1.0,91,0.21112404167979626,0.3052854228773069,0.0011747938973124916,7.919490138868574
source_only,logg,1.5,2027,0.9,0.9010989010989011,82,0.20619876465540588,0.2785353351266031,-0.018922634363416877,6.620703595504675
source_only,logg,1.5,2027,0.8,0.8021978021978022,73,0.21166736741724626,0.2857270877743855,-0.025310554170989822,5.645051070930792
source_only,logg,1.5,2027,0.7,0.7032967032967034,64,0.2071628408087418,0.27700585861911503,-0.002524283051801593,5.219869737375622
source_only,logg,1.5,2027,0.5,0.5054945054945055,46,0.18853272995871073,0.2333108041132918,-0.04655355888216435,4.388948658652711
source_only,logg,1.5,2028,1.0,1.0,91,0.222592835804045,0.32889270822575944,-0.00227214322858684,7.441055143678593
source_only,logg,1.5,2028,0.9,0.9010989010989011,82,0.2147455510545552,0.295586441074995,-0.027003673639723957,6.487863138087752
source_only,logg,1.5,2028,0.8,0.8021978021978022,73,0.21523785522675404,0.2993540730418293,-0.021833129817764634,5.777396317878333
source_only,logg,1.5,2028,0.7,0.7032967032967034,64,0.22900517985845603,0.3118527387228959,-0.01304287324038663,5.352295504849262
source_only,logg,1.5,2028,0.5,0.5054945054945055,46,0.1821889922778677,0.23006034728923191,-0.04306735797852741,4.423260122493148
source_only,logg,1.5,2029,1.0,1.0,91,0.22209460195385905,0.3324636377055322,-0.00849637793315639,7.888840040386634
source_only,logg,1.5,2029,0.9,0.9010989010989011,82,0.215664934200969,0.3019692017706901,-0.028440761459552207,6.692795730054376
source_only,logg,1.5,2029,0.8,0.8021978021978022,73,0.2295397456976919,0.31615392564948336,-0.03275596304299079,5.707595947577387
source_only,logg,1.5,2029,0.7,0.7032967032967034,64,0.22929581147929007,0.31984525746661624,-0.04738299301825473,5.212789020301196
source_only,logg,1.5,2029,0.5,0.5054945054945055,46,0.18376244414975665,0.2561322562640251,-0.03444954439781722,4.529659948634247
source_only,logg,1.5,2030,1.0,1.0,91,0.2201777005588614,0.3382039376953494,-0.010558514116884361,7.788177566200479
source_only,logg,1.5,2030,0.9,0.9010989010989011,82,0.20997358202570823,0.2977804751141252,-0.026063099037098546,6.384441976212087
source_only,logg,1.5,2030,0.8,0.8021978021978022,73,0.22212751261311572,0.31083373510741025,-0.03905973275366432,5.720804615903009
source_only,logg,1.5,2030,0.7,0.7032967032967034,64,0.22008128442025435,0.31009573508422567,-0.032099551199935315,5.381034517365968
source_only,logg,1.5,2030,0.5,0.5054945054945055,46,0.19430667906351698,0.2682258061163824,-0.03289927349790266,4.478937068395142
source_only,logg,1.5,2031,1.0,1.0,91,0.22884719494498254,0.3364231697663277,-0.0053425097072518435,8.321149489280906
source_only,logg,1.5,2031,0.9,0.9010989010989011,82,0.24023002601735963,0.35098453093013726,-0.012173693204313833,7.015481661009989
source_only,logg,1.5,2031,0.8,0.8021978021978022,73,0.24165928615963087,0.3325251433777392,-0.02970204045919534,5.874681757112707
source_only,logg,1.5,2031,0.7,0.7032967032967034,64,0.24737822481741514,0.33876631034226173,-0.022560649411752988,5.225359539546237
source_only,logg,1.5,2031,0.5,0.5054945054945055,46,0.20229683265737872,0.24935368746300943,-0.04109542267478057,4.38056460196862
source_only,logg,1.5,2032,1.0,1.0,91,0.22218797185918784,0.3323745484793844,-0.004327904883321674,7.974018256932847
source_only,logg,1.5,2032,0.9,0.9010989010989011,82,0.21772439638531316,0.300268747959786,-0.025228834682848335,6.209187597422856
source_only,logg,1.5,2032,0.8,0.8021978021978022,73,0.23353387633551217,0.31503229822488754,-0.022113202871525073,5.7427848573071865
source_only,logg,1.5,2032,0.7,0.7032967032967034,64,0.23840344415977607,0.32395661426521577,-0.033257663482800126,5.129449666847407
source_only,logg,1.5,2032,0.5,0.5054945054945055,46,0.1761509004991124,0.2153013443493197,-0.04005533152084404,4.421747125299416
source_only,logg,1.5,2033,1.0,1.0,91,0.22909933614315994,0.3231816217347214,-0.01545150550839697,8.463532096833363
source_only,logg,1.5,2033,0.9,0.9010989010989011,82,0.22131963042951194,0.30395941362791384,-0.03246012288380474,6.674516320088836
source_only,logg,1.5,2033,0.8,0.8021978021978022,73,0.23393363254391417,0.316251219083429,-0.040978771022193904,5.992240136365584
source_only,logg,1.5,2033,0.7,0.7032967032967034,64,0.2469082681850218,0.33069641455728027,-0.03472106030676552,5.282975990628511
source_only,logg,1.5,2033,0.5,0.5054945054945055,46,0.20530205934807852,0.2869365026774262,-0.0025952178714937733,4.481834704015087
source_only,logg,1.5,2034,1.0,1.0,91,0.2155884509459956,0.3201349591961017,-0.0075688719585703,7.946028508039404
source_only,logg,1.5,2034,0.9,0.9010989010989011,82,0.21063116310694355,0.29405484165492957,-0.023712136031893417,6.309958649773496
source_only,logg,1.5,2034,0.8,0.8021978021978022,73,0.22096042047624725,0.3058261565547474,-0.028570407838582168,5.945023834129496
source_only,logg,1.5,2034,0.7,0.7032967032967034,64,0.2192323265162608,0.2925775854441891,-0.016315256515518198,5.141623911523283
source_only,logg,1.5,2034,0.5,0.5054945054945055,46,0.17494317662456763,0.22410880918411866,-0.04702736199766009,4.45608793321318
source_only,logg,1.5,2035,1.0,1.0,91,0.21347844121766169,0.3104468451288759,-0.0002353251100460491,7.609905598216215
source_only,logg,1.5,2035,0.9,0.9010989010989011,82,0.20906085119499412,0.28222975654466115,-0.022093792962349583,6.632161288945155
source_only,logg,1.5,2035,0.8,0.8021978021978022,73,0.22425178565935452,0.29599343166680725,-0.026848817206408946,5.803954647949827
source_only,logg,1.5,2035,0.7,0.7032967032967034,64,0.21674994214437882,0.2872203811078444,-0.01572883228771387,5.068697651931169
source_only,logg,1.5,2035,0.5,0.5054945054945055,46,0.1831871653143045,0.22497757722471418,-0.029704967449972607,4.5652093689442514
source_only,logg,2.0,2026,1.0,1.0,91,0.22011131383560528,0.3386917586888994,0.002273157922339436,9.034792059723255
source_only,logg,2.0,2026,0.9,0.9010989010989011,82,0.2137823646073421,0.29933087057374613,-0.017106500907642225,7.6828860150503
source_only,logg,2.0,2026,0.8,0.8021978021978022,73,0.22176024960056304,0.3103250272024264,-0.016475861091592138,6.733942685336873
source_only,logg,2.0,2026,0.7,0.7032967032967034,64,0.2351259537568938,0.3237002980924377,-0.024779673724745946,6.070880234433099
source_only,logg,2.0,2026,0.5,0.5054945054945055,46,0.1977831383934919,0.2907013611352721,-0.012110137628472645,5.009015806455158
source_only,logg,2.0,2027,1.0,1.0,91,0.21316354211215152,0.3086014161784791,-0.00841372708697918,8.702504128178683
source_only,logg,2.0,2027,0.9,0.9010989010989011,82,0.20479116980259024,0.27865555941322356,-0.03396089596113558,7.651889634983364
source_only,logg,2.0,2027,0.8,0.8021978021978022,73,0.20384573988174212,0.2735291532309144,-0.02474627419966018,6.85433283808765
source_only,logg,2.0,2027,0.7,0.7032967032967034,64,0.20496031704203554,0.2720913334750947,-0.003533672695048354,5.981627401139651
source_only,logg,2.0,2027,0.5,0.5054945054945055,46,0.1757061608070914,0.2249105973896878,-0.01871530630882241,5.146466432788483
source_only,logg,2.0,2028,1.0,1.0,91,0.2289216452138327,0.33958446937529435,-0.01661495936659216,8.974234565737644
source_only,logg,2.0,2028,0.9,0.9010989010989011,82,0.21733451192335373,0.30814036402877565,-0.04174331133322002,7.50317689844879
source_only,logg,2.0,2028,0.8,0.8021978021978022,73,0.226307372889018,0.3182697228339299,-0.03830760519798468,6.837870515456976
source_only,logg,2.0,2028,0.7,0.7032967032967034,64,0.22785199822547553,0.32297607769869846,-0.02429666770001239,6.137653449499556
source_only,logg,2.0,2028,0.5,0.5054945054945055,46,0.21182607735412723,0.3158508913096638,0.01780797701382989,5.016860009347914
source_only,logg,2.0,2029,1.0,1.0,91,0.22895224154104685,0.34597356756797115,-0.025281829452995026,8.581816086568676
source_only,logg,2.0,2029,0.9,0.9010989010989011,82,0.23541118489654092,0.35546979739900736,-0.022250684634214604,7.867344913260719
source_only,logg,2.0,2029,0.8,0.8021978021978022,73,0.22944042902286743,0.327029317734273,-0.03837932147391872,6.479538249670633
source_only,logg,2.0,2029,0.7,0.7032967032967034,64,0.21832174549034494,0.31519197624281353,-0.03581986924788625,5.972827076360004
source_only,logg,2.0,2029,0.5,0.5054945054945055,46,0.18242805489163474,0.2652844533168642,-0.03132779568001896,5.087927370915993
source_only,logg,2.0,2030,1.0,1.0,91,0.22841520278117608,0.3550236090168961,-0.030409304332602024,8.631227027742215
source_only,logg,2.0,2030,0.9,0.9010989010989011,82,0.22011259801746397,0.3155155473014771,-0.052130999594199826,7.619213156892981
source_only,logg,2.0,2030,0.8,0.8021978021978022,73,0.2299671561886732,0.3273016200451872,-0.047957633126816224,6.840304659687585
source_only,logg,2.0,2030,0.7,0.7032967032967034,64,0.23377747313740369,0.3345086917041977,-0.04641098996624356,6.005026747713752
source_only,logg,2.0,2030,0.5,0.5054945054945055,46,0.21135872671785566,0.31970269928447215,-0.01535169132593751,5.07227463123882
source_only,logg,2.0,2031,1.0,1.0,91,0.23612713312600542,0.3469815546768865,-0.018398154804776547,9.519827207064964
source_only,logg,2.0,2031,0.9,0.9010989010989011,82,0.2361105731711154,0.3318278805561797,-0.038023254110561316,7.920404782427695
source_only,logg,2.0,2031,0.8,0.8021978021978022,73,0.2465152274568875,0.34322276691090786,-0.0509300549784209,6.695324075273736
source_only,logg,2.0,2031,0.7,0.7032967032967034,64,0.2409527293406427,0.3293939585172334,-0.019630912601327127,5.868073813558603
source_only,logg,2.0,2031,0.5,0.5054945054945055,46,0.2242423164974089,0.2961233181108221,-0.01002729394297704,5.001989157194174
source_only,logg,2.0,2032,1.0,1.0,91,0.23181979010720838,0.3523487169557976,-0.015042686441660829,8.675090094390276
source_only,logg,2.0,2032,0.9,0.9010989010989011,82,0.2273853692206426,0.31748970392090287,-0.038409006124347285,7.306536044989815
source_only,logg,2.0,2032,0.8,0.8021978021978022,73,0.23842240727655434,0.3302962975627071,-0.027428123967288404,6.511738751213215
source_only,logg,2.0,2032,0.7,0.7032967032967034,64,0.23907106943894185,0.3343355236152582,-0.027239328863409767,5.8826229889534805
source_only,logg,2.0,2032,0.5,0.5054945054945055,46,0.19479522465795718,0.2714560041196119,0.012147185228008936,5.109259713585862
source_only,logg,2.0,2033,1.0,1.0,91,0.23278553852013176,0.32641531429278264,-0.025445307890574115,9.298535234165968
source_only,logg,2.0,2033,0.9,0.9010989010989011,82,0.2275331784397121,0.3130297102878938,-0.04140937806750698,7.814196084922462
source_only,logg,2.0,2033,0.8,0.8021978021978022,73,0.2394363917743777,0.32558733600653,-0.051058685540064416,6.946439661494909
source_only,logg,2.0,2033,0.7,0.7032967032967034,64,0.2434295834756144,0.33308410802163735,-0.047011167056237896,6.091286789289568
source_only,logg,2.0,2033,0.5,0.5054945054945055,46,0.20494085076278531,0.29267044708867895,-0.016103480685016783,5.041177312405656
source_only,logg,2.0,2034,1.0,1.0,91,0.22005699650053584,0.32449857378168484,-0.01721486554696008,9.59351479517519
source_only,logg,2.0,2034,0.9,0.9010989010989011,82,0.21319875689904869,0.29877896448912183,-0.031775533555726654,7.522209258969362
source_only,logg,2.0,2034,0.8,0.8021978021978022,73,0.21379465192828556,0.30011240665134914,-0.030869581082912424,6.814040589962521
source_only,logg,2.0,2034,0.7,0.7032967032967034,64,0.2115441372990609,0.29115473929941643,-0.01569476169844481,6.2003207471410535
source_only,logg,2.0,2034,0.5,0.5054945054945055,46,0.18851389408759425,0.26288168114956717,-0.011088113912206042,4.8828143861762685
source_only,logg,2.0,2035,1.0,1.0,91,0.21541154494215706,0.30939057708560685,-0.011454690452460444,8.57385397521364
source_only,logg,2.0,2035,0.9,0.9010989010989011,82,0.2119402706562503,0.2797638951118242,-0.03103303784640827,7.355608076772894
source_only,logg,2.0,2035,0.8,0.8021978021978022,73,0.21941300518572593,0.288819900513883,-0.03697121836143007,6.8249253617173045
source_only,logg,2.0,2035,0.7,0.7032967032967034,64,0.2252121198084205,0.29690258370283346,-0.022994754360988787,5.985455015043925
source_only,logg,2.0,2035,0.5,0.5054945054945055,46,0.21935882566847664,0.2939879292972516,0.0053229273250999945,5.062653780269063
source_only,logg,2.5,2026,1.0,1.0,91,0.22353419146694975,0.34859494583254935,-0.005798250635464767,9.762260493310654
source_only,logg,2.5,2026,0.9,0.9010989010989011,82,0.21598621738514273,0.30987385794979205,-0.02416386342508987,8.537599196596723
source_only,logg,2.5,2026,0.8,0.8021978021978022,73,0.2213459902988177,0.3177907622581811,-0.02729634605994491,7.701791414869927
source_only,logg,2.5,2026,0.7,0.7032967032967034,64,0.23660851915366948,0.33374916173069236,-0.03408234234899277,6.995851207536973
source_only,logg,2.5,2026,0.5,0.5054945054945055,46,0.1910612643132173,0.2700801258126114,0.014920267866573479,5.558848251245054
source_only,logg,2.5,2027,1.0,1.0,91,0.22057551715509377,0.3157518974253134,-0.013338978079867435,9.764169769939048
source_only,logg,2.5,2027,0.9,0.9010989010989011,82,0.2126722299265184,0.28658871597950875,-0.0404538645940583,8.541050724489356
source_only,logg,2.5,2027,0.8,0.8021978021978022,73,0.21097984808356804,0.28154817752916717,-0.030388947604181593,7.431361177229289
source_only,logg,2.5,2027,0.7,0.7032967032967034,64,0.2078659671188023,0.27573567482508204,-0.010086753500315071,6.679885474935212
source_only,logg,2.5,2027,0.5,0.5054945054945055,46,0.1973005274499674,0.27011188309625417,-0.003113651547742926,5.795501128175306
source_only,logg,2.5,2028,1.0,1.0,91,0.23696124776269928,0.3480285814053552,-0.028751618682028027,10.07576187818279
source_only,logg,2.5,2028,0.9,0.9010989010989011,82,0.22573473928905122,0.3188241776461385,-0.04874422680313991,8.426511949152186
source_only,logg,2.5,2028,0.8,0.8021978021978022,73,0.22508162904956033,0.31989690235162616,-0.03660270286069063,7.997011204201343
source_only,logg,2.5,2028,0.7,0.7032967032967034,64,0.230670738721577,0.32698488514176566,-0.02012407963319366,7.118172459012666
source_only,logg,2.5,2028,0.5,0.5054945054945055,46,0.2194327445112278,0.32563847888974745,0.00848428579992127,5.626720895782511
source_only,logg,2.5,2029,1.0,1.0,91,0.24061569035053257,0.3641950638369656,-0.03659694399807486,9.988341121451285
source_only,logg,2.5,2029,0.9,0.9010989010989011,82,0.22995246552839518,0.3368541956659736,-0.045551030614027245,8.706239753300984
source_only,logg,2.5,2029,0.8,0.8021978021978022,73,0.23858093295195337,0.34655385199690475,-0.04871420258800751,7.401553967752931
source_only,logg,2.5,2029,0.7,0.7032967032967034,64,0.22012666923770063,0.3237843864875851,-0.037826570289520176,6.827580779281904
source_only,logg,2.5,2029,0.5,0.5054945054945055,46,0.19291835318872913,0.2901629488067129,0.00731086752120955,5.721195442060562
source_only,logg,2.5,2030,1.0,1.0,91,0.24020558138906736,0.36732678771873334,-0.04819133447640103,9.347401604281757
source_only,logg,2.5,2030,0.9,0.9010989010989011,82,0.23055707189368044,0.32810430863076123,-0.06774508625026637,8.444900595186647
source_only,logg,2.5,2030,0.8,0.8021978021978022,73,0.2371474060062405,0.3387017445882978,-0.07121410092942787,7.841159048355392
source_only,logg,2.5,2030,0.7,0.7032967032967034,64,0.23537024018354732,0.3360193694939964,-0.05345903059467676,7.1380220371210505
source_only,logg,2.5,2030,0.5,0.5054945054945055,46,0.2243315982516262,0.33328148508804833,-0.00782183080479719,5.668093636395261
source_only,logg,2.5,2031,1.0,1.0,91,0.24523263016899854,0.3671630258710228,-0.024430024944818923,10.091362394385497
source_only,logg,2.5,2031,0.9,0.9010989010989011,82,0.24130065530175107,0.3368475354000803,-0.04747129402388397,8.7655584794868
source_only,logg,2.5,2031,0.8,0.8021978021978022,73,0.2514514052350771,0.34828221806106946,-0.06064730959123672,7.655763285835449
source_only,logg,2.5,2031,0.7,0.7032967032967034,64,0.24569880574165545,0.33276795223999933,-0.02919191625434909,6.746024636019949
source_only,logg,2.5,2031,0.5,0.5054945054945055,46,0.23373177360365374,0.3272731377589556,0.018675598735394507,5.640851548672015
source_only,logg,2.5,2032,1.0,1.0,91,0.24336163619608223,0.37323843882918073,-0.027016923247457674,10.012908178173628
source_only,logg,2.5,2032,0.9,0.9010989010989011,82,0.23786044097649373,0.33267143368702534,-0.04728991855087309,8.455424956957712
source_only,logg,2.5,2032,0.8,0.8021978021978022,73,0.23788148139301504,0.3358257489843969,-0.040232714211831916,7.285385404245364
source_only,logg,2.5,2032,0.7,0.7032967032967034,64,0.24257267666359747,0.34487126444190463,-0.034030997700368444,6.624129484640036
source_only,logg,2.5,2032,0.5,0.5054945054945055,46,0.21565306991986619,0.3104013959306723,0.022665228249801942,5.791974542894893
source_only,logg,2.5,2033,1.0,1.0,91,0.2391512903865876,0.33656787747416356,-0.03556969226498303,10.224156478475612
source_only,logg,2.5,2033,0.9,0.9010989010989011,82,0.23274644052594642,0.32018829247000896,-0.058348625142399864,8.965124779792784
source_only,logg,2.5,2033,0.8,0.8021978021978022,73,0.24398207779208259,0.33344357081748605,-0.061471878098298516,7.937539894137409
source_only,logg,2.5,2033,0.7,0.7032967032967034,64,0.24362316157668823,0.3377034979188184,-0.05452354974113425,6.948486060651844
source_only,logg,2.5,2033,0.5,0.5054945054945055,46,0.2140816353391045,0.3048934220354894,-0.02820438052217193,5.503405768321757
source_only,logg,2.5,2034,1.0,1.0,91,0.22109359719486904,0.3310054717589068,-0.022928411444246496,10.375812099863094
source_only,logg,2.5,2034,0.9,0.9010989010989011,82,0.21407825976125588,0.3029160290314067,-0.038144399797528705,8.234417791995927
source_only,logg,2.5,2034,0.8,0.8021978021978022,73,0.21947681347120848,0.31221830130045114,-0.04389185697384627,7.671504468364513
source_only,logg,2.5,2034,0.7,0.7032967032967034,64,0.21600602625093104,0.31012692583786905,-0.024222382982261467,7.058189984054948
source_only,logg,2.5,2034,0.5,0.5054945054945055,46,0.1913223171903601,0.27169543516934236,-0.015072824227205196,5.622011585482624
source_only,logg,2.5,2035,1.0,1.0,91,0.21547647350437024,0.31068595432339025,-0.01668764192324411,10.157867265705947
source_only,logg,2.5,2035,0.9,0.9010989010989011,82,0.2119389209102808,0.281461563263561,-0.033865773239271424,8.117205464426622
source_only,logg,2.5,2035,0.8,0.8021978021978022,73,0.21766322225468324,0.2887171907523787,-0.037640363563141314,7.5556844027772865
source_only,logg,2.5,2035,0.7,0.7032967032967034,64,0.2134312565407403,0.2777424881556628,-0.010456905805816277,6.870458140845126
source_only,logg,2.5,2035,0.5,0.5054945054945055,46,0.21586107969284046,0.2906288531876665,0.009093623407509034,5.750820471385018
source_only,logg,3.0,2026,1.0,1.0,91,0.22985216606449288,0.36232560245769274,-0.016318361309421762,10.456858378287956
source_only,logg,3.0,2026,0.9,0.9010989010989011,82,0.21822448732649405,0.3173574435877758,-0.03164761234831999,9.266388699656307
source_only,logg,3.0,2026,0.8,0.8021978021978022,73,0.22521502889998965,0.32753608179325583,-0.03815741374884562,8.587218566775155
source_only,logg,3.0,2026,0.7,0.7032967032967034,64,0.24215907334660475,0.34510144596939224,-0.03996740732962881,7.795959393135333
source_only,logg,3.0,2026,0.5,0.5054945054945055,46,0.19565978609997267,0.2778695009756773,0.012050098500389931,6.250418674674447
source_only,logg,3.0,2027,1.0,1.0,91,0.22114495298910497,0.3169094307203956,-0.02102762884163603,10.173210040642722
source_only,logg,3.0,2027,0.9,0.9010989010989011,82,0.21202660917630048,0.2861553419469015,-0.04881948893026611,9.3413489494389
source_only,logg,3.0,2027,0.8,0.8021978021978022,73,0.20813022245283003,0.27693757381163225,-0.038047804543961145,8.262850717978283
source_only,logg,3.0,2027,0.7,0.7032967032967034,64,0.20050476324434094,0.26750007407755216,-0.02318984048130618,7.579387204411659
source_only,logg,3.0,2027,0.5,0.5054945054945055,46,0.20208539303014264,0.2714318498506687,0.0008570727511589923,6.370577047996463
source_only,logg,3.0,2028,1.0,1.0,91,0.24073844075312115,0.3509320908659129,-0.04294551928292233,10.275061650357646
source_only,logg,3.0,2028,0.9,0.9010989010989011,82,0.22961576110948395,0.3237044042500007,-0.06395138000811956,9.136730473283963
source_only,logg,3.0,2028,0.8,0.8021978021978022,73,0.23689820707660833,0.33155753375224956,-0.05856079275205221,8.794087260220953
source_only,logg,3.0,2028,0.7,0.7032967032967034,64,0.22926393100060535,0.32504065768547324,-0.03149090156890426,7.89778646279516
source_only,logg,3.0,2028,0.5,0.5054945054945055,46,0.2321752375947392,0.3348549989675005,-0.010284767554721866,6.216813915787123
source_only,logg,3.0,2029,1.0,1.0,91,0.2454077942467438,0.3757801705411557,-0.04679004293221696,11.393025708665595
source_only,logg,3.0,2029,0.9,0.9010989010989011,82,0.24861241535200382,0.3832327951062562,-0.0384168252712344,9.420139209727322
source_only,logg,3.0,2029,0.8,0.8021978021978022,73,0.23826085341983777,0.3493259338246256,-0.06173080135289956,8.224590741682722
source_only,logg,3.0,2029,0.7,0.7032967032967034,64,0.23048218800841566,0.33258751246407536,-0.06693975111624882,7.593021923256927
source_only,logg,3.0,2029,0.5,0.5054945054945055,46,0.19751298233650794,0.2962105300516984,-0.0030735076510392703,6.247524966618343
source_only,logg,3.0,2030,1.0,1.0,91,0.24668604538335914,0.370025626432467,-0.06142316499690851,10.371890187713984
source_only,logg,3.0,2030,0.9,0.9010989010989011,82,0.23707422644263385,0.3326292216794976,-0.08011578425280425,9.349970693353011
source_only,logg,3.0,2030,0.8,0.8021978021978022,73,0.24427153992190231,0.34237653616676117,-0.08623822922167697,8.482020624120443
source_only,logg,3.0,2030,0.7,0.7032967032967034,64,0.22430999958732495,0.32087451937391137,-0.04663643999490872,7.828602387073871
source_only,logg,3.0,2030,0.5,0.5054945054945055,46,0.22583991640935805,0.33519646197638436,-0.026632422547841237,6.491769419299752
source_only,logg,3.0,2031,1.0,1.0,91,0.24875404880051213,0.36710157029128493,-0.032511638838511395,10.92160958730312
source_only,logg,3.0,2031,0.9,0.9010989010989011,82,0.2417598152281793,0.3401390700050591,-0.05692070236535592,9.57367415974898
source_only,logg,3.0,2031,0.8,0.8021978021978022,73,0.24857928104732688,0.3490744770183427,-0.05319307007882169,8.494766424139284
source_only,logg,3.0,2031,0.7,0.7032967032967034,64,0.24635311920040615,0.338612557253781,-0.02723961433861434,7.667378298244554
source_only,logg,3.0,2031,0.5,0.5054945054945055,46,0.23776360738320643,0.3348207412409427,0.022677758221608512,6.183007121984955
source_only,logg,3.0,2032,1.0,1.0,91,0.24902079399361274,0.38769626597917617,-0.03085213933344709,9.996689244938604
source_only,logg,3.0,2032,0.9,0.9010989010989011,82,0.24063476751248034,0.3337421710056349,-0.053959936242762505,9.039650778819643
source_only,logg,3.0,2032,0.8,0.8021978021978022,73,0.23883612059975315,0.33454307172845466,-0.04158823428224744,8.304384407643614
source_only,logg,3.0,2032,0.7,0.7032967032967034,64,0.22766890576264515,0.32840909274936914,-0.02174676477132982,7.529674751594213
source_only,logg,3.0,2032,0.5,0.5054945054945055,46,0.2216140220800173,0.3168978264573939,0.014687237089526833,6.436216805174543
source_only,logg,3.0,2033,1.0,1.0,91,0.23998467746235064,0.34278142898578423,-0.047852220391179257,10.908050647722522
source_only,logg,3.0,2033,0.9,0.9010989010989011,82,0.23075270313799864,0.32627869753887406,-0.06733729519010567,9.536588570909386
source_only,logg,3.0,2033,0.8,0.8021978021978022,73,0.24287879443468013,0.33977538371912575,-0.06552371881187784,8.770684134823545
source_only,logg,3.0,2033,0.7,0.7032967032967034,64,0.25092931388101214,0.3497713382290477,-0.061598624212977876,7.816289326847242
source_only,logg,3.0,2033,0.5,0.5054945054945055,46,0.22581679598792725,0.3219578002449774,-0.03251362844005885,6.092995660668896
source_only,logg,3.0,2034,1.0,1.0,91,0.22411123844511785,0.3360410404024973,-0.02763371283973086,11.279507817164816
source_only,logg,3.0,2034,0.9,0.9010989010989011,82,0.2092082431161307,0.2970338438174957,-0.03885919563653988,9.28184708074344
source_only,logg,3.0,2034,0.8,0.8021978021978022,73,0.21082201256327435,0.303986113907161,-0.03291073666315643,8.412253403692825
source_only,logg,3.0,2034,0.7,0.7032967032967034,64,0.22071356396501257,0.3131818577726353,-0.03961532141081986,7.836325695157602
source_only,logg,3.0,2034,0.5,0.5054945054945055,46,0.18698094240997112,0.2715139182616939,-0.03379807570274325,6.278153457923509
source_only,logg,3.0,2035,1.0,1.0,91,0.2195407783177308,0.3184393199741436,-0.022938125336563094,11.034460048115337
source_only,logg,3.0,2035,0.9,0.9010989010989011,82,0.21032996110920968,0.2821171754750988,-0.03258476109160632,8.878620579198138
source_only,logg,3.0,2035,0.8,0.8021978021978022,73,0.21464135575376128,0.28813745682895314,-0.03223011722983836,8.060271639942316
source_only,logg,3.0,2035,0.7,0.7032967032967034,64,0.22995199947462727,0.303464962967059,-0.02673093947426728,7.571994233101748
source_only,logg,3.0,2035,0.5,0.5054945054945055,46,0.23885125934645748,0.32210748396216143,-0.015275329446447123,6.305183052501468
source_only,teff,1.25,2026,1.0,1.0,91,136.9947181159501,199.29324033299872,8.520276115892267,7.595953540392921
source_only,teff,1.25,2026,0.9,0.9010989010989011,82,136.46122753484505,200.2342227475419,-5.565585469812166,6.124241525429909
source_only,teff,1.25,2026,0.8,0.8021978021978022,73,140.7678964289142,208.3303316134083,-11.346296209744944,5.251438779024363
source_only,teff,1.25,2026,0.7,0.7032967032967034,64,138.29477939764706,195.98225822167393,-28.79229495525383,4.782856746988877
source_only,teff,1.25,2026,0.5,0.5054945054945055,46,118.50669266189384,164.0494689185664,-58.989700169218,4.176230137107247
source_only,teff,1.25,2027,1.0,1.0,91,128.04034623589712,190.80880824168617,13.318495607480864,7.301768273633678
source_only,teff,1.25,2027,0.9,0.9010989010989011,82,124.37890650431319,181.96059102557248,-2.9343667540511755,6.218371236368593
source_only,teff,1.25,2027,0.8,0.8021978021978022,73,125.15760900210024,187.27488684836183,-6.250697213786954,5.299859550873836
source_only,teff,1.25,2027,0.7,0.7032967032967034,64,119.71371105353032,173.8810339637327,-19.796131431261593,4.813270500325617
source_only,teff,1.25,2027,0.5,0.5054945054945055,46,101.8037807829482,145.16600083645451,-44.175565800321145,4.107816121653257
source_only,teff,1.25,2028,1.0,1.0,91,129.67149260244952,192.50697068783793,26.247076208093365,7.19975494162893
source_only,teff,1.25,2028,0.9,0.9010989010989011,82,125.47779708490133,184.79889627773926,10.701920354579237,5.841665698523388
source_only,teff,1.25,2028,0.8,0.8021978021978022,73,127.43810556211429,190.59816223061523,8.760412409533934,5.290426290845662
source_only,teff,1.25,2028,0.7,0.7032967032967034,64,119.48599417845404,173.08545597402534,-8.736725811958578,4.920438018306178
source_only,teff,1.25,2028,0.5,0.5054945054945055,46,106.17744050177947,140.69811390428762,-30.716233137932665,4.191171077129839
source_only,teff,1.25,2029,1.0,1.0,91,127.18287536621114,181.6404228004286,9.84954104692473,7.43271065055572
source_only,teff,1.25,2029,0.9,0.9010989010989011,82,128.11014642855034,181.88286464970383,-1.9206216715995086,6.15887433361101
source_only,teff,1.25,2029,0.8,0.8021978021978022,73,129.38663284371452,186.78969066218846,-14.703092598414807,5.2127650983139615
source_only,teff,1.25,2029,0.7,0.7032967032967034,64,121.48088380654666,172.4323389359259,-27.134464516640136,4.766042216869119
source_only,teff,1.25,2029,0.5,0.5054945054945055,46,109.99742527395053,155.43130030905252,-23.113474609817764,4.195555478478881
source_only,teff,1.25,2030,1.0,1.0,91,131.53080488379638,190.45116797679455,16.965816856076774,7.498974279667811
source_only,teff,1.25,2030,0.9,0.9010989010989011,82,129.69338365260197,188.97379106006326,3.0471530870887062,5.882754844074946
source_only,teff,1.25,2030,0.8,0.8021978021978022,73,133.27448536494023,195.9352079348691,-2.4337868997930894,5.220656246120714
source_only,teff,1.25,2030,0.7,0.7032967032967034,64,124.13911170959481,180.78609132074064,-19.410697186787942,4.781586212236554
source_only,teff,1.25,2030,0.5,0.5054945054945055,46,110.30344974904833,159.32656031593524,-32.8379098621312,4.255093035063522
source_only,teff,1.25,2031,1.0,1.0,91,131.90197030091872,187.99440649741655,15.667879362560448,7.784523425890308
source_only,teff,1.25,2031,0.9,0.9010989010989011,82,132.24179335927553,188.0006318995239,3.2761325495030125,6.284229588637379
source_only,teff,1.25,2031,0.8,0.8021978021978022,73,134.01098472978396,194.11405726663804,-5.4247415244742605,5.4003021566695
source_only,teff,1.25,2031,0.7,0.7032967032967034,64,127.91464076677923,182.860033294385,-17.424366381963182,4.789124825274431
source_only,teff,1.25,2031,0.5,0.5054945054945055,46,113.10727690986936,145.99433892844516,-22.720798342055232,4.083913249791167
source_only,teff,1.25,2032,1.0,1.0,91,130.85844293279968,188.74228785533435,16.273033512101257,7.547449430283151
source_only,teff,1.25,2032,0.9,0.9010989010989011,82,128.87153653152598,186.61113511325635,1.977297654810716,5.841991784408138
source_only,teff,1.25,2032,0.8,0.8021978021978022,73,129.957858817044,191.41679451816213,-7.443709418588833,5.282772774952778
source_only,teff,1.25,2032,0.7,0.7032967032967034,64,116.31236380736038,170.58252945064106,-18.688627686500787,4.808092747784171
source_only,teff,1.25,2032,0.5,0.5054945054945055,46,109.17305469015379,149.01259280590978,-34.02218737616075,4.187996330058906
source_only,teff,1.25,2033,1.0,1.0,91,132.04366265153723,196.07323063017418,13.753135265308279,8.00333684812959
source_only,teff,1.25,2033,0.9,0.9010989010989011,82,130.8697598862068,195.60256366618052,1.703379576147887,6.078990390905785
source_only,teff,1.25,2033,0.8,0.8021978021978022,73,130.41644299093454,199.95143174473057,-7.765052643519227,5.555764122161868
source_only,teff,1.25,2033,0.7,0.7032967032967034,64,127.69825586795811,187.81176153603263,-26.026767802238723,4.740471913590458
source_only,teff,1.25,2033,0.5,0.5054945054945055,46,107.05835319850767,150.64108854501558,-52.83250901153127,4.220627678521284
source_only,teff,1.25,2034,1.0,1.0,91,123.33973017765966,176.89548999597602,13.596113381856961,7.554604682182063
source_only,teff,1.25,2034,0.9,0.9010989010989011,82,122.89026453529962,175.82848286541557,1.142323139469343,5.754142841194796
source_only,teff,1.25,2034,0.8,0.8021978021978022,73,124.8215233901216,181.57698141734937,-8.711636843050394,5.35012496462915
source_only,teff,1.25,2034,0.7,0.7032967032967034,64,114.93778630733536,162.85671279885815,-20.031600855192025,4.872602953373041
source_only,teff,1.25,2034,0.5,0.5054945054945055,46,101.24974610038471,135.11766116358547,-43.36348702914529,4.197739918822267
source_only,teff,1.25,2035,1.0,1.0,91,129.01186125255748,187.99693540772992,17.502727117852658,7.186187627265039
source_only,teff,1.25,2035,0.9,0.9010989010989011,82,128.52875672006982,185.7020423839101,4.780815180336409,6.15228875428727
source_only,teff,1.25,2035,0.8,0.8021978021978022,73,127.38540770090866,189.74035133693184,-4.777197293495036,5.1806555210800695
source_only,teff,1.25,2035,0.7,0.7032967032967034,64,119.3603227647144,171.60912970665134,-19.98825517018637,4.704678132336735
source_only,teff,1.25,2035,0.5,0.5054945054945055,46,99.10458061328816,138.50550333689745,-38.47207756595326,4.213052058388503
source_only,teff,1.5,2026,1.0,1.0,91,147.82335770715312,211.7655754784889,4.445660800584052,8.101802284407299
source_only,teff,1.5,2026,0.9,0.9010989010989011,82,146.61691534523104,212.43639135517026,-12.050705578812257,6.53125226598326
source_only,teff,1.5,2026,0.8,0.8021978021978022,73,149.51414097755503,219.73319664035682,-19.77876639170238,5.743702848152076
source_only,teff,1.5,2026,0.7,0.7032967032967034,64,146.42470303694444,206.20422571957812,-38.74818529605915,5.031491137391894
source_only,teff,1.5,2026,0.5,0.5054945054945055,46,113.89309314893676,152.3747678181245,-50.93651593415679,4.455503200688046
source_only,teff,1.5,2027,1.0,1.0,91,136.95997090769328,202.05269561569608,7.534793852082798,7.919490138868574
source_only,teff,1.5,2027,0.9,0.9010989010989011,82,133.45491714725637,192.63764102951657,-10.17546226811624,6.620703595504675
source_only,teff,1.5,2027,0.8,0.8021978021978022,73,134.1226697292937,196.8581585999037,-13.562306820943695,5.645051070930792
source_only,teff,1.5,2027,0.7,0.7032967032967034,64,117.71312179406482,172.79593663233993,-20.104456855456284,5.219869737375622
source_only,teff,1.5,2027,0.5,0.5054945054945055,46,105.46384993622264,151.91829596248286,-47.26312300308914,4.388948658652711
source_only,teff,1.5,2028,1.0,1.0,91,136.76461826534074,198.50518620879515,24.573649854275697,7.441055143678593
source_only,teff,1.5,2028,0.9,0.9010989010989011,82,130.12235527720892,188.4507075137964,5.617743991758716,6.487863138087752
source_only,teff,1.5,2028,0.8,0.8021978021978022,73,133.96024159470664,195.45285802144735,3.2669975594296985,5.777396317878333
source_only,teff,1.5,2028,0.7,0.7032967032967034,64,124.99945479393023,176.89808198482956,-9.741610660553043,5.352295504849262
source_only,teff,1.5,2028,0.5,0.5054945054945055,46,99.3125540647645,130.87036185401465,-43.28254882370224,4.423260122493148
source_only,teff,1.5,2029,1.0,1.0,91,133.73499785594467,187.63607701102893,4.320332845051546,7.888840040386634
source_only,teff,1.5,2029,0.9,0.9010989010989011,82,136.28220895038402,188.6824139818362,-6.666519297778727,6.692795730054376
source_only,teff,1.5,2029,0.8,0.8021978021978022,73,139.8969032392112,195.58576164851883,-20.675640820368848,5.707595947577387
source_only,teff,1.5,2029,0.7,0.7032967032967034,64,126.80321699937198,176.11049320475826,-26.632318275770103,5.212789020301196
source_only,teff,1.5,2029,0.5,0.5054945054945055,46,111.4357377845653,157.08775895683797,-36.16010073675678,4.529659948634247
source_only,teff,1.5,2030,1.0,1.0,91,136.11491832355884,195.39084260393201,12.956214446462367,7.788177566200479
source_only,teff,1.5,2030,0.9,0.9010989010989011,82,136.40673314412444,195.62375766982598,2.9644155375161385,6.384441976212087
source_only,teff,1.5,2030,0.8,0.8021978021978022,73,140.81940033098348,202.80775980513636,-6.493430368083932,5.720804615903009
source_only,teff,1.5,2030,0.7,0.7032967032967034,64,120.06042772928885,173.73625972146334,-20.344160343806138,5.381034517365968
source_only,teff,1.5,2030,0.5,0.5054945054945055,46,112.54113095490848,161.60261617790238,-28.472990160955877,4.478937068395142
source_only,teff,1.5,2031,1.0,1.0,91,146.38791939871643,199.73209865025515,14.12846934559573,8.321149489280906
source_only,teff,1.5,2031,0.9,0.9010989010989011,82,153.9614980309958,208.14581887655518,7.302439877889954,7.015481661009989
source_only,teff,1.5,2031,0.8,0.8021978021978022,73,151.9673466916714,208.45905946339005,-1.919916282897721,5.874681757112707
source_only,teff,1.5,2031,0.7,0.7032967032967034,64,144.04432226816795,195.19561299150791,-17.470072298049992,5.225359539546237
source_only,teff,1.5,2031,0.5,0.5054945054945055,46,123.05196123427221,154.2008576844226,-39.71919063623399,4.38056460196862
source_only,teff,1.5,2032,1.0,1.0,91,140.30017866532881,198.46078805330572,11.86182038583142,7.974018256932847
source_only,teff,1.5,2032,0.9,0.9010989010989011,82,136.85376421920648,195.69668952175522,-5.282166452795731,6.209187597422856
source_only,teff,1.5,2032,0.8,0.8021978021978022,73,137.5993913666188,200.678019416387,-15.935709034819846,5.7427848573071865
source_only,teff,1.5,2032,0.7,0.7032967032967034,64,127.14974430243157,178.99553550627513,-28.61092461744957,5.129449666847407
source_only,teff,1.5,2032,0.5,0.5054945054945055,46,115.50056327930382,155.13377544741124,-42.74882581185607,4.421747125299416
source_only,teff,1.5,2033,1.0,1.0,91,143.0437629928869,210.3111999993883,6.793425155472016,8.463532096833363
source_only,teff,1.5,2033,0.9,0.9010989010989011,82,140.55165678939207,209.6119360057435,-5.324918183117333,6.674516320088836
source_only,teff,1.5,2033,0.8,0.8021978021978022,73,145.9039046753487,218.86107566244533,-14.19870155648009,5.992240136365584
source_only,teff,1.5,2033,0.7,0.7032967032967034,64,131.13528912862148,192.4046395992001,-31.05914804458623,5.282975990628511
source_only,teff,1.5,2033,0.5,0.5054945054945055,46,128.54248839447465,197.58337760251734,-47.45082955623037,4.481834704015087
source_only,teff,1.5,2034,1.0,1.0,91,130.42402091113664,183.7142201522182,11.651127493721676,7.946028508039404
source_only,teff,1.5,2034,0.9,0.9010989010989011,82,129.2180981953941,182.7207764111548,-1.0838073544390372,6.309958649773496
source_only,teff,1.5,2034,0.8,0.8021978021978022,73,133.887309699908,189.87148391110205,-11.602852377696047,5.945023834129496
source_only,teff,1.5,2034,0.7,0.7032967032967034,64,118.96011358737967,165.3412711342731,-17.720364403725114,5.141623911523283
source_only,teff,1.5,2034,0.5,0.5054945054945055,46,98.56237379433465,134.8366855806954,-44.906653154898684,4.45608793321318
source_only,teff,1.5,2035,1.0,1.0,91,140.5594640543172,198.5807581650473,16.3579911217321,7.609905598216215
source_only,teff,1.5,2035,0.9,0.9010989010989011,82,139.91782187609164,195.45939428861288,2.084479963100842,6.632161288945155
source_only,teff,1.5,2035,0.8,0.8021978021978022,73,138.6047379557291,199.20924194818255,-8.662304576020444,5.803954647949827
source_only,teff,1.5,2035,0.7,0.7032967032967034,64,136.10324727694177,199.36704002767095,-7.132923383712928,5.068697651931169
source_only,teff,1.5,2035,0.5,0.5054945054945055,46,99.32628462197108,132.52780152966443,-39.77013029679,4.5652093689442514
source_only,teff,2.0,2026,1.0,1.0,91,171.06151830428686,239.12358688072018,-0.6764689060534922,9.034792059723255
source_only,teff,2.0,2026,0.9,0.9010989010989011,82,170.02391364244903,239.88738945796808,-10.74234560462547,7.6828860150503
source_only,teff,2.0,2026,0.8,0.8021978021978022,73,172.36696429526967,245.46037164466958,-23.873103818850137,6.733942685336873
source_only,teff,2.0,2026,0.7,0.7032967032967034,64,162.98381471792857,228.55476695066716,-56.72075456142445,6.070880234433099
source_only,teff,2.0,2026,0.5,0.5054945054945055,46,137.1873300369929,199.21145318821027,-48.71001152370302,5.009015806455158
source_only,teff,2.0,2027,1.0,1.0,91,157.29782158820169,225.73312509188918,1.8204508597683433,8.702504128178683
source_only,teff,2.0,2027,0.9,0.9010989010989011,82,150.93513374266564,214.92154781047867,-21.606826455961592,7.651889634983364
source_only,teff,2.0,2027,0.8,0.8021978021978022,73,148.3759733588508,215.30409081644981,-22.112863561900404,6.85433283808765
source_only,teff,2.0,2027,0.7,0.7032967032967034,64,133.62990629672976,192.14296767925399,-21.174325292905237,5.981627401139651
source_only,teff,2.0,2027,0.5,0.5054945054945055,46,105.18501603278511,152.40002967053388,-59.79791324339082,5.146466432788483
source_only,teff,2.0,2028,1.0,1.0,91,155.54089772206942,219.9520853928046,27.36152305072046,8.974234565737644
source_only,teff,2.0,2028,0.9,0.9010989010989011,82,149.2271519991247,210.71955647599944,10.204978299024715,7.50317689844879
source_only,teff,2.0,2028,0.8,0.8021978021978022,73,147.11441065122,213.56872065580023,0.32886124005599787,6.837870515456976
source_only,teff,2.0,2028,0.7,0.7032967032967034,64,147.8950834973653,219.38683804496637,-4.637466990152852,6.137653449499556
source_only,teff,2.0,2028,0.5,0.5054945054945055,46,123.27178697669002,185.03632686320006,-21.20162162449031,5.016860009347914
source_only,teff,2.0,2029,1.0,1.0,91,155.49242362221506,212.908258896845,-0.2392914544973062,8.581816086568676
source_only,teff,2.0,2029,0.9,0.9010989010989011,82,160.29328079099568,219.4343468710372,-11.555692064239215,7.867344913260719
source_only,teff,2.0,2029,0.8,0.8021978021978022,73,159.13827279147475,217.76839478667617,-21.12021695350447,6.479538249670633
source_only,teff,2.0,2029,0.7,0.7032967032967034,64,145.28204330921153,208.38398743876292,-22.4467311716084,5.972827076360004
source_only,teff,2.0,2029,0.5,0.5054945054945055,46,124.64127097530631,173.8567483047339,-54.946082876454646,5.087927370915993
source_only,teff,2.0,2030,1.0,1.0,91,149.49830657511828,212.29621083752602,14.052180266328003,8.631227027742215
source_only,teff,2.0,2030,0.9,0.9010989010989011,82,145.2680692433922,208.7436244633781,-4.091561933067685,7.619213156892981
source_only,teff,2.0,2030,0.8,0.8021978021978022,73,149.08655571924476,215.27213556465188,-14.117006891677287,6.840304659687585
source_only,teff,2.0,2030,0.7,0.7032967032967034,64,139.62962939898148,197.006533916102,-23.200304400126015,6.005026747713752
source_only,teff,2.0,2030,0.5,0.5054945054945055,46,134.77155341327992,197.32319604298593,-13.805295381407513,5.07227463123882
source_only,teff,2.0,2031,1.0,1.0,91,164.58843977149166,216.3928148047152,9.944321555113179,9.519827207064964
source_only,teff,2.0,2031,0.9,0.9010989010989011,82,164.4095272988421,218.22304643470378,-7.2077258437242415,7.920404782427695
source_only,teff,2.0,2031,0.8,0.8021978021978022,73,168.24675343134632,225.28799269011867,-18.028750468214962,6.695324075273736
source_only,teff,2.0,2031,0.7,0.7032967032967034,64,152.42234532515192,206.32612266359192,-19.475321164131195,5.868073813558603
source_only,teff,2.0,2031,0.5,0.5054945054945055,46,136.57031708869386,170.7348000789557,-58.43414741184412,5.001989157194174
source_only,teff,2.0,2032,1.0,1.0,91,163.30679338280555,223.87830425731192,8.822894495030946,8.675090094390276
source_only,teff,2.0,2032,0.9,0.9010989010989011,82,156.62364806632704,218.47162344000807,-14.815800699374073,7.306536044989815
source_only,teff,2.0,2032,0.8,0.8021978021978022,73,155.0234769039067,212.89071189888574,-12.375550964913401,6.511738751213215
source_only,teff,2.0,2032,0.7,0.7032967032967034,64,139.39453505674996,191.43689042645323,-28.693445223172944,5.8826229889534805
source_only,teff,2.0,2032,0.5,0.5054945054945055,46,135.2920675460151,192.1453067644203,-44.91094422492446,5.109259713585862
source_only,teff,2.0,2033,1.0,1.0,91,165.0684314915026,243.1453994543343,-0.14428324046148092,9.298535234165968
source_only,teff,2.0,2033,0.9,0.9010989010989011,82,162.44035712885685,243.04203088996047,-18.657344195358107,7.814196084922462
source_only,teff,2.0,2033,0.8,0.8021978021978022,73,168.48426316910152,253.8867198778095,-30.269489835277497,6.946439661494909
source_only,teff,2.0,2033,0.7,0.7032967032967034,64,146.95106397946688,216.92055034889654,-50.615159797668554,6.091286789289568
source_only,teff,2.0,2033,0.5,0.5054945054945055,46,138.54195251907132,207.09576655482508,-52.65590664186372,5.041177312405656
source_only,teff,2.0,2034,1.0,1.0,91,150.4620971858547,204.35360860466395,15.03342401637238,9.59351479517519
source_only,teff,2.0,2034,0.9,0.9010989010989011,82,145.96017638415844,199.30184163997916,-4.145157959480857,7.522209258969362
source_only,teff,2.0,2034,0.8,0.8021978021978022,73,141.19982720362017,191.75960770488305,-9.353801472982063,6.814040589962521
source_only,teff,2.0,2034,0.7,0.7032967032967034,64,133.62304292837803,187.02720862415012,-14.607609810829494,6.2003207471410535
source_only,teff,2.0,2034,0.5,0.5054945054945055,46,115.67067134249065,163.16551847188984,-39.40464480635072,4.8828143861762685
source_only,teff,2.0,2035,1.0,1.0,91,159.58694623003956,219.9078781881182,17.67669909354933,8.57385397521364
source_only,teff,2.0,2035,0.9,0.9010989010989011,82,152.16802007163443,209.74619099936206,-3.7098697916671273,7.355608076772894
source_only,teff,2.0,2035,0.8,0.8021978021978022,73,156.3219252048998,216.87125274968824,-9.406026145900627,6.8249253617173045
source_only,teff,2.0,2035,0.7,0.7032967032967034,64,152.42282974402107,218.56983860925604,-28.424944914182568,5.985455015043925
source_only,teff,2.0,2035,0.5,0.5054945054945055,46,126.37774676115625,174.29192609998657,-15.040957652659195,5.062653780269063
source_only,teff,2.5,2026,1.0,1.0,91,201.21807492322554,275.8398059128671,-2.1504053505698892,9.762260493310654
source_only,teff,2.5,2026,0.9,0.9010989010989011,82,201.06554200583372,277.5064315608295,-15.60840898591329,8.537599196596723
source_only,teff,2.5,2026,0.8,0.8021978021978022,73,198.60680342304124,278.5107603574648,-35.12242862649173,7.701791414869927
source_only,teff,2.5,2026,0.7,0.7032967032967034,64,198.74385315259315,284.36771639532816,-40.54755915323918,6.995851207536973
source_only,teff,2.5,2026,0.5,0.5054945054945055,46,158.01336226090166,226.63342265277674,-68.3552129220273,5.558848251245054
source_only,teff,2.5,2027,1.0,1.0,91,183.32628509745084,259.52626041089434,5.001813073909374,9.764169769939048
source_only,teff,2.5,2027,0.9,0.9010989010989011,82,176.50956426356882,250.9076720489853,-21.387105908897883,8.541050724489356
source_only,teff,2.5,2027,0.8,0.8021978021978022,73,171.81618998209655,247.56233979453302,-24.61891041655527,7.431361177229289
source_only,teff,2.5,2027,0.7,0.7032967032967034,64,151.33315395355243,220.20182347253402,-24.67683180173242,6.679885474935212
source_only,teff,2.5,2027,0.5,0.5054945054945055,46,130.99155528856377,191.50420476687356,-55.76055904443733,5.795501128175306
source_only,teff,2.5,2028,1.0,1.0,91,175.86806534092946,239.810048679707,30.519589645888946,10.07576187818279
source_only,teff,2.5,2028,0.9,0.9010989010989011,82,168.26638343749016,229.82549150175956,11.893788071299236,8.426511949152186
source_only,teff,2.5,2028,0.8,0.8021978021978022,73,162.44453199970124,228.96875299057962,5.217612786837528,7.997011204201343
source_only,teff,2.5,2028,0.7,0.7032967032967034,64,161.81638742129016,233.48303334204974,1.5404342142742706,7.118172459012666
source_only,teff,2.5,2028,0.5,0.5054945054945055,46,134.16643176534907,194.42260520681154,-27.316135722726862,5.626720895782511
source_only,teff,2.5,2029,1.0,1.0,91,180.70406239603906,242.24796757611654,2.13726352006911,9.988341121451285
source_only,teff,2.5,2029,0.9,0.9010989010989011,82,182.3506114333239,246.10966501367005,-15.814982441228157,8.706239753300984
source_only,teff,2.5,2029,0.8,0.8021978021978022,73,180.35558426112348,244.17777471393015,-25.22953171403499,7.401553967752931
source_only,teff,2.5,2029,0.7,0.7032967032967034,64,167.79672822316496,233.48865182145488,-22.129692764282865,6.827580779281904
source_only,teff,2.5,2029,0.5,0.5054945054945055,46,147.14638426186409,203.4350719239696,-49.1894324194873,5.721195442060562
source_only,teff,2.5,2030,1.0,1.0,91,171.00057744623555,235.81817342514594,18.701912164373685,9.347401604281757
source_only,teff,2.5,2030,0.9,0.9010989010989011,82,160.46377581340522,224.09726724004886,-8.226559001643542,8.444900595186647
source_only,teff,2.5,2030,0.8,0.8021978021978022,73,159.24217277631365,226.77784953790973,-22.669734993155377,7.841159048355392
source_only,teff,2.5,2030,0.7,0.7032967032967034,64,143.28401556809746,199.2665794157279,-23.39594911098491,7.1380220371210505
source_only,teff,2.5,2030,0.5,0.5054945054945055,46,145.74353610273712,204.63361090841894,-28.356072409809524,5.668093636395261
source_only,teff,2.5,2031,1.0,1.0,91,181.77319837297696,239.58068022156198,17.283323137332232,10.091362394385497
source_only,teff,2.5,2031,0.9,0.9010989010989011,82,174.00723529846675,234.28730188733806,-8.536406731334099,8.7655584794868
source_only,teff,2.5,2031,0.8,0.8021978021978022,73,180.05584030360367,242.0405595102508,-22.599875008918364,7.655763285835449
source_only,teff,2.5,2031,0.7,0.7032967032967034,64,160.7835782591499,214.98781851260694,-23.825249532063737,6.746024636019949
source_only,teff,2.5,2031,0.5,0.5054945054945055,46,163.63381892770948,220.13952442961045,-55.37172222413867,5.640851548672015
source_only,teff,2.5,2032,1.0,1.0,91,186.09909887740042,256.9099786064106,12.108050937303078,10.012908178173628
source_only,teff,2.5,2032,0.9,0.9010989010989011,82,175.9698766841735,242.56923891392478,-17.11774968837358,8.455424956957712
source_only,teff,2.5,2032,0.8,0.8021978021978022,73,160.97966472608326,221.10183139129632,-18.288840221945247,7.285385404245364
source_only,teff,2.5,2032,0.7,0.7032967032967034,64,158.12009950955706,221.94987579021478,-20.420401929219828,6.624129484640036
source_only,teff,2.5,2032,0.5,0.5054945054945055,46,157.70124316229314,220.20326247886334,-48.813986007027104,5.791974542894893
source_only,teff,2.5,2033,1.0,1.0,91,190.51986777392963,274.7809003396115,2.4864903678476615,10.224156478475612
source_only,teff,2.5,2033,0.9,0.9010989010989011,82,188.12020262679465,276.6175765143754,-20.236370152418942,8.965124779792784
source_only,teff,2.5,2033,0.8,0.8021978021978022,73,187.30885253766928,280.5827201451458,-40.982134977715,7.937539894137409
source_only,teff,2.5,2033,0.7,0.7032967032967034,64,158.86005791823106,228.8484158447644,-49.20792484124495,6.948486060651844
source_only,teff,2.5,2033,0.5,0.5054945054945055,46,157.71443799226202,228.55083347843896,-64.72121912638363,5.503405768321757
source_only,teff,2.5,2034,1.0,1.0,91,169.18573896470954,226.2079660085672,21.426404811314068,10.375812099863094
source_only,teff,2.5,2034,0.9,0.9010989010989011,82,159.29864284856527,211.75120830690807,-4.678179199715087,8.234417791995927
source_only,teff,2.5,2034,0.8,0.8021978021978022,73,156.0304318056149,213.86957676771112,-21.210488922258726,7.671504468364513
source_only,teff,2.5,2034,0.7,0.7032967032967034,64,143.8545139201481,195.38712824225678,-21.240350683530316,7.058189984054948
source_only,teff,2.5,2034,0.5,0.5054945054945055,46,130.737550714465,175.80575963661235,-46.38986991329476,5.622011585482624
source_only,teff,2.5,2035,1.0,1.0,91,188.46615714831205,258.66824507783883,23.277631462571986,10.157867265705947
source_only,teff,2.5,2035,0.9,0.9010989010989011,82,186.40421300252248,260.2929872380964,11.486131550858417,8.117205464426622
source_only,teff,2.5,2035,0.8,0.8021978021978022,73,179.46774205595355,249.71140840580674,-11.190997540199906,7.5556844027772865
source_only,teff,2.5,2035,0.7,0.7032967032967034,64,163.0005887540177,229.39025164010474,-14.479117317200014,6.870458140845126
source_only,teff,2.5,2035,0.5,0.5054945054945055,46,136.19776690718032,184.96620774943426,-23.91119934745485,5.750820471385018
source_only,teff,3.0,2026,1.0,1.0,91,229.3059242086445,303.911846684368,5.723789909838071,10.456858378287956
source_only,teff,3.0,2026,0.9,0.9010989010989011,82,223.3601451445788,303.54637290642216,-15.787712573539766,9.266388699656307
source_only,teff,3.0,2026,0.8,0.8021978021978022,73,224.25834867991267,306.97461698405544,-43.72737119491772,8.587218566775155
source_only,teff,3.0,2026,0.7,0.7032967032967034,64,221.25818513552352,311.9893297715653,-60.04372325897207,7.795959393135333
source_only,teff,3.0,2026,0.5,0.5054945054945055,46,174.46732542839598,246.82674968999595,-81.99596978892444,6.250418674674447
source_only,teff,3.0,2027,1.0,1.0,91,205.72115876138432,278.64942166601094,2.788772163810276,10.173210040642722
source_only,teff,3.0,2027,0.9,0.9010989010989011,82,196.18393605922293,270.1334058556679,-29.021517360036093,9.3413489494389
source_only,teff,3.0,2027,0.8,0.8021978021978022,73,184.35928248017882,257.98276644682426,-21.828610048337634,8.262850717978283
source_only,teff,3.0,2027,0.7,0.7032967032967034,64,171.05476340770713,249.4657654948962,-9.341510901451151,7.579387204411659
source_only,teff,3.0,2027,0.5,0.5054945054945055,46,155.23332188924152,215.17813304071862,-60.18097176593284,6.370577047996463
source_only,teff,3.0,2028,1.0,1.0,91,204.89861471993584,272.4146343813843,48.445187356690276,10.275061650357646
source_only,teff,3.0,2028,0.9,0.9010989010989011,82,198.20053148719353,267.8442408903653,25.5975127181386,9.136730473283963
source_only,teff,3.0,2028,0.8,0.8021978021978022,73,185.15472814411874,252.97209038239131,6.607804812078559,8.794087260220953
source_only,teff,3.0,2028,0.7,0.7032967032967034,64,169.05975966135662,237.66913316776586,-15.71083544731136,7.89778646279516
source_only,teff,3.0,2028,0.5,0.5054945054945055,46,145.55520872917754,204.9173072844998,-31.108616467904273,6.216813915787123
source_only,teff,3.0,2029,1.0,1.0,91,207.52164478679316,275.54241241647554,15.401363195621823,11.393025708665595
source_only,teff,3.0,2029,0.9,0.9010989010989011,82,204.89643712237643,276.5517038605895,-8.31021683855773,9.420139209727322
source_only,teff,3.0,2029,0.8,0.8021978021978022,73,194.82014265225945,264.2115093021354,-22.926674924528402,8.224590741682722
source_only,teff,3.0,2029,0.7,0.7032967032967034,64,178.85930892308585,244.48553623905502,-22.27738865852372,7.593021923256927
source_only,teff,3.0,2029,0.5,0.5054945054945055,46,158.4549478967641,213.2205915832166,-56.1994617517446,6.247524966618343
source_only,teff,3.0,2030,1.0,1.0,91,197.30435130472125,265.3692781698878,30.04897735148549,10.371890187713984
source_only,teff,3.0,2030,0.9,0.9010989010989011,82,184.33363771267994,250.8946697411318,3.320859025164221,9.349970693353011
source_only,teff,3.0,2030,0.8,0.8021978021978022,73,179.75399659039184,251.37529904729746,-22.38493563159981,8.482020624120443
source_only,teff,3.0,2030,0.7,0.7032967032967034,64,156.1414539353049,213.34995597285834,-8.442929584185464,7.828602387073871
source_only,teff,3.0,2030,0.5,0.5054945054945055,46,151.56734361510317,212.48980987094333,-27.082520086316276,6.491769419299752
source_only,teff,3.0,2031,1.0,1.0,91,199.26299386943208,256.1940017345342,20.2325483575058,10.92160958730312
source_only,teff,3.0,2031,0.9,0.9010989010989011,82,186.0988079288141,243.64813517659616,-12.58132062710411,9.57367415974898
source_only,teff,3.0,2031,0.8,0.8021978021978022,73,176.13504324299004,232.74860213185215,-15.89637512207038,8.494766424139284
source_only,teff,3.0,2031,0.7,0.7032967032967034,64,168.20682861487055,225.36369151989558,-22.939684503873245,7.667378298244554
source_only,teff,3.0,2031,0.5,0.5054945054945055,46,178.29959547402188,235.33906968727985,-60.41566538492837,6.183007121984955
source_only,teff,3.0,2032,1.0,1.0,91,203.50640123080865,276.0898189788129,19.753805441384685,9.996689244938604
source_only,teff,3.0,2032,0.9,0.9010989010989011,82,195.24772539960674,265.25507657464846,-8.672838220363774,9.039650778819643
source_only,teff,3.0,2032,0.8,0.8021978021978022,73,175.67310208115958,238.53951240307563,-18.391977194868872,8.304384407643614
source_only,teff,3.0,2032,0.7,0.7032967032967034,64,168.99752602736152,234.20075194058003,-22.600287257830452,7.529674751594213
source_only,teff,3.0,2032,0.5,0.5054945054945055,46,163.3440233954829,223.02738207097832,-51.49654437300096,6.436216805174543
source_only,teff,3.0,2033,1.0,1.0,91,219.35216591412336,303.3930663328927,14.802123169392166,10.908050647722522
source_only,teff,3.0,2033,0.9,0.9010989010989011,82,220.291858224016,308.0963910830556,-3.4751360848282196,9.536588570909386
source_only,teff,3.0,2033,0.8,0.8021978021978022,73,214.01800165185116,308.02021860899214,-28.590792011975488,8.770684134823545
source_only,teff,3.0,2033,0.7,0.7032967032967034,64,178.73115342775995,248.56758445183598,-51.17786100069714,7.816289326847242
source_only,teff,3.0,2033,0.5,0.5054945054945055,46,191.22926204294413,257.4802882561536,-65.17825456923359,6.092995660668896
source_only,teff,3.0,2034,1.0,1.0,91,183.7648946774662,246.29377236213503,30.83955299461286,11.279507817164816
source_only,teff,3.0,2034,0.9,0.9010989010989011,82,168.53271103153392,221.95332321709557,-1.177119372608176,9.28184708074344
source_only,teff,3.0,2034,0.8,0.8021978021978022,73,165.4975610449108,223.71368361601972,-14.508173871323404,8.412253403692825
source_only,teff,3.0,2034,0.7,0.7032967032967034,64,154.4743540795644,209.24495299054354,-20.291673692067455,7.836325695157602
source_only,teff,3.0,2034,0.5,0.5054945054945055,46,132.6519470590783,178.4419764292817,-48.73089571966653,6.278153457923509
source_only,teff,3.0,2035,1.0,1.0,91,215.0322280112463,296.6167947714968,38.04476182874728,11.034460048115337
source_only,teff,3.0,2035,0.9,0.9010989010989011,82,206.6769468316796,291.6663668787677,12.59558491900668,8.878620579198138
source_only,teff,3.0,2035,0.8,0.8021978021978022,73,201.043594053782,290.13665730844326,10.814881218339707,8.060271639942316
source_only,teff,3.0,2035,0.7,0.7032967032967034,64,189.2685739135739,272.82743708953956,-9.749626684188947,7.571994233101748
source_only,teff,3.0,2035,0.5,0.5054945054945055,46,157.4127431941376,225.87006714626852,-46.89475533305747,6.305183052501468
