model,target,noise_factor,seed,subgroup_dimension,subgroup,n,bias,mae,rmse,scatter,r2
noise_augmented,feh,1.25,2026,temperature_regime,cool_<4000,26,0.054706239729996026,0.16834725396188469,0.20026127224978413,0.22163793449063313,0.4289499839240224
noise_augmented,feh,1.25,2026,temperature_regime,mid_4000_6000,55,-0.020412010915140385,0.19283617923579807,0.25133440039558763,0.223852969370753,0.44317582142578116
noise_augmented,feh,1.25,2026,temperature_regime,hot_>6000,10,0.17789849727122728,0.3527858875384552,0.4358574040010818,0.49075706250336265,0.4513823935643677
noise_augmented,feh,1.25,2026,gravity_regime,dwarf_>=3.5,88,0.023330495905707946,0.20415983311336577,0.2670362697703157,0.23211028256982771,0.6805356608712622
noise_augmented,feh,1.25,2026,metallicity_regime,intermediate,44,0.07839465886186711,0.2122472371807725,0.27135353872512163,0.21123677342288674,-0.296897786216908
noise_augmented,feh,1.25,2026,metallicity_regime,metal_rich_>=-0.5,42,-0.09527000459420473,0.1557461212384419,0.19264474627923064,0.1715162385877557,0.03522046968224868
noise_augmented,feh,1.25,2026,snr_regime,snr_<15,26,0.04346752667039079,0.19694725579359262,0.23512753654855192,0.25756488617358086,0.753822943172487
noise_augmented,feh,1.25,2026,snr_regime,snr_15_30,41,0.04175042858034427,0.18544420659156596,0.24469699398927858,0.2068401417290052,0.6512931446975786
noise_augmented,feh,1.25,2026,snr_regime,snr_>=30,24,-0.03180152749436783,0.24112650897811805,0.32431847931448865,0.22431048453856278,0.6811822951598161
noise_augmented,feh,1.25,2027,temperature_regime,cool_<4000,26,0.059309849365506956,0.16198850652925673,0.1964525474300674,0.1706334017134026,0.45046477493913684
noise_augmented,feh,1.25,2027,temperature_regime,mid_4000_6000,55,-0.010251528915330002,0.1882901922685512,0.246490698730794,0.2235660864981986,0.4644311777584057
noise_augmented,feh,1.25,2027,temperature_regime,hot_>6000,10,0.17211753837553165,0.357194710468625,0.4349150772543552,0.5544623332110136,0.4537520593566269
noise_augmented,feh,1.25,2027,gravity_regime,dwarf_>=3.5,88,0.03096876087251972,0.1996757953497412,0.26288709065368726,0.22739063275704727,0.6903861348679486
noise_augmented,feh,1.25,2027,metallicity_regime,intermediate,44,0.08464163823184728,0.21268363411167893,0.26839502084581807,0.21867120424662043,-0.2687722727397699
noise_augmented,feh,1.25,2027,metallicity_regime,metal_rich_>=-0.5,42,-0.08679944189523081,0.1466854069997526,0.1857779304717632,0.1994907138603656,0.1027737266736427
noise_augmented,feh,1.25,2027,snr_regime,snr_<15,26,0.05149443691078524,0.18591603332025816,0.23327531649238084,0.15808883449808198,0.7576861921817445
noise_augmented,feh,1.25,2027,snr_regime,snr_15_30,41,0.055147193682214164,0.18352187749283233,0.2429090612870495,0.22692223972460557,0.6563703353874656
noise_augmented,feh,1.25,2027,snr_regime,snr_>=30,24,-0.03752053848899371,0.2408914585701835,0.3163968686364925,0.21559686915065263,0.6965665924152175
noise_augmented,feh,1.25,2028,temperature_regime,cool_<4000,26,0.043003781693125166,0.16553763429157592,0.19873801322834367,0.18835620134607506,0.43760416709719163
noise_augmented,feh,1.25,2028,temperature_regime,mid_4000_6000,55,-0.025865302104265533,0.1940173522316001,0.24893438109897173,0.24110959613034452,0.4537593954295108
noise_augmented,feh,1.25,2028,temperature_regime,hot_>6000,10,0.17614251962999491,0.3811835761179524,0.4850473550065213,0.5423421785280946,0.32056304184144013
noise_augmented,feh,1.25,2028,gravity_regime,dwarf_>=3.5,88,0.01750460356317229,0.20645309915553825,0.2741834711887569,0.22308342787328997,0.6632059414555609
noise_augmented,feh,1.25,2028,metallicity_regime,intermediate,44,0.0643955721641302,0.2191171478122653,0.2741408303951808,0.23532747655456987,-0.32367759419097486
noise_augmented,feh,1.25,2028,metallicity_regime,metal_rich_>=-0.5,42,-0.09909280793073914,0.1514330823643551,0.1888694466790847,0.16958607422178099,0.07266392011485578
noise_augmented,feh,1.25,2028,snr_regime,snr_<15,26,0.02573353900938763,0.19335109787102908,0.25450448058883013,0.1743913229194754,0.7115759619770543
noise_augmented,feh,1.25,2028,snr_regime,snr_15_30,41,0.03972031683577042,0.19450354731759315,0.25287481923871147,0.20895471801863133,0.6275959567522106
noise_augmented,feh,1.25,2028,snr_regime,snr_>=30,24,-0.03502804583016942,0.24104144336793443,0.3215862771430187,0.24525519355755132,0.686531390711673
noise_augmented,feh,1.25,2029,temperature_regime,cool_<4000,26,0.05697221711742711,0.165597897363762,0.2081673254665227,0.18271628106829896,0.38297134797038535
noise_augmented,feh,1.25,2029,temperature_regime,mid_4000_6000,55,-0.02172975333490555,0.20111488978925782,0.2586140802800054,0.2554356933413897,0.4104528450043886
noise_augmented,feh,1.25,2029,temperature_regime,hot_>6000,10,0.14337426362158695,0.350768660545566,0.4353300010969137,0.4596305281083419,0.45270928377619757
noise_augmented,feh,1.25,2029,gravity_regime,dwarf_>=3.5,88,0.01879668472260348,0.20784690175308906,0.2724849847155472,0.24888105779386493,0.6673656987118226
noise_augmented,feh,1.25,2029,metallicity_regime,intermediate,44,0.07233755010034812,0.23122495535927118,0.28780307192903415,0.25351530051984833,-0.45890032172266304
noise_augmented,feh,1.25,2029,metallicity_regime,metal_rich_>=-0.5,42,-0.09365911850956936,0.14833186234949888,0.18791806740916203,0.16737677146552338,0.08198280459586815
noise_augmented,feh,1.25,2029,snr_regime,snr_<15,26,0.0335020251599641,0.18335254554315983,0.23327801491993097,0.19270292104083903,0.757680586187536
noise_augmented,feh,1.25,2029,snr_regime,snr_15_30,41,0.04397180913951695,0.19894149969705127,0.25527583415040844,0.21910730124289432,0.6204905235259688
noise_augmented,feh,1.25,2029,snr_regime,snr_>=30,24,-0.03975054087625383,0.2479493001508913,0.3299990345547866,0.18011278529511995,0.6699160713757238
noise_augmented,feh,1.25,2030,temperature_regime,cool_<4000,26,0.05304673117040225,0.16015475445498167,0.19602058754380844,0.18674626828778504,0.45287875433451796
noise_augmented,feh,1.25,2030,temperature_regime,mid_4000_6000,55,-0.029545988375324544,0.2022296125467702,0.26402032211851395,0.22067102604106464,0.3855466331441464
noise_augmented,feh,1.25,2030,temperature_regime,hot_>6000,10,0.16929158511840173,0.36399363170919685,0.45014968452253346,0.592462024233909,0.41481284378965333
noise_augmented,feh,1.25,2030,gravity_regime,dwarf_>=3.5,88,0.017587121002323982,0.20651871104356126,0.2737259426875827,0.2320580400057457,0.6643290165494538
noise_augmented,feh,1.25,2030,metallicity_regime,intermediate,44,0.06047631547396885,0.22808731378927521,0.28693951902381476,0.23971941138093075,-0.45015859751586107
noise_augmented,feh,1.25,2030,metallicity_regime,metal_rich_>=-0.5,42,-0.09190473822837902,0.14868105215611488,0.18962916499212576,0.15311375754268616,0.06518858567637631
noise_augmented,feh,1.25,2030,snr_regime,snr_<15,26,0.032649422377846404,0.18284361586800413,0.23594151854324716,0.1795520121937139,0.7521155247535685
noise_augmented,feh,1.25,2030,snr_regime,snr_15_30,41,0.038605976687125634,0.19544406966678776,0.2488956958244821,0.23419628776839838,0.6392237088437092
noise_augmented,feh,1.25,2030,snr_regime,snr_>=30,24,-0.041026188542688836,0.25664365642031023,0.34592588519658524,0.2615860089870837,0.6372852950359806
noise_augmented,feh,1.25,2031,temperature_regime,cool_<4000,26,0.04631171761698579,0.16067718344140053,0.19779071130363943,0.18789352361439196,0.4429528060034875
noise_augmented,feh,1.25,2031,temperature_regime,mid_4000_6000,55,-0.022487180725628865,0.19333041774280585,0.25142332586886634,0.22483623819234974,0.4427817280329108
noise_augmented,feh,1.25,2031,temperature_regime,hot_>6000,10,0.17121120621557764,0.37895566254837526,0.4622788123132186,0.5463697151244274,0.3828526578187096
noise_augmented,feh,1.25,2031,gravity_regime,dwarf_>=3.5,88,0.020308535256086894,0.20435073398649717,0.27151675009898985,0.2319555272098913,0.6697254311954034
noise_augmented,feh,1.25,2031,metallicity_regime,intermediate,44,0.0697781191764713,0.21936099839123904,0.27831410388315686,0.2092608968801359,-0.364285301762425
noise_augmented,feh,1.25,2031,metallicity_regime,metal_rich_>=-0.5,42,-0.09777956693037018,0.14839347842860334,0.18930496172150799,0.167463685934253,0.06838229107551919
noise_augmented,feh,1.25,2031,snr_regime,snr_<15,26,0.032213917641447036,0.19142410925781933,0.24790631433348065,0.19348835302458978,0.7263372007138333
noise_augmented,feh,1.25,2031,snr_regime,snr_15_30,41,0.04269555063802827,0.19122279586110624,0.253651053041361,0.17728721320953686,0.6253061575431642
noise_augmented,feh,1.25,2031,snr_regime,snr_>=30,24,-0.03786073560620679,0.24096562082524295,0.3159068300248766,0.19754188582859397,0.697505785884311
noise_augmented,feh,1.25,2032,temperature_regime,cool_<4000,26,0.04770546221662756,0.16419876414350723,0.20103172369695507,0.18902365794199982,0.4245476086426111
noise_augmented,feh,1.25,2032,temperature_regime,mid_4000_6000,55,-0.02958363889366295,0.2018658546417037,0.2632681926293727,0.25397978648161584,0.3890425020912702
noise_augmented,feh,1.25,2032,temperature_regime,hot_>6000,10,0.1625850210310273,0.36527696340171006,0.4468323325304297,0.5140082002752511,0.4234060686658154
noise_augmented,feh,1.25,2032,gravity_regime,dwarf_>=3.5,88,0.013676016947810732,0.21126930329475038,0.2773036661228636,0.25066639059549484,0.6554969245917774
noise_augmented,feh,1.25,2032,metallicity_regime,intermediate,44,0.06347817511546204,0.22436593689150028,0.28821647396415395,0.21043040394538362,-0.4630944779217203
noise_augmented,feh,1.25,2032,metallicity_regime,metal_rich_>=-0.5,42,-0.09983946520125928,0.15507496099172124,0.19148056137975178,0.18137472207568806,0.04684588893858865
noise_augmented,feh,1.25,2032,snr_regime,snr_<15,26,0.02781221994329542,0.18272044888710678,0.22514951042399284,0.21734746697275895,0.7742734719820442
noise_augmented,feh,1.25,2032,snr_regime,snr_15_30,41,0.03631944704269842,0.20132094729498792,0.26483578127215895,0.2502988126447138,0.5915334106011478
noise_augmented,feh,1.25,2032,snr_regime,snr_>=30,24,-0.04054678993688288,0.2508195415367795,0.33327598792701446,0.22833104998338713,0.6633279294591798
noise_augmented,feh,1.25,2033,temperature_regime,cool_<4000,26,0.05133607431097431,0.16345723819937089,0.20121964503424677,0.18792287536750102,0.42347125785938244
noise_augmented,feh,1.25,2033,temperature_regime,mid_4000_6000,55,-0.027916308357248346,0.19652956811091316,0.25443663210572853,0.2209897615952587,0.4293451775190613
noise_augmented,feh,1.25,2033,temperature_regime,hot_>6000,10,0.1873158329503979,0.35254071480666554,0.4434187388698616,0.5635851429789289,0.4321822424341374
noise_augmented,feh,1.25,2033,gravity_regime,dwarf_>=3.5,88,0.019656327889411823,0.20464982532648515,0.2703748050937675,0.23151443803879534,0.6724977262680394
noise_augmented,feh,1.25,2033,metallicity_regime,intermediate,44,0.06934412989411298,0.2194310658109284,0.27600808763406887,0.2193132534345583,-0.3417709525381436
noise_augmented,feh,1.25,2033,metallicity_regime,metal_rich_>=-0.5,42,-0.09687275837407527,0.14855812507997215,0.18735432040475405,0.173605495379568,0.08748257549894511
noise_augmented,feh,1.25,2033,snr_regime,snr_<15,26,0.03620507837459645,0.17872416482468065,0.22225410822527922,0.2239743567040365,0.7800417871327193
noise_augmented,feh,1.25,2033,snr_regime,snr_15_30,41,0.039401308161915324,0.19912007462311646,0.26095386989275565,0.20865464646247614,0.6034200987047582
noise_augmented,feh,1.25,2033,snr_regime,snr_>=30,24,-0.03684526543489098,0.24056959343171044,0.3229565138303608,0.21526783020243506,0.6838544029384133
noise_augmented,feh,1.25,2034,temperature_regime,cool_<4000,26,0.050218019444257675,0.16558998923509424,0.20405813014788332,0.20707512250294244,0.40709104218990555
noise_augmented,feh,1.25,2034,temperature_regime,mid_4000_6000,55,-0.018795592570294638,0.19648573617661969,0.2576838907619647,0.24525287212269062,0.41468621351216206
noise_augmented,feh,1.25,2034,temperature_regime,hot_>6000,10,0.15966515813374677,0.3544697752358186,0.44192888793565077,0.44987939376439295,0.43599147536768246
noise_augmented,feh,1.25,2034,gravity_regime,dwarf_>=3.5,88,0.02037133753393278,0.20656050509874396,0.27332483365209403,0.24000983350328145,0.665312058303417
noise_augmented,feh,1.25,2034,metallicity_regime,intermediate,44,0.07498066560950263,0.22044980287736127,0.28135770670251664,0.2294471687915906,-0.39428771444544064
noise_augmented,feh,1.25,2034,metallicity_regime,metal_rich_>=-0.5,42,-0.09526812995580905,0.15205445163649986,0.1891447826820769,0.1739009558136772,0.06995818739938087
noise_augmented,feh,1.25,2034,snr_regime,snr_<15,26,0.02864620733274114,0.17434083874035117,0.22370187439828212,0.18181222258384325,0.7771668324240539
noise_augmented,feh,1.25,2034,snr_regime,snr_15_30,41,0.05021240482802657,0.19607696107266193,0.25737805954234516,0.21387302613316647,0.6142141792979456
noise_augmented,feh,1.25,2034,snr_regime,snr_>=30,24,-0.03895614554493322,0.25353065628985205,0.33357974042707195,0.24197776688992967,0.6627139543171572
noise_augmented,feh,1.25,2035,temperature_regime,cool_<4000,26,0.04991647835126901,0.16892198894287389,0.20301161476057222,0.22354676487239802,0.413156933854816
noise_augmented,feh,1.25,2035,temperature_regime,mid_4000_6000,55,-0.0199630946539807,0.19233267384526792,0.257355533106107,0.23568275659767532,0.4161769532734477
noise_augmented,feh,1.25,2035,temperature_regime,hot_>6000,10,0.2170882375592988,0.35762514459614947,0.43550227267680003,0.5250208841117839,0.45227604328660065
noise_augmented,feh,1.25,2035,gravity_regime,dwarf_>=3.5,88,0.02646852758613768,0.20475729997311215,0.27129659709124404,0.22620553689152562,0.67026080488189
noise_augmented,feh,1.25,2035,metallicity_regime,intermediate,44,0.08079297207221353,0.2147994571679904,0.2756913068293609,0.21781343146644094,-0.33869275749343286
noise_augmented,feh,1.25,2035,metallicity_regime,metal_rich_>=-0.5,42,-0.09480543626723532,0.14994442728025817,0.18997291828491356,0.1652533833750773,0.06179632517670319
noise_augmented,feh,1.25,2035,snr_regime,snr_<15,26,0.057686717590640486,0.17942178229938902,0.22857202721228956,0.20362398269214238,0.7673587365178459
noise_augmented,feh,1.25,2035,snr_regime,snr_15_30,41,0.04273259094111919,0.19485009984935325,0.2579708107546256,0.18815649599659323,0.6124351750050021
noise_augmented,feh,1.25,2035,snr_regime,snr_>=30,24,-0.03671459496606234,0.24552915776493142,0.3242973691707092,0.2468795633053596,0.6812237979971689
noise_augmented,feh,1.5,2026,temperature_regime,cool_<4000,26,0.05628013298567707,0.17200777212071638,0.20265418591389614,0.23322662867269822,0.4152215446914028
noise_augmented,feh,1.5,2026,temperature_regime,mid_4000_6000,55,-0.03171118535613805,0.1957407698613592,0.25290199394449653,0.2273934512467124,0.43620824291164895
noise_augmented,feh,1.5,2026,temperature_regime,hot_>6000,10,0.18452171051800265,0.3490876074677954,0.4352608449728038,0.4699333472221238,0.4528831541656063
noise_augmented,feh,1.5,2026,gravity_regime,dwarf_>=3.5,88,0.017946389278992923,0.2067835985713944,0.26840790463093084,0.24095725357566813,0.6772453677243255
noise_augmented,feh,1.5,2026,metallicity_regime,intermediate,44,0.07081823569829239,0.2111404024490944,0.2710560672496463,0.21933123164932908,-0.2940558948709693
noise_augmented,feh,1.5,2026,metallicity_regime,metal_rich_>=-0.5,42,-0.09999425973887213,0.1616785923310328,0.1958664375359119,0.1906031237774678,0.0026816957373795303
noise_augmented,feh,1.5,2026,snr_regime,snr_<15,26,0.037231162556495334,0.20360190885617893,0.24041246025427956,0.26530044012413406,0.7426320085050528
noise_augmented,feh,1.5,2026,snr_regime,snr_15_30,41,0.031148421177556937,0.18847562797689796,0.24685487796570676,0.2113958670090016,0.6451158167047301
noise_augmented,feh,1.5,2026,snr_regime,snr_>=30,24,-0.028362921938694805,0.23781958811991114,0.3213832251784598,0.22456283322281012,0.6869271185570013
noise_augmented,feh,1.5,2027,temperature_regime,cool_<4000,26,0.06296050582254992,0.16211717610566348,0.19660296107514041,0.18522855072271865,0.44962295088827775
noise_augmented,feh,1.5,2027,temperature_regime,mid_4000_6000,55,-0.013111563852064719,0.18450574992400084,0.24387360788717025,0.21714484803238376,0.4757435024943584
noise_augmented,feh,1.5,2027,temperature_regime,hot_>6000,10,0.17077866895770039,0.3642178744244079,0.4373883395546628,0.5355578464127326,0.4475216205252095
noise_augmented,feh,1.5,2027,gravity_regime,dwarf_>=3.5,88,0.03037535165934069,0.19732039061288198,0.26112044495869957,0.23552980329280238,0.6945334675366144
noise_augmented,feh,1.5,2027,metallicity_regime,intermediate,44,0.07926807222919172,0.2100374968179403,0.2667845866148968,0.2208935013348032,-0.2535920788156849
noise_augmented,feh,1.5,2027,metallicity_regime,metal_rich_>=-0.5,42,-0.08333079269124886,0.14589689916129153,0.18533965953835002,0.16516773029628307,0.1070020476655954
noise_augmented,feh,1.5,2027,snr_regime,snr_<15,26,0.05140378597352081,0.1875319004831019,0.23940732796490186,0.20596621975846371,0.74477955199309
noise_augmented,feh,1.5,2027,snr_regime,snr_15_30,41,0.05422154247000734,0.1794066302924122,0.23918111717711718,0.2062934444918047,0.6668368213024665
noise_augmented,feh,1.5,2027,snr_regime,snr_>=30,24,-0.038998243645087506,0.2405641797609094,0.3131440348071001,0.22234311224518008,0.7027736371001516
noise_augmented,feh,1.5,2028,temperature_regime,cool_<4000,26,0.04350135980764979,0.16732036759680333,0.20253264734890056,0.19175040328654072,0.41592275716819094
noise_augmented,feh,1.5,2028,temperature_regime,mid_4000_6000,55,-0.04032607560447098,0.19676066017055402,0.250010083795388,0.23449151707865412,0.4490283329723552
noise_augmented,feh,1.5,2028,temperature_regime,hot_>6000,10,0.1842490139161547,0.3911918569716315,0.5016243592505233,0.5360710983459027,0.2733285103424852
noise_augmented,feh,1.5,2028,gravity_regime,dwarf_>=3.5,88,0.010658954703885502,0.20864832817177745,0.27765333313847196,0.22054694258323085,0.6546275721449338
noise_augmented,feh,1.5,2028,metallicity_regime,intermediate,44,0.050609506607388714,0.2222917207007306,0.27688367364259747,0.2648297834595491,-0.3502975095714176
noise_augmented,feh,1.5,2028,metallicity_regime,metal_rich_>=-0.5,42,-0.10353407879165469,0.15300105646053802,0.18921086044997895,0.17359738263198593,0.0693082533030327
noise_augmented,feh,1.5,2028,snr_regime,snr_<15,26,0.011521583687565416,0.20704411883304613,0.2720904935959753,0.20323815229662626,0.6703391874991165
noise_augmented,feh,1.5,2028,snr_regime,snr_15_30,41,0.03105880113465165,0.19570826581363135,0.25606919544246126,0.22103127924211405,0.6181279340601341
noise_augmented,feh,1.5,2028,snr_regime,snr_>=30,24,-0.03405752860345337,0.23653743535814953,0.31670574479201474,0.25220043177091306,0.69597386156695
noise_augmented,feh,1.5,2029,temperature_regime,cool_<4000,26,0.060546408379566534,0.16130512735814445,0.20988580787079347,0.19685651541064578,0.37274179209486225
noise_augmented,feh,1.5,2029,temperature_regime,mid_4000_6000,55,-0.03173983664586501,0.20749739148534355,0.2631244311411791,0.2512531571423344,0.3897095646575528
noise_augmented,feh,1.5,2029,temperature_regime,hot_>6000,10,0.12666496079636058,0.35991529875966355,0.43333427239473626,0.46424786984691546,0.45771578525565093
noise_augmented,feh,1.5,2029,gravity_regime,dwarf_>=3.5,88,0.011710800011233187,0.21117307882681863,0.2749620833825634,0.24369659698082485,0.6612904044168129
noise_augmented,feh,1.5,2029,metallicity_regime,intermediate,44,0.06135215915389145,0.2406661360136388,0.2959569441754777,0.2872966867198445,-0.5427367982779403
noise_augmented,feh,1.5,2029,metallicity_regime,metal_rich_>=-0.5,42,-0.09612454976765679,0.14721979876719193,0.18674382330043252,0.1654094874509199,0.09341979223256469
noise_augmented,feh,1.5,2029,snr_regime,snr_<15,26,0.026190638359809816,0.1901496322488828,0.2398388219151581,0.21977938799078664,0.7438587337150674
noise_augmented,feh,1.5,2029,snr_regime,snr_15_30,41,0.037097995699950724,0.20055546472708174,0.25662644031965964,0.22353419383317508,0.6164641041694522
noise_augmented,feh,1.5,2029,snr_regime,snr_>=30,24,-0.04611705044763645,0.25161576409670755,0.33136733293867426,0.21166980361113194,0.667173095671263
noise_augmented,feh,1.5,2030,temperature_regime,cool_<4000,26,0.05113347818227379,0.15885099362448019,0.1948468855325052,0.20685062583891595,0.459411076362211
noise_augmented,feh,1.5,2030,temperature_regime,mid_4000_6000,55,-0.04097232685432529,0.20783319247968907,0.26958573178108414,0.2228606782256484,0.3593688960992397
noise_augmented,feh,1.5,2030,temperature_regime,hot_>6000,10,0.16311843236500162,0.37156785362103706,0.45689862733087205,0.5957317037453669,0.3971342770416102
noise_augmented,feh,1.5,2030,gravity_regime,dwarf_>=3.5,88,0.009323666899324658,0.21004235388712592,0.27754763984609615,0.23716271767837052,0.6548904654496615
noise_augmented,feh,1.5,2030,metallicity_regime,intermediate,44,0.04571038703985008,0.23341420512263833,0.2928706186040505,0.26689326989229295,-0.5107283487364851
noise_augmented,feh,1.5,2030,metallicity_regime,metal_rich_>=-0.5,42,-0.09470265905434175,0.1507850833691303,0.1923306391436279,0.148241288052892,0.03836404960301554
noise_augmented,feh,1.5,2030,snr_regime,snr_<15,26,0.024516259160335098,0.18729532326625709,0.24358989679065146,0.2085038272741375,0.7357839896195892
noise_augmented,feh,1.5,2030,snr_regime,snr_15_30,41,0.0287749231138223,0.19893188650696705,0.25086951244052,0.2459845122105466,0.6334788939924768
noise_augmented,feh,1.5,2030,snr_regime,snr_>=30,24,-0.04625074193475762,0.26044767521339257,0.3505218889902742,0.25718827536606964,0.6275831452714227
noise_augmented,feh,1.5,2031,temperature_regime,cool_<4000,26,0.04487513898856961,0.1598459491045709,0.19793108843558646,0.18856803536910377,0.44216182410112825
noise_augmented,feh,1.5,2031,temperature_regime,mid_4000_6000,55,-0.03622644985458839,0.19712280980227256,0.2524915934032195,0.22418125957438126,0.4380365614678773
noise_augmented,feh,1.5,2031,temperature_regime,hot_>6000,10,0.16543821083944707,0.3771428705404614,0.46229369077945337,0.5457480065143137,0.38281293134450056
noise_augmented,feh,1.5,2031,gravity_regime,dwarf_>=3.5,88,0.011647775246683012,0.20602166750906992,0.27205909750767754,0.23578716434311311,0.6684046842895459
noise_augmented,feh,1.5,2031,metallicity_regime,intermediate,44,0.05797650539027701,0.22272408669777707,0.27940076961206656,0.2309844864847426,-0.3749596893249332
noise_augmented,feh,1.5,2031,metallicity_regime,metal_rich_>=-0.5,42,-0.1043292516661741,0.15023273318200506,0.19153618075418338,0.16788833745663567,0.04629208301198551
noise_augmented,feh,1.5,2031,snr_regime,snr_<15,26,0.011373652597062727,0.19795016256976886,0.25342038754277646,0.21600960489591656,0.7140278838215617
noise_augmented,feh,1.5,2031,snr_regime,snr_15_30,41,0.035584672451202025,0.19173155932038946,0.25442084518099123,0.17985427635842224,0.6230284295277517
noise_augmented,feh,1.5,2031,snr_regime,snr_>=30,24,-0.03858356491366644,0.24006165676243715,0.31214390362327876,0.20566054330557731,0.7046691906638287
noise_augmented,feh,1.5,2032,temperature_regime,cool_<4000,26,0.04645673840874162,0.16411091644839548,0.20302064456062463,0.1943630851583646,0.41310472803984255
noise_augmented,feh,1.5,2032,temperature_regime,mid_4000_6000,55,-0.04127327361846166,0.20643109779443447,0.27266358141878355,0.2481620788825704,0.3446572718128733
noise_augmented,feh,1.5,2032,temperature_regime,hot_>6000,10,0.158696703058142,0.3707468876166554,0.4464615298273632,0.5058280564695022,0.4243626416842733
noise_augmented,feh,1.5,2032,gravity_regime,dwarf_>=3.5,88,0.005135696404382656,0.21522800291030533,0.2836845043352467,0.25607013675775236,0.6394602869088958
noise_augmented,feh,1.5,2032,metallicity_regime,intermediate,44,0.053551378887876505,0.23053741504414269,0.2997881728897058,0.22676290884569036,-0.5829374728010108
noise_augmented,feh,1.5,2032,metallicity_regime,metal_rich_>=-0.5,42,-0.10663491533922005,0.1556475920762492,0.1931238649797058,0.167682363322381,0.030415576348642115
noise_augmented,feh,1.5,2032,snr_regime,snr_<15,26,0.02086434618722584,0.1838300388817446,0.227331539803482,0.23824749683319957,0.7698770276623997
noise_augmented,feh,1.5,2032,snr_regime,snr_15_30,41,0.025145328985842794,0.20514472017430668,0.27276396576326095,0.2556255593341522,0.5667114535226041
noise_augmented,feh,1.5,2032,snr_regime,snr_>=30,24,-0.043692471212254835,0.25573118935195,0.33910738899397896,0.22295088110987688,0.6514432103733916
noise_augmented,feh,1.5,2033,temperature_regime,cool_<4000,26,0.054260084463677576,0.16376177209409243,0.2044701615127234,0.17494427836455048,0.40469423763630763
noise_augmented,feh,1.5,2033,temperature_regime,mid_4000_6000,55,-0.04159345627009872,0.1987391043329491,0.2562051228114813,0.22126242526813966,0.4213848063008736
noise_augmented,feh,1.5,2033,temperature_regime,hot_>6000,10,0.18807799256342114,0.3428439344942319,0.4382670843190565,0.491659418266935,0.4452994525835211
noise_augmented,feh,1.5,2033,gravity_regime,dwarf_>=3.5,88,0.013052650358603373,0.20451969018538715,0.27092010416762796,0.23151238311918076,0.6711753635895131
noise_augmented,feh,1.5,2033,metallicity_regime,intermediate,44,0.05631785609680511,0.22053036053680516,0.276823908372368,0.23996830458905255,-0.3497146497382295
noise_augmented,feh,1.5,2033,metallicity_regime,metal_rich_>=-0.5,42,-0.09830222087412599,0.14902263473317215,0.1893806388011458,0.16709389700076863,0.06763729000456331
noise_augmented,feh,1.5,2033,snr_regime,snr_<15,26,0.02791848669953569,0.17917490066678365,0.22178127646441217,0.2262634658880817,0.7809766863770428
noise_augmented,feh,1.5,2033,snr_regime,snr_15_30,41,0.029801567313748677,0.2030205015999999,0.2680126868290925,0.2230004652004191,0.5816749014767483
noise_augmented,feh,1.5,2033,snr_regime,snr_>=30,24,-0.039326786967384376,0.23477117394852312,0.31584048277748317,0.19505897525115395,0.6976328331591477
noise_augmented,feh,1.5,2034,temperature_regime,cool_<4000,26,0.0463982034389789,0.16904616182402205,0.20717273791045476,0.22392087955988169,0.38885337549379184
noise_augmented,feh,1.5,2034,temperature_regime,mid_4000_6000,55,-0.0271375671488974,0.1994685871118082,0.25947041993874886,0.23135937446884616,0.4065420876374958
noise_augmented,feh,1.5,2034,temperature_regime,hot_>6000,10,0.1530459675441186,0.356079670622945,0.44133909270893046,0.4298867429241132,0.43749591451548175
noise_augmented,feh,1.5,2034,gravity_regime,dwarf_>=3.5,88,0.013383588398384112,0.20965952289857956,0.27507137558571815,0.23041745487214912,0.6610210896479224
noise_augmented,feh,1.5,2034,metallicity_regime,intermediate,44,0.06650938299914784,0.2226877222331383,0.28163224698421263,0.22978781295272885,-0.3970100489631847
noise_augmented,feh,1.5,2034,metallicity_regime,metal_rich_>=-0.5,42,-0.10066176836029865,0.15673526751690647,0.1944530115422692,0.15888073221336882,0.017023606214989773
noise_augmented,feh,1.5,2034,snr_regime,snr_<15,26,0.01757024729376138,0.17799440176862327,0.2265515278060509,0.20555402839504167,0.7714534981748482
noise_augmented,feh,1.5,2034,snr_regime,snr_15_30,41,0.04346549109799634,0.19789121362995465,0.2582704980208514,0.22958411534451073,0.6115341761064466
noise_augmented,feh,1.5,2034,snr_regime,snr_>=30,24,-0.041444366374598585,0.2577239583329638,0.3352418523665003,0.23847575292425213,0.6593444222336746
noise_augmented,feh,1.5,2035,temperature_regime,cool_<4000,26,0.04635246708790035,0.1698178270546764,0.2051760507983252,0.19646416060426158,0.4005768122306558
noise_augmented,feh,1.5,2035,temperature_regime,mid_4000_6000,55,-0.032266317750323695,0.19259851728044616,0.2597234376317778,0.20734792026762144,0.40538412471815544
noise_augmented,feh,1.5,2035,temperature_regime,hot_>6000,10,0.2253905000525216,0.3534669927701354,0.43061660051340117,0.5143788116649927,0.4644963669689993
noise_augmented,feh,1.5,2035,gravity_regime,dwarf_>=3.5,88,0.019047408234071663,0.20448466073507277,0.2721818212992423,0.2103096022481008,0.6681054565607019
noise_augmented,feh,1.5,2035,metallicity_regime,intermediate,44,0.07079738279970484,0.2129342499184229,0.2774808207175397,0.21361602304615185,-0.3561280859129019
noise_augmented,feh,1.5,2035,metallicity_regime,metal_rich_>=-0.5,42,-0.10112528175665697,0.15136062442860657,0.19146224012872787,0.16920787495516804,0.04702827967486822
noise_augmented,feh,1.5,2035,snr_regime,snr_<15,26,0.04980719651690018,0.18110749246434704,0.23011101376009516,0.20358230722346177,0.7642154201461991
noise_augmented,feh,1.5,2035,snr_regime,snr_15_30,41,0.0333127674633259,0.1944761679874694,0.2606688084088041,0.18436733251491638,0.6042860594852839
noise_augmented,feh,1.5,2035,snr_regime,snr_>=30,24,-0.0406828711205394,0.24418892458284225,0.3225111895348216,0.23775204156117866,0.6847256672947956
noise_augmented,feh,2.0,2026,temperature_regime,cool_<4000,26,0.05337658276302231,0.17084200359638693,0.20248335157089759,0.22848153914375186,0.4162070475131916
noise_augmented,feh,2.0,2026,temperature_regime,mid_4000_6000,55,-0.052172052983128755,0.19750814464663735,0.2544188255039293,0.23332048785961934,0.4294250486251513
noise_augmented,feh,2.0,2026,temperature_regime,hot_>6000,10,0.20700343831454723,0.353742912961294,0.4434040531381755,0.4631125629708836,0.4322198532990613
noise_augmented,feh,2.0,2026,gravity_regime,dwarf_>=3.5,88,0.00803966059699701,0.20713004200058605,0.2703163134844624,0.2335421509218519,0.6726394115331373
noise_augmented,feh,2.0,2026,metallicity_regime,intermediate,44,0.053014149911338564,0.2075263148374751,0.267833716832546,0.24798655734088568,-0.2634709651642979
noise_augmented,feh,2.0,2026,metallicity_regime,metal_rich_>=-0.5,42,-0.10817613464264385,0.164570801095977,0.19932776931185492,0.17819663374552716,-0.03287877817904228
noise_augmented,feh,2.0,2026,snr_regime,snr_<15,26,0.026980991914813637,0.20438064575713621,0.2437901423626935,0.29212566110442195,0.7353494081065135
noise_augmented,feh,2.0,2026,snr_regime,snr_15_30,41,0.01494704065878871,0.19116465860005594,0.2514779738762336,0.23987556462595874,0.6316988099451485
noise_augmented,feh,2.0,2026,snr_regime,snr_>=30,24,-0.03024882649514671,0.23710922443317584,0.31976474936994886,0.22623847338808456,0.6900724290801626
noise_augmented,feh,2.0,2027,temperature_regime,cool_<4000,26,0.05888357077579861,0.16968330718019523,0.20636746915976412,0.20442807048748243,0.3935951270276312
noise_augmented,feh,2.0,2027,temperature_regime,mid_4000_6000,55,-0.03137856924145025,0.1840838840577361,0.24269241210083667,0.20703562773200254,0.4808096505797357
noise_augmented,feh,2.0,2027,temperature_regime,hot_>6000,10,0.16835481417842063,0.375417389163299,0.45177596356194494,0.5562156484690539,0.4105769341511276
noise_augmented,feh,2.0,2027,gravity_regime,dwarf_>=3.5,88,0.018553165470252285,0.19972181296237734,0.264462853033453,0.22828413273708045,0.6866633193759974
noise_augmented,feh,2.0,2027,metallicity_regime,intermediate,44,0.06241454117716818,0.20339186720977578,0.263787814275638,0.2193991295655001,-0.22558723361292166
noise_augmented,feh,2.0,2027,metallicity_regime,metal_rich_>=-0.5,42,-0.09462338649934425,0.1577302202240751,0.19541512899822125,0.15589396894209143,0.007272372127780979
noise_augmented,feh,2.0,2027,snr_regime,snr_<15,26,0.027457550969190024,0.1980478856964956,0.2494149864642785,0.26250734125805025,0.7229962311714775
noise_augmented,feh,2.0,2027,snr_regime,snr_15_30,41,0.04514823943844446,0.1771918833799798,0.23624917092716985,0.19253959719267114,0.6749547655984838
noise_augmented,feh,2.0,2027,snr_regime,snr_>=30,24,-0.04484476952083156,0.24485171895022886,0.3215849556264491,0.2253861498758803,0.686533967022539
noise_augmented,feh,2.0,2028,temperature_regime,cool_<4000,26,0.03881422260267932,0.16901748172492814,0.20726878906395307,0.22298358824999573,0.38828655433156023
noise_augmented,feh,2.0,2028,temperature_regime,mid_4000_6000,55,-0.06387264335819022,0.19782589351945906,0.25295736619176895,0.2315875101069723,0.43596133434684825
noise_augmented,feh,2.0,2028,temperature_regime,hot_>6000,10,0.18413487049899996,0.399945938098803,0.5083900205783649,0.5389703696519891,0.25359434799781977
noise_augmented,feh,2.0,2028,gravity_regime,dwarf_>=3.5,88,-0.004534991337160053,0.21058842475656814,0.2813665053474996,0.22886624014410692,0.6453281879082715
noise_augmented,feh,2.0,2028,metallicity_regime,intermediate,44,0.026859682416986386,0.224161390716578,0.28108582788550446,0.30234636863549996,-0.39159438753647624
noise_augmented,feh,2.0,2028,metallicity_regime,metal_rich_>=-0.5,42,-0.11344540384231463,0.15454363844971336,0.19158080887188966,0.14117756372712822,0.0458476014782615
noise_augmented,feh,2.0,2028,snr_regime,snr_<15,26,-0.010754925016285262,0.21443496323584896,0.28628214214151954,0.2120879206688633,0.6350535830277423
noise_augmented,feh,2.0,2028,snr_regime,snr_15_30,41,0.013919140496308298,0.19623779257040938,0.2604233728727258,0.22027930027333753,0.605030886152178
noise_augmented,feh,2.0,2028,snr_regime,snr_>=30,24,-0.039730566748584294,0.23555331291198142,0.3101984652963225,0.24439572049198974,0.7083390200778619
noise_augmented,feh,2.0,2029,temperature_regime,cool_<4000,26,0.059387805473137885,0.15733569129910066,0.20856571564196688,0.16878229741697243,0.38060735183882743
noise_augmented,feh,2.0,2029,temperature_regime,mid_4000_6000,55,-0.05813478155927661,0.2179424310917037,0.27662834366048344,0.26779195833118424,0.32546021816820936
noise_augmented,feh,2.0,2029,temperature_regime,hot_>6000,10,0.11816111626060058,0.3761853855991735,0.4430107116769311,0.4796686430201379,0.4332267562034757
noise_augmented,feh,2.0,2029,gravity_regime,dwarf_>=3.5,88,-0.0060990452798655,0.21811372465977286,0.284011043863159,0.24975978383279407,0.6386297993520282
noise_augmented,feh,2.0,2029,metallicity_regime,intermediate,44,0.032112396315719244,0.2504320376573888,0.3089990672298098,0.30744883299509623,-0.681702255252427
noise_augmented,feh,2.0,2029,metallicity_regime,metal_rich_>=-0.5,42,-0.10372373400102712,0.15115888984733522,0.19055963754106453,0.16519452780110913,0.05599221161305967
noise_augmented,feh,2.0,2029,snr_regime,snr_<15,26,0.00028758908690367316,0.19767371653054336,0.25139302684213366,0.2453252305276312,0.718585130092429
noise_augmented,feh,2.0,2029,snr_regime,snr_15_30,41,0.02252010161725998,0.2060159884637029,0.26404407659859824,0.2358088523589927,0.5939719144924716
noise_augmented,feh,2.0,2029,snr_regime,snr_>=30,24,-0.05843834847582404,0.26055180762525454,0.341607973648833,0.20959828989414162,0.6462837277425689
noise_augmented,feh,2.0,2030,temperature_regime,cool_<4000,26,0.04030547685964447,0.16112501236325655,0.1941822206490426,0.2166396893780536,0.4630929174146583
noise_augmented,feh,2.0,2030,temperature_regime,mid_4000_6000,55,-0.06449648269145096,0.21803256927253956,0.28170230004280733,0.24672805219149854,0.30048827090077523
noise_augmented,feh,2.0,2030,temperature_regime,hot_>6000,10,0.1335431859706017,0.38162458723377946,0.45859895727489997,0.5379691521525657,0.39263884650533065
noise_augmented,feh,2.0,2030,gravity_regime,dwarf_>=3.5,88,-0.012168037785578466,0.21875189380766866,0.2854856900282231,0.25153739679165077,0.6348674341915259
noise_augmented,feh,2.0,2030,metallicity_regime,intermediate,44,0.02058557350068142,0.2400316902668598,0.3034736104062677,0.31038854872593163,-0.6220962963530468
noise_augmented,feh,2.0,2030,metallicity_regime,metal_rich_>=-0.5,42,-0.11060800928630757,0.16333462538115245,0.20297674663489243,0.13506771899162523,-0.07104154144300057
noise_augmented,feh,2.0,2030,snr_regime,snr_<15,26,-0.000989578270870109,0.19468023586447744,0.24555897635261703,0.2391439215915258,0.7314950996021005
noise_augmented,feh,2.0,2030,snr_regime,snr_15_30,41,0.007002674761651209,0.20696852353318834,0.26020361781617807,0.26914402762792866,0.6056971845564203
noise_augmented,feh,2.0,2030,snr_regime,snr_>=30,24,-0.0593880383399211,0.26874549610145854,0.3596510489820891,0.24648593937987073,0.607931723437839
noise_augmented,feh,2.0,2031,temperature_regime,cool_<4000,26,0.03411604750779238,0.15932622256368426,0.1951047745020602,0.22329690283433526,0.45797913990412153
noise_augmented,feh,2.0,2031,temperature_regime,mid_4000_6000,55,-0.060058566892629825,0.2016988668156036,0.2635232501530227,0.22853806663442225,0.3878581220899703
noise_augmented,feh,2.0,2031,temperature_regime,hot_>6000,10,0.1546604909794199,0.3534437030221438,0.43953281653660076,0.45833962985915105,0.4420908328699722
noise_augmented,feh,2.0,2031,gravity_regime,dwarf_>=3.5,88,-0.006252450883263478,0.2052486535671164,0.27278512528250015,0.23652125488301384,0.666632505777659
noise_augmented,feh,2.0,2031,metallicity_regime,intermediate,44,0.03795635692049118,0.21760598224094949,0.28134629358535507,0.22662745954364352,-0.39417459974548086
noise_augmented,feh,2.0,2031,metallicity_regime,metal_rich_>=-0.5,42,-0.11952857785474384,0.15988504147223473,0.20073663624860894,0.16766001642214085,-0.04753134233542533
noise_augmented,feh,2.0,2031,snr_regime,snr_<15,26,-0.024751041096079448,0.1988817445715504,0.2564596049448344,0.23953937541597242,0.7071275464359722
noise_augmented,feh,2.0,2031,snr_regime,snr_15_30,41,0.021006966322127684,0.1898174638769055,0.2560562078162001,0.19965562533089412,0.61816666957371
noise_augmented,feh,2.0,2031,snr_regime,snr_>=30,24,-0.04530656603362537,0.24237146308008298,0.31243903106739274,0.18718894765914784,0.7041104648308524
noise_augmented,feh,2.0,2032,temperature_regime,cool_<4000,26,0.039390148960516354,0.16327062739210593,0.20502949089225922,0.22045434107306383,0.4014328578466416
noise_augmented,feh,2.0,2032,temperature_regime,mid_4000_6000,55,-0.06360130955706059,0.21402925749082113,0.28100086259139245,0.2382211919088609,0.3039674959493014
noise_augmented,feh,2.0,2032,temperature_regime,hot_>6000,10,0.1640067912935707,0.36025641110254514,0.43721787679566654,0.4358292017420094,0.4479521698956497
noise_augmented,feh,2.0,2032,gravity_regime,dwarf_>=3.5,88,-0.010205276478800636,0.21873972526307772,0.28774963573636475,0.25163223259600265,0.6290533564493802
noise_augmented,feh,2.0,2032,metallicity_regime,intermediate,44,0.03490467597100502,0.23120377993712918,0.30291533882705074,0.2374973823098039,-0.6161337527632196
noise_augmented,feh,2.0,2032,metallicity_regime,metal_rich_>=-0.5,42,-0.11883290462938097,0.16249826800002626,0.19949453392454694,0.17263031411620253,-0.03460778647732399
noise_augmented,feh,2.0,2032,snr_regime,snr_<15,26,0.0024407163148108374,0.1794455968630767,0.21617043455120766,0.23870270056917442,0.7919186394437322
noise_augmented,feh,2.0,2032,snr_regime,snr_15_30,41,0.008409924125408098,0.21289558737393532,0.28361894027551315,0.24723008477133024,0.5315387457765497
noise_augmented,feh,2.0,2032,snr_regime,snr_>=30,24,-0.051755239710667256,0.2593710410185009,0.3436593435264825,0.18886587398797705,0.6420228111371422
noise_augmented,feh,2.0,2033,temperature_regime,cool_<4000,26,0.05629707182165586,0.1579429985654915,0.20328144224228803,0.17092941220016047,0.41159592348771135
noise_augmented,feh,2.0,2033,temperature_regime,mid_4000_6000,55,-0.0681890587905576,0.20564082197896305,0.258713834819262,0.24000439293838,0.40999794829444636
noise_augmented,feh,2.0,2033,temperature_regime,hot_>6000,10,0.1716497228220753,0.3385632993609359,0.4200695654526395,0.4582868304166558,0.4904071564230188
noise_augmented,feh,2.0,2033,gravity_regime,dwarf_>=3.5,88,-0.003331129173054738,0.20586426878169756,0.26842016444579614,0.22800153985204083,0.6772158827327257
noise_augmented,feh,2.0,2033,metallicity_regime,intermediate,44,0.028982185932813823,0.22559316831816523,0.27822266138329055,0.27547620203171097,-0.3633889536267161
noise_augmented,feh,2.0,2033,metallicity_regime,metal_rich_>=-0.5,42,-0.10467758166323157,0.15060075352954247,0.19119675644998685,0.16674738255427984,0.049669249848928176
noise_augmented,feh,2.0,2033,snr_regime,snr_<15,26,0.00836288544422607,0.18448372084308542,0.22308627547893764,0.24208325434022826,0.7783915616519491
noise_augmented,feh,2.0,2033,snr_regime,snr_15_30,41,0.010940396467998045,0.20675746999615693,0.27350391729810275,0.22263720426407518,0.5643574226195389
noise_augmented,feh,2.0,2033,snr_regime,snr_>=30,24,-0.05150701727644417,0.23036513139135217,0.29995577952424207,0.19413878938686518,0.7272821844399677
noise_augmented,feh,2.0,2034,temperature_regime,cool_<4000,26,0.0404518767754996,0.1713202342607727,0.21236284105290354,0.21841290382257691,0.35784885691312684
noise_augmented,feh,2.0,2034,temperature_regime,mid_4000_6000,55,-0.047021821063526516,0.20193668026410097,0.26278321365569063,0.2376420226451354,0.39129137706319983
noise_augmented,feh,2.0,2034,temperature_regime,hot_>6000,10,0.13375957026795252,0.366394193025568,0.44230729406321684,0.3856237529286014,0.4350251857183267
noise_augmented,feh,2.0,2034,gravity_regime,dwarf_>=3.5,88,-0.00239963827014886,0.2129241595902905,0.27842564947618426,0.23858718978140334,0.652703534417012
noise_augmented,feh,2.0,2034,metallicity_regime,intermediate,44,0.046206465780080246,0.22263482976586954,0.28471203447803745,0.2434737186651377,-0.4277310979269937
noise_augmented,feh,2.0,2034,metallicity_regime,metal_rich_>=-0.5,42,-0.11160929285528316,0.1639277485446376,0.20159746806315032,0.1532550784776782,-0.056534998426302385
noise_augmented,feh,2.0,2034,snr_regime,snr_<15,26,-0.009372594148046993,0.18173323424912435,0.2337634180093451,0.22180253745396877,0.7566711042934107
noise_augmented,feh,2.0,2034,snr_regime,snr_15_30,41,0.029485315478248883,0.19968974957148997,0.2593746869951395,0.25183509029728335,0.6082054443304368
noise_augmented,feh,2.0,2034,snr_regime,snr_>=30,24,-0.048419422767101074,0.2630184005272084,0.3383703394237538,0.222628635788086,0.6529567394230611
noise_augmented,feh,2.0,2035,temperature_regime,cool_<4000,26,0.03591564731571674,0.17275107807569318,0.21350855962929696,0.17251877955931252,0.35090122762815257
noise_augmented,feh,2.0,2035,temperature_regime,mid_4000_6000,55,-0.05929762801331788,0.20551385668370542,0.2753579255661822,0.2130216108258399,0.33164165108499266
noise_augmented,feh,2.0,2035,temperature_regime,hot_>6000,10,0.24212065081136935,0.35448869123545795,0.43159164837005626,0.5256456410351449,0.4620685329592763
noise_augmented,feh,2.0,2035,gravity_regime,dwarf_>=3.5,88,0.0022053998633643265,0.21249885443904748,0.28259212341817613,0.21003686773326574,0.6422315938062149
noise_augmented,feh,2.0,2035,metallicity_regime,intermediate,44,0.04741948318156831,0.22050776582748813,0.2895649664628445,0.22743452722986587,-0.47681740930889904
noise_augmented,feh,2.0,2035,metallicity_regime,metal_rich_>=-0.5,42,-0.11580942655041852,0.16109887882853577,0.20526627500441236,0.183865050436503,-0.09533998973447066
noise_augmented,feh,2.0,2035,snr_regime,snr_<15,26,0.030093265113182215,0.19486019430317295,0.25279228401216003,0.1898049589516567,0.7154436933621862
noise_augmented,feh,2.0,2035,snr_regime,snr_15_30,41,0.010458630424599002,0.20437000877045192,0.2737044767666638,0.2022204157867144,0.5637182779992623
noise_augmented,feh,2.0,2035,snr_regime,snr_>=30,24,-0.046566039281727124,0.24558923535230726,0.3217901852565385,0.22859776923383263,0.686133742790745
noise_augmented,feh,2.5,2026,temperature_regime,cool_<4000,26,0.03772634483592603,0.17471214030879997,0.21233536011361515,0.2580915161813501,0.35801504205818147
noise_augmented,feh,2.5,2026,temperature_regime,mid_4000_6000,55,-0.0711524508168551,0.20705055726006472,0.26376278456467195,0.23764818303482307,0.3867447805908881
noise_augmented,feh,2.5,2026,temperature_regime,hot_>6000,10,0.2244682506014133,0.34259049928379276,0.4392600870213204,0.4353152234488366,0.4427829818244564
noise_augmented,feh,2.5,2026,gravity_regime,dwarf_>=3.5,88,-0.00507922222657194,0.21207235886553552,0.27623468151890557,0.24341913878025254,0.6581478715859372
noise_augmented,feh,2.5,2026,metallicity_regime,intermediate,44,0.040422400487445824,0.21029981915443116,0.27179024029225735,0.25567625988287124,-0.30107545812471326
noise_augmented,feh,2.5,2026,metallicity_regime,metal_rich_>=-0.5,42,-0.1256886758692858,0.1735830429878988,0.21039196617511602,0.18117935126909512,-0.15072631766029465
noise_augmented,feh,2.5,2026,snr_regime,snr_<15,26,-0.0008043404425445232,0.21053946434067225,0.2500597683739983,0.2900446361374489,0.7215621723205059
noise_augmented,feh,2.5,2026,snr_regime,snr_15_30,41,0.0010002956199870233,0.1985113369537845,0.2602101421331934,0.25632046351417764,0.6056774108973022
noise_augmented,feh,2.5,2026,snr_regime,snr_>=30,24,-0.02949652467050547,0.2393004334253186,0.32444012099192415,0.22043670250443187,0.6809430932903442
noise_augmented,feh,2.5,2027,temperature_regime,cool_<4000,26,0.04705651071707934,0.1687749206914624,0.2091465627911171,0.221344399027883,0.3771525804857888
noise_augmented,feh,2.5,2027,temperature_regime,mid_4000_6000,55,-0.04477392851188186,0.18477882361708922,0.24126161651119604,0.2155402845138829,0.4869133890554266
noise_augmented,feh,2.5,2027,temperature_regime,hot_>6000,10,0.15310220295028,0.3759213925064713,0.44652409996490033,0.5522103386344847,0.4242012829549877
noise_augmented,feh,2.5,2027,gravity_regime,dwarf_>=3.5,88,0.005359543853447602,0.2000167660292146,0.2633511972239917,0.2506146824283495,0.6892919718277752
noise_augmented,feh,2.5,2027,metallicity_regime,intermediate,44,0.05010896821025639,0.19752303912442493,0.25675195512421833,0.186026184687406,-0.16108038554069992
noise_augmented,feh,2.5,2027,metallicity_regime,metal_rich_>=-0.5,42,-0.1085235080605161,0.16604917769581404,0.2057491536384252,0.17746939139485185,-0.10049951633026932
noise_augmented,feh,2.5,2027,snr_regime,snr_<15,26,0.004990897544325959,0.19689721447219904,0.23920970543011433,0.2697050007579593,0.745200729533127
noise_augmented,feh,2.5,2027,snr_regime,snr_15_30,41,0.034428538848701506,0.17650360049795275,0.23880257326533091,0.21627766554391,0.6678905591052804
noise_augmented,feh,2.5,2027,snr_regime,snr_>=30,24,-0.05205867453982819,0.24809258188705852,0.32317980986456346,0.24223166896480042,0.6834170780366233
noise_augmented,feh,2.5,2028,temperature_regime,cool_<4000,26,0.02324548721279303,0.18386274709071712,0.22316823234208966,0.24049406036164434,0.2908388210622139
noise_augmented,feh,2.5,2028,temperature_regime,mid_4000_6000,55,-0.09705335714435055,0.21303619857299577,0.26918952847359395,0.23364787868017586,0.3612505509186238
noise_augmented,feh,2.5,2028,temperature_regime,hot_>6000,10,0.1868513575719136,0.4183452843534538,0.5248655791853616,0.5387863673405521,0.20443243189254845
noise_augmented,feh,2.5,2028,gravity_regime,dwarf_>=3.5,88,-0.027989269764647908,0.22554561589059857,0.29591432405870655,0.2191804439654715,0.6077040206275308
noise_augmented,feh,2.5,2028,metallicity_regime,intermediate,44,-0.006290810435647243,0.2347670961069865,0.29523991896962715,0.32035592914696165,-0.5352705691506274
noise_augmented,feh,2.5,2028,metallicity_regime,metal_rich_>=-0.5,42,-0.13367204643204483,0.17440808931127866,0.20968462958785053,0.15030958697589145,-0.14300185372594498
noise_augmented,feh,2.5,2028,snr_regime,snr_<15,26,-0.05714991756321233,0.24778489108840274,0.317664756957189,0.25489694802182533,0.5506562992032982
noise_augmented,feh,2.5,2028,snr_regime,snr_15_30,41,-0.005543624825520971,0.2082358110827004,0.2747661458321101,0.23418070481196124,0.5603271377557963
noise_augmented,feh,2.5,2028,snr_regime,snr_>=30,24,-0.04799383021656852,0.23753332361328172,0.3106560443627519,0.24398272385488773,0.7074779172233459
noise_augmented,feh,2.5,2029,temperature_regime,cool_<4000,26,0.05683399497760804,0.1633862746849452,0.22083608734363327,0.1794550012156756,0.30558308003502654
noise_augmented,feh,2.5,2029,temperature_regime,mid_4000_6000,55,-0.08325795877567324,0.22544434982539896,0.2904155301467172,0.24710203130198494,0.25654636585945567
noise_augmented,feh,2.5,2029,temperature_regime,hot_>6000,10,0.11206706709216667,0.3917589517204775,0.4673574304091777,0.5095181548609677,0.36921814929070007
noise_augmented,feh,2.5,2029,gravity_regime,dwarf_>=3.5,88,-0.022822089335004483,0.2260710709133555,0.2990920997272248,0.24979710799927077,0.5992331749338706
noise_augmented,feh,2.5,2029,metallicity_regime,intermediate,44,0.00752133661351325,0.2576461054990553,0.326201340522925,0.3417608010158098,-0.87415822236601
noise_augmented,feh,2.5,2029,metallicity_regime,metal_rich_>=-0.5,42,-0.1150214785090561,0.15975031341401516,0.2004137648662503,0.1732436500861964,-0.0441642848962871
noise_augmented,feh,2.5,2029,snr_regime,snr_<15,26,-0.033234523083797804,0.21416310580364314,0.2838150869026686,0.2766207640885787,0.6413163808447988
noise_augmented,feh,2.5,2029,snr_regime,snr_15_30,41,0.008634840775885678,0.20987208008780292,0.27004359709884607,0.23031735459557176,0.5753110261859722
noise_augmented,feh,2.5,2029,snr_regime,snr_>=30,24,-0.06128183599813011,0.2663364943714855,0.35395304479506606,0.21752297972325496,0.6202565023610476
noise_augmented,feh,2.5,2030,temperature_regime,cool_<4000,26,0.026937678387707623,0.17397920854533283,0.20664776712498334,0.22768009223082197,0.391946713292209
noise_augmented,feh,2.5,2030,temperature_regime,mid_4000_6000,55,-0.08421387091287676,0.2281241666452449,0.2950193688542329,0.23325190079441105,0.23278819927356864
noise_augmented,feh,2.5,2030,temperature_regime,hot_>6000,10,0.12863091150008577,0.3856441968732372,0.46341444963722417,0.532275622555808,0.37981675653661895
noise_augmented,feh,2.5,2030,gravity_regime,dwarf_>=3.5,88,-0.02895107839423761,0.22832147955776924,0.29653667477456597,0.2540255637390662,0.6060521748018901
noise_augmented,feh,2.5,2030,metallicity_regime,intermediate,44,-0.0001914689253140844,0.24898472026573437,0.31555777467212914,0.3371428691692993,-0.7538503719828402
noise_augmented,feh,2.5,2030,metallicity_regime,metal_rich_>=-0.5,42,-0.12400059657808954,0.1761911267342992,0.21530235102552028,0.1536050418665639,-0.20506725495566136
noise_augmented,feh,2.5,2030,snr_regime,snr_<15,26,-0.0189829812420859,0.2058016687081216,0.25323149412161355,0.24707947661207488,0.7144540383228422
noise_augmented,feh,2.5,2030,snr_regime,snr_15_30,41,-0.011711668235710938,0.21703210452741833,0.27340654255750957,0.24870851905338653,0.5646675683165315
noise_augmented,feh,2.5,2030,snr_regime,snr_>=30,24,-0.06963909321535765,0.27823212018184085,0.3715250823937983,0.2232881676901198,0.5816157576339738
noise_augmented,feh,2.5,2031,temperature_regime,cool_<4000,26,0.010491681355293448,0.16763305559081648,0.20366181942708372,0.26483375503648066,0.40939183752920194
noise_augmented,feh,2.5,2031,temperature_regime,mid_4000_6000,55,-0.08491714315423346,0.21580927355639243,0.2754909660166697,0.24043228067959962,0.33099565423283994
noise_augmented,feh,2.5,2031,temperature_regime,hot_>6000,10,0.15529830678922923,0.34384165540608597,0.43831684707813656,0.42793068047343896,0.445173479186032
noise_augmented,feh,2.5,2031,gravity_regime,dwarf_>=3.5,88,-0.027233130765712602,0.2147064419991929,0.28106350108787426,0.25981806555235276,0.6460916704267644
noise_augmented,feh,2.5,2031,metallicity_regime,intermediate,44,0.016156554923624302,0.22142990652409844,0.2830505617228248,0.23783773686720458,-0.411116311158799
noise_augmented,feh,2.5,2031,metallicity_regime,metal_rich_>=-0.5,42,-0.1433215938464334,0.17760780293822676,0.22033271978725497,0.19502329948834687,-0.26203596683214414
noise_augmented,feh,2.5,2031,snr_regime,snr_<15,26,-0.06807181082957699,0.2242652299401546,0.2755723059836823,0.22502547865698747,0.6618481805574511
noise_augmented,feh,2.5,2031,snr_regime,snr_15_30,41,0.0049168947019093984,0.19456485904207987,0.2626929368519241,0.20769654057990794,0.5981166547916521
noise_augmented,feh,2.5,2031,snr_regime,snr_>=30,24,-0.0531834038150917,0.2440971185772657,0.31425406948760237,0.18827261868357287,0.7006626829981728
noise_augmented,feh,2.5,2032,temperature_regime,cool_<4000,26,0.021329857658624204,0.1645732109975895,0.2077497900263783,0.20804929660154514,0.38544409872357843
noise_augmented,feh,2.5,2032,temperature_regime,mid_4000_6000,55,-0.0858841348854747,0.22390086700260511,0.29276683631821254,0.20525713299203918,0.2444591081219376
noise_augmented,feh,2.5,2032,temperature_regime,hot_>6000,10,0.17463483208352526,0.3709767836676181,0.4498522857959095,0.450269794448056,0.4155858152340596
noise_augmented,feh,2.5,2032,gravity_regime,dwarf_>=3.5,88,-0.02876686289272995,0.22728701610067617,0.2979340448664015,0.23279248181387976,0.6023306253608586
noise_augmented,feh,2.5,2032,metallicity_regime,intermediate,44,0.008929174480135582,0.237170671427384,0.3139539792172677,0.23327103573525537,-0.7360680859580075
noise_augmented,feh,2.5,2032,metallicity_regime,metal_rich_>=-0.5,42,-0.13199153701484065,0.16999169967133754,0.20547008948955933,0.17012934733716742,-0.09751625555956678
noise_augmented,feh,2.5,2032,snr_regime,snr_<15,26,-0.0209104322894774,0.19276624885305102,0.23160468166703257,0.2306512107278481,0.7611444946822363
noise_augmented,feh,2.5,2032,snr_regime,snr_15_30,41,-0.011837675982153663,0.21974974028771113,0.295181713855731,0.24614531755049734,0.4925630163602691
noise_augmented,feh,2.5,2032,snr_regime,snr_>=30,24,-0.05807028516445469,0.2617315494075545,0.34718704833948655,0.20165561629169282,0.6346357316480401
noise_augmented,feh,2.5,2033,temperature_regime,cool_<4000,26,0.04999703027372683,0.15712366001754852,0.20706121426235996,0.18130946796183026,0.38951117397455515
noise_augmented,feh,2.5,2033,temperature_regime,mid_4000_6000,55,-0.08740129605643875,0.20755756386381305,0.2592609659952492,0.26799925903741423,0.40749982246900884
noise_augmented,feh,2.5,2033,temperature_regime,hot_>6000,10,0.1715483952136485,0.3319853459726173,0.4045518613580727,0.4680472332090019,0.5273612850975323
noise_augmented,feh,2.5,2033,gravity_regime,dwarf_>=3.5,88,-0.01629175639955112,0.20609803577701696,0.2670779467682355,0.24160052129903214,0.6804359339419769
noise_augmented,feh,2.5,2033,metallicity_regime,intermediate,44,0.015197812914209609,0.21667269958103655,0.2711628202192126,0.3140381228555058,-0.29507539990846876
noise_augmented,feh,2.5,2033,metallicity_regime,metal_rich_>=-0.5,42,-0.11852469090493574,0.16117778917131464,0.20333970035628393,0.19063046199610054,-0.07487534094845327
noise_augmented,feh,2.5,2033,snr_regime,snr_<15,26,-0.021375950135292445,0.18985372977550735,0.2222130618342614,0.2855229748622591,0.7801230243902348
noise_augmented,feh,2.5,2033,snr_regime,snr_15_30,41,0.005452024076653549,0.20445539141182847,0.272976177997838,0.24333857839985382,0.5660369883385092
noise_augmented,feh,2.5,2033,snr_regime,snr_>=30,24,-0.060809284478164215,0.22924444211016629,0.29645462341737033,0.1912534387964278,0.7336114850973943
noise_augmented,feh,2.5,2034,temperature_regime,cool_<4000,26,0.031212348250079253,0.16879269233042307,0.21167135964736014,0.20336403537947548,0.36202390612240565
noise_augmented,feh,2.5,2034,temperature_regime,mid_4000_6000,55,-0.06891232271342636,0.21423515218074388,0.27581348482175755,0.2491215094747281,0.3294283231161287
noise_augmented,feh,2.5,2034,temperature_regime,hot_>6000,10,0.14916837507229316,0.3658934500197766,0.4487827966794885,0.4057520717378604,0.4183613113508826
noise_augmented,feh,2.5,2034,gravity_regime,dwarf_>=3.5,88,-0.014990785674239086,0.21799744610744218,0.2851595540877418,0.2451821739548176,0.635701205111675
noise_augmented,feh,2.5,2034,metallicity_regime,intermediate,44,0.02946970376638834,0.22660738009432482,0.29107603583393765,0.26278443407212776,-0.49227090989380073
noise_augmented,feh,2.5,2034,metallicity_regime,metal_rich_>=-0.5,42,-0.12759402464749744,0.17343914335997707,0.212556045331641,0.1622637620678483,-0.17452066904723984
noise_augmented,feh,2.5,2034,snr_regime,snr_<15,26,-0.03184721407434438,0.19231224781403544,0.24983992524956464,0.23597388370928993,0.7220515411979664
noise_augmented,feh,2.5,2034,snr_regime,snr_15_30,41,0.015089478033129579,0.20541334049060944,0.2647039000567844,0.26898434014950495,0.5919401204294414
noise_augmented,feh,2.5,2034,snr_regime,snr_>=30,24,-0.05323391572661736,0.26701718614374026,0.3456448766415215,0.23014093575443642,0.6378743491679474
noise_augmented,feh,2.5,2035,temperature_regime,cool_<4000,26,0.02361690962676717,0.1720457287617942,0.21824314040734638,0.1621225023205595,0.321794338394211
noise_augmented,feh,2.5,2035,temperature_regime,mid_4000_6000,55,-0.08210824719502902,0.2130781683113226,0.28643926184114743,0.189055879377601,0.2767652135762534
noise_augmented,feh,2.5,2035,temperature_regime,hot_>6000,10,0.25735129656105615,0.3612177590003549,0.4369707230228463,0.4385078763300918,0.44857612489437615
noise_augmented,feh,2.5,2035,gravity_regime,dwarf_>=3.5,88,-0.012822878536380266,0.21735919295811892,0.29057130161313105,0.22592729173600107,0.6217426998820034
noise_augmented,feh,2.5,2035,metallicity_regime,intermediate,44,0.029200347125027105,0.220444682587377,0.29668714947428604,0.23211657566975843,-0.550358881922488
noise_augmented,feh,2.5,2035,metallicity_regime,metal_rich_>=-0.5,42,-0.1314019827180654,0.17141506524406872,0.21779405796310625,0.17868270247904974,-0.2331212867871697
noise_augmented,feh,2.5,2035,snr_regime,snr_<15,26,0.0074891149698833774,0.2077722316053038,0.2742309086231261,0.23984727055030983,0.6651321969017594
noise_augmented,feh,2.5,2035,snr_regime,snr_15_30,41,-0.005020331244292073,0.2043711447153326,0.2762734509762741,0.24428793318985684,0.555490013921123
noise_augmented,feh,2.5,2035,snr_regime,snr_>=30,24,-0.05488684950087839,0.2509737849944336,0.32760179802646977,0.22243644793633507,0.674694358933414
noise_augmented,feh,3.0,2026,temperature_regime,cool_<4000,26,0.0036748701573793017,0.18237737967716267,0.22239587671438618,0.24373325353915107,0.29573895241737214
noise_augmented,feh,3.0,2026,temperature_regime,mid_4000_6000,55,-0.08627947521316334,0.2130507302361412,0.2657014877183018,0.20305343694283798,0.37769658059249156
noise_augmented,feh,3.0,2026,temperature_regime,hot_>6000,10,0.2425514528099137,0.3516155981525466,0.45803765136656455,0.41952587288659826,0.3941247058404217
noise_augmented,feh,3.0,2026,gravity_regime,dwarf_>=3.5,88,-0.023083801632780565,0.21848780567771933,0.28305653660947805,0.23862568548556384,0.6410547110747562
noise_augmented,feh,3.0,2026,metallicity_regime,intermediate,44,0.024203951831586946,0.21036729065582735,0.2692954845716647,0.27218406003872825,-0.27730000113750997
noise_augmented,feh,3.0,2026,metallicity_regime,metal_rich_>=-0.5,42,-0.14823554614280315,0.1853092417711461,0.22299894251884192,0.17285203717861658,-0.2927642939401083
noise_augmented,feh,3.0,2026,snr_regime,snr_<15,26,-0.045776637087630176,0.224591942953028,0.26219952006156605,0.28481672392521223,0.6938710707159049
noise_augmented,feh,3.0,2026,snr_regime,snr_15_30,41,-0.00854250006712834,0.20407981332927008,0.2651027930993901,0.24764845809167246,0.590709349814105
noise_augmented,feh,3.0,2026,snr_regime,snr_>=30,24,-0.028494788229264146,0.24037896470169415,0.3290055080732357,0.21516875529906707,0.6719006435443169
noise_augmented,feh,3.0,2027,temperature_regime,cool_<4000,26,0.03585577060494238,0.16126499933137797,0.2055045520905919,0.19062262366280275,0.3986558382627303
noise_augmented,feh,3.0,2027,temperature_regime,mid_4000_6000,55,-0.056454999412530765,0.18428178288119068,0.24055787241548443,0.2362679252001711,0.4899023025232002
noise_augmented,feh,3.0,2027,temperature_regime,hot_>6000,10,0.15777162026660002,0.3787753135405121,0.45740830771309715,0.5540452143047276,0.395788507121288
noise_augmented,feh,3.0,2027,gravity_regime,dwarf_>=3.5,88,-0.0049288972168173295,0.19885872892782172,0.26544602047858673,0.24277978706474704,0.6843292671879602
noise_augmented,feh,3.0,2027,metallicity_regime,intermediate,44,0.0407430733566948,0.18766812994300555,0.24742327759659768,0.16889906093693619,-0.07824109746871177
noise_augmented,feh,3.0,2027,metallicity_regime,metal_rich_>=-0.5,42,-0.12072591966725768,0.17085735214187212,0.21258247270105982,0.1656780506577742,-0.17481274656639667
noise_augmented,feh,3.0,2027,snr_regime,snr_<15,26,-0.010293704697116917,0.1837058666498675,0.23024385225406516,0.24277978706474704,0.7639431141096591
noise_augmented,feh,3.0,2027,snr_regime,snr_15_30,41,0.02472483501998201,0.17520081851053285,0.23769945401238715,0.18407754483096492,0.6709517501490442
noise_augmented,feh,3.0,2027,snr_regime,snr_>=30,24,-0.05588086012453803,0.25652312852741804,0.33404986066311476,0.229320920212721,0.6617625972021811
noise_augmented,feh,3.0,2028,temperature_regime,cool_<4000,26,-0.014431049858328169,0.1920164816994081,0.23270295708440406,0.26089758704807275,0.22894739174700718
noise_augmented,feh,3.0,2028,temperature_regime,mid_4000_6000,55,-0.12331817010293257,0.2290336074235189,0.28088349674369945,0.2575501081268023,0.3045487993962085
noise_augmented,feh,3.0,2028,temperature_regime,hot_>6000,10,0.2092844264891453,0.4513207356848278,0.5656857288737468,0.5491586048116178,0.07587369957708678
noise_augmented,feh,3.0,2028,gravity_regime,dwarf_>=3.5,88,-0.052334043019506456,0.2419934300159234,0.3133368838619195,0.2555738477693012,0.5601496713180278
noise_augmented,feh,3.0,2028,metallicity_regime,intermediate,44,-0.03317768617731526,0.23736393756426433,0.2948738982418239,0.30272448203921315,-0.5314662562190373
noise_augmented,feh,3.0,2028,metallicity_regime,metal_rich_>=-0.5,42,-0.16447785728938963,0.19893917203878414,0.2357870725117373,0.16434250557041852,-0.44528575417408756
noise_augmented,feh,3.0,2028,snr_regime,snr_<15,26,-0.10337732020583837,0.27714283744337975,0.34917861202519523,0.2943996797114715,0.4570799800728096
noise_augmented,feh,3.0,2028,snr_regime,snr_15_30,41,-0.02551341975669323,0.22146015660694426,0.2868198788196585,0.25000349825039286,0.5209049179315648
noise_augmented,feh,3.0,2028,snr_regime,snr_>=30,24,-0.0554584104879229,0.2423710039547433,0.3165053812526978,0.24804405921082928,0.6963584234828658
noise_augmented,feh,3.0,2029,temperature_regime,cool_<4000,26,0.03397428929022557,0.16472261264936242,0.22327758873134573,0.19413469097034883,0.29014364768675316
noise_augmented,feh,3.0,2029,temperature_regime,mid_4000_6000,55,-0.10155051468615668,0.2336690825555123,0.30066326935952187,0.2293429112761864,0.20315295532954614
noise_augmented,feh,3.0,2029,temperature_regime,hot_>6000,10,0.09544360101817265,0.4142913513372165,0.4899582119627806,0.5582366414928979,0.30673549097016317
noise_augmented,feh,3.0,2029,gravity_regime,dwarf_>=3.5,88,-0.043179030679525825,0.23475911349993686,0.31037158134954623,0.2535695870373457,0.5684354346593838
noise_augmented,feh,3.0,2029,metallicity_regime,intermediate,44,-0.019007242525022436,0.26614123281392443,0.33869452480731804,0.3359074284021652,-1.0204640240626053
noise_augmented,feh,3.0,2029,metallicity_regime,metal_rich_>=-0.5,42,-0.12999683015921396,0.16710980898140823,0.20773373689921484,0.16351322668266013,-0.12183196006310348
noise_augmented,feh,3.0,2029,snr_regime,snr_<15,26,-0.07128744099932907,0.22202864023324054,0.29751816918027124,0.2255182046159526,0.605844515982795
noise_augmented,feh,3.0,2029,snr_regime,snr_15_30,41,-0.008103081145442734,0.2177446044855931,0.27718828620800723,0.2430428130508691,0.5525412928012365
noise_augmented,feh,3.0,2029,snr_regime,snr_>=30,24,-0.06507545762772161,0.27405114803479974,0.36612080938918035,0.23206521243187495,0.5936990212074658
noise_augmented,feh,3.0,2030,temperature_regime,cool_<4000,26,0.004470475745952469,0.1845192684170277,0.2233110070699761,0.2355400054221234,0.2899311409558454
noise_augmented,feh,3.0,2030,temperature_regime,mid_4000_6000,55,-0.11172988752514576,0.24253267287353628,0.3103318930575258,0.24242487434628554,0.1510794702097784
noise_augmented,feh,3.0,2030,temperature_regime,hot_>6000,10,0.13958721522839462,0.3904426828290183,0.4695843688562442,0.5697260055581791,0.36319252966423754
noise_augmented,feh,3.0,2030,gravity_regime,dwarf_>=3.5,88,-0.05069261815422696,0.23971242860784361,0.3097763276738471,0.25384457995786225,0.5700892204278101
noise_augmented,feh,3.0,2030,metallicity_regime,intermediate,44,-0.025458501881532616,0.2590274686036476,0.32786598007540907,0.3582057222353464,-0.8933350793772423
noise_augmented,feh,3.0,2030,metallicity_regime,metal_rich_>=-0.5,42,-0.1467384452310461,0.19033015967452,0.23143117555371165,0.180856473439161,-0.3923789979201351
noise_augmented,feh,3.0,2030,snr_regime,snr_<15,26,-0.052277789203055876,0.22237350120758556,0.2652927040660787,0.2642317166250586,0.6866056226060633
noise_augmented,feh,3.0,2030,snr_regime,snr_15_30,41,-0.03489494732449162,0.22678162927653173,0.2900996485074949,0.287556532923613,0.5098854201039129
noise_augmented,feh,3.0,2030,snr_regime,snr_>=30,24,-0.07679683052586236,0.29006112431009873,0.38286886468218595,0.24028457208613546,0.5556766447594285
noise_augmented,feh,3.0,2031,temperature_regime,cool_<4000,26,-0.017228463402064135,0.17927107800797037,0.2185882724759658,0.28468885938445126,0.31964759872272663
noise_augmented,feh,3.0,2031,temperature_regime,mid_4000_6000,55,-0.10876846355077369,0.22718522777468306,0.28418843642139036,0.2959907192080572,0.2880868414154112
noise_augmented,feh,3.0,2031,temperature_regime,hot_>6000,10,0.15234281100580543,0.34734076424116334,0.4461355889266971,0.45377838557795463,0.42520282727153946
noise_augmented,feh,3.0,2031,gravity_regime,dwarf_>=3.5,88,-0.04936252479978072,0.22504840962031591,0.29014890323339093,0.25892244234262574,0.622841632492078
noise_augmented,feh,3.0,2031,metallicity_regime,intermediate,44,-0.0014809404318352102,0.21942817340818258,0.2804175213949195,0.23715946887507117,-0.38498497591336944
noise_augmented,feh,3.0,2031,metallicity_regime,metal_rich_>=-0.5,42,-0.17354906436652445,0.203032355227614,0.24840193138616443,0.1736489447499174,-0.6040713341945205
noise_augmented,feh,3.0,2031,snr_regime,snr_<15,26,-0.10758158257470025,0.2531525595058127,0.2995231477416888,0.26319272389622683,0.6005141784899299
noise_augmented,feh,3.0,2031,snr_regime,snr_15_30,41,-0.01683734031044118,0.19825378271643285,0.2672278717069424,0.23331632372421612,0.5841212571262066
noise_augmented,feh,3.0,2031,snr_regime,snr_>=30,24,-0.059138555584078024,0.2466363149875647,0.3171640499105631,0.22742123777170276,0.6950933120041084
noise_augmented,feh,3.0,2032,temperature_regime,cool_<4000,26,0.01670431592442397,0.16703169067481044,0.21373534417171186,0.2197535744864584,0.34952157570466647
noise_augmented,feh,3.0,2032,temperature_regime,mid_4000_6000,55,-0.11125944093577673,0.2435540259274785,0.314491982356058,0.24980494194797306,0.12816686435554459
noise_augmented,feh,3.0,2032,temperature_regime,hot_>6000,10,0.20070784391028082,0.3760359002583765,0.44971068977958845,0.44919287191396673,0.415953659078368
noise_augmented,feh,3.0,2032,gravity_regime,dwarf_>=3.5,88,-0.044992740124216744,0.23878028037324686,0.3119631156760109,0.25527560833689,0.5639981028445313
noise_augmented,feh,3.0,2032,metallicity_regime,intermediate,44,-0.008965407273624408,0.24927858936085032,0.3310320666091513,0.2645652300403211,-0.930078177316157
noise_augmented,feh,3.0,2032,metallicity_regime,metal_rich_>=-0.5,42,-0.14683617616985006,0.18206375555760607,0.21877970156409488,0.1962716006400858,-0.24430771079314484
noise_augmented,feh,3.0,2032,snr_regime,snr_<15,26,-0.04231453906988295,0.2231832823074325,0.27115386197255487,0.2944561586087263,0.6726048990932066
noise_augmented,feh,3.0,2032,snr_regime,snr_15_30,41,-0.02460054364404709,0.23008086454467153,0.306270831852146,0.27628103245985425,0.45372101590574776
noise_augmented,feh,3.0,2032,snr_regime,snr_>=30,24,-0.06537826221279175,0.2609405666589741,0.3471567009656727,0.2093158465148761,0.6346996013199795
noise_augmented,feh,3.0,2033,temperature_regime,cool_<4000,26,0.02834360097696496,0.15386556932211023,0.21150856290696823,0.19028099713653607,0.36300486537077425
noise_augmented,feh,3.0,2033,temperature_regime,mid_4000_6000,55,-0.115965699270319,0.2149261419055631,0.27105883964127003,0.2587222605231129,0.35234851628960484
noise_augmented,feh,3.0,2033,temperature_regime,hot_>6000,10,0.171565092279547,0.3283148624885539,0.3954666457421404,0.4242037831862389,0.5483514648555637
noise_augmented,feh,3.0,2033,gravity_regime,dwarf_>=3.5,88,-0.03873440122004306,0.2083000222811563,0.2725083799552668,0.225885780853409,0.6673085770813965
noise_augmented,feh,3.0,2033,metallicity_regime,intermediate,44,-0.010964191232233814,0.21031746019848876,0.2698391690623708,0.2879927138311687,-0.2824627257735086
noise_augmented,feh,3.0,2033,metallicity_regime,metal_rich_>=-0.5,42,-0.1414881969355524,0.1750291240355326,0.22570743297389462,0.18734954045434943,-0.3243581977061196
noise_augmented,feh,3.0,2033,snr_regime,snr_<15,26,-0.06050092186350269,0.19704328264593515,0.2437762906265807,0.27328577292206846,0.7353794812340098
noise_augmented,feh,3.0,2033,snr_regime,snr_15_30,41,-0.014652883708653919,0.20474625749705147,0.2748642227728617,0.26835615043078925,0.5600132019525186
noise_augmented,feh,3.0,2033,snr_regime,snr_>=30,24,-0.07298902963187932,0.23278622191220635,0.29758876125310985,0.1964657337515705,0.7315693567028763
noise_augmented,feh,3.0,2034,temperature_regime,cool_<4000,26,0.013087866693756053,0.1719745997754531,0.21410048406919668,0.24074959997979575,0.3472971564459826
noise_augmented,feh,3.0,2034,temperature_regime,mid_4000_6000,55,-0.08563441182992658,0.21499354483104016,0.2777920618302979,0.2243038763309958,0.3197729823488932
noise_augmented,feh,3.0,2034,temperature_regime,hot_>6000,10,0.1455780670413295,0.3707610869388679,0.44408827281211927,0.4849222174307845,0.4304662108503817
noise_augmented,feh,3.0,2034,gravity_regime,dwarf_>=3.5,88,-0.03140854103151727,0.22036065395281748,0.2864970747700468,0.22628302465446382,0.6322757551253655
noise_augmented,feh,3.0,2034,metallicity_regime,intermediate,44,0.014159215784626745,0.22129961711190108,0.2872480682138217,0.26398496775696595,-0.4532790169934511
noise_augmented,feh,3.0,2034,metallicity_regime,metal_rich_>=-0.5,42,-0.1456792550147518,0.18296944062935805,0.22392647928571055,0.16827385817131038,-0.3035408485410451
noise_augmented,feh,3.0,2034,snr_regime,snr_<15,26,-0.05681868390129256,0.2017975752220374,0.25328800158871306,0.21721511105803082,0.7143265875144774
noise_augmented,feh,3.0,2034,snr_regime,snr_15_30,41,0.0009658039252491939,0.2029059955893961,0.2620941867248529,0.2721870114669499,0.5999465743793166
noise_augmented,feh,3.0,2034,snr_regime,snr_>=30,24,-0.06150581773735917,0.2682380272633109,0.34903253440949006,0.24781048319269558,0.6307411927395103
noise_augmented,feh,3.0,2035,temperature_regime,cool_<4000,26,-0.0007603545001068373,0.1730495782158098,0.22861120495234938,0.21598812309864387,0.25582473334774447
noise_augmented,feh,3.0,2035,temperature_regime,mid_4000_6000,55,-0.10447760648952766,0.22478739393046623,0.30308548251479805,0.19738793589376102,0.19026206779272248
noise_augmented,feh,3.0,2035,temperature_regime,hot_>6000,10,0.2597145251837187,0.3613511849601382,0.4427325547707348,0.47215600164361643,0.4339382622449214
noise_augmented,feh,3.0,2035,gravity_regime,dwarf_>=3.5,88,-0.03229211850821025,0.2239549196498637,0.30224605073406685,0.22626457396691868,0.5907363713112603
noise_augmented,feh,3.0,2035,metallicity_regime,intermediate,44,0.010263901830759295,0.2244818160464629,0.3066238391683884,0.25091156061404196,-0.6559476524684547
noise_augmented,feh,3.0,2035,metallicity_regime,metal_rich_>=-0.5,42,-0.15561293999855857,0.18294448014398276,0.23805360443771942,0.18642054232016486,-0.47320527254435363
noise_augmented,feh,3.0,2035,snr_regime,snr_<15,26,-0.0418188778754576,0.22905708148386517,0.30838874484881007,0.22450360780097642,0.5765153955137587
noise_augmented,feh,3.0,2035,snr_regime,snr_15_30,41,-0.01606188931076408,0.20616276949394147,0.28212690400503976,0.24530020332646987,0.5364546563062718
noise_augmented,feh,3.0,2035,snr_regime,snr_>=30,24,-0.05929433481609948,0.25283124506483273,0.3313603645229254,0.2237523530953216,0.6671870937430395
noise_augmented,logg,1.25,2026,temperature_regime,cool_<4000,26,0.02419973419186453,0.11928492692112944,0.14448492517853914,0.17116683499488047,0.018500991683409573
noise_augmented,logg,1.25,2026,temperature_regime,mid_4000_6000,55,0.025219752432902635,0.24516092132528583,0.3881390586747569,0.2371081046299104,0.4582614475926081
noise_augmented,logg,1.25,2026,temperature_regime,hot_>6000,10,-0.05664995455443891,0.30103261508842327,0.3274743831730873,0.4744090450266214,-0.3447940019228741
noise_augmented,logg,1.25,2026,gravity_regime,dwarf_>=3.5,88,-0.02736619795362138,0.1788361315517262,0.23253172428106952,0.22622692616820175,0.09483697388179657
noise_augmented,logg,1.25,2026,metallicity_regime,intermediate,44,0.04870633893189085,0.2745248645939158,0.425070088659378,0.2935728867300918,0.4576644212056742
noise_augmented,logg,1.25,2026,metallicity_regime,metal_rich_>=-0.5,42,0.02153309954253501,0.14092385035847838,0.17659767870300935,0.1512085287928309,0.05692579656536079
noise_augmented,logg,1.25,2026,snr_regime,snr_<15,26,0.04181787121678028,0.23463124677309613,0.3866581903336109,0.23821624443879338,0.427259169366203
noise_augmented,logg,1.25,2026,snr_regime,snr_15_30,41,-0.016339338384023426,0.1918406279794566,0.28721073059850794,0.19389544362167563,0.21216952076495976
noise_augmented,logg,1.25,2026,snr_regime,snr_>=30,24,0.04301783955676695,0.23457111501942082,0.331147966881576,0.27167203044179056,0.5572927037151659
noise_augmented,logg,1.25,2027,temperature_regime,cool_<4000,26,0.02635969095772697,0.1263360381764482,0.15004594024917653,0.19353523633797565,-0.05850591455460852
noise_augmented,logg,1.25,2027,temperature_regime,mid_4000_6000,55,0.02945962932290416,0.2324541950839941,0.3633119233365888,0.21881221012152666,0.5253490566684715
noise_augmented,logg,1.25,2027,temperature_regime,hot_>6000,10,-0.10634547720054859,0.3277058139771221,0.36196769181810745,0.5250226841199445,-0.6430119214801031
noise_augmented,logg,1.25,2027,gravity_regime,dwarf_>=3.5,88,-0.027439856980560593,0.17829422320493263,0.2278948591063669,0.21951259859420147,0.13057637247483844
noise_augmented,logg,1.25,2027,metallicity_regime,intermediate,44,0.05387200665225533,0.259322077879626,0.3975115254048683,0.2542987833329788,0.5257072836763819
noise_augmented,logg,1.25,2027,metallicity_regime,metal_rich_>=-0.5,42,0.015496834929736995,0.14660823526623704,0.18081440486693784,0.18276902220074825,0.01135144333905691
noise_augmented,logg,1.25,2027,snr_regime,snr_<15,26,0.019415670984830324,0.24706071022076495,0.38107574683799306,0.24697215569677244,0.44367787027807737
noise_augmented,logg,1.25,2027,snr_regime,snr_15_30,41,0.00024575525837225106,0.17799911653777484,0.2614559048272509,0.19488014799470468,0.3471275174074958
noise_augmented,logg,1.25,2027,snr_regime,snr_>=30,24,0.030303891435678892,0.2343847340912455,0.32767528996422113,0.24459854109375456,0.5665291688586391
noise_augmented,logg,1.25,2028,temperature_regime,cool_<4000,26,0.021161048832611735,0.12640309645044473,0.14908853941228117,0.1884296873029552,-0.045040954545000345
noise_augmented,logg,1.25,2028,temperature_regime,mid_4000_6000,55,0.018945057221976005,0.24581658270611925,0.38851983388944705,0.24828861574623043,0.4571980050325428
noise_augmented,logg,1.25,2028,temperature_regime,hot_>6000,10,-0.08677650749882018,0.3268113091210519,0.3505514895404726,0.4619019799845257,-0.5410074257318043
noise_augmented,logg,1.25,2028,gravity_regime,dwarf_>=3.5,88,-0.03592962258941313,0.1839579377047943,0.23762159356293538,0.22525825418409176,0.054777197949755885
noise_augmented,logg,1.25,2028,metallicity_regime,intermediate,44,0.04428647843951486,0.2760045373810062,0.4253583471523895,0.28110615414244366,0.4569286091649495
noise_augmented,logg,1.25,2028,metallicity_regime,metal_rich_>=-0.5,42,0.012628835934968113,0.14704024248227232,0.18250494121816224,0.19089282941939648,-0.007221850164639054
noise_augmented,logg,1.25,2028,snr_regime,snr_<15,26,0.02075847218663238,0.24941376914198593,0.3846645786653326,0.24424519044851636,0.433150052886203
noise_augmented,logg,1.25,2028,snr_regime,snr_15_30,41,-0.017028558310212334,0.19249390555857623,0.2935611847896688,0.21129249410594925,0.17694526307842184
noise_augmented,logg,1.25,2028,snr_regime,snr_>=30,24,0.03678545648894364,0.2373957300902242,0.33717294773258943,0.26125633291410644,0.5410367214465054
noise_augmented,logg,1.25,2029,temperature_regime,cool_<4000,26,0.0217833160956705,0.12022336205534426,0.14584216525334853,0.16824855143736134,-2.532257234899582e-05
noise_augmented,logg,1.25,2029,temperature_regime,mid_4000_6000,55,0.016746410012967287,0.24694078935131905,0.38806576517920605,0.24578050796638495,0.4584660245987009
noise_augmented,logg,1.25,2029,temperature_regime,hot_>6000,10,-0.09420019892056808,0.3298025794684883,0.35357803039343727,0.45378487860856653,-0.5677313474177506
noise_augmented,logg,1.25,2029,gravity_regime,dwarf_>=3.5,88,-0.03624108233607644,0.18489709769178067,0.2432091189471526,0.21952160503538024,0.009801895689879658
noise_augmented,logg,1.25,2029,metallicity_regime,intermediate,44,0.034841683014098096,0.2776149982134956,0.42557291370089784,0.27389483111353874,0.45638058021729777
noise_augmented,logg,1.25,2029,metallicity_regime,metal_rich_>=-0.5,42,0.018593590082866842,0.14338020583206673,0.1802633545573156,0.18433366581180283,0.017368275177168657
noise_augmented,logg,1.25,2029,snr_regime,snr_<15,26,0.027055898539148335,0.25371037540030755,0.4006879101903574,0.2724714560101537,0.3849418258290165
noise_augmented,logg,1.25,2029,snr_regime,snr_15_30,41,-0.020741392614153278,0.19623719208342294,0.30167140388757563,0.19533239002112773,0.1308399747222606
noise_augmented,logg,1.25,2029,snr_regime,snr_>=30,24,0.02884835479822419,0.22347424944241853,0.301411111085012,0.2565980778053305,0.6332323610730041
noise_augmented,logg,1.25,2030,temperature_regime,cool_<4000,26,0.026645740927794072,0.12115206689330231,0.1465664489813378,0.17383134984712356,-0.009982670473750677
noise_augmented,logg,1.25,2030,temperature_regime,mid_4000_6000,55,0.01880142155271599,0.2382461317672875,0.3820070082735545,0.21675420322563066,0.4752436441820056
noise_augmented,logg,1.25,2030,temperature_regime,hot_>6000,10,-0.102588030102849,0.3213472809801493,0.3499888713240072,0.4554396177596892,-0.5360649101263903
noise_augmented,logg,1.25,2030,gravity_regime,dwarf_>=3.5,88,-0.03608741505556925,0.17716231957777884,0.23087645288854822,0.20749068064311033,0.10767786856237394
noise_augmented,logg,1.25,2030,metallicity_regime,intermediate,44,0.044924514195232516,0.2678177326836369,0.41865321115249693,0.24519003986619375,0.4739150734491836
noise_augmented,logg,1.25,2030,metallicity_regime,metal_rich_>=-0.5,42,0.01220697083974665,0.14034760254243062,0.17667111657604478,0.1931091571766413,0.056141281565983414
noise_augmented,logg,1.25,2030,snr_regime,snr_<15,26,0.026026527182796275,0.23972088378553177,0.38016127071422423,0.22564741215850984,0.44634470430013373
noise_augmented,logg,1.25,2030,snr_regime,snr_15_30,41,-0.017250451230421064,0.18441893656079386,0.28306137762431993,0.18743028423346592,0.23476876765536525
noise_augmented,logg,1.25,2030,snr_regime,snr_>=30,24,0.030481914257837323,0.23637685078382464,0.33954016360804967,0.24750464199161712,0.5345695414366392
noise_augmented,logg,1.25,2031,temperature_regime,cool_<4000,26,0.021450659275054636,0.11950174733767176,0.1450682630510304,0.1710887316111636,0.010559660374026891
noise_augmented,logg,1.25,2031,temperature_regime,mid_4000_6000,55,0.018183903974294736,0.25076147634350904,0.39092827417117454,0.278159088378691,0.4504474709251868
noise_augmented,logg,1.25,2031,temperature_regime,hot_>6000,10,-0.08296188122729511,0.33679547422428974,0.374845969294981,0.5281470431913804,-0.7620035875777016
noise_augmented,logg,1.25,2031,gravity_regime,dwarf_>=3.5,88,-0.03557211684492058,0.1864582050238372,0.2449050492406774,0.21845442824398337,-0.004055824670327723
noise_augmented,logg,1.25,2031,metallicity_regime,intermediate,44,0.045900787479949655,0.2845738529495219,0.42954691468085177,0.3447481156814443,0.4461805384076768
noise_augmented,logg,1.25,2031,metallicity_regime,metal_rich_>=-0.5,42,0.014225509282851918,0.13944616310960745,0.1755782490906222,0.16982477143201308,0.06778237055065417
noise_augmented,logg,1.25,2031,snr_regime,snr_<15,26,0.012996204804915496,0.24152423872397505,0.3870431570910114,0.24184373340102944,0.4261181308637344
noise_augmented,logg,1.25,2031,snr_regime,snr_15_30,41,-0.01791306102736216,0.19791816726230052,0.2931507095298186,0.2161300103126903,0.17924534515787627
noise_augmented,logg,1.25,2031,snr_regime,snr_>=30,24,0.046864467694113565,0.2446919294724038,0.3499605195855359,0.2957355246360477,0.5055634140465417
noise_augmented,logg,1.25,2032,temperature_regime,cool_<4000,26,0.019375770536753177,0.11849251678280331,0.1450734905538641,0.15706346981049632,0.010488350560815207
noise_augmented,logg,1.25,2032,temperature_regime,mid_4000_6000,55,0.022881508193052093,0.2474424507919585,0.3875727077600528,0.258446531237358,0.4598412436723166
noise_augmented,logg,1.25,2032,temperature_regime,hot_>6000,10,-0.06765075610578068,0.30565006546278767,0.33036834029440676,0.45098992773487084,-0.36866745636473763
noise_augmented,logg,1.25,2032,gravity_regime,dwarf_>=3.5,88,-0.031240519855961598,0.18081511038293432,0.23360488876364102,0.23079517208162154,0.08646280165114417
noise_augmented,logg,1.25,2032,metallicity_regime,intermediate,44,0.04390228656589067,0.276294208333122,0.42385548114555277,0.2940428112902832,0.4607593636956837
noise_augmented,logg,1.25,2032,metallicity_regime,metal_rich_>=-0.5,42,0.01885218738539843,0.14171306338835313,0.17825939142763203,0.17959089224288033,0.039094402734774936
noise_augmented,logg,1.25,2032,snr_regime,snr_<15,26,0.027408183427957707,0.24170300378478457,0.3899048451024362,0.253583680677028,0.4176005168528727
noise_augmented,logg,1.25,2032,snr_regime,snr_15_30,41,-0.01710716869167198,0.1923467377014763,0.2839318684361143,0.19554965907100336,0.23005494182131825
noise_augmented,logg,1.25,2032,snr_regime,snr_>=30,24,0.044771940447803825,0.23233943918223146,0.3318100507293821,0.25522898641333003,0.5555206719045689
noise_augmented,logg,1.25,2033,temperature_regime,cool_<4000,26,0.020106118096755016,0.12721583961829175,0.1537884422248316,0.18403543900271857,-0.11196773543985272
noise_augmented,logg,1.25,2033,temperature_regime,mid_4000_6000,55,0.015612021747502182,0.2507005807219131,0.3795935153682144,0.2685488616385434,0.4818534440012915
noise_augmented,logg,1.25,2033,temperature_regime,hot_>6000,10,-0.12669183971087133,0.3734357983926924,0.4061323663792106,0.5759906921295188,-1.0684084391530915
noise_augmented,logg,1.25,2033,gravity_regime,dwarf_>=3.5,88,-0.0404648309982186,0.19494425859482903,0.2505763473035227,0.23107416986252272,-0.051096354804618604
noise_augmented,logg,1.25,2033,metallicity_regime,intermediate,44,0.034997523033483094,0.2859026910488806,0.4200323489185652,0.3374413504937469,0.47044328045761474
noise_augmented,logg,1.25,2033,metallicity_regime,metal_rich_>=-0.5,42,0.013718295370302483,0.1487910904297752,0.18438338170193663,0.19487387894943917,-0.02806230596418735
noise_augmented,logg,1.25,2033,snr_regime,snr_<15,26,0.0036376945429885846,0.2639253687820372,0.3942878653530583,0.2745918020223264,0.4044331178713344
noise_augmented,logg,1.25,2033,snr_regime,snr_15_30,41,-0.017493664808632157,0.19504910703766667,0.2817967188285104,0.1963334501209604,0.24159127767568733
noise_augmented,logg,1.25,2033,snr_regime,snr_>=30,24,0.03071508618982301,0.2488095323679346,0.3471043952546075,0.28023089784189303,0.5136009481136332
noise_augmented,logg,1.25,2034,temperature_regime,cool_<4000,26,0.01854580804896661,0.12140674663315974,0.1459231492856721,0.161501483895723,-0.0011362299440771384
noise_augmented,logg,1.25,2034,temperature_regime,mid_4000_6000,55,0.028573127843936227,0.23559322156707468,0.37415766688407026,0.23588227846226345,0.49658709558766456
noise_augmented,logg,1.25,2034,temperature_regime,hot_>6000,10,-0.13830001523395397,0.36512586650351636,0.4063194562874608,0.5343892963067508,-1.070314554057163
noise_augmented,logg,1.25,2034,gravity_regime,dwarf_>=3.5,88,-0.03535715375682629,0.18162862323563211,0.23706537039573664,0.2141317930924623,0.0591971622380415
noise_augmented,logg,1.25,2034,metallicity_regime,intermediate,44,0.04697147391081746,0.2660981966313541,0.4130369181090057,0.23409838477029193,0.4879354059205123
noise_augmented,logg,1.25,2034,metallicity_regime,metal_rich_>=-0.5,42,0.015050995700179584,0.14354682925651,0.17770160329309154,0.16963896522874236,0.04509849790251963
noise_augmented,logg,1.25,2034,snr_regime,snr_<15,26,0.009720809849409536,0.25379550055204275,0.40557804958500554,0.20582389919310873,0.3698374327078803
noise_augmented,logg,1.25,2034,snr_regime,snr_15_30,41,-0.00954318298048154,0.18351310615883634,0.264766561069277,0.20332982214414647,0.3304889883627645
noise_augmented,logg,1.25,2034,snr_regime,snr_>=30,24,0.03371843060271582,0.23511420403420935,0.338702701073346,0.24158351836585504,0.5368626420710496
noise_augmented,logg,1.25,2035,temperature_regime,cool_<4000,26,0.02119381528481494,0.1244071933199195,0.14886805932424674,0.19023826801729152,-0.0419523153950041
noise_augmented,logg,1.25,2035,temperature_regime,mid_4000_6000,55,0.023991784581451684,0.24281313144636904,0.3774330540879692,0.25914141582980593,0.48773473483318197
noise_augmented,logg,1.25,2035,temperature_regime,hot_>6000,10,-0.07630986957252048,0.318140560012062,0.3522224781323539,0.5335326416747499,-0.5557336106144233
noise_augmented,logg,1.25,2035,gravity_regime,dwarf_>=3.5,88,-0.030350629595418687,0.18173148634013814,0.23210511214333598,0.21021322333403725,0.09815522482833605
noise_augmented,logg,1.25,2035,metallicity_regime,intermediate,44,0.05378673656871806,0.26833821948369374,0.4113947088821986,0.2743870628004016,0.4919991854372874
noise_augmented,logg,1.25,2035,metallicity_regime,metal_rich_>=-0.5,42,0.013313731418715882,0.14632211247039204,0.18069074248094827,0.19174974156849361,0.012703291738698108
noise_augmented,logg,1.25,2035,snr_regime,snr_<15,26,0.032213447512724244,0.23485153290323735,0.3812178893071697,0.1939577965604773,0.44326277301817874
noise_augmented,logg,1.25,2035,snr_regime,snr_15_30,41,-0.011109120938351267,0.19279195905894778,0.2836513714988776,0.21324085281585248,0.23157545133361734
noise_augmented,logg,1.25,2035,snr_regime,snr_>=30,24,0.030225540700058246,0.24000436162865815,0.3275279126001741,0.27471268239136326,0.5669190024777582
noise_augmented,logg,1.5,2026,temperature_regime,cool_<4000,26,0.024081919390039862,0.1184736467687749,0.14471810432741428,0.1625197718443935,0.015330421718740328
noise_augmented,logg,1.5,2026,temperature_regime,mid_4000_6000,55,0.020089812704830404,0.25000440534660323,0.396580944736471,0.2514796708840229,0.43443993929453517
noise_augmented,logg,1.5,2026,temperature_regime,hot_>6000,10,-0.056560141197840384,0.2936354692280293,0.32639153354197126,0.44455884370049464,-0.33591512674142643
noise_augmented,logg,1.5,2026,gravity_regime,dwarf_>=3.5,88,-0.0311836290061473,0.18019641203252676,0.23883157908431135,0.21151951909849603,0.04512640988470773
noise_augmented,logg,1.5,2026,metallicity_regime,intermediate,44,0.04279639927072044,0.2789088999857056,0.43369266781046656,0.2807397059666248,0.4354386215051219
noise_augmented,logg,1.5,2026,metallicity_regime,metal_rich_>=-0.5,42,0.020716489677864616,0.14064891094063967,0.17746292346002268,0.14670989276472354,0.04766192630652111
noise_augmented,logg,1.5,2026,snr_regime,snr_<15,26,0.04167159779217027,0.23431568728387353,0.3846544900763024,0.2183936635690708,0.4331797860172635
noise_augmented,logg,1.5,2026,snr_regime,snr_15_30,41,-0.023090914001794343,0.19639212366769002,0.2993838830911189,0.20433457613302766,0.14397137161033802
noise_augmented,logg,1.5,2026,snr_regime,snr_>=30,24,0.042863921766893576,0.2342761192739841,0.3377776843249445,0.2600646054520258,0.5393888977253355
noise_augmented,logg,1.5,2027,temperature_regime,cool_<4000,26,0.026643826744877554,0.12605072236481396,0.14793754578763577,0.16181545263676658,-0.028967386254155736
noise_augmented,logg,1.5,2027,temperature_regime,mid_4000_6000,55,0.026412481896623968,0.235083378551765,0.36204992432465116,0.21479837368473392,0.5286408212667747
noise_augmented,logg,1.5,2027,temperature_regime,hot_>6000,10,-0.13646730246047256,0.3375603983829413,0.38079294323319535,0.5051127961470148,-0.8183558617701194
noise_augmented,logg,1.5,2027,gravity_regime,dwarf_>=3.5,88,-0.03179202915005642,0.18186428460659407,0.2335340689255747,0.21632123145193574,0.0870166149730145
noise_augmented,logg,1.5,2027,metallicity_regime,intermediate,44,0.046552167141753004,0.2593339082140364,0.3944353733422994,0.23426973502907045,0.5330195309229583
noise_augmented,logg,1.5,2027,metallicity_regime,metal_rich_>=-0.5,42,0.015171374946596103,0.14921610707919747,0.18421463765721824,0.17725251582304774,-0.02618144221533325
noise_augmented,logg,1.5,2027,snr_regime,snr_<15,26,0.013599464940718833,0.25533706525732286,0.39248723434117755,0.23858461737614095,0.4098603581491851
noise_augmented,logg,1.5,2027,snr_regime,snr_15_30,41,-0.0035196744038807418,0.1807870421298155,0.25720677602533343,0.19380304169490556,0.3681757847605154
noise_augmented,logg,1.5,2027,snr_regime,snr_>=30,24,0.02381139738236791,0.2304781734020344,0.3234510476577471,0.24333293581417853,0.5776333510307023
noise_augmented,logg,1.5,2028,temperature_regime,cool_<4000,26,0.02042043712200253,0.12381512924493897,0.14749970684134023,0.16935379612489443,-0.02288569405386154
noise_augmented,logg,1.5,2028,temperature_regime,mid_4000_6000,55,0.010796471035118889,0.251795766764699,0.3958944039563457,0.23691926658976578,0.43639638205907516
noise_augmented,logg,1.5,2028,temperature_regime,hot_>6000,10,-0.09452674746811414,0.326651829094688,0.3521341258022785,0.4688579141648601,-0.5549532206136361
noise_augmented,logg,1.5,2028,gravity_regime,dwarf_>=3.5,88,-0.04289705329444848,0.18613714018227057,0.2411352060437838,0.21730269765922555,0.02661729213542352
noise_augmented,logg,1.5,2028,metallicity_regime,intermediate,44,0.03515708597094673,0.28308708482032524,0.4338512915493028,0.2971883862827998,0.4350255676522484
noise_augmented,logg,1.5,2028,metallicity_regime,metal_rich_>=-0.5,42,0.009500332603615316,0.14552836039591407,0.18130802923507205,0.18294492184967912,0.005946042485661329
noise_augmented,logg,1.5,2028,snr_regime,snr_<15,26,0.01495603530452768,0.2511627833017941,0.38998054893942313,0.24987157862526144,0.417374337792379
noise_augmented,logg,1.5,2028,snr_regime,snr_15_30,41,-0.025754185662279525,0.19845055313977789,0.3018752160621187,0.2070056905043119,0.12966515183164684
noise_augmented,logg,1.5,2028,snr_regime,snr_>=30,24,0.035272270485758504,0.2361572407831749,0.33760464398309775,0.25522018008566894,0.5398607103429847
noise_augmented,logg,1.5,2029,temperature_regime,cool_<4000,26,0.021811175216467273,0.11646025815300473,0.14091973980356312,0.16663715956636752,0.06634063953241132
noise_augmented,logg,1.5,2029,temperature_regime,mid_4000_6000,55,0.006007705990112039,0.24963496961051793,0.3924530092483856,0.24021764572768217,0.4461522784599917
noise_augmented,logg,1.5,2029,temperature_regime,hot_>6000,10,-0.10040367285807945,0.32798736879229523,0.35179162300991373,0.422455404075772,-0.5519298452775478
noise_augmented,logg,1.5,2029,gravity_regime,dwarf_>=3.5,88,-0.04271809921673307,0.18619424251026742,0.25043678279440723,0.21973946519852983,-0.049925814204825336
noise_augmented,logg,1.5,2029,metallicity_regime,intermediate,44,0.020538163325100025,0.27842492068039637,0.4293252871117142,0.2822528928765909,0.44675188459657633
noise_augmented,logg,1.5,2029,metallicity_regime,metal_rich_>=-0.5,42,0.018431912684488135,0.14292203228554115,0.18008167310423617,0.17252683924193285,0.019348000838557367
noise_augmented,logg,1.5,2029,snr_regime,snr_<15,26,0.02056957421967609,0.2533961797582036,0.3996326139846149,0.24738479399595162,0.3881773306270824
noise_augmented,logg,1.5,2029,snr_regime,snr_15_30,41,-0.0289141929365269,0.20134467543261814,0.3158028699230981,0.21279429457593807,0.047503036179294744
noise_augmented,logg,1.5,2029,snr_regime,snr_>=30,24,0.022672943216230885,0.21643047341787167,0.2874894756614854,0.24544065147032848,0.6663305885984059
noise_augmented,logg,1.5,2030,temperature_regime,cool_<4000,26,0.02858500269743118,0.11878916036929835,0.1435193922215584,0.16759272874716988,0.0315750642430378
noise_augmented,logg,1.5,2030,temperature_regime,mid_4000_6000,55,0.008864464876507227,0.23863213647315032,0.38221212701301277,0.21068473961926973,0.4746799568262877
noise_augmented,logg,1.5,2030,temperature_regime,hot_>6000,10,-0.11860530780851834,0.32653370795150527,0.3552248190104683,0.40928137205161064,-0.5823687631880141
noise_augmented,logg,1.5,2030,gravity_regime,dwarf_>=3.5,88,-0.04374598448272003,0.17709401773187264,0.23034901756534334,0.20775600903006783,0.11175021649409489
noise_augmented,logg,1.5,2030,metallicity_regime,intermediate,44,0.03347464122036175,0.270887471376721,0.42046762281685723,0.2675069474812431,0.4693451666982511
noise_augmented,logg,1.5,2030,metallicity_regime,metal_rich_>=-0.5,42,0.009501131926973697,0.1364844004807493,0.17245200296246918,0.17270076297055334,0.1006838969795898
noise_augmented,logg,1.5,2030,snr_regime,snr_<15,26,0.01967813900380585,0.23762793488800493,0.38170353693359527,0.2256546851146908,0.4418433730226664
noise_augmented,logg,1.5,2030,snr_regime,snr_15_30,41,-0.027106794103858804,0.18839491646512813,0.28563836658581776,0.17489879045933177,0.22077202278955899
noise_augmented,logg,1.5,2030,snr_regime,snr_>=30,24,0.026852062683965987,0.23233770304090418,0.3353374114864389,0.225015103712363,0.5460202211538332
noise_augmented,logg,1.5,2031,temperature_regime,cool_<4000,26,0.023575818503513944,0.11983468004755518,0.14563108732125957,0.1502186387225758,0.0028672637511664156
noise_augmented,logg,1.5,2031,temperature_regime,mid_4000_6000,55,0.009996610028996775,0.25786076213645215,0.3969403844232934,0.2846466178129095,0.43341428812806193
noise_augmented,logg,1.5,2031,temperature_regime,hot_>6000,10,-0.0950668250550831,0.34743540934820993,0.3906822434715213,0.5318704417373384,-0.9140286921463638
noise_augmented,logg,1.5,2031,gravity_regime,dwarf_>=3.5,88,-0.04141953055571879,0.1922200275134636,0.25450360490713503,0.21298138949141024,-0.08430199835120855
noise_augmented,logg,1.5,2031,metallicity_regime,intermediate,44,0.037213969731195326,0.2956594755128026,0.4373158346387509,0.3506487069047935,0.42596627162666634
noise_augmented,logg,1.5,2031,metallicity_regime,metal_rich_>=-0.5,42,0.013086126264125583,0.1378206042983232,0.17381685336135702,0.16643071486532007,0.08639251037741369
noise_augmented,logg,1.5,2031,snr_regime,snr_<15,26,-0.00013740517504722528,0.24830908685731584,0.38744641391657986,0.24572311025626298,0.42492166305540124
noise_augmented,logg,1.5,2031,snr_regime,snr_15_30,41,-0.023367130728029758,0.20351206432537364,0.3009818204047781,0.23126075145964897,0.13480901759524178
noise_augmented,logg,1.5,2031,snr_regime,snr_>=30,24,0.04890589485565842,0.2488486165247029,0.36092829218967015,0.31814048814146356,0.47408646648969954
noise_augmented,logg,1.5,2032,temperature_regime,cool_<4000,26,0.01702158900713302,0.1158498489146047,0.14108177789849294,0.16041438903435845,0.06419224833340398
noise_augmented,logg,1.5,2032,temperature_regime,mid_4000_6000,55,0.016559035302292184,0.2522611315091449,0.4012346635446102,0.2541150876372887,0.42108881886807825
noise_augmented,logg,1.5,2032,temperature_regime,hot_>6000,10,-0.08764584029118158,0.31780100413759527,0.3419656441481909,0.4222298072430348,-0.4664459174913975
noise_augmented,logg,1.5,2032,gravity_regime,dwarf_>=3.5,88,-0.039302455112338056,0.1832841186746953,0.24086716845395748,0.22653513038952602,0.02878004683053681
noise_augmented,logg,1.5,2032,metallicity_regime,intermediate,44,0.03336200303539178,0.2850764035101641,0.4415344972438001,0.3002614662691696,0.414837769336058
noise_augmented,logg,1.5,2032,metallicity_regime,metal_rich_>=-0.5,42,0.016793541107385845,0.13868332344151652,0.17355386524022046,0.15265089414907612,0.08915502905846207
noise_augmented,logg,1.5,2032,snr_regime,snr_<15,26,0.01970125484695826,0.24760449572251353,0.4063272864287534,0.26329952358164604,0.36750704469117523
noise_augmented,logg,1.5,2032,snr_regime,snr_15_30,41,-0.02857337312000571,0.1964924058521668,0.2921184358102095,0.21379551861657384,0.1850154267621531
noise_augmented,logg,1.5,2032,snr_regime,snr_>=30,24,0.047338563533293,0.23210678405976895,0.3385022751391242,0.25646802960231924,0.5374105991615183
noise_augmented,logg,1.5,2033,temperature_regime,cool_<4000,26,0.02168018842966137,0.12724545041872928,0.15328025904934753,0.18689073463990552,-0.10463103773340676
noise_augmented,logg,1.5,2033,temperature_regime,mid_4000_6000,55,0.00626627501664704,0.2574791960656646,0.38744210926106576,0.2773125284625291,0.4602052117018337
noise_augmented,logg,1.5,2033,temperature_regime,hot_>6000,10,-0.14180624599556152,0.3895046137382584,0.42847624215331215,0.603543959452355,-1.3022611808060622
noise_augmented,logg,1.5,2033,gravity_regime,dwarf_>=3.5,88,-0.04745510296196221,0.20111894325110516,0.26228131619337497,0.22966229922440826,-0.15158789321609234
noise_augmented,logg,1.5,2033,metallicity_regime,intermediate,44,0.02371614370133788,0.2956855699467393,0.43038992393220665,0.32585742552784597,0.44400460349817583
noise_augmented,logg,1.5,2033,metallicity_regime,metal_rich_>=-0.5,42,0.012752223042268635,0.14918529592194257,0.1853117693517051,0.178926509092029,-0.0384411501705233
noise_augmented,logg,1.5,2033,snr_regime,snr_<15,26,-0.005625744564793555,0.2675073138578579,0.4001511883616181,0.28119636703030293,0.386588464246888
noise_augmented,logg,1.5,2033,snr_regime,snr_15_30,41,-0.02622752668048344,0.20240464926274873,0.29180471865925445,0.2063826908935903,0.18676497295767203
noise_augmented,logg,1.5,2033,snr_regime,snr_>=30,24,0.029661063238150875,0.2546251188251705,0.35640660103742366,0.30290920133717003,0.48718116022829394
noise_augmented,logg,1.5,2034,temperature_regime,cool_<4000,26,0.016094547046300874,0.119919664761195,0.14522060144461,0.15890861863002273,0.008480516521135129
noise_augmented,logg,1.5,2034,temperature_regime,mid_4000_6000,55,0.024613406054540144,0.23331331186800325,0.3738089700617404,0.23205472457166776,0.4975249712424342
noise_augmented,logg,1.5,2034,temperature_regime,hot_>6000,10,-0.16829892395138807,0.39348992917338965,0.44441418826304596,0.6518517912009242,-1.4767201026315542
noise_augmented,logg,1.5,2034,gravity_regime,dwarf_>=3.5,88,-0.041952509036005455,0.18300017745917063,0.24395748607732515,0.2091416560046537,0.0036987379346693494
noise_augmented,logg,1.5,2034,metallicity_regime,intermediate,44,0.03808282384592481,0.2669120646073965,0.41793795231093916,0.23096507378923867,0.4757111445008345
noise_augmented,logg,1.5,2034,metallicity_regime,metal_rich_>=-0.5,42,0.013242940713961879,0.14281596292910137,0.17780704938825428,0.17624535743793698,0.043964906453381136
noise_augmented,logg,1.5,2034,snr_regime,snr_<15,26,-0.006954500299233468,0.26415407103452915,0.42283675420002537,0.22136860007773423,0.3150652858450145
noise_augmented,logg,1.5,2034,snr_regime,snr_15_30,41,-0.012537000532314994,0.17998746838245008,0.26051801747305997,0.19605608442065495,0.35180304841582144
noise_augmented,logg,1.5,2034,snr_regime,snr_>=30,24,0.03266834776227645,0.23489794490362215,0.34018734238693155,0.24586049546150046,0.5327935878710405
noise_augmented,logg,1.5,2035,temperature_regime,cool_<4000,26,0.015861513721255473,0.12072813477615515,0.14492755879003613,0.15123170731983165,0.012478080759515287
noise_augmented,logg,1.5,2035,temperature_regime,mid_4000_6000,55,0.018164606860550762,0.24462061234351395,0.3752260977533639,0.23704891583237325,0.4937079358961385
noise_augmented,logg,1.5,2035,temperature_regime,hot_>6000,10,-0.08306311065653968,0.3163066384285688,0.36126151713917637,0.4771709342222566,-0.6366073629846873
noise_augmented,logg,1.5,2035,gravity_regime,dwarf_>=3.5,88,-0.03577541024779735,0.18212583906858282,0.2332677413506009,0.22232263533474483,0.08909780170205228
noise_augmented,logg,1.5,2035,metallicity_regime,intermediate,44,0.05061671444141482,0.2673781619031326,0.4076831657654139,0.2653738746131741,0.5011240559431646
noise_augmented,logg,1.5,2035,metallicity_regime,metal_rich_>=-0.5,42,0.006535917873420528,0.14453976392935186,0.17889947978904508,0.1813008000189345,0.032181232419836725
noise_augmented,logg,1.5,2035,snr_regime,snr_<15,26,0.023754141505329576,0.2325778170537494,0.3836757274303835,0.20059992107285887,0.4360606915468437
noise_augmented,logg,1.5,2035,snr_regime,snr_15_30,41,-0.014893117396812084,0.19574736361290399,0.28432751144834156,0.2125689788771486,0.2279076969806464
noise_augmented,logg,1.5,2035,snr_regime,snr_>=30,24,0.023909656735344325,0.23681110065968516,0.31970011779198326,0.264652095387039,0.5873725782572274
noise_augmented,logg,2.0,2026,temperature_regime,cool_<4000,26,0.02412181804157191,0.12434045684987141,0.14912386447514395,0.1806630686761569,-0.045536237562955106
noise_augmented,logg,2.0,2026,temperature_regime,mid_4000_6000,55,0.006908471107121692,0.2604956475196463,0.41779260768509685,0.2586200591279781,0.3723225170431457
noise_augmented,logg,2.0,2026,temperature_regime,hot_>6000,10,-0.04907089934249722,0.29070901280542144,0.33349121098638124,0.4307899842768939,-0.39466493965515315
noise_augmented,logg,2.0,2026,gravity_regime,dwarf_>=3.5,88,-0.03971660246271084,0.18699678882346904,0.25473734234765816,0.21274322289491082,-0.08629457016690245
noise_augmented,logg,2.0,2026,metallicity_regime,intermediate,44,0.031832180063381156,0.28998550508555127,0.45742675337789435,0.276498194400327,0.3719559173821796
noise_augmented,logg,2.0,2026,metallicity_regime,metal_rich_>=-0.5,42,0.016679524183509778,0.1457883010480612,0.18101938064342746,0.14278007094740708,0.009108658869071307
noise_augmented,logg,2.0,2026,snr_regime,snr_<15,26,0.037658949880263595,0.24359119817690916,0.40593560762585357,0.18886311878395504,0.368725838950535
noise_augmented,logg,2.0,2026,snr_regime,snr_15_30,41,-0.03792579541870237,0.2075503250115773,0.3196259305711078,0.20186801627595724,0.02430188479187545
noise_augmented,logg,2.0,2026,snr_regime,snr_>=30,24,0.045510379242813925,0.23434450590237965,0.3426410679480988,0.2451307681261973,0.5260294871907885
noise_augmented,logg,2.0,2027,temperature_regime,cool_<4000,26,0.02769665452990784,0.12634248210451535,0.14909690350564453,0.13841284730971845,-0.04515821460178859
noise_augmented,logg,2.0,2027,temperature_regime,mid_4000_6000,55,0.016356130913893048,0.23462933039918102,0.35365535849930896,0.22696903788206688,0.5502454848563577
noise_augmented,logg,2.0,2027,temperature_regime,hot_>6000,10,-0.16360639645059932,0.34919855274756734,0.4019990422662647,0.5386495670903094,-1.0265211219335
noise_augmented,logg,2.0,2027,gravity_regime,dwarf_>=3.5,88,-0.03863464967342057,0.18520474783353738,0.2392355421281863,0.19805585186891211,0.041893505248949636
noise_augmented,logg,2.0,2027,metallicity_regime,intermediate,44,0.03519587571399619,0.25604865396993637,0.384775334966195,0.24208857044073154,0.555612888150778
noise_augmented,logg,2.0,2027,metallicity_regime,metal_rich_>=-0.5,42,0.009920405396157007,0.15318388464171734,0.19075410688971492,0.17665416266556994,-0.10033183461208517
noise_augmented,logg,2.0,2027,snr_regime,snr_<15,26,-0.0015530602824995572,0.25916868817194944,0.39943919804369404,0.23171850450951414,0.38876941253773556
noise_augmented,logg,2.0,2027,snr_regime,snr_15_30,41,-0.008557879140222166,0.18232364308737165,0.24452000970927937,0.20012168147716558,0.42896823989590493
noise_augmented,logg,2.0,2027,snr_regime,snr_>=30,24,0.015620369401242729,0.22782699896229608,0.32101665375565774,0.23508315589937398,0.5839671533102677
noise_augmented,logg,2.0,2028,temperature_regime,cool_<4000,26,0.01590272067410772,0.12736051238156285,0.15227216477351466,0.16418471261677572,-0.09014893338944163
noise_augmented,logg,2.0,2028,temperature_regime,mid_4000_6000,55,-0.005747239636833127,0.2587692379732927,0.40290511386681405,0.25113026368426616,0.41625845156011787
noise_augmented,logg,2.0,2028,temperature_regime,hot_>6000,10,-0.11282543223003545,0.3360964833786091,0.3619075873514904,0.444978218072214,-0.6424663249611855
noise_augmented,logg,2.0,2028,gravity_regime,dwarf_>=3.5,88,-0.055962257109018185,0.19330510663004088,0.2542358619315119,0.2193157696812457,-0.08202178282836625
noise_augmented,logg,2.0,2028,metallicity_regime,intermediate,44,0.01515628843912542,0.28921910873461876,0.4409940776314966,0.29622297996953595,0.41626932052756327
noise_augmented,logg,2.0,2028,metallicity_regime,metal_rich_>=-0.5,42,0.0033627968246026626,0.15095260802762844,0.18740428971553266,0.18991216689167406,-0.06202548775363992
noise_augmented,logg,2.0,2028,snr_regime,snr_<15,26,0.0016772260344941102,0.26187651098691556,0.39654297319747706,0.2762088839982699,0.3976010113484144
noise_augmented,logg,2.0,2028,snr_regime,snr_15_30,41,-0.043659048018174676,0.20633020467995614,0.31658174455575144,0.18846539401570556,0.04279889540444526
noise_augmented,logg,2.0,2028,snr_regime,snr_>=30,24,0.02981380529370579,0.2348466069458257,0.3318715060825753,0.24659879163786824,0.5553560104445985
noise_augmented,logg,2.0,2029,temperature_regime,cool_<4000,26,0.021454110719454526,0.12196010595560046,0.14360875160525172,0.16152418558639606,0.030368749269483297
noise_augmented,logg,2.0,2029,temperature_regime,mid_4000_6000,55,-0.014628786055608382,0.2611277272217201,0.40879947828172886,0.24771407198807907,0.399053635587701
noise_augmented,logg,2.0,2029,temperature_regime,hot_>6000,10,-0.1362802003890275,0.34773352433145066,0.3785301670130423,0.4096251951534111,-0.7968097294897363
noise_augmented,logg,2.0,2029,gravity_regime,dwarf_>=3.5,88,-0.05896300860031547,0.19808132496329411,0.2735715787654709,0.23158456633951063,-0.25286516766601985
noise_augmented,logg,2.0,2029,metallicity_regime,intermediate,44,-0.0036680977945074563,0.2940409411575757,0.45017388511201545,0.23954845349715628,0.3917143089215873
noise_augmented,logg,2.0,2029,metallicity_regime,metal_rich_>=-0.5,42,0.012077502997384896,0.1456448667439676,0.17985647129859297,0.206297250618114,0.02179918321704144
noise_augmented,logg,2.0,2029,snr_regime,snr_<15,26,-0.005580306993463082,0.2738938449540961,0.41406555660124394,0.25521423184503544,0.343186714409785
noise_augmented,logg,2.0,2029,snr_regime,snr_15_30,41,-0.043198281626391305,0.21677282209900336,0.34645678296200816,0.19975518058873812,-0.14638261665804952
noise_augmented,logg,2.0,2029,snr_regime,snr_>=30,24,0.012776632094548546,0.20839155502037868,0.272447633319106,0.22574734131097618,0.7003332395066435
noise_augmented,logg,2.0,2030,temperature_regime,cool_<4000,26,0.025725428987771835,0.12167279446507064,0.14483794499260577,0.17147911721212586,0.01369894213333056
noise_augmented,logg,2.0,2030,temperature_regime,mid_4000_6000,55,-0.015896950795794843,0.2527857040434174,0.40019524336017614,0.20330480269651435,0.42408433551505054
noise_augmented,logg,2.0,2030,temperature_regime,hot_>6000,10,-0.15479618569413883,0.34380808709859856,0.3840755425176234,0.5311992236428142,-0.8498410095255389
noise_augmented,logg,2.0,2030,gravity_regime,dwarf_>=3.5,88,-0.06477955852223168,0.18815476246065252,0.2509640106640396,0.19504286803219736,-0.054351145182435445
noise_augmented,logg,2.0,2030,metallicity_regime,intermediate,44,0.005702180323501257,0.29061729044422047,0.44262973496061425,0.2365835851860112,0.4119311487945502
noise_augmented,logg,2.0,2030,metallicity_regime,metal_rich_>=-0.5,42,-0.0023695174117408725,0.1384004111893119,0.17845521191193492,0.15727473510875503,0.03698210616643105
noise_augmented,logg,2.0,2030,snr_regime,snr_<15,26,6.569554637630554e-05,0.25150998521768086,0.39510058380446744,0.22163064673998575,0.4019753854187822
noise_augmented,logg,2.0,2030,snr_regime,snr_15_30,41,-0.05115022376906577,0.20530465208054585,0.3126353585496293,0.1498509623899975,0.06651435450771193
noise_augmented,logg,2.0,2030,snr_regime,snr_>=30,24,0.014250753887411483,0.2311682041043206,0.3393050494317876,0.2570016786086872,0.53521389178752
noise_augmented,logg,2.0,2031,temperature_regime,cool_<4000,26,0.020100335407333143,0.11978847460448708,0.14756695953333426,0.1435161009306157,-0.02381867895073997
noise_augmented,logg,2.0,2031,temperature_regime,mid_4000_6000,55,-0.0035582630518709185,0.26134070728981124,0.4029771929694038,0.2737887573037258,0.4160495719547984
noise_augmented,logg,2.0,2031,temperature_regime,hot_>6000,10,-0.11262363349994056,0.36919848534067484,0.4113870620558565,0.5691613790296349,-1.1222784111088444
noise_augmented,logg,2.0,2031,gravity_regime,dwarf_>=3.5,88,-0.051948007254099315,0.197819676567772,0.2695497402986269,0.24898136626580283,-0.2162986287426394
noise_augmented,logg,2.0,2031,metallicity_regime,intermediate,44,0.02142905315395544,0.3001041629878859,0.4436417353753173,0.3709656136279037,0.4092390284816899
noise_augmented,logg,2.0,2031,metallicity_regime,metal_rich_>=-0.5,42,0.009225027258670587,0.13918998468324295,0.1786715562374028,0.18368379263624596,0.03464572446481573
noise_augmented,logg,2.0,2031,snr_regime,snr_<15,26,-0.02038743568536594,0.2542035193000083,0.391611499353057,0.21960351494285776,0.4124909118430492
noise_augmented,logg,2.0,2031,snr_regime,snr_15_30,41,-0.03494103093966243,0.20712170976182298,0.31227729457210635,0.24490345641767947,0.06865138837625928
noise_augmented,logg,2.0,2031,snr_regime,snr_>=30,24,0.04847181308683457,0.2532892705011697,0.36540520621092737,0.3280767801658888,0.46095880644106346
noise_augmented,logg,2.0,2032,temperature_regime,cool_<4000,26,0.0185361129928092,0.11491652962603617,0.13941804781373335,0.1558695174018826,0.08613344226390174
noise_augmented,logg,2.0,2032,temperature_regime,mid_4000_6000,55,-0.0012443039435330518,0.26260962895805195,0.41393307772728516,0.2621634707355089,0.38386580624014477
noise_augmented,logg,2.0,2032,temperature_regime,hot_>6000,10,-0.09859947525461514,0.3257329243659976,0.3511908577189202,0.42690805498383505,-0.5466338153174006
noise_augmented,logg,2.0,2032,gravity_regime,dwarf_>=3.5,88,-0.05046341373455359,0.19114091738200553,0.25908366026901775,0.21906953797389558,-0.12367942722807768
noise_augmented,logg,2.0,2032,metallicity_regime,intermediate,44,0.015411820413262368,0.2946660960747891,0.4549937106992324,0.2775425134988168,0.37861925393828566
noise_augmented,logg,2.0,2032,metallicity_regime,metal_rich_>=-0.5,42,0.01460636929481732,0.13950714855108934,0.17327187934517985,0.1538388324962516,0.09211245989484895
noise_augmented,logg,2.0,2032,snr_regime,snr_<15,26,0.01665835260427917,0.2517996992117318,0.40636696571310627,0.2704414077577135,0.36738350834960165
noise_augmented,logg,2.0,2032,snr_regime,snr_15_30,41,-0.05035383161999365,0.20993759321415345,0.31998476919547925,0.20684446154596542,0.022109855473667728
noise_augmented,logg,2.0,2032,snr_regime,snr_>=30,24,0.04412072487837713,0.230602296056019,0.33360204275593053,0.24786479090704172,0.5507067476082759
noise_augmented,logg,2.0,2033,temperature_regime,cool_<4000,26,0.015954331362094794,0.12693103207915302,0.1503863776383082,0.17996207330147082,-0.06331462569781565
noise_augmented,logg,2.0,2033,temperature_regime,mid_4000_6000,55,-0.011728305529464788,0.2631088723323565,0.3884760416625055,0.2620172810731041,0.45732036258766184
noise_augmented,logg,2.0,2033,temperature_regime,hot_>6000,10,-0.16257305597861604,0.4062825058301297,0.45375341293396176,0.6676776861443467,-1.5819088555111511
noise_augmented,logg,2.0,2033,gravity_regime,dwarf_>=3.5,88,-0.06078338672593258,0.2084210975823758,0.27639787113839615,0.23387297741723598,-0.27888581123844025
noise_augmented,logg,2.0,2033,metallicity_regime,intermediate,44,0.0008469696525819485,0.30204692597438937,0.4327231906308931,0.3342102730575754,0.4379598429279653
noise_augmented,logg,2.0,2033,metallicity_regime,metal_rich_>=-0.5,42,0.005990748736120377,0.15235957780101983,0.19108093143946683,0.17416726627049198,-0.10410552559148023
noise_augmented,logg,2.0,2033,snr_regime,snr_<15,26,-0.03010264487297137,0.2754007073151764,0.3959285120986385,0.29040851340930135,0.39946645336567965
noise_augmented,logg,2.0,2033,snr_regime,snr_15_30,41,-0.03896966646187718,0.20336133882645707,0.2951729544491068,0.1913116766870696,0.16788264555476262
noise_augmented,logg,2.0,2033,snr_regime,snr_>=30,24,0.02185209763091504,0.26399110785664814,0.3707669471285419,0.320661796910883,0.44502359963276106
noise_augmented,logg,2.0,2034,temperature_regime,cool_<4000,26,0.021332440459575094,0.11746454762342659,0.1414457278071403,0.1687130820862373,0.059357797582293315
noise_augmented,logg,2.0,2034,temperature_regime,mid_4000_6000,55,0.01233722494371007,0.23308691591313405,0.3693074402078932,0.2275207391984759,0.5095540407132904
noise_augmented,logg,2.0,2034,temperature_regime,hot_>6000,10,-0.19627052939633544,0.40176863280435365,0.47006906206151755,0.5602349156104175,-1.7709228579816725
noise_augmented,logg,2.0,2034,gravity_regime,dwarf_>=3.5,88,-0.049913982238733494,0.18441623834746365,0.251677412688168,0.20840908215140633,-0.06035396068405352
noise_augmented,logg,2.0,2034,metallicity_regime,intermediate,44,0.01761693443899773,0.2686874742255068,0.4188272850396,0.2303890666632583,0.47347749559509167
noise_augmented,logg,2.0,2034,metallicity_regime,metal_rich_>=-0.5,42,0.015327922695685978,0.14097294611684855,0.1762119061122471,0.15777671194243484,0.06104153367749787
noise_augmented,logg,2.0,2034,snr_regime,snr_<15,26,-0.023436200372683704,0.26963625790217005,0.42452326454581646,0.18238340606031503,0.30959058118691973
noise_augmented,logg,2.0,2034,snr_regime,snr_15_30,41,-0.01988368994433714,0.18037202051112322,0.2613568286509503,0.18482311859838912,0.3476222230330762
noise_augmented,logg,2.0,2034,snr_regime,snr_>=30,24,0.02896075113738546,0.2285728914609386,0.33818415512315286,0.24153225344206147,0.5382796615540487
noise_augmented,logg,2.0,2035,temperature_regime,cool_<4000,26,0.015527795907014415,0.12155365597361192,0.14477391004077067,0.1760131945709728,0.014570865292182211
noise_augmented,logg,2.0,2035,temperature_regime,mid_4000_6000,55,0.0017822803285987732,0.23973254893711154,0.35902726363251636,0.2333029101956608,0.5364784773216318
noise_augmented,logg,2.0,2035,temperature_regime,hot_>6000,10,-0.10529786368111767,0.3452720996985831,0.3979157235406913,0.5149811993109841,-0.9855612969996541
noise_augmented,logg,2.0,2035,gravity_regime,dwarf_>=3.5,88,-0.04575281386912778,0.18549305850583522,0.23919217620747724,0.22035103981793416,0.04224082324468015
noise_augmented,logg,2.0,2035,metallicity_regime,intermediate,44,0.03631840361045142,0.2678058701927469,0.3927905356275887,0.28457113433739606,0.536906127283227
noise_augmented,logg,2.0,2035,metallicity_regime,metal_rich_>=-0.5,42,-0.00042501236403741637,0.14008471882461557,0.1736792718716937,0.17431097246037175,0.0878382359328288
noise_augmented,logg,2.0,2035,snr_regime,snr_<15,26,-0.002393971630778693,0.23602563684147143,0.3756296141974041,0.1833137118264251,0.4594655658053144
noise_augmented,logg,2.0,2035,snr_regime,snr_15_30,41,-0.021149018075407883,0.19601464301347774,0.2816741068741632,0.20686233618843047,0.2422511132173646
noise_augmented,logg,2.0,2035,snr_regime,snr_>=30,24,0.015755103264004162,0.23438080510041795,0.30932435359504434,0.24062041961020028,0.6137213350242445
noise_augmented,logg,2.5,2026,temperature_regime,cool_<4000,26,0.012916894693405085,0.12400210830110744,0.15152166403592404,0.18210827175754332,-0.0794294251791996
noise_augmented,logg,2.5,2026,temperature_regime,mid_4000_6000,55,-0.005022033093011763,0.26823877454616796,0.4312655712966039,0.2138776697442758,0.3311871257218054
noise_augmented,logg,2.5,2026,temperature_regime,hot_>6000,10,-0.03485303821464401,0.2806968095074091,0.3363106700912578,0.38240827695689167,-0.41834666066212955
noise_augmented,logg,2.5,2026,gravity_regime,dwarf_>=3.5,88,-0.0494149780411161,0.1900515952676984,0.2658190262314686,0.20985654133706086,-0.18286316299715089
noise_augmented,logg,2.5,2026,metallicity_regime,intermediate,44,0.026985153678917417,0.295343649558271,0.4719548585430431,0.2598759116535685,0.3314283948721878
noise_augmented,logg,2.5,2026,metallicity_regime,metal_rich_>=-0.5,42,0.00228080332965123,0.1480236068673077,0.18475922222335206,0.16031108486072435,-0.03225770870369771
noise_augmented,logg,2.5,2026,snr_regime,snr_<15,26,0.027420991598413585,0.23874497096775396,0.4146215765351374,0.2006798330706663,0.3414215519829671
noise_augmented,logg,2.5,2026,snr_regime,snr_15_30,41,-0.051491609447613065,0.21720879742357777,0.33605743844805397,0.1849018153635284,-0.07859519333692089
noise_augmented,logg,2.5,2026,snr_regime,snr_>=30,24,0.04622113606499282,0.23630106547557625,0.34504960027150594,0.24890663185729298,0.5193426907305361
noise_augmented,logg,2.5,2027,temperature_regime,cool_<4000,26,0.03191652571085154,0.13474364343973272,0.15576486513114715,0.18610797312811533,-0.14073245322787198
noise_augmented,logg,2.5,2027,temperature_regime,mid_4000_6000,55,0.006080557117498147,0.23691334514274728,0.35144681201729516,0.21966447335392683,0.5558452993723086
noise_augmented,logg,2.5,2027,temperature_regime,hot_>6000,10,-0.18484338516493679,0.35768526490827385,0.4119370420575968,0.5568935063959393,-1.127956717546637
noise_augmented,logg,2.5,2027,gravity_regime,dwarf_>=3.5,88,-0.04474852342339193,0.19155369138424125,0.24688974185434068,0.21978864629506692,-0.020395354652213094
noise_augmented,logg,2.5,2027,metallicity_regime,intermediate,44,0.024747598566792005,0.25915967901908965,0.3826422129834444,0.25759281820188623,0.5605264273162713
noise_augmented,logg,2.5,2027,metallicity_regime,metal_rich_>=-0.5,42,0.007245777922253618,0.15785726031306227,0.19568753364721492,0.17942187404225277,-0.15798305249562938
noise_augmented,logg,2.5,2027,snr_regime,snr_<15,26,-0.011900689706970771,0.2723591004988321,0.40696817113593614,0.24594977877958094,0.36551025662581405
noise_augmented,logg,2.5,2027,snr_regime,snr_15_30,41,-0.011391370273217778,0.1832020791725412,0.24095246332036352,0.2185860693723871,0.44550938966593767
noise_augmented,logg,2.5,2027,snr_regime,snr_>=30,24,0.0038454404949307963,0.22990831259679445,0.3184916671351414,0.21560104498182067,0.5904861051787378
noise_augmented,logg,2.5,2028,temperature_regime,cool_<4000,26,0.013930250756251197,0.12851206219119954,0.1533301942411585,0.1442305137862802,-0.10535088186750374
noise_augmented,logg,2.5,2028,temperature_regime,mid_4000_6000,55,-0.023782048722830778,0.26912048792188836,0.41182303424421873,0.231219345046456,0.3901313425113079
noise_augmented,logg,2.5,2028,temperature_regime,hot_>6000,10,-0.12916678021053504,0.34339571909805133,0.3690956817879791,0.3830521200907985,-0.708358552763585
noise_augmented,logg,2.5,2028,gravity_regime,dwarf_>=3.5,88,-0.0695376441342137,0.2010804422959462,0.2645555265406943,0.22366180771607333,-0.17164503992750735
noise_augmented,logg,2.5,2028,metallicity_regime,intermediate,44,-0.002990238269847527,0.3012899251234806,0.44959250808870066,0.28609733983421565,0.3932844353983663
noise_augmented,logg,2.5,2028,metallicity_regime,metal_rich_>=-0.5,42,-0.004211352478417456,0.1521689110473983,0.1923753762080921,0.18823894733015817,-0.11911533904966443
noise_augmented,logg,2.5,2028,snr_regime,snr_<15,26,-0.014554461090610827,0.2750469804425275,0.4096672056902297,0.27219950730779,0.357066409704043
noise_augmented,logg,2.5,2028,snr_regime,snr_15_30,41,-0.0580028848839486,0.21430420636088876,0.32385414733203666,0.2056720988260635,-0.0016831800161254407
noise_augmented,logg,2.5,2028,snr_regime,snr_>=30,24,0.02162667943330258,0.23496682047305853,0.33152627813510915,0.23909129474923185,0.5562806073946325
noise_augmented,logg,2.5,2029,temperature_regime,cool_<4000,26,0.024658215765387743,0.12585008578155274,0.14578721346428464,0.15568068694681844,0.0007281334340095702
noise_augmented,logg,2.5,2029,temperature_regime,mid_4000_6000,55,-0.029551401225003347,0.2719470079086045,0.42201609580325955,0.23740372309252478,0.3595679214137799
noise_augmented,logg,2.5,2029,temperature_regime,hot_>6000,10,-0.15286606362958732,0.3529042669206861,0.3858174248091085,0.36394266196534747,-0.8666580765230303
noise_augmented,logg,2.5,2029,gravity_regime,dwarf_>=3.5,88,-0.06878209266089126,0.20702591220582986,0.28953793492440866,0.23309974369189712,-0.40337367865148344
noise_augmented,logg,2.5,2029,metallicity_regime,intermediate,44,-0.02081877525940964,0.3047598317195522,0.4646722446920036,0.24757355918988233,0.35190231519251414
noise_augmented,logg,2.5,2029,metallicity_regime,metal_rich_>=-0.5,42,0.010139418539783248,0.15062128994791277,0.18405828893068124,0.18491877701291726,-0.024440276827124574
noise_augmented,logg,2.5,2029,snr_regime,snr_<15,26,-0.014710041777445334,0.28252873119253363,0.4147740963486294,0.23863824227559452,0.34093694267906594
noise_augmented,logg,2.5,2029,snr_regime,snr_15_30,41,-0.05455750304315161,0.2316289689395488,0.37009467384187916,0.2252735602244147,-0.30814873402903653
noise_augmented,logg,2.5,2029,snr_regime,snr_>=30,24,0.004435192383825781,0.20482064987387946,0.2698588086275294,0.20930486043408955,0.7060011097495462
noise_augmented,logg,2.5,2030,temperature_regime,cool_<4000,26,0.016735286498298824,0.12131341668237491,0.1455238253446441,0.18928740495793117,0.004335563446205781
noise_augmented,logg,2.5,2030,temperature_regime,mid_4000_6000,55,-0.03815105297258395,0.2711610550065836,0.41576162573446285,0.2276103695522988,0.37841024128451084
noise_augmented,logg,2.5,2030,temperature_regime,hot_>6000,10,-0.1966484872420638,0.3583285442968211,0.41634932806789116,0.5120347876976583,-1.1737862333566902
noise_augmented,logg,2.5,2030,gravity_regime,dwarf_>=3.5,88,-0.08658591339025991,0.20069780978052473,0.26882024952588385,0.19774312701446511,-0.20972412423126752
noise_augmented,logg,2.5,2030,metallicity_regime,intermediate,44,-0.020538247614196033,0.31043532766175974,0.4619014094038593,0.26355233078615714,0.35960846881761677
noise_augmented,logg,2.5,2030,metallicity_regime,metal_rich_>=-0.5,42,-0.0158122227605845,0.14119663807063865,0.18157698902795652,0.16220601405690516,0.0029946138646870235
noise_augmented,logg,2.5,2030,snr_regime,snr_<15,26,-0.0252334053543131,0.2678471436435593,0.41937846606895157,0.24838483154620117,0.32622332745954585
noise_augmented,logg,2.5,2030,snr_regime,snr_15_30,41,-0.07365958024840054,0.223643892337879,0.33250862075584814,0.1802841942492044,-0.055935216065856164
noise_augmented,logg,2.5,2030,snr_regime,snr_>=30,24,0.001934833018315707,0.2299111242286033,0.33450040390863817,0.2618834040697637,0.5482836744896644
noise_augmented,logg,2.5,2031,temperature_regime,cool_<4000,26,0.017635171325542827,0.12185579761557076,0.1505501316983669,0.1651839134886901,-0.06563154947268468
noise_augmented,logg,2.5,2031,temperature_regime,mid_4000_6000,55,-0.01169676899530663,0.2701338637935393,0.4238608482408523,0.27121970925072575,0.35395666225997446
noise_augmented,logg,2.5,2031,temperature_regime,hot_>6000,10,-0.12910491963326978,0.3788109734445812,0.4332291734933381,0.5667508236068708,-1.3536207604823667
noise_augmented,logg,2.5,2031,gravity_regime,dwarf_>=3.5,88,-0.06289612247783584,0.2017581959051842,0.2763050597641269,0.23647525288594412,-0.27802708377486884
noise_augmented,logg,2.5,2031,metallicity_regime,intermediate,44,0.020620121602984865,0.31130527453508333,0.4674078823076625,0.36170292323895586,0.3442488375065701
noise_augmented,logg,2.5,2031,metallicity_regime,metal_rich_>=-0.5,42,-0.001938834612804662,0.13844237067018245,0.17739479285262047,0.17992896737220992,0.04839301892363079
noise_augmented,logg,2.5,2031,snr_regime,snr_<15,26,-0.027525973806396396,0.26662712198839744,0.4371011138315767,0.21893373245330694,0.26807337874644344
noise_augmented,logg,2.5,2031,snr_regime,snr_15_30,41,-0.04429807356387648,0.2146948140110912,0.32161549162827563,0.23445785753120466,0.012117312319205431
noise_augmented,logg,2.5,2031,snr_regime,snr_>=30,24,0.04400163743644971,0.2532887681225935,0.36164990042174455,0.3207783110804562,0.47198143390384195
noise_augmented,logg,2.5,2032,temperature_regime,cool_<4000,26,0.012491774869652968,0.11354646442524899,0.13944465648952895,0.14932496006325782,0.08578457639137149
noise_augmented,logg,2.5,2032,temperature_regime,mid_4000_6000,55,-0.018350998416452765,0.27910648155104023,0.4402068670303621,0.2648828238051949,0.3031670591841491
noise_augmented,logg,2.5,2032,temperature_regime,hot_>6000,10,-0.12838073249359874,0.35174800866742906,0.37514983270147284,0.3242463566780954,-0.7648614303544656
noise_augmented,logg,2.5,2032,gravity_regime,dwarf_>=3.5,88,-0.06786311144505933,0.20246496512616668,0.2800103851195297,0.22409807455096076,-0.31253429381086617
noise_augmented,logg,2.5,2032,metallicity_regime,intermediate,44,-0.004393882448248837,0.31643640125858985,0.486254832538033,0.2675968724306837,0.29029990044942044
noise_augmented,logg,2.5,2032,metallicity_regime,metal_rich_>=-0.5,42,0.0061256511648969236,0.13964453283874734,0.1740616344465673,0.15705667777774915,0.08381748618541751
noise_augmented,logg,2.5,2032,snr_regime,snr_<15,26,-0.001858206022626276,0.2629613662740357,0.4287425921327158,0.2597372793288695,0.2957984515710016
noise_augmented,logg,2.5,2032,snr_regime,snr_15_30,41,-0.06978524707996756,0.22768272752514693,0.3495798791532264,0.2216549183798914,-0.1671436483540243
noise_augmented,logg,2.5,2032,snr_regime,snr_>=30,24,0.03921593315154335,0.23535655397425095,0.3404151001119756,0.23276849640719408,0.5321677827492564
noise_augmented,logg,2.5,2033,temperature_regime,cool_<4000,26,0.014330992888181866,0.1318877344826858,0.15490755744703263,0.21102638507449847,-0.12821015015270865
noise_augmented,logg,2.5,2033,temperature_regime,mid_4000_6000,55,-0.034095422911282855,0.27220016630996396,0.3956405505677001,0.29552251413642155,0.4371189323991077
noise_augmented,logg,2.5,2033,temperature_regime,hot_>6000,10,-0.16283540588915385,0.4092741813590136,0.4587547300738855,0.6287319455296896,-1.6391386572128503
noise_augmented,logg,2.5,2033,gravity_regime,dwarf_>=3.5,88,-0.07362692386577985,0.2175529461468037,0.29089627484485847,0.22527961359570933,-0.41657215647790036
noise_augmented,logg,2.5,2033,metallicity_regime,intermediate,44,-0.019042307441207707,0.31120618163297603,0.437115302687272,0.34440360964273903,0.4264925992929436
noise_augmented,logg,2.5,2033,metallicity_regime,metal_rich_>=-0.5,42,-0.001921062967370226,0.1568407079395324,0.1983492594203749,0.19747306647378346,-0.18969887435013444
noise_augmented,logg,2.5,2033,snr_regime,snr_<15,26,-0.053498788129060934,0.28911660332939604,0.39707129496468413,0.31264717944492565,0.3959947667190038
noise_augmented,logg,2.5,2033,snr_regime,snr_15_30,41,-0.04954486356300062,0.20755242998982862,0.3027592001176871,0.21308787087032036,0.12456046914823204
noise_augmented,logg,2.5,2033,snr_regime,snr_>=30,24,0.012137974729968434,0.2694229475433631,0.38079955569958374,0.31278598752250997,0.41458295974633574
noise_augmented,logg,2.5,2034,temperature_regime,cool_<4000,26,0.02059685085446392,0.11834298403140808,0.14311335485746823,0.1552576934690467,0.037046944639815504
noise_augmented,logg,2.5,2034,temperature_regime,mid_4000_6000,55,0.0030177148139837002,0.24135475161725836,0.3834932250315691,0.23090179302597516,0.4711525212674703
noise_augmented,logg,2.5,2034,temperature_regime,hot_>6000,10,-0.2021655071943998,0.38865922564367417,0.45903561782694097,0.5047839907273584,-1.6423714464226946
noise_augmented,logg,2.5,2034,gravity_regime,dwarf_>=3.5,88,-0.057936304953175144,0.18704305658274978,0.2544156749380737,0.20034854484126602,-0.0835528838468862
noise_augmented,logg,2.5,2034,metallicity_regime,intermediate,44,0.0103490034757237,0.2751014640674448,0.42912958017938946,0.24697801581794307,0.44725616336324714
noise_augmented,logg,2.5,2034,metallicity_regime,metal_rich_>=-0.5,42,0.01080490534220413,0.1405769511659939,0.1760780967140788,0.15664452338449183,0.06246701923180764
noise_augmented,logg,2.5,2034,snr_regime,snr_<15,26,-0.027385084909506564,0.27808615548870497,0.4402805381452405,0.19644645342281586,0.2573867491655698
noise_augmented,logg,2.5,2034,snr_regime,snr_15_30,41,-0.02642221105147173,0.18448305295153364,0.2668754497022566,0.16095222655052188,0.3197810862349114
noise_augmented,logg,2.5,2034,snr_regime,snr_>=30,24,0.01979834274161163,0.22683233193680644,0.3396198048805422,0.23423390605663746,0.5343511765705393
noise_augmented,logg,2.5,2035,temperature_regime,cool_<4000,26,0.009472730399324792,0.11718805794494311,0.1446723337589649,0.1517937574522013,0.01595317392358031
noise_augmented,logg,2.5,2035,temperature_regime,mid_4000_6000,55,-0.0046384349985558035,0.24065567971937596,0.34844117635643856,0.24414079754364146,0.5634097940449831
noise_augmented,logg,2.5,2035,temperature_regime,hot_>6000,10,-0.10113338804443686,0.3569170495768388,0.4203952596029394,0.49689633255534443,-1.2162396393625805
noise_augmented,logg,2.5,2035,gravity_regime,dwarf_>=3.5,88,-0.0486791601982532,0.1885058307322591,0.24399421911239327,0.2190037466085679,0.0033986862737755974
noise_augmented,logg,2.5,2035,metallicity_regime,intermediate,44,0.03311874707878546,0.26441588914417,0.3795621938961962,0.2734401575908053,0.5675729015540334
noise_augmented,logg,2.5,2035,metallicity_regime,metal_rich_>=-0.5,42,-0.004455464246254172,0.1411326446774459,0.17623533696758448,0.16145343742382826,0.060791810906943855
noise_augmented,logg,2.5,2035,snr_regime,snr_<15,26,0.004336713918890413,0.23360401371694492,0.3726626741610653,0.2225816390770696,0.46797075063030147
noise_augmented,logg,2.5,2035,snr_regime,snr_15_30,41,-0.0301376712104167,0.2011729291309192,0.2821272130598404,0.22548226438041774,0.23981129463612894
noise_augmented,logg,2.5,2035,snr_regime,snr_>=30,24,0.0042805476147267,0.2304303306622639,0.29685029490883924,0.2396672632428642,0.64424790760361
noise_augmented,logg,3.0,2026,temperature_regime,cool_<4000,26,-0.0022587535748114828,0.1209375584224858,0.14951132423554764,0.1831893490889484,-0.05097640637100476
noise_augmented,logg,3.0,2026,temperature_regime,mid_4000_6000,55,-0.018041222573590743,0.27629667572342975,0.44738213953441597,0.2329786919958221,0.2802654836846511
noise_augmented,logg,3.0,2026,temperature_regime,hot_>6000,10,-0.03658709751168861,0.2879511741697781,0.34112930422429905,0.3494188135370576,-0.45928176204640336
noise_augmented,logg,3.0,2026,gravity_regime,dwarf_>=3.5,88,-0.06340042765923956,0.19383901819394825,0.27446528924404084,0.1931787063297719,-0.26106432098122
noise_augmented,logg,3.0,2026,metallicity_regime,intermediate,44,0.012305123107451526,0.30567594349610094,0.4888964979087981,0.29130739840757175,0.282567811777345
noise_augmented,logg,3.0,2026,metallicity_regime,metal_rich_>=-0.5,42,-0.009963631905970013,0.1483486958418097,0.18912676897320405,0.15743621433050195,-0.08163788540868633
noise_augmented,logg,3.0,2026,snr_regime,snr_<15,26,0.00024999659527611063,0.24743757027425783,0.4401981528202179,0.1912569025745901,0.2576646388504069
noise_augmented,logg,3.0,2026,snr_regime,snr_15_30,41,-0.06325475133652586,0.22042523171286285,0.34339495486455174,0.1802854741980586,-0.12620973123112256
noise_augmented,logg,3.0,2026,snr_regime,snr_>=30,24,0.04875329515462107,0.23955808742137377,0.34642945043268814,0.2624088085155812,0.5154907158226176
noise_augmented,logg,3.0,2027,temperature_regime,cool_<4000,26,0.03339228386794893,0.13153057302076046,0.15645057892770187,0.16411278867130888,-0.15079810867106724
noise_augmented,logg,3.0,2027,temperature_regime,mid_4000_6000,55,-0.0037257920693267235,0.23195988619092742,0.33687858144319544,0.2318930855035967,0.5919044626098888
noise_augmented,logg,3.0,2027,temperature_regime,hot_>6000,10,-0.1796660823037232,0.3417318535337841,0.3902127105463201,0.48187717106465433,-0.9094307895563711
noise_augmented,logg,3.0,2027,gravity_regime,dwarf_>=3.5,88,-0.046322027537971815,0.189226690424098,0.24493798795893806,0.22025545399186555,-0.004325925561053046
noise_augmented,logg,3.0,2027,metallicity_regime,intermediate,44,0.017027892615307298,0.2452818400209601,0.35533849211578883,0.23922476314513352,0.621006714913271
noise_augmented,logg,3.0,2027,metallicity_regime,metal_rich_>=-0.5,42,0.007246825832459593,0.15751267255085755,0.20090877535142926,0.17750366739639872,-0.22060093111167256
noise_augmented,logg,3.0,2027,snr_regime,snr_<15,26,-0.013857420585858695,0.2624406923422447,0.38627137721208765,0.24135480195971834,0.42840453681392454
noise_augmented,logg,3.0,2027,snr_regime,snr_15_30,41,-0.01596165645679783,0.1787621302015896,0.23065464996916088,0.22452654646580378,0.4918921742657144
noise_augmented,logg,3.0,2027,snr_regime,snr_>=30,24,-0.004944131513437182,0.22675840980062842,0.3122660141767784,0.21904006806615312,0.6063394150865702
noise_augmented,logg,3.0,2028,temperature_regime,cool_<4000,26,0.0014294590224058683,0.1276439038492172,0.155212449823614,0.14450218751114088,-0.13265565554541814
noise_augmented,logg,3.0,2028,temperature_regime,mid_4000_6000,55,-0.037337764584115224,0.27391131706544875,0.4212355972083789,0.21318601406818674,0.36193462786037733
noise_augmented,logg,3.0,2028,temperature_regime,hot_>6000,10,-0.14010765811403578,0.35646400070587747,0.3837592501415682,0.38434125534425206,-0.8467955165027949
noise_augmented,logg,3.0,2028,gravity_regime,dwarf_>=3.5,88,-0.08336328224544277,0.20488662280481,0.27487712514773593,0.2062562881971262,-0.26485162107945115
noise_augmented,logg,3.0,2028,metallicity_regime,intermediate,44,-0.016573747763128144,0.30873430377696537,0.4614469380527013,0.3105522870635352,0.3608680294923664
noise_augmented,logg,3.0,2028,metallicity_regime,metal_rich_>=-0.5,42,-0.018265694759904482,0.15340740386574075,0.19874834201564687,0.16938093047651095,-0.19449108539493332
noise_augmented,logg,3.0,2028,snr_regime,snr_<15,26,-0.035448403186140925,0.27407776029102376,0.41361478030740995,0.2246982081325595,0.344616027672104
noise_augmented,logg,3.0,2028,snr_regime,snr_15_30,41,-0.07207422660061025,0.2210433770672576,0.3378761971514842,0.198472122161404,-0.09030160175798518
noise_augmented,logg,3.0,2028,snr_regime,snr_>=30,24,0.019133919782522584,0.2399876549339134,0.33724765516606375,0.24797340388446795,0.5408333138633995
noise_augmented,logg,3.0,2029,temperature_regime,cool_<4000,26,0.01694036086132867,0.12047252955001152,0.14667541187643557,0.15861006339440525,-0.011484945303849914
noise_augmented,logg,3.0,2029,temperature_regime,mid_4000_6000,55,-0.034647361693960266,0.27764092354810627,0.43966936102288595,0.21722167018356936,0.3048677288024154
noise_augmented,logg,3.0,2029,temperature_regime,hot_>6000,10,-0.18966789073149387,0.3706150598307452,0.41852847466589443,0.45078474150143966,-1.1966007073303482
noise_augmented,logg,3.0,2029,gravity_regime,dwarf_>=3.5,88,-0.08073359251180391,0.20870415271367113,0.299296011283618,0.22580665983544662,-0.4995613549027764
noise_augmented,logg,3.0,2029,metallicity_regime,intermediate,44,-0.028404763861587464,0.3125679211584908,0.488863759788117,0.24287399576580443,0.2826638918076284
noise_augmented,logg,3.0,2029,metallicity_regime,metal_rich_>=-0.5,42,0.0012398867391875282,0.14741901379894667,0.1810531726323201,0.17311615351913415,0.00873867291040864
noise_augmented,logg,3.0,2029,snr_regime,snr_<15,26,-0.0353668912595663,0.29340028485579367,0.44983803754266094,0.25577127477253375,0.22479588616419477
noise_augmented,logg,3.0,2029,snr_regime,snr_15_30,41,-0.05704249722201651,0.23474523267755695,0.3797588032368183,0.20027870728577976,-0.37735901318446663
noise_augmented,logg,3.0,2029,snr_regime,snr_>=30,24,-0.0043147024682003154,0.20232188398846349,0.2714868060305029,0.19653698862495983,0.7024431516898303
noise_augmented,logg,3.0,2030,temperature_regime,cool_<4000,26,0.007358566162295619,0.1193316133499911,0.144440369984162,0.15331651190032422,0.019106233183029286
noise_augmented,logg,3.0,2030,temperature_regime,mid_4000_6000,55,-0.05732804717168634,0.2840029737651347,0.4233880106553946,0.240366851349841,0.35539724441235687
noise_augmented,logg,3.0,2030,temperature_regime,hot_>6000,10,-0.2086658023238183,0.36714734324812853,0.4283667823972525,0.5472033005116297,-1.3010850467127408
noise_augmented,logg,3.0,2030,gravity_regime,dwarf_>=3.5,88,-0.10209280340192882,0.20975534244039737,0.2820237392489905,0.23002224883636935,-0.33147714014971674
noise_augmented,logg,3.0,2030,metallicity_regime,intermediate,44,-0.03952336001283277,0.32472894818064807,0.47115004505075175,0.28196320439151396,0.33370664947620576
noise_augmented,logg,3.0,2030,metallicity_regime,metal_rich_>=-0.5,42,-0.027360322594169557,0.14157068354222535,0.17983544064232798,0.1436647618631341,0.022027932310484277
noise_augmented,logg,3.0,2030,snr_regime,snr_<15,26,-0.04563887181916264,0.2675718172417998,0.410204435230145,0.27828995198499895,0.3553790430346295
noise_augmented,logg,3.0,2030,snr_regime,snr_15_30,41,-0.09174605566990066,0.24081362527560424,0.3546098473557119,0.18921708402674783,-0.20097243177228252
noise_augmented,logg,3.0,2030,snr_regime,snr_>=30,24,-0.004174122820712056,0.23183471050320395,0.33577915659219726,0.25035043082282604,0.5448233643287118
noise_augmented,logg,3.0,2031,temperature_regime,cool_<4000,26,0.002608128785704745,0.12690076813751286,0.15532412047043792,0.17041390899897813,-0.13428606458370118
noise_augmented,logg,3.0,2031,temperature_regime,mid_4000_6000,55,-0.021204487662423728,0.2731817158664718,0.41731306410616903,0.25093354813509533,0.37376259021561165
noise_augmented,logg,3.0,2031,temperature_regime,hot_>6000,10,-0.12645739329556638,0.38283247845669577,0.4410554175159889,0.5696660631619247,-1.4394247156080588
noise_augmented,logg,3.0,2031,gravity_regime,dwarf_>=3.5,88,-0.07144752428421025,0.20714052724714074,0.2805819707872358,0.22067861473902387,-0.3178983199270786
noise_augmented,logg,3.0,2031,metallicity_regime,intermediate,44,0.01427780801396465,0.30988762117673946,0.45890791964914196,0.3451211586116915,0.36788206827405745
noise_augmented,logg,3.0,2031,metallicity_regime,metal_rich_>=-0.5,42,-0.013649845639391592,0.14523200845954906,0.18171114730520382,0.17199057921590208,0.0015207934343058893
noise_augmented,logg,3.0,2031,snr_regime,snr_<15,26,-0.045421168812192464,0.2654708320341811,0.41977086478859693,0.21859389932370724,0.3249618759776356
noise_augmented,logg,3.0,2031,snr_regime,snr_15_30,41,-0.05255697066076418,0.22145678638055075,0.3282186782848991,0.2228110819054353,-0.0288641615063141
noise_augmented,logg,3.0,2031,snr_regime,snr_>=30,24,0.04053236584365375,0.25711538559612296,0.3624339027564279,0.31751296772823356,0.46968962352094135
noise_augmented,logg,3.0,2032,temperature_regime,cool_<4000,26,0.008417714476585228,0.11461185386624136,0.14247407838492324,0.154090449145375,0.045630606576770316
noise_augmented,logg,3.0,2032,temperature_regime,mid_4000_6000,55,-0.022250032672195736,0.2888556037922701,0.45454143092749044,0.2646214263888464,0.25704587896174846
noise_augmented,logg,3.0,2032,temperature_regime,hot_>6000,10,-0.12220601538419702,0.3432676874081291,0.3731182908303269,0.46703315868305956,-0.7457987432175406
noise_augmented,logg,3.0,2032,gravity_regime,dwarf_>=3.5,88,-0.07370848740479266,0.2050028155224794,0.27531301119273704,0.2353818872119142,-0.26886627531212803
noise_augmented,logg,3.0,2032,metallicity_regime,intermediate,44,-0.000638175762964049,0.3222082436549846,0.4988918384851217,0.3016758881668452,0.25293256857815294
noise_augmented,logg,3.0,2032,metallicity_regime,metal_rich_>=-0.5,42,-0.002436900808224742,0.14347520846317696,0.18111621145704634,0.14910282426501237,0.0080482809484419
noise_augmented,logg,3.0,2032,snr_regime,snr_<15,26,-0.008270126551389709,0.28750998389797366,0.478914352177676,0.25311852023835163,0.12134290240283685
noise_augmented,logg,3.0,2032,snr_regime,snr_15_30,41,-0.07173512948649699,0.2242117903734128,0.33066416810405375,0.22579919396789055,-0.0442529884357703
noise_augmented,logg,3.0,2032,snr_regime,snr_>=30,24,0.038717176035874566,0.2346541790217159,0.3438237715931466,0.21984426266055748,0.522751805865471
noise_augmented,logg,3.0,2033,temperature_regime,cool_<4000,26,0.004181803225707031,0.13317185007838084,0.15897157848910107,0.1869819700920797,-0.18818417381484775
noise_augmented,logg,3.0,2033,temperature_regime,mid_4000_6000,55,-0.054164080800793414,0.27006907172672695,0.3944888186538897,0.2537570135795827,0.4403913193510842
noise_augmented,logg,3.0,2033,temperature_regime,hot_>6000,10,-0.15804471302231185,0.4077858947475759,0.4557775231376409,0.6488107227200863,-1.6049950700607405
noise_augmented,logg,3.0,2033,gravity_regime,dwarf_>=3.5,88,-0.08688858958683682,0.2181667591050043,0.2960103837439303,0.22824290219275703,-0.4668181444376911
noise_augmented,logg,3.0,2033,metallicity_regime,intermediate,44,-0.0342251507560865,0.30568746726327783,0.42985178568868126,0.33573181597719376,0.4453941124784411
noise_augmented,logg,3.0,2033,metallicity_regime,metal_rich_>=-0.5,42,-0.014329375046349442,0.15716364594560778,0.203915474919534,0.1827111948290681,-0.25740810217214705
noise_augmented,logg,3.0,2033,snr_regime,snr_<15,26,-0.07199520714772069,0.2826504578865492,0.3864983277178906,0.2897973847483283,0.4277326672619549
noise_augmented,logg,3.0,2033,snr_regime,snr_15_30,41,-0.06532657879687909,0.2043622695929638,0.30146908762222957,0.22467607684714766,0.13200539008906842
noise_augmented,logg,3.0,2033,snr_regime,snr_>=30,24,0.004146684421433622,0.2777650431717437,0.3917614148133296,0.303215349980127,0.3803937176350203
noise_augmented,logg,3.0,2034,temperature_regime,cool_<4000,26,0.01748342435444005,0.12383277251284876,0.14937471495089547,0.18593127710486287,-0.049056718427239465
noise_augmented,logg,3.0,2034,temperature_regime,mid_4000_6000,55,-0.00615874236641514,0.24895667055556273,0.3889149930961534,0.23389123004698853,0.4560932877628482
noise_augmented,logg,3.0,2034,temperature_regime,hot_>6000,10,-0.2159443343063197,0.38981130240360873,0.4593750356133267,0.5002032399652018,-1.6462805088616568
noise_augmented,logg,3.0,2034,gravity_regime,dwarf_>=3.5,88,-0.06581554390919035,0.19388885529452207,0.261178346312573,0.19376463582093015,-0.14192272859226374
noise_augmented,logg,3.0,2034,metallicity_regime,intermediate,44,0.0009992009755785151,0.2778417971664755,0.4301991079780833,0.2237547707471907,0.4444975019966573
noise_augmented,logg,3.0,2034,metallicity_regime,metal_rich_>=-0.5,42,0.005161367425843045,0.14954751189975551,0.1909518337022532,0.1728594464796629,-0.10261412220068533
noise_augmented,logg,3.0,2034,snr_regime,snr_<15,26,-0.03562488637597139,0.2952225008186621,0.45248000364950375,0.24257507020161612,0.21566336684201048
noise_augmented,logg,3.0,2034,snr_regime,snr_15_30,41,-0.03371721274460223,0.18936275686650753,0.26911113079611476,0.18104676311854861,0.3083366283389446
noise_augmented,logg,3.0,2034,snr_regime,snr_>=30,24,0.011043651179306632,0.2237801640464201,0.33646200267654464,0.21639056584424562,0.5429701723296296
noise_augmented,logg,3.0,2035,temperature_regime,cool_<4000,26,0.006087022798565929,0.11941007505815808,0.14493727820031185,0.18094087470867773,0.012345622135170098
noise_augmented,logg,3.0,2035,temperature_regime,mid_4000_6000,55,-0.016429959894852478,0.24657785220778372,0.3570390261042464,0.2541436566954593,0.5415980833552465
noise_augmented,logg,3.0,2035,temperature_regime,hot_>6000,10,-0.1167026669313512,0.3510309364229438,0.4182230510011935,0.5838833110165018,-1.1933959120339144
noise_augmented,logg,3.0,2035,gravity_regime,dwarf_>=3.5,88,-0.058659695847129406,0.19235354344761307,0.2489356109878,0.20582458716709207,-0.03737657749952428
noise_augmented,logg,3.0,2035,metallicity_regime,intermediate,44,0.022341529700566465,0.2683499702659974,0.38666995670633064,0.2820752709361773,0.5512258172390717
noise_augmented,logg,3.0,2035,metallicity_regime,metal_rich_>=-0.5,42,-0.013256456210026992,0.1435877733022451,0.18234484056542372,0.15308919754071154,-0.005455474480899225
noise_augmented,logg,3.0,2035,snr_regime,snr_<15,26,-0.009968367799352507,0.23984007464043644,0.38889416892943296,0.1844791454004036,0.42061589051573944
noise_augmented,logg,3.0,2035,snr_regime,snr_15_30,41,-0.03710618128791095,0.20585053677844825,0.28435705101845177,0.23573125147865334,0.22774725904514193
noise_augmented,logg,3.0,2035,snr_regime,snr_>=30,24,-0.0054950364658404305,0.22920996827508033,0.29290842221821445,0.25145709411885914,0.6536332356340542
noise_augmented,teff,1.25,2026,temperature_regime,cool_<4000,26,47.10714396706616,73.93264178936293,86.83461473478357,67.91711925857459,0.7849506471752403
noise_augmented,teff,1.25,2026,temperature_regime,mid_4000_6000,55,35.35364318311283,149.34597513668163,215.45340495591316,155.74853978512823,0.866837095288109
noise_augmented,teff,1.25,2026,temperature_regime,hot_>6000,10,-151.4705231404624,161.80703990071515,208.54667983412278,149.3177454991021,-0.8218261074539053
noise_augmented,teff,1.25,2026,gravity_regime,dwarf_>=3.5,88,-1.5501694549791565,113.220476354541,154.82004934923233,138.97358270968718,0.9732857828608074
noise_augmented,teff,1.25,2026,metallicity_regime,intermediate,44,98.06050971060061,157.31916707541714,228.79119034500073,133.8036043269092,0.9215960193335854
noise_augmented,teff,1.25,2026,metallicity_regime,metal_rich_>=-0.5,42,-36.4031339874265,86.4005572550938,107.91598771468799,100.10568913030598,0.9790881335771089
noise_augmented,teff,1.25,2026,snr_regime,snr_<15,26,38.37705406502013,133.12381473756432,178.9065010992377,129.04347855369562,0.9650265137724824
noise_augmented,teff,1.25,2026,snr_regime,snr_15_30,41,43.82196096677683,122.41088247506971,185.13866894234542,127.19715748111726,0.9552291522388192
noise_augmented,teff,1.25,2026,snr_regime,snr_>=30,24,-47.49887160491966,136.42843139139774,198.59377329907406,125.55431757270229,0.9525679636845118
noise_augmented,teff,1.25,2027,temperature_regime,cool_<4000,26,51.11830095222707,78.22294497093839,98.35124289331375,63.174001427825694,0.7241251680724883
noise_augmented,teff,1.25,2027,temperature_regime,mid_4000_6000,55,29.71560580869782,141.2755513486921,210.1342781108205,153.04687015548336,0.8733310003285069
noise_augmented,teff,1.25,2027,temperature_regime,hot_>6000,10,-150.44145328979647,158.32385641479596,208.78365836940011,176.55373796305076,-0.8259688632100399
noise_augmented,teff,1.25,2027,gravity_regime,dwarf_>=3.5,88,-2.7706839161494785,110.04943933648809,155.84986617332834,119.9258527109889,0.972929210866107
noise_augmented,teff,1.25,2027,metallicity_regime,intermediate,44,89.29327351864937,145.38558399292978,224.00540069542518,111.25953420541147,0.9248417783474495
noise_augmented,teff,1.25,2027,metallicity_regime,metal_rich_>=-0.5,42,-31.749231375557667,91.09462909468398,112.46983117613122,122.39588558384658,0.9772860166773343
noise_augmented,teff,1.25,2027,snr_regime,snr_<15,26,24.25162796842168,154.53673649753736,206.25327947807205,179.66869915889166,0.9535176146596553
noise_augmented,teff,1.25,2027,snr_regime,snr_15_30,41,45.945759681019645,107.5214133397546,172.32852080478494,99.36740807425419,0.9612103943467172
noise_augmented,teff,1.25,2027,snr_regime,snr_>=30,24,-43.97078594843541,123.36905673768804,181.7018433948971,113.99062728565927,0.9602937217708091
noise_augmented,teff,1.25,2028,temperature_regime,cool_<4000,26,51.02970491066958,74.29008768717486,89.36529662357506,74.24315775885327,0.7722333266009901
noise_augmented,teff,1.25,2028,temperature_regime,mid_4000_6000,55,47.590577403305396,152.68151234463744,218.94886536778822,167.38241396782104,0.8624812443401683
noise_augmented,teff,1.25,2028,temperature_regime,hot_>6000,10,-132.8930016560874,138.6577098632816,186.11913599942423,127.02932129128378,-0.4510501313836912
noise_augmented,teff,1.25,2028,gravity_regime,dwarf_>=3.5,88,9.837539154746253,113.24979471333819,156.52838831001068,129.4901974456259,0.972692982055446
noise_augmented,teff,1.25,2028,metallicity_regime,intermediate,44,117.85439004331619,150.98293854175918,226.7753224526058,127.79071367036013,0.9229715598213108
noise_augmented,teff,1.25,2028,metallicity_regime,metal_rich_>=-0.5,42,-38.248481912764234,97.59327966841431,123.18673809054069,116.4775004970895,0.9727510904609115
noise_augmented,teff,1.25,2028,snr_regime,snr_<15,26,50.133525318634646,145.34811900290475,189.65261865654605,139.9524886115875,0.960698930528457
noise_augmented,teff,1.25,2028,snr_regime,snr_15_30,41,57.93976050251274,117.06905460314223,181.65510802194055,91.79070978386491,0.9568981141011387
noise_augmented,teff,1.25,2028,snr_regime,snr_>=30,24,-44.319907107882976,130.6966760270861,193.92373734008774,110.30723342055025,0.9547725127812627
noise_augmented,teff,1.25,2029,temperature_regime,cool_<4000,26,47.190842202211535,74.5120905010521,91.58420064571625,79.3443820069408,0.7607821984580699
noise_augmented,teff,1.25,2029,temperature_regime,mid_4000_6000,55,32.21016797744289,145.75011066802054,204.9483910058871,166.75292006674943,0.8795059609857877
noise_augmented,teff,1.25,2029,temperature_regime,hot_>6000,10,-128.06589659627306,148.66024123738651,198.60033762426252,163.9646118894298,-0.6521912819740308
noise_augmented,teff,1.25,2029,gravity_regime,dwarf_>=3.5,88,1.0901040424001798,111.57090724794816,152.1748582829358,137.26620210315303,0.9741908405604303
noise_augmented,teff,1.25,2029,metallicity_regime,intermediate,44,105.66120407497515,144.3532204971317,214.26182748485715,113.10207690573561,0.9312379007614215
noise_augmented,teff,1.25,2029,metallicity_regime,metal_rich_>=-0.5,42,-45.886617480565334,93.93487175205767,114.20792815489544,129.70001576558724,0.9765785530250184
noise_augmented,teff,1.25,2029,snr_regime,snr_<15,26,32.42699316523651,132.41415948368987,171.4727651580697,120.19526974415514,0.9678724961745501
noise_augmented,teff,1.25,2029,snr_regime,snr_15_30,41,49.78563091594426,116.2766115156967,175.3141531262142,113.30909780303568,0.9598546729533474
noise_augmented,teff,1.25,2029,snr_regime,snr_>=30,24,-48.60210499148898,134.58598472595196,193.44452618036038,138.11566244398065,0.9549957627849803
noise_augmented,teff,1.25,2030,temperature_regime,cool_<4000,26,47.12414531062221,71.86375006729519,85.20830370666334,71.77214208133739,0.7929304614669811
noise_augmented,teff,1.25,2030,temperature_regime,mid_4000_6000,55,45.50241603467566,146.52941812096802,206.40196859674586,174.25400912038234,0.8777907141120989
noise_augmented,teff,1.25,2030,temperature_regime,hot_>6000,10,-144.37055312296616,152.5166143127448,210.10570264494052,159.1542097874224,-0.8491666040102925
noise_augmented,teff,1.25,2030,gravity_regime,dwarf_>=3.5,88,7.719595824617494,111.90807892435255,154.55636828899048,122.05404743027415,0.9733767017646828
noise_augmented,teff,1.25,2030,metallicity_regime,intermediate,44,108.65560179045728,152.9030107112079,219.2599326605752,138.59169728352887,0.9279924441357642
noise_augmented,teff,1.25,2030,metallicity_regime,metal_rich_>=-0.5,42,-32.9284008588031,84.75352016364165,104.7726796563693,109.43529619469595,0.9802886068961366
noise_augmented,teff,1.25,2030,snr_regime,snr_<15,26,34.64010741678841,134.89142002242693,172.24228924541498,154.7829511917395,0.9675834897786403
noise_augmented,teff,1.25,2030,snr_regime,snr_15_30,41,58.816951798602275,118.36466053585892,179.0170689593378,108.47531820708329,0.9581408959660408
noise_augmented,teff,1.25,2030,snr_regime,snr_>=30,24,-42.83261199272979,128.85890162404368,192.35701152199297,102.10483185529772,0.9555003538877429
noise_augmented,teff,1.25,2031,temperature_regime,cool_<4000,26,41.54028179853428,68.52653335414804,80.54102570953113,68.41996950052213,0.8149936271311672
noise_augmented,teff,1.25,2031,temperature_regime,mid_4000_6000,55,40.48167090176689,147.1622904688979,206.98560927832645,181.5437319800771,0.8770985971160519
noise_augmented,teff,1.25,2031,temperature_regime,hot_>6000,10,-134.7181450297051,151.49840020955497,195.1996187910053,130.77443107349194,-0.5960933629056544
noise_augmented,teff,1.25,2031,gravity_regime,dwarf_>=3.5,88,3.2655113779704936,110.43871670786554,149.09772468289708,124.88191171162289,0.9752240634337046
noise_augmented,teff,1.25,2031,metallicity_regime,intermediate,44,106.35392209879542,147.93381983901537,217.05032036593704,112.19703118311683,0.9294364568386837
noise_augmented,teff,1.25,2031,metallicity_regime,metal_rich_>=-0.5,42,-40.771609080480616,89.80462082296697,109.01250062538561,121.29993985600741,0.9786610119566175
noise_augmented,teff,1.25,2031,snr_regime,snr_<15,26,38.068631069868246,137.25597346927026,173.43750798436326,143.92780796107294,0.9671320414251605
noise_augmented,teff,1.25,2031,snr_regime,snr_15_30,41,48.93928702278465,113.23419438481514,171.44417989946177,106.5904710939214,0.9616074872667171
noise_augmented,teff,1.25,2031,snr_regime,snr_>=30,24,-43.20572498703024,132.47260687976402,195.66578068558945,130.62245732669265,0.9539562937150631
noise_augmented,teff,1.25,2032,temperature_regime,cool_<4000,26,49.001723949334924,74.66911081832511,88.29728444103617,57.895599338516114,0.7776449124219497
noise_augmented,teff,1.25,2032,temperature_regime,mid_4000_6000,55,42.92976691432133,143.07549758467255,207.71724832089012,125.68520781062287,0.8762282140421913
noise_augmented,teff,1.25,2032,temperature_regime,hot_>6000,10,-133.61748291829463,162.93728581542965,203.1139399767882,154.24434183649572,-0.7281435809656807
noise_augmented,teff,1.25,2032,gravity_regime,dwarf_>=3.5,88,7.340867565270654,111.21490089254684,153.41468131760297,110.0516253546097,0.9737685744444636
noise_augmented,teff,1.25,2032,metallicity_regime,intermediate,44,109.95549530699758,140.18320328614243,213.5524610117031,121.21698497450546,0.9316924547376882
noise_augmented,teff,1.25,2032,metallicity_regime,metal_rich_>=-0.5,42,-36.494378472464405,97.4704341869052,122.4034596655173,108.10072424434578,0.9730965112000988
noise_augmented,teff,1.25,2032,snr_regime,snr_<15,26,40.87784101711189,139.88733436584513,185.8761750427054,139.88722448538576,0.9622485066953856
noise_augmented,teff,1.25,2032,snr_regime,snr_15_30,41,55.39894006198782,112.17872135168545,172.88123972081584,100.49256248050368,0.9609611711636576
noise_augmented,teff,1.25,2032,snr_regime,snr_>=30,24,-43.13221813329064,133.4801599023609,189.8037174409221,127.17503772526382,0.9566738655500657
noise_augmented,teff,1.25,2033,temperature_regime,cool_<4000,26,46.56052862861847,71.19855664688531,84.70405450816878,66.03413696314239,0.7953740189528365
noise_augmented,teff,1.25,2033,temperature_regime,mid_4000_6000,55,41.9566804484051,148.68644403224113,215.74062736588485,152.75154780018985,0.8664818178736374
noise_augmented,teff,1.25,2033,temperature_regime,hot_>6000,10,-151.8043686869315,158.25525119018704,209.7181883606407,152.75544086190058,-0.842351770872555
noise_augmented,teff,1.25,2033,gravity_regime,dwarf_>=3.5,88,3.606640579454837,112.82620790169466,159.1713833295268,126.55615662139526,0.9717630340632901
noise_augmented,teff,1.25,2033,metallicity_regime,intermediate,44,105.91545914112439,152.69424293656803,228.032083774804,151.0015434239771,0.9221154295524728
noise_augmented,teff,1.25,2033,metallicity_regime,metal_rich_>=-0.5,42,-38.76448214721664,91.92614874751969,115.7901654176189,106.03649952081562,0.9759250959559111
noise_augmented,teff,1.25,2033,snr_regime,snr_<15,26,39.786396917098514,140.44378546220858,184.92089907984925,124.71317887938015,0.962635543111771
noise_augmented,teff,1.25,2033,snr_regime,snr_15_30,41,51.607613360645445,113.75911626155202,180.645127226348,88.09440763585738,0.9573760644422991
noise_augmented,teff,1.25,2033,snr_regime,snr_>=30,24,-47.925457728915795,137.32530073971228,199.92228034119245,125.661395569078,0.9519312411848521
noise_augmented,teff,1.25,2034,temperature_regime,cool_<4000,26,47.31907765197786,74.46763334186299,87.58500831187162,68.23778170076315,0.7812178290688203
noise_augmented,teff,1.25,2034,temperature_regime,mid_4000_6000,55,37.56310607503258,138.60818179228787,199.3395503470411,158.6549104994586,0.886010858016939
noise_augmented,teff,1.25,2034,temperature_regime,hot_>6000,10,-157.83311622924893,170.1991196797694,224.61589953510628,199.8178083028436,-1.1133982854557383
noise_augmented,teff,1.25,2034,gravity_regime,dwarf_>=3.5,88,1.335323594873666,109.78605054346727,151.9274343268433,127.32972405966885,0.9742746995237892
noise_augmented,teff,1.25,2034,metallicity_regime,intermediate,44,91.45262290399707,149.46156275200136,217.75479803210698,112.97157046913595,0.9289776589671679
noise_augmented,teff,1.25,2034,metallicity_regime,metal_rich_>=-0.5,42,-30.464786656212937,85.95455488780183,106.58896991808047,108.93322218216683,0.9795992681970044
noise_augmented,teff,1.25,2034,snr_regime,snr_<15,26,12.268633492885765,139.41954362096538,187.9632327252948,130.01186007537518,0.9613959834810628
noise_augmented,teff,1.25,2034,snr_regime,snr_15_30,41,58.25856237941824,112.4617902861805,172.5509120820117,89.52716377730573,0.9611102131791793
noise_augmented,teff,1.25,2034,snr_regime,snr_>=30,24,-41.23540989939378,126.07325526597769,176.79501917149798,114.41269904601776,0.9624092867766351
noise_augmented,teff,1.25,2035,temperature_regime,cool_<4000,26,46.77817011906585,71.0151275157442,87.61490984916233,68.88498544312993,0.7810684190253522
noise_augmented,teff,1.25,2035,temperature_regime,mid_4000_6000,55,46.139403833562696,143.50331205629277,212.39711115894147,148.34199368904035,0.8705882389426722
noise_augmented,teff,1.25,2035,temperature_regime,hot_>6000,10,-151.348285225423,170.45567562662836,215.1665916042168,183.27148262893587,-0.9393225261787024
noise_augmented,teff,1.25,2035,gravity_regime,dwarf_>=3.5,88,7.003398964275174,111.58539274932413,160.34407688975804,133.85863801692412,0.97134543024028
noise_augmented,teff,1.25,2035,metallicity_regime,intermediate,44,105.19154229643858,146.2904140823828,225.5769599509823,93.01443862246279,0.9237835008995972
noise_augmented,teff,1.25,2035,metallicity_regime,metal_rich_>=-0.5,42,-33.055434642246595,92.04294743347167,116.55114502995642,108.0867835301679,0.9756076128120608
noise_augmented,teff,1.25,2035,snr_regime,snr_<15,26,31.785688372098914,149.09655810194772,199.85960012661982,155.38366887710262,0.9563547777195294
noise_augmented,teff,1.25,2035,snr_regime,snr_15_30,41,59.85098788650641,111.84783328395913,181.90953205457473,84.57463445780044,0.9567772935497205
noise_augmented,teff,1.25,2035,snr_regime,snr_>=30,24,-43.32923413891268,124.22335664494875,176.59594469085016,119.59512839419948,0.962493894799537
noise_augmented,teff,1.5,2026,temperature_regime,cool_<4000,26,49.56301641063244,77.76013651686478,92.38333586125903,81.9311940924612,0.7565893048910328
noise_augmented,teff,1.5,2026,temperature_regime,mid_4000_6000,55,31.490032103936993,161.84518837465208,226.76949546242045,188.4201169423276,0.8524817323471352
noise_augmented,teff,1.5,2026,temperature_regime,hot_>6000,10,-175.46309034627402,176.7656098815928,226.90901436666562,154.44385498246982,-1.1567701290589278
noise_augmented,teff,1.5,2026,gravity_regime,dwarf_>=3.5,88,-5.443855590473706,124.38507304509493,169.85409945003772,147.56933771857288,0.967845621864726
noise_augmented,teff,1.5,2026,metallicity_regime,intermediate,44,88.46021192654639,169.7615451632412,239.77150890216976,123.12390637947358,0.9138897857283425
noise_augmented,teff,1.5,2026,metallicity_regime,metal_rich_>=-0.5,42,-32.08169099474681,93.86995256236256,117.7584514969747,105.34086500794962,0.9750996536252613
noise_augmented,teff,1.5,2026,snr_regime,snr_<15,26,39.51077053637421,150.9075259489404,192.9498534407599,147.57684222731572,0.9593205017680441
noise_augmented,teff,1.5,2026,snr_regime,snr_15_30,41,35.39932567689452,130.79623974634163,197.78174328442356,136.26569948932,0.9489055833604522
noise_augmented,teff,1.5,2026,snr_regime,snr_>=30,24,-50.528879073673615,141.86097935782587,203.44202693841282,133.55894076699835,0.9502237857453057
noise_augmented,teff,1.5,2027,temperature_regime,cool_<4000,26,51.25623770024219,78.4853042817728,103.40306841418794,70.9670981314095,0.6950566064181039
noise_augmented,teff,1.5,2027,temperature_regime,mid_4000_6000,55,23.91624674238764,147.68730207685994,217.3523667448477,166.06370234906228,0.8644794101510087
noise_augmented,teff,1.5,2027,temperature_regime,hot_>6000,10,-168.13891280314164,176.70561918335005,231.93519002060074,179.95642350589776,-1.253375945233128
noise_augmented,teff,1.5,2027,gravity_regime,dwarf_>=3.5,88,-8.45263402164324,116.13610568722825,165.885538394937,129.32395904294248,0.9693306125598642
noise_augmented,teff,1.5,2027,metallicity_regime,intermediate,44,79.76112700861191,152.0111318313141,232.02979876320276,108.18587743205437,0.9193606452608085
noise_augmented,teff,1.5,2027,metallicity_regime,metal_rich_>=-0.5,42,-30.474597999693863,94.74038255770213,118.3519919545374,135.62912986225513,0.9748480095324078
noise_augmented,teff,1.5,2027,snr_regime,snr_<15,26,15.5785539762056,169.10379507759347,228.03913585331216,166.5540465016617,0.9431794472098892
noise_augmented,teff,1.5,2027,snr_regime,snr_15_30,41,40.81813907654309,111.11994439622836,177.4543318253807,109.01465672903211,0.9588685277623584
noise_augmented,teff,1.5,2027,snr_regime,snr_>=30,24,-46.32997843805882,124.07747188017076,179.2472147150235,113.9944344113473,0.9613592678414099
noise_augmented,teff,1.5,2028,temperature_regime,cool_<4000,26,58.05727589416518,82.0457231034501,104.84141949760519,66.76060789399632,0.6865139921654175
noise_augmented,teff,1.5,2028,temperature_regime,mid_4000_6000,55,46.10719747295954,159.2349756612143,224.96986127704366,193.49929670021842,0.85481384056606
noise_augmented,teff,1.5,2028,temperature_regime,hot_>6000,10,-147.51699926147458,153.4158148986816,202.91187236819283,136.12926244911125,-0.7247068090800808
noise_augmented,teff,1.5,2028,gravity_regime,dwarf_>=3.5,88,9.472625492905122,121.46189332696171,167.0528338446073,125.14001413170513,0.9688974681706762
noise_augmented,teff,1.5,2028,metallicity_regime,intermediate,44,117.87434056784886,155.03519338896788,230.9129221155251,133.67713882894245,0.9201350927705089
noise_augmented,teff,1.5,2028,metallicity_regime,metal_rich_>=-0.5,42,-36.78828353784959,107.36212736196384,136.80894370555052,134.14083560533624,0.9663914175116258
noise_augmented,teff,1.5,2028,snr_regime,snr_<15,26,56.367831001086486,162.2006502877261,207.2128664300827,143.59870740227404,0.9530840928297101
noise_augmented,teff,1.5,2028,snr_regime,snr_15_30,41,55.15893945783894,123.74363578511084,188.81681117120328,99.77081719386827,0.9534325602252584
noise_augmented,teff,1.5,2028,snr_regime,snr_>=30,24,-48.202711756388396,130.60685984887002,193.97770625347619,110.00592290201912,0.9547473356882282
noise_augmented,teff,1.5,2029,temperature_regime,cool_<4000,26,44.7866250649479,72.73393549210029,92.30757319760107,78.80788266157941,0.756988378612061
noise_augmented,teff,1.5,2029,temperature_regime,mid_4000_6000,55,22.761420728834047,156.39575500284818,210.88165992110584,200.33076553655363,0.8724283540483077
noise_augmented,teff,1.5,2029,temperature_regime,hot_>6000,10,-133.65398171386613,163.04103438313786,212.5099183145491,211.5719854823396,-0.891728339689384
noise_augmented,teff,1.5,2029,gravity_regime,dwarf_>=3.5,88,-5.600988449443083,119.89297310904303,161.15794112108065,140.37356756806122,0.9710538059372518
noise_augmented,teff,1.5,2029,metallicity_regime,intermediate,44,98.53420445921942,151.9674795123017,217.51091372855734,135.290228690661,0.9291366592233012
noise_augmented,teff,1.5,2029,metallicity_regime,metal_rich_>=-0.5,42,-51.26505981299951,99.70258067733494,122.06608481948304,143.69522745391228,0.9732446124346574
noise_augmented,teff,1.5,2029,snr_regime,snr_<15,26,22.887151895376867,144.17133241154608,183.28298866823866,142.2587194087384,0.9632945124307312
noise_augmented,teff,1.5,2029,snr_regime,snr_15_30,41,42.10768968486032,122.57616076858663,179.538441982209,136.8424737215925,0.9578967182642244
noise_augmented,teff,1.5,2029,snr_regime,snr_>=30,24,-51.737110488467295,139.54924823209936,196.21910586986277,150.20406682105815,0.9536955106010628
noise_augmented,teff,1.5,2030,temperature_regime,cool_<4000,26,47.7855498144691,70.46625897334184,83.60663935721215,65.91617350593384,0.8006418888269404
noise_augmented,teff,1.5,2030,temperature_regime,mid_4000_6000,55,39.21766061290408,145.30143689242286,206.7007018160055,154.52622763158078,0.8774367020518786
noise_augmented,teff,1.5,2030,temperature_regime,hot_>6000,10,-159.74600758056667,170.87259809570304,231.9481543698361,161.58318435747668,-1.25362786361754
noise_augmented,teff,1.5,2030,gravity_regime,dwarf_>=3.5,88,2.617681973081822,113.19145686247863,159.07421986434548,121.20940941546263,0.9717974970930988
noise_augmented,teff,1.5,2030,metallicity_regime,intermediate,44,99.05037848270307,155.3521640527902,221.22001086400607,158.87017132361296,0.9266992639108567
noise_augmented,teff,1.5,2030,metallicity_regime,metal_rich_>=-0.5,42,-31.342368148561143,80.78576802813798,100.95756952630803,105.25496980385599,0.9816979815190924
noise_augmented,teff,1.5,2030,snr_regime,snr_<15,26,24.569518064449976,132.20143494395776,172.5620768564169,76.8693568514036,0.9674630080826375
noise_augmented,teff,1.5,2030,snr_regime,snr_15_30,41,55.01179644254382,121.53898084959953,183.12505754053254,114.49487128080146,0.95619773257788
noise_augmented,teff,1.5,2030,snr_regime,snr_>=30,24,-45.51481544748922,129.6705091654455,195.84012504580585,103.29995116964804,0.9538742043804241
noise_augmented,teff,1.5,2031,temperature_regime,cool_<4000,26,40.83101941074469,68.11130798574578,79.66814153760663,60.289459104299915,0.8189820055522521
noise_augmented,teff,1.5,2031,temperature_regime,mid_4000_6000,55,38.331158871737685,156.8094194271198,212.74017934433698,194.85751620652877,0.870169844235576
noise_augmented,teff,1.5,2031,temperature_regime,hot_>6000,10,-144.02063607177806,162.79473262532574,205.79783969231048,158.4678423012649,-0.7741158846794316
noise_augmented,teff,1.5,2031,gravity_regime,dwarf_>=3.5,88,0.9955166019093956,117.96989751630805,156.5183485382257,143.4483355373272,0.9726964849016584
noise_augmented,teff,1.5,2031,metallicity_regime,intermediate,44,100.71847955830869,158.02515971559433,222.27872172086273,121.3336271917495,0.9259959822915838
noise_augmented,teff,1.5,2031,metallicity_regime,metal_rich_>=-0.5,42,-40.52213199797083,93.80079661995985,115.41620783097348,122.30066076362557,0.9760803501587987
noise_augmented,teff,1.5,2031,snr_regime,snr_<15,26,39.769656190529744,146.61621255258416,184.60521157554015,143.33105340739658,0.962763007599268
noise_augmented,teff,1.5,2031,snr_regime,snr_15_30,41,44.14168480552145,122.84779933327711,175.08672986186878,113.91178161049791,0.9599587610638277
noise_augmented,teff,1.5,2031,snr_regime,snr_>=30,24,-46.42526066970828,132.27408763927863,197.3612261104067,123.97613449216634,0.9531548985399311
noise_augmented,teff,1.5,2032,temperature_regime,cool_<4000,26,54.49839819140329,80.11790692099554,97.57210939670547,55.87455398262172,0.7284787874299146
noise_augmented,teff,1.5,2032,temperature_regime,mid_4000_6000,55,38.36268266231626,150.23187240323125,213.69610554570022,138.0413953505382,0.8690004658755086
noise_augmented,teff,1.5,2032,temperature_regime,hot_>6000,10,-150.64328363850956,178.4970508504238,225.25861771435567,156.6417735878144,-1.1255101871987954
noise_augmented,teff,1.5,2032,gravity_regime,dwarf_>=3.5,88,4.159647583354492,119.04960221527558,163.2147557634681,117.70830115550312,0.9703102262873863
noise_augmented,teff,1.5,2032,metallicity_regime,intermediate,44,107.31207901393968,144.42460807083583,216.39196966614332,121.97471514879295,0.9298638702064252
noise_augmented,teff,1.5,2032,metallicity_regime,metal_rich_>=-0.5,42,-37.15465197850779,106.85414483787898,135.54409013323658,126.57756730702371,0.9670099943936606
noise_augmented,teff,1.5,2032,snr_regime,snr_<15,26,37.95662477072684,149.41493286211087,201.72111212691973,97.6414173719282,0.9555379595922906
noise_augmented,teff,1.5,2032,snr_regime,snr_15_30,41,51.28042521332515,120.78543574461848,178.25920485302785,124.6139930087538,0.9584945646113952
noise_augmented,teff,1.5,2032,snr_regime,snr_>=30,24,-44.53735894860188,137.24158127848332,194.26864877760357,128.57205848461254,0.9546114871078893
noise_augmented,teff,1.5,2033,temperature_regime,cool_<4000,26,47.43579107040031,70.05604769506232,85.51841721036206,59.320803161961315,0.7914204697909846
noise_augmented,teff,1.5,2033,temperature_regime,mid_4000_6000,55,35.879640275989935,155.74852826501038,224.5828645149269,139.0835241266168,0.8553129140576298
noise_augmented,teff,1.5,2033,temperature_regime,hot_>6000,10,-171.1240880798354,179.00057440796044,237.96486414336252,148.73132910328385,-1.3720620010118174
noise_augmented,teff,1.5,2033,gravity_regime,dwarf_>=3.5,88,-1.6617969895565508,119.72640910720816,172.14228666244148,131.0699505628184,0.9669734519139517
noise_augmented,teff,1.5,2033,metallicity_regime,intermediate,44,95.66165324170656,158.2077545864221,236.6389887715307,145.41908679808859,0.9161250800269474
noise_augmented,teff,1.5,2033,metallicity_regime,metal_rich_>=-0.5,42,-38.630945421733465,98.2225643860343,127.27588580358542,114.98923899781319,0.9709120260460461
noise_augmented,teff,1.5,2033,snr_regime,snr_<15,26,31.646080423599294,153.25167381286604,201.15571788222402,146.33933096543677,0.9557868512589909
noise_augmented,teff,1.5,2033,snr_regime,snr_15_30,41,44.560569586281076,116.6915723998525,187.02658599660737,119.93524736731746,0.9543114119896078
noise_augmented,teff,1.5,2033,snr_regime,snr_>=30,24,-48.09631424331686,142.03058546659682,208.59557480257587,133.1506320347451,0.9476700045809435
noise_augmented,teff,1.5,2034,temperature_regime,cool_<4000,26,50.382297389495584,78.98299599554653,92.7457366803275,73.81468301069684,0.7546758590584406
noise_augmented,teff,1.5,2034,temperature_regime,mid_4000_6000,55,30.470475034216353,141.6544243509925,200.57412451883906,164.22032129743678,0.8845945426150997
noise_augmented,teff,1.5,2034,temperature_regime,hot_>6000,10,-178.1328908223467,191.9284128438313,258.02470947466344,220.61490173951105,-1.7888358766269876
noise_augmented,teff,1.5,2034,gravity_regime,dwarf_>=3.5,88,-3.9880517367738495,116.00454386370107,161.27366280540355,134.20429745797833,0.9710122205836742
noise_augmented,teff,1.5,2034,metallicity_regime,intermediate,44,78.95052919145047,157.9524356462881,225.38711588122393,118.78102838159728,0.9239117335148664
noise_augmented,teff,1.5,2034,metallicity_regime,metal_rich_>=-0.5,42,-28.058353983561098,88.03049656604601,109.36270859586968,118.79924494832044,0.978523686650351
noise_augmented,teff,1.5,2034,snr_regime,snr_<15,26,0.5430981445314885,150.3883808507673,204.07441609802171,155.2405545189335,0.9544945088174083
noise_augmented,teff,1.5,2034,snr_regime,snr_15_30,41,53.72012594554866,114.89854415198866,173.62662687916182,100.41072562696324,0.9606238092519375
noise_augmented,teff,1.5,2034,snr_regime,snr_>=30,24,-42.173281864166505,130.95404796981776,180.65418864109608,120.41613953017665,0.9607502779216297
noise_augmented,teff,1.5,2035,temperature_regime,cool_<4000,26,51.87811109298339,76.8373456088338,100.91813447290629,68.21286042001009,0.7095370098324643
noise_augmented,teff,1.5,2035,temperature_regime,mid_4000_6000,55,41.86836737097549,150.41260233857113,216.75568266989748,175.6121486932258,0.8652224614913011
noise_augmented,teff,1.5,2035,temperature_regime,hot_>6000,10,-173.6071501932779,191.37472661336295,244.33394848721224,209.1339663645569,-1.5007368164987218
noise_augmented,teff,1.5,2035,gravity_regime,dwarf_>=3.5,88,3.604265974911972,120.29394539191517,171.66627025513822,130.3421143154757,0.9671558526776161
noise_augmented,teff,1.5,2035,metallicity_regime,intermediate,44,97.5810492549088,154.90096341034874,231.5489087617947,134.12977569347595,0.9196945547374868
noise_augmented,teff,1.5,2035,metallicity_regime,metal_rich_>=-0.5,42,-29.93441023641903,98.5166730450827,127.23212114760275,128.80315012529013,0.9709320267916111
noise_augmented,teff,1.5,2035,snr_regime,snr_<15,26,25.102057595277877,170.87461767734624,223.97764147672206,187.51825100337857,0.9451854294895632
noise_augmented,teff,1.5,2035,snr_regime,snr_15_30,41,55.65782097421059,116.39388669766072,186.28090141281552,97.03967140277724,0.9546750111814463
noise_augmented,teff,1.5,2035,snr_regime,snr_>=30,24,-42.462690230475744,123.72174859873464,173.06240496242282,122.57697785013004,0.9639798112705561
noise_augmented,teff,2.0,2026,temperature_regime,cool_<4000,26,51.11715773753662,83.73249176573162,103.13413730440546,99.42497389829192,0.6966407396967806
noise_augmented,teff,2.0,2026,temperature_regime,mid_4000_6000,55,30.255316789846685,181.22871164624746,253.24075368627234,188.28409338440065,0.816031388362541
noise_augmented,teff,2.0,2026,temperature_regime,hot_>6000,10,-211.28505578613294,211.28505578613294,263.4958230155235,161.70997015490252,-1.908357779948794
noise_augmented,teff,2.0,2026,gravity_regime,dwarf_>=3.5,88,-10.937697969609939,141.07635336627385,195.24160663180857,166.16536746942003,0.95751527669159
noise_augmented,teff,2.0,2026,metallicity_regime,intermediate,44,77.73367298218677,186.99741450246182,263.9731736401088,149.06442555895174,0.895629177774705
noise_augmented,teff,2.0,2026,metallicity_regime,metal_rich_>=-0.5,42,-24.423911555940787,107.50830683559832,140.82227262114716,123.02050324904629,0.9643906608756093
noise_augmented,teff,2.0,2026,snr_regime,snr_<15,26,49.000165901771126,175.44635090167714,228.2500964753562,152.25855264646455,0.9430742683887248
noise_augmented,teff,2.0,2026,snr_regime,snr_15_30,41,24.85187267867923,148.2587681438166,221.39300122133832,165.60649388567415,0.9359780615875333
noise_augmented,teff,2.0,2026,snr_regime,snr_>=30,24,-58.862213604821136,150.71916112391156,217.36026996783144,137.47715373646798,0.9431800503641128
noise_augmented,teff,2.0,2027,temperature_regime,cool_<4000,26,69.1213687771526,94.45954159663265,136.31166812917175,75.22904007318617,0.47007007889837193
noise_augmented,teff,2.0,2027,temperature_regime,mid_4000_6000,55,7.4689360758464405,165.3830065847684,234.2453358791603,148.9969219683474,0.8425950300856908
noise_augmented,teff,2.0,2027,temperature_regime,hot_>6000,10,-192.97920761108398,199.5608660786951,261.087669785093,149.95190270383182,-1.8554403066602658
noise_augmented,teff,2.0,2027,gravity_regime,dwarf_>=3.5,88,-15.804649208646822,134.98474974811433,191.56175406334387,128.53992703127292,0.9591016620999375
noise_augmented,teff,2.0,2027,metallicity_regime,intermediate,44,64.69959406419233,173.32578644931667,251.08844016694772,149.21593792371968,0.9055693553043025
noise_augmented,teff,2.0,2027,metallicity_regime,metal_rich_>=-0.5,42,-26.11067584470714,105.93592246694396,139.49321625996546,134.99846713776682,0.9650596386817644
noise_augmented,teff,2.0,2027,snr_regime,snr_<15,26,9.068452205951242,204.61938029401747,268.95729100389235,201.1048747201617,0.920958836418734
noise_augmented,teff,2.0,2027,snr_regime,snr_15_30,41,30.875005894606346,130.20908589383254,194.45134556571816,127.30441222849583,0.9506118282846155
noise_augmented,teff,2.0,2027,snr_regime,snr_>=30,24,-50.97916678195461,120.37273729875302,176.9669955339967,104.4759521093534,0.9623361188965514
noise_augmented,teff,2.0,2028,temperature_regime,cool_<4000,26,68.45364685528139,90.48707868996674,129.63905623875817,73.78911937400846,0.5206816033771992
noise_augmented,teff,2.0,2028,temperature_regime,mid_4000_6000,55,43.111260881828414,174.4713287843646,241.0730164764845,182.40580644863485,0.8332853594709253
noise_augmented,teff,2.0,2028,temperature_regime,hot_>6000,10,-175.56996746012328,183.01997297363278,238.81305432843828,189.88418646329058,-1.3890018579080103
noise_augmented,teff,2.0,2028,gravity_regime,dwarf_>=3.5,88,7.7573355418119885,137.11611243589005,190.46842979516055,142.58993292590333,0.9595671782089558
noise_augmented,teff,2.0,2028,metallicity_regime,intermediate,44,113.4018839451182,172.26499496945476,248.2458654524939,190.66407808702374,0.9076953531007897
noise_augmented,teff,2.0,2028,metallicity_regime,metal_rich_>=-0.5,42,-33.700679085383186,117.79549224901963,157.53923387363332,134.9277144928515,0.9554345111929248
noise_augmented,teff,2.0,2028,snr_regime,snr_<15,26,61.0242923705277,188.97394616034114,242.25105034662622,187.83316045262956,0.9358763819179879
noise_augmented,teff,2.0,2028,snr_regime,snr_15_30,41,51.96400444985976,138.64719567002723,205.3544444484367,133.8441878098174,0.944918056261677
noise_augmented,teff,2.0,2028,snr_regime,snr_>=30,24,-55.08088716422183,132.53871817398039,198.83597704003535,101.73718041621115,0.9524521974958229
noise_augmented,teff,2.0,2029,temperature_regime,cool_<4000,26,48.85841976615741,79.7182621632112,107.3385752259107,83.57041106905388,0.671402670944817
noise_augmented,teff,2.0,2029,temperature_regime,mid_4000_6000,55,11.536902523156632,175.14093184037648,228.44356837817818,211.41532346399046,0.8502956544998256
noise_augmented,teff,2.0,2029,temperature_regime,hot_>6000,10,-162.89261275024464,186.6929848775232,246.85388652907577,222.66182841486508,-1.552585511082472
noise_augmented,teff,2.0,2029,gravity_regime,dwarf_>=3.5,88,-13.73799926341641,137.357835862131,185.53695047303484,159.03075524005317,0.9616337920053205
noise_augmented,teff,2.0,2029,metallicity_regime,intermediate,44,89.08450891344482,167.00714545510075,232.49358716149476,169.2241461427415,0.9190379541658374
noise_augmented,teff,2.0,2029,metallicity_regime,metal_rich_>=-0.5,42,-54.393058941553285,114.11350356377484,141.80153369920018,155.56530711915963,0.9638936928467182
noise_augmented,teff,2.0,2029,snr_regime,snr_<15,26,24.26973629369543,174.9674162355082,222.7892608959193,204.6239045621724,0.9457655566780502
noise_augmented,teff,2.0,2029,snr_regime,snr_15_30,41,27.77967318948901,133.922014494113,190.89349128210313,158.61518712333657,0.952402593893836
noise_augmented,teff,2.0,2029,snr_regime,snr_>=30,24,-62.2523883005779,147.18335416073276,203.5743100091052,139.04661704801455,0.9501590332328825
noise_augmented,teff,2.0,2030,temperature_regime,cool_<4000,26,54.03984448437828,75.14134715662252,90.45060019924978,60.295317458603506,0.7666674740925719
noise_augmented,teff,2.0,2030,temperature_regime,mid_4000_6000,55,33.252010099838714,152.8630446701512,214.20455341905398,153.546849390731,0.8683763489986553
noise_augmented,teff,2.0,2030,temperature_regime,hot_>6000,10,-184.92243175557377,189.6650088429762,263.53392939328205,176.79654768477238,-1.909199045611139
noise_augmented,teff,2.0,2030,gravity_regime,dwarf_>=3.5,88,-1.2977605326102237,122.26042556774246,173.456658624801,129.07734225586066,0.9664671859355419
noise_augmented,teff,2.0,2030,metallicity_regime,intermediate,44,90.51363213094065,166.96602091193915,232.73406257460914,170.3899545015439,0.9188703843799138
noise_augmented,teff,2.0,2030,metallicity_regime,metal_rich_>=-0.5,42,-28.2691640026755,83.3491647646464,101.583096616002,115.61733398771662,0.9814704824769099
noise_augmented,teff,2.0,2030,snr_regime,snr_<15,26,18.05393653791407,135.98577952653946,181.6578026998384,90.07902892999182,0.9639425678621897
noise_augmented,teff,2.0,2030,snr_regime,snr_15_30,41,53.09395993637429,135.6498086987007,195.58207456672827,119.87738302947594,0.9500357766724514
noise_augmented,teff,2.0,2030,snr_regime,snr_>=30,24,-52.56593803532854,131.68833945931286,204.58068327998637,90.72452239016289,0.9496650357657164
noise_augmented,teff,2.0,2031,temperature_regime,cool_<4000,26,48.234748306274625,72.25134096311899,90.14420651608037,67.82030259342844,0.7682455847075114
noise_augmented,teff,2.0,2031,temperature_regime,mid_4000_6000,55,26.823323376279717,170.19229349605646,222.3145087136975,209.12517374300322,0.8582209215060148
noise_augmented,teff,2.0,2031,temperature_regime,hot_>6000,10,-174.17530056152427,184.71547935384098,234.6549188136638,201.43250637321745,-1.30653307075156
noise_augmented,teff,2.0,2031,gravity_regime,dwarf_>=3.5,88,-7.306071662440553,130.17838930141542,170.48756421173502,161.05750135311075,0.9676053374364768
noise_augmented,teff,2.0,2031,metallicity_regime,intermediate,44,84.67454645422676,170.312857984138,232.84856458332803,140.56821115940505,0.9187905353968521
noise_augmented,teff,2.0,2031,metallicity_regime,metal_rich_>=-0.5,42,-38.94691319250649,105.66496742272743,131.38403196247302,148.8232674361953,0.9690039475472509
noise_augmented,teff,2.0,2031,snr_regime,snr_<15,26,38.358581220186565,159.60909835150323,199.94329537013095,117.54000785932784,0.9563182154291331
noise_augmented,teff,2.0,2031,snr_regime,snr_15_30,41,31.209820034120064,135.79723890896892,186.3882711191873,132.0202545416874,0.9546227467442016
noise_augmented,teff,2.0,2031,snr_regime,snr_>=30,24,-53.72052071168713,140.36426868565826,205.79480395873975,132.5366068817385,0.949065819240008
noise_augmented,teff,2.0,2032,temperature_regime,cool_<4000,26,72.40335733814767,93.20988668588501,121.94612440052263,79.6689758411959,0.5758803627415665
noise_augmented,teff,2.0,2032,temperature_regime,mid_4000_6000,55,21.72188294640759,164.40248862637597,225.810379812647,154.4179341261092,0.8537269427833553
noise_augmented,teff,2.0,2032,temperature_regime,hot_>6000,10,-181.87892626749718,215.61328090616962,283.6963949017282,189.7485302976904,-2.3713822445515578
noise_augmented,teff,2.0,2032,gravity_regime,dwarf_>=3.5,88,-4.203437412377355,136.28889380553284,187.5895511116782,136.4219397681178,0.9607802034088236
noise_augmented,teff,2.0,2032,metallicity_regime,intermediate,44,98.1252070541383,157.82598698910826,226.66389299150427,140.1758679164949,0.9230472393858634
noise_augmented,teff,2.0,2032,metallicity_regime,metal_rich_>=-0.5,42,-38.44983437747024,120.7555745425752,155.71368632472795,126.32143922860907,0.9564613670711904
noise_augmented,teff,2.0,2032,snr_regime,snr_<15,26,38.66610193653591,176.0313364836869,242.02939975673618,154.79350848796062,0.9359936696288667
noise_augmented,teff,2.0,2032,snr_regime,snr_15_30,41,35.108290543719185,137.35892188740547,191.01347935518243,145.18104498728962,0.9523427394074844
noise_augmented,teff,2.0,2032,snr_regime,snr_>=30,24,-49.43154051971396,142.2165079744125,201.76106362235666,141.6511850119916,0.9510429509558792
noise_augmented,teff,2.0,2033,temperature_regime,cool_<4000,26,52.720349179390126,74.19907033714865,93.0753083561143,63.7719205292359,0.752929244182069
noise_augmented,teff,2.0,2033,temperature_regime,mid_4000_6000,55,29.044456832608443,173.28627913522394,246.08144629282148,172.92503733168567,0.8262862173226058
noise_augmented,teff,2.0,2033,temperature_regime,hot_>6000,10,-213.63387465108218,220.3326974782306,289.29483748834724,108.08860758183174,-2.505756344005795
noise_augmented,teff,2.0,2033,gravity_regime,dwarf_>=3.5,88,-8.846736160509357,136.9647717717486,199.18819757948762,146.46295724156727,0.9557803549560786
noise_augmented,teff,2.0,2033,metallicity_regime,intermediate,44,83.05640651402345,175.9659740133571,260.5564309656013,168.83161944497286,0.8983135441745687
noise_augmented,teff,2.0,2033,metallicity_regime,metal_rich_>=-0.5,42,-35.68405064731163,109.4483094741575,144.22618395174328,129.48346599912688,0.9626483800848225
noise_augmented,teff,2.0,2033,snr_regime,snr_<15,26,33.7731563079051,174.34779869431685,237.60286463007427,143.2508811985662,0.9383135147232019
noise_augmented,teff,2.0,2033,snr_regime,snr_15_30,41,30.51601680402068,133.46024898820576,206.84901221170372,141.57323763822976,0.9441133668552335
noise_augmented,teff,2.0,2033,snr_regime,snr_>=30,24,-54.059303959316445,152.4306325590338,220.85604747053603,120.78373943479403,0.9413376973769699
noise_augmented,teff,2.0,2034,temperature_regime,cool_<4000,26,68.9473348545174,89.71708304928565,117.53384170269072,89.91386708035547,0.6060163132929662
noise_augmented,teff,2.0,2034,temperature_regime,mid_4000_6000,55,22.094400685258435,151.48657693777326,209.33927135516754,154.67562516029264,0.8742876478180677
noise_augmented,teff,2.0,2034,temperature_regime,hot_>6000,10,-204.52336110026027,212.78068366292246,295.28634123423336,242.32345126158552,-2.6524735422805037
noise_augmented,teff,2.0,2034,gravity_regime,dwarf_>=3.5,88,-6.369818701194819,128.05772214635198,180.43098068035485,133.77866670504164,0.9637164085811405
noise_augmented,teff,2.0,2034,metallicity_regime,intermediate,44,65.28825529503108,164.81001982370978,235.8149977217684,124.50917284640224,0.9167081779969529
noise_augmented,teff,2.0,2034,metallicity_regime,metal_rich_>=-0.5,42,-17.037658533974188,103.0329454418365,133.43805830307926,115.05314227928062,0.9680272020138374
noise_augmented,teff,2.0,2034,snr_regime,snr_<15,26,11.257133842664363,181.68338755094075,244.50762144170685,114.01072513188701,0.9346761935880029
noise_augmented,teff,2.0,2034,snr_regime,snr_15_30,41,46.166934425912274,118.9507452070034,178.24583063365105,107.35209347025264,0.9585007924185357
noise_augmented,teff,2.0,2034,snr_regime,snr_>=30,24,-50.95586076948388,132.97767073652423,180.7798722225013,122.1452556538681,0.9606956457908097
noise_augmented,teff,2.0,2035,temperature_regime,cool_<4000,26,73.51450496575802,99.19698387654638,159.3300039148512,97.03071657659677,0.2759850898697881
noise_augmented,teff,2.0,2035,temperature_regime,mid_4000_6000,55,38.39376865252877,163.13099710859817,226.97098206317034,188.28857854198415,0.8522194734504129
noise_augmented,teff,2.0,2035,temperature_regime,hot_>6000,10,-210.6158132446284,214.80984617106097,287.0641739485067,186.6926173298213,-2.451901159529318
noise_augmented,teff,2.0,2035,gravity_regime,dwarf_>=3.5,88,5.111274315689803,139.00387216706716,202.24554383210878,144.2640944635658,0.9544124795277404
noise_augmented,teff,2.0,2035,metallicity_regime,intermediate,44,92.3337128263533,169.81071990920583,245.11849143649582,183.99294069047093,0.9100063912328775
noise_augmented,teff,2.0,2035,metallicity_regime,metal_rich_>=-0.5,42,-18.789184566679307,115.40982372150707,162.54552667392662,131.6489033366174,0.9525570964792958
noise_augmented,teff,2.0,2035,snr_regime,snr_<15,26,35.70871163510102,203.07634751187848,271.2753131545245,215.00562268310875,0.9195905246753691
noise_augmented,teff,2.0,2035,snr_regime,snr_15_30,41,51.50853227767317,133.0412856395691,204.84741655223877,131.69459918338464,0.9451897192819853
noise_augmented,teff,2.0,2035,snr_regime,snr_>=30,24,-46.80833555602997,123.53113070593923,168.77715354557915,107.20804640912473,0.9657415404228
noise_augmented,teff,2.5,2026,temperature_regime,cool_<4000,26,63.59967844449557,96.18379944434534,124.02475221244724,78.31399160444744,0.5612985069433654
noise_augmented,teff,2.5,2026,temperature_regime,mid_4000_6000,55,24.8540498908766,205.9519952281603,281.6310927955349,232.16397625158308,0.7724704872546545
noise_augmented,teff,2.5,2026,temperature_regime,hot_>6000,10,-277.9499226969412,277.9499226969412,335.07342627954336,145.39140941876659,-3.703057996599762
noise_augmented,teff,2.5,2026,gravity_regime,dwarf_>=3.5,88,-18.26296932370743,167.72081014771894,231.88584313742996,166.47639608075306,0.9400710706077331
noise_augmented,teff,2.5,2026,metallicity_regime,intermediate,44,65.76934279355102,212.40239752544073,289.6827913998944,180.4643460394047,0.8743087889705512
noise_augmented,teff,2.5,2026,metallicity_regime,metal_rich_>=-0.5,42,-15.73478418743782,125.47636353556292,171.28330541620215,140.51685908444296,0.9473193303551531
noise_augmented,teff,2.5,2026,snr_regime,snr_<15,26,53.36993753130009,223.85392446351656,289.2702261063838,186.10438068295085,0.9085688564849264
noise_augmented,teff,2.5,2026,snr_regime,snr_15_30,41,12.032675003920136,168.2828366924998,243.79563134704117,171.0271264951832,0.9223658357337058
noise_augmented,teff,2.5,2026,snr_regime,snr_>=30,24,-68.3288705995351,161.99330873447013,230.26832634869123,142.82838471246183,0.9362311002855401
noise_augmented,teff,2.5,2027,temperature_regime,cool_<4000,26,86.04274403459591,107.78245712162908,167.76321607468034,88.76943394990185,0.19731367790035015
noise_augmented,teff,2.5,2027,temperature_regime,mid_4000_6000,55,-2.4514513098513486,190.36987464155692,262.39564350403674,156.63432413514477,0.8024896872756169
noise_augmented,teff,2.5,2027,temperature_regime,hot_>6000,10,-216.8796685546884,220.41411415608817,288.4872718368048,139.05707854473016,-2.486211046291459
noise_augmented,teff,2.5,2027,gravity_regime,dwarf_>=3.5,88,-19.470617859233506,157.15828321688105,224.1047977759691,143.7512473796924,0.9440254826929005
noise_augmented,teff,2.5,2027,metallicity_regime,intermediate,44,54.70240526072187,203.7079500928937,286.90999775244865,190.84412541168874,0.8767034622842442
noise_augmented,teff,2.5,2027,metallicity_regime,metal_rich_>=-0.5,42,-19.344064625089157,115.54066780986457,153.84795502149015,138.95943836121586,0.9574984594790478
noise_augmented,teff,2.5,2027,snr_regime,snr_<15,26,14.095339067898784,245.04160248467892,317.734396003884,259.0112983326958,0.8896899340392597
noise_augmented,teff,2.5,2027,snr_regime,snr_15_30,41,23.876946403441362,150.58903413974178,219.41962308697123,154.48820193682243,0.9371142893051538
noise_augmented,teff,2.5,2027,snr_regime,snr_>=30,24,-58.83119920815327,122.14983615324178,177.01923286514648,95.37722352720735,0.9623138802751366
noise_augmented,teff,2.5,2028,temperature_regime,cool_<4000,26,86.76579825494265,106.90369097078805,164.46469689976973,83.1196683864874,0.22856781460815745
noise_augmented,teff,2.5,2028,temperature_regime,mid_4000_6000,55,40.002461427445866,186.97450567053622,256.49584407255963,201.1646955956265,0.8112716245324962
noise_augmented,teff,2.5,2028,temperature_regime,hot_>6000,10,-198.29509679972344,198.29509679972344,259.5217006020356,162.22161115580792,-1.8212899256658361
noise_augmented,teff,2.5,2028,gravity_regime,dwarf_>=3.5,88,8.936169746167877,151.81059679135444,213.1670183342517,153.630414632153,0.9493559918838731
noise_augmented,teff,2.5,2028,metallicity_regime,intermediate,44,108.49528085812666,182.79695409809486,261.33907001389383,184.7277562761058,0.897701751063168
noise_augmented,teff,2.5,2028,metallicity_regime,metal_rich_>=-0.5,42,-23.149931766812706,135.10901681881901,186.3610927100352,161.55984578962412,0.9376363231417543
noise_augmented,teff,2.5,2028,snr_regime,snr_<15,26,74.28908355439094,222.95193901062046,279.34843898257725,244.63021785431098,0.9147333542237512
noise_augmented,teff,2.5,2028,snr_regime,snr_15_30,41,50.82299460111778,144.55876651025812,217.3380182457646,125.00541664723853,0.9383018063316718
noise_augmented,teff,2.5,2028,snr_regime,snr_>=30,24,-64.25682441329984,138.43270433002087,207.1275252701305,95.27943076125726,0.9484039865328373
noise_augmented,teff,2.5,2029,temperature_regime,cool_<4000,26,62.950634036333284,88.46684171471242,127.40795995043658,79.81174666642077,0.537037835188274
noise_augmented,teff,2.5,2029,temperature_regime,mid_4000_6000,55,4.41471338741456,197.56829377515353,253.1831689634452,235.59051638563236,0.8161150445425943
noise_augmented,teff,2.5,2029,temperature_regime,hot_>6000,10,-184.50243568929153,199.8081869547531,271.3972018172904,191.74610757088354,-2.085397281745708
noise_augmented,teff,2.5,2029,gravity_regime,dwarf_>=3.5,88,-15.844133434179883,156.08739551359227,212.6958259523596,157.64874370933225,0.9495796352700326
noise_augmented,teff,2.5,2029,metallicity_regime,intermediate,44,84.30894152022869,186.06298303708155,255.38483114515464,166.07383207661735,0.9023100890207354
noise_augmented,teff,2.5,2029,metallicity_regime,metal_rich_>=-0.5,42,-50.811161156790334,129.44479438539514,164.7176779604235,156.1008758880935,0.9512806327915999
noise_augmented,teff,2.5,2029,snr_regime,snr_<15,26,35.82580099135206,210.66053895255905,267.6844750149136,289.63833031921996,0.9217051765141332
noise_augmented,teff,2.5,2029,snr_regime,snr_15_30,41,18.924667845439295,145.91226780216851,205.35591990840578,153.59888181265376,0.9449172647375863
noise_augmented,teff,2.5,2029,snr_regime,snr_>=30,24,-69.70336846160892,154.37078829616905,213.32376645774858,145.1859927636151,0.945270812488463
noise_augmented,teff,2.5,2030,temperature_regime,cool_<4000,26,78.31369104708156,94.59731473482559,119.94715967196875,69.65071474844673,0.5896709042018401
noise_augmented,teff,2.5,2030,temperature_regime,mid_4000_6000,55,25.777619603012706,161.4368387802587,226.5402088465766,144.94995169516076,0.852779892949316
noise_augmented,teff,2.5,2030,temperature_regime,hot_>6000,10,-219.27258781839927,221.41105816345143,303.0521634338748,150.83619514837085,-2.8471147344948027
noise_augmented,teff,2.5,2030,gravity_regime,dwarf_>=3.5,88,-2.153542229623316,137.52222743456284,195.86905162979915,141.6063546335714,0.9572417728937822
noise_augmented,teff,2.5,2030,metallicity_regime,intermediate,44,84.17217337221098,182.29919200319236,250.60817156423107,185.9605368715253,0.9059302536414399
noise_augmented,teff,2.5,2030,metallicity_regime,metal_rich_>=-0.5,42,-19.56891404578778,93.11953281584223,116.28740511469073,114.27207317517932,0.9757178814384805
noise_augmented,teff,2.5,2030,snr_regime,snr_<15,26,22.631781517615693,160.12645099894218,216.71424270983147,140.01307757984978,0.9486829608872924
noise_augmented,teff,2.5,2030,snr_regime,snr_15_30,41,51.17706691289145,148.02201071142176,209.81281387157972,137.15572806536008,0.9425003686141437
noise_augmented,teff,2.5,2030,snr_regime,snr_>=30,24,-59.395287320030455,138.35319718805914,213.02703267642926,87.84286181910618,0.9454229634099764
noise_augmented,teff,2.5,2031,temperature_regime,cool_<4000,26,77.11971689977405,95.28757339047135,127.59211412074458,86.6234886232448,0.5356985463753187
noise_augmented,teff,2.5,2031,temperature_regime,mid_4000_6000,55,24.14284915882462,176.93599728301058,229.88509319333383,241.1439387916942,0.8484003644798841
noise_augmented,teff,2.5,2031,temperature_regime,hot_>6000,10,-210.22344793904767,210.22344793904767,269.076748343442,181.08188457012213,-2.0328623717045176
noise_augmented,teff,2.5,2031,gravity_regime,dwarf_>=3.5,88,-3.3785645940377034,145.2629851147045,191.1142730950297,181.4180123594281,0.9592925128514292
noise_augmented,teff,2.5,2031,metallicity_regime,intermediate,44,75.31584802847186,181.30003664744964,241.9840464071066,158.58217960668702,0.9122932564410265
noise_augmented,teff,2.5,2031,metallicity_regime,metal_rich_>=-0.5,42,-18.797850861322257,120.00802172100728,154.93975014735233,145.45659105513772,0.9568930874270276
noise_augmented,teff,2.5,2031,snr_regime,snr_<15,26,72.17439430080286,185.61492713537015,231.17785751908835,150.66961733761096,0.941604531056722
noise_augmented,teff,2.5,2031,snr_regime,snr_15_30,41,21.59649642373699,145.34786325296528,196.76793664896846,171.63611129231384,0.9494280491622517
noise_augmented,teff,2.5,2031,snr_regime,snr_>=30,24,-63.80232256062868,146.91419746737984,211.831721991749,127.9247346987589,0.9460337168027605
noise_augmented,teff,2.5,2032,temperature_regime,cool_<4000,26,100.5683505589417,121.2295891297171,192.38195837989906,87.55138124745095,-0.055555466380736496
noise_augmented,teff,2.5,2032,temperature_regime,mid_4000_6000,55,18.838938348943717,182.05187416696245,244.3021211534326,178.902750285375,0.8287892571477039
noise_augmented,teff,2.5,2032,temperature_regime,hot_>6000,10,-218.1902603556312,241.88362670084635,316.74131473299303,268.36665655317427,-3.202520023771565
noise_augmented,teff,2.5,2032,gravity_regime,dwarf_>=3.5,88,-1.0156872982831517,159.37797796758014,223.9475633582336,155.75414227691783,0.9441039998263316
noise_augmented,teff,2.5,2032,metallicity_regime,intermediate,44,95.39214290942591,173.67404574839284,245.0215883397546,144.57782407968983,0.9100775318110448
noise_augmented,teff,2.5,2032,metallicity_regime,metal_rich_>=-0.5,42,-25.482301736498314,147.2082676633803,204.00060425567236,160.51292096753457,0.9252718684258315
noise_augmented,teff,2.5,2032,snr_regime,snr_<15,26,69.5827652767867,226.8925969942535,311.6379990817871,162.09465299617634,0.8938823812886382
noise_augmented,teff,2.5,2032,snr_regime,snr_15_30,41,23.011933816305252,150.26176011719738,204.32245925403092,150.95451864553792,0.9454702811691742
noise_augmented,teff,2.5,2032,snr_regime,snr_>=30,24,-53.484377645703866,146.82162403784835,205.284067047886,160.34976773292468,0.9493183201311939
noise_augmented,teff,2.5,2033,temperature_regime,cool_<4000,26,61.80954170774812,81.2068952374582,102.39394936818093,78.03581600439844,0.7009794990033298
noise_augmented,teff,2.5,2033,temperature_regime,mid_4000_6000,55,27.00344125162764,198.85413746485824,270.69009736028676,221.811739548095,0.7898055364491087
noise_augmented,teff,2.5,2033,temperature_regime,hot_>6000,10,-254.42135974527946,260.8865335001622,339.24159995179224,149.28554239973022,-3.8207939228556134
noise_augmented,teff,2.5,2033,gravity_regime,dwarf_>=3.5,88,-11.561002276449347,160.1344342684889,227.80150118457624,183.30987956941374,0.942163605417164
noise_augmented,teff,2.5,2033,metallicity_regime,intermediate,44,78.16083527605475,196.84607215673242,280.0170185281549,203.032915408008,0.8825566660057854
noise_augmented,teff,2.5,2033,metallicity_regime,metal_rich_>=-0.5,42,-29.77300351484996,127.50971781218993,170.37353738563067,142.20080379281362,0.9478774688938463
noise_augmented,teff,2.5,2033,snr_regime,snr_<15,26,43.65174118980968,218.3478278722514,281.8940399134438,167.3913810253262,0.9131722656799993
noise_augmented,teff,2.5,2033,snr_regime,snr_15_30,41,21.3204574763602,148.61512641522168,224.49746288078867,145.09890879043675,0.9341699903849998
noise_augmented,teff,2.5,2033,snr_regime,snr_>=30,24,-60.87751131990181,161.9566026683381,234.61264358988473,117.23744482099848,0.9338022328333583
noise_augmented,teff,2.5,2034,temperature_regime,cool_<4000,26,88.17671514657829,110.46362715735827,160.36707595018942,85.5506277574338,0.2665292530385758
noise_augmented,teff,2.5,2034,temperature_regime,mid_4000_6000,55,16.7782547224567,162.69488687207763,223.1830273071264,176.83386044083062,0.85711097777456
noise_augmented,teff,2.5,2034,temperature_regime,hot_>6000,10,-212.570536376953,222.93287941487543,292.7731389510064,221.18204867888483,-2.5905652160377572
noise_augmented,teff,2.5,2034,gravity_regime,dwarf_>=3.5,88,-5.395492096062681,141.87619697697951,197.2786954646468,148.94430869402171,0.9566241075475447
noise_augmented,teff,2.5,2034,metallicity_regime,intermediate,44,54.92042233669394,172.98349249753085,245.2218486332653,136.68334919429049,0.9099304814300921
noise_augmented,teff,2.5,2034,metallicity_regime,metal_rich_>=-0.5,42,-1.8972810203913792,123.60020638408356,167.44955918275272,136.14450891425835,0.9496511873512998
noise_augmented,teff,2.5,2034,snr_regime,snr_<15,26,40.93924728823981,217.97448375095462,283.6781659754695,164.21601603540702,0.9120697106439191
noise_augmented,teff,2.5,2034,snr_regime,snr_15_30,41,33.34294636597672,124.47914525722112,183.2518341322044,116.17394546175417,0.9561370633888703
noise_augmented,teff,2.5,2034,snr_regime,snr_>=30,24,-55.907832946777354,136.6091810472272,182.1479155239299,121.08293406908602,0.9600985272173573
noise_augmented,teff,2.5,2035,temperature_regime,cool_<4000,26,87.98688148889785,114.9557875260571,196.06468105683393,99.95983757105388,-0.09635477099760537
noise_augmented,teff,2.5,2035,temperature_regime,mid_4000_6000,55,44.66246755352619,182.67738365866919,252.37793883766756,198.10439921190806,0.8172828492122841
noise_augmented,teff,2.5,2035,temperature_regime,hot_>6000,10,-260.305055786134,260.305055786134,347.58076318410735,167.99357113048563,-4.060714370815359
noise_augmented,teff,2.5,2035,gravity_regime,dwarf_>=3.5,88,8.93209953308106,162.3197479248048,240.70583718793142,167.49740894474073,0.9354254641935522
noise_augmented,teff,2.5,2035,metallicity_regime,intermediate,44,94.73130831354297,194.9254802246096,272.94504185008975,186.9683699427407,0.8884139417745617
noise_augmented,teff,2.5,2035,metallicity_regime,metal_rich_>=-0.5,42,-9.460438782222365,129.3485939103382,197.880303136581,124.18960884093279,0.9296885021089445
noise_augmented,teff,2.5,2035,snr_regime,snr_<15,26,49.387788657164386,258.6646181437177,343.9252478466524,236.88289524180527,0.8707546880252731
noise_augmented,teff,2.5,2035,snr_regime,snr_15_30,41,51.12448449632589,145.4521994244336,219.7737773364925,169.54484637988884,0.9369111241113364
noise_augmented,teff,2.5,2035,snr_regime,snr_>=30,24,-51.63092888090381,122.93070360946655,165.21242739259503,98.61828592045029,0.9671733972877904
noise_augmented,teff,3.0,2026,temperature_regime,cool_<4000,26,89.65033998733936,117.69220247513226,142.76153392825228,123.67606315359549,0.4187341777148358
noise_augmented,teff,3.0,2026,temperature_regime,mid_4000_6000,55,27.129466439727054,225.40160622355148,301.9876221662689,225.64979214040036,0.7383897106727004
noise_augmented,teff,3.0,2026,temperature_regime,hot_>6000,10,-311.3506922383625,311.3506922383625,370.8626200292778,196.59172469563725,-4.761379534108421
noise_augmented,teff,3.0,2026,gravity_regime,dwarf_>=3.5,88,-12.603572192105146,190.36313187107908,256.5742156157621,208.993850997133,0.9266307519054142
noise_augmented,teff,3.0,2026,metallicity_regime,intermediate,44,74.55342384477098,236.5001352978334,313.91437865747986,232.2668873914951,0.8524015031165368
noise_augmented,teff,3.0,2026,metallicity_regime,metal_rich_>=-0.5,42,-7.874932554698879,141.059658703032,182.4860971336586,184.3888816107451,0.9402028091808858
noise_augmented,teff,3.0,2026,snr_regime,snr_<15,26,92.51691933147771,251.6697826534176,309.00697225244915,213.4443997885677,0.8956666292081442
noise_augmented,teff,3.0,2026,snr_regime,snr_15_30,41,5.4571937881099455,189.8244290116474,269.97996319929945,171.95428296227635,0.9047940454683568
noise_augmented,teff,3.0,2026,snr_regime,snr_>=30,24,-79.98592818578093,176.84902460691652,245.8003473213336,144.24536511607948,0.9273383092354373
noise_augmented,teff,3.0,2027,temperature_regime,cool_<4000,26,107.01194635322756,126.5399171377327,200.38218652059987,105.9526212267393,-0.14517167839756762
noise_augmented,teff,3.0,2027,temperature_regime,mid_4000_6000,55,-13.693546250407184,206.08599091741394,274.40839826223976,192.0041109488761,0.7839912549882562
noise_augmented,teff,3.0,2027,temperature_regime,hot_>6000,10,-239.05013044433628,239.05013044433628,308.2922194092052,100.46889458675045,-2.9813053712469273
noise_augmented,teff,3.0,2027,gravity_regime,dwarf_>=3.5,88,-21.503201914122805,175.95821164853652,246.06381876326432,157.26162615483946,0.9325186801871448
noise_augmented,teff,3.0,2027,metallicity_regime,intermediate,44,44.929996496720285,225.2957237472536,306.30557463503493,198.65087724827316,0.8594699117626823
noise_augmented,teff,3.0,2027,metallicity_regime,metal_rich_>=-0.5,42,-13.40925185430617,126.83785225229391,167.65230094481566,145.9813333782769,0.9495291925647803
noise_augmented,teff,3.0,2027,snr_regime,snr_<15,26,16.517651664929225,271.6908151601158,340.4559120584629,302.82652997488753,0.8733490529430541
noise_augmented,teff,3.0,2027,snr_regime,snr_15_30,41,20.718424254378334,168.70154883904192,240.56559933557568,168.13171551948545,0.9244093479789229
noise_augmented,teff,3.0,2027,snr_regime,snr_>=30,24,-68.34375336456304,126.43933141326876,176.71866998114703,87.36836826279385,0.9624417469762658
noise_augmented,teff,3.0,2028,temperature_regime,cool_<4000,26,132.76549893423257,150.83331591562134,223.9923652466794,151.99566878708066,-0.43093138016024857
noise_augmented,teff,3.0,2028,temperature_regime,mid_4000_6000,55,37.08660291785023,198.78729197221222,271.01834134800265,193.02818145667814,0.7892954557187468
noise_augmented,teff,3.0,2028,temperature_regime,hot_>6000,10,-207.66443603108783,207.66443603108783,267.89145477282773,147.86866573619037,-2.006201468422109
noise_augmented,teff,3.0,2028,gravity_regime,dwarf_>=3.5,88,21.30408430573427,174.90169635264078,243.2117637455245,195.59705645606965,0.9340739276097667
noise_augmented,teff,3.0,2028,metallicity_regime,intermediate,44,111.73444457360432,199.70036125876683,278.77782048711623,223.72901951657943,0.8835938423951641
noise_augmented,teff,3.0,2028,metallicity_regime,metal_rich_>=-0.5,42,-2.116696453760347,160.29531427341047,220.84403382613456,164.49756368928396,0.9124224970183168
noise_augmented,teff,3.0,2028,snr_regime,snr_<15,26,115.30769514856603,263.26101210021966,313.29922026824084,185.7448197705314,0.8927480222567336
noise_augmented,teff,3.0,2028,snr_regime,snr_15_30,41,53.240394815832246,160.18055522168177,242.75728513967027,140.03757297355924,0.9230257284049013
noise_augmented,teff,3.0,2028,snr_regime,snr_>=30,24,-73.57643703545449,146.64260641225164,213.47381235143283,88.5596177790938,0.9451937954922556
noise_augmented,teff,3.0,2029,temperature_regime,cool_<4000,26,90.22974384875177,114.73170559066354,161.58734831314848,84.67452605049064,0.25532446747999904
noise_augmented,teff,3.0,2029,temperature_regime,mid_4000_6000,55,1.9473259693495657,218.31305140917203,281.7275417874696,250.30315236825476,0.77231461845746
noise_augmented,teff,3.0,2029,temperature_regime,hot_>6000,10,-198.26651867268902,205.12735007324136,279.74261108327806,156.25591681793682,-2.2780653688116
noise_augmented,teff,3.0,2029,gravity_regime,dwarf_>=3.5,88,-12.53943487837799,175.76857184820435,237.95785206391892,184.2501791880848,0.9368914606135039
noise_augmented,teff,3.0,2029,metallicity_regime,intermediate,44,86.03031477471554,204.64788562034812,280.2011921980606,197.4288801155438,0.882402124805346
noise_augmented,teff,3.0,2029,metallicity_regime,metal_rich_>=-0.5,42,-39.96845124259802,152.39906881084102,198.04381751646991,179.73641349485277,0.929572253134928
noise_augmented,teff,3.0,2029,snr_regime,snr_<15,26,70.25382487487816,261.55954170853056,322.9623133457097,338.0833283680748,0.8860300452652301
noise_augmented,teff,3.0,2029,snr_regime,snr_15_30,41,11.273385621854064,154.54501202417364,217.5484314611126,136.92377951524415,0.9381822837588982
noise_augmented,teff,3.0,2029,snr_regime,snr_>=30,24,-75.76654898283196,162.69258734088382,221.21471375787536,143.2195847257454,0.941147009596609
noise_augmented,teff,3.0,2030,temperature_regime,cool_<4000,26,106.24093024894523,118.34375098164875,165.94358446728816,84.49092396368349,0.21463180431774886
noise_augmented,teff,3.0,2030,temperature_regime,mid_4000_6000,55,29.206018863008037,180.36529291640784,243.87042524773892,154.98972868408194,0.8293938010123012
noise_augmented,teff,3.0,2030,temperature_regime,hot_>6000,10,-256.3895072723393,256.3895072723393,339.5217016489271,82.75114023557859,-3.828757981602985
noise_augmented,teff,3.0,2030,gravity_regime,dwarf_>=3.5,88,3.9608123215187034,160.2815345650876,223.64112625146774,161.42876583790803,0.9442568649828844
noise_augmented,teff,3.0,2030,metallicity_regime,intermediate,44,83.68645286929998,207.77608842560767,279.1490383083297,225.40214085583676,0.8832836253880036
noise_augmented,teff,3.0,2030,metallicity_regime,metal_rich_>=-0.5,42,-2.411653195577639,110.5371780262295,137.4889567072146,128.4289488244187,0.9660564822162052
noise_augmented,teff,3.0,2030,snr_regime,snr_<15,26,51.081694422403906,197.90102083607235,256.61695458012406,207.8290957090337,0.928045596930716
noise_augmented,teff,3.0,2030,snr_regime,snr_15_30,41,52.37517802838626,168.14900176034328,235.61042546966004,178.14000437623181,0.9274913113059142
noise_augmented,teff,3.0,2030,snr_regime,snr_>=30,24,-69.61692512215473,146.72450394736384,219.04719124721174,82.89903540714832,0.9422946748673675
noise_augmented,teff,3.0,2031,temperature_regime,cool_<4000,26,108.65219665370812,130.2213321314103,185.19707432502952,102.94587609138443,0.02181585430513755
noise_augmented,teff,3.0,2031,temperature_regime,mid_4000_6000,55,18.468665331291554,190.94032777580466,242.39211622455048,258.8163190283169,0.8314559145787216
noise_augmented,teff,3.0,2031,temperature_regime,hot_>6000,10,-223.06093078104723,223.06093078104723,280.3809211132372,155.23166703292995,-2.2930420590985636
noise_augmented,teff,3.0,2031,gravity_regime,dwarf_>=3.5,88,0.9652413777437335,165.8283956105781,214.87476339827404,205.45290018476416,0.9485412927577237
noise_augmented,teff,3.0,2031,metallicity_regime,intermediate,44,74.01533612915945,192.75262153602336,253.98396373585783,207.7540754914674,0.903378870414096
noise_augmented,teff,3.0,2031,metallicity_regime,metal_rich_>=-0.5,42,-8.786502992902493,151.4154608985055,196.80610105086464,171.45753306945213,0.9304498083215287
noise_augmented,teff,3.0,2031,snr_regime,snr_<15,26,96.6868566350694,218.05449459878037,266.2334009196193,209.35994913280015,0.9225517228456216
noise_augmented,teff,3.0,2031,snr_regime,snr_15_30,41,19.428759879011288,164.73758563108342,216.1297333584183,194.9641957797929,0.9389859182879349
noise_augmented,teff,3.0,2031,snr_regime,snr_>=30,24,-70.84637621434554,153.93433751890367,219.0193788300621,131.9693222079401,0.9423093276248541
noise_augmented,teff,3.0,2032,temperature_regime,cool_<4000,26,118.19665488805569,136.4329083905344,205.48176449300016,87.8796429270871,-0.20420090480815434
noise_augmented,teff,3.0,2032,temperature_regime,mid_4000_6000,55,19.362964112992433,194.13278817933968,256.637112399442,199.77757071318493,0.811063678209082
noise_augmented,teff,3.0,2032,temperature_regime,hot_>6000,10,-250.12351919555687,254.9497148335774,335.54451658067063,262.63398662470604,-3.716291648094158
noise_augmented,teff,3.0,2032,gravity_regime,dwarf_>=3.5,88,3.5596961679169525,175.57350588388158,242.4743475107857,172.74076186571492,0.9344730962620996
noise_augmented,teff,3.0,2032,metallicity_regime,intermediate,44,92.15574086784565,188.91934869153556,257.4555395869018,184.87917517903185,0.9007194901246467
noise_augmented,teff,3.0,2032,metallicity_regime,metal_rich_>=-0.5,42,-14.01577667478524,157.91084898642904,217.5314134273953,168.09495164244404,0.915030085835929
noise_augmented,teff,3.0,2032,snr_regime,snr_<15,26,86.57969038156358,251.95262143452985,330.64157676228155,225.1056729860314,0.8805457494137091
noise_augmented,teff,3.0,2032,snr_regime,snr_15_30,41,18.426255660390414,161.9481055754374,217.371674223077,173.3255062569115,0.9382826962486522
noise_augmented,teff,3.0,2032,snr_regime,snr_>=30,24,-57.071148777008204,149.30898460261002,210.79688941758627,156.7526178156119,0.9465596971295237
noise_augmented,teff,3.0,2033,temperature_regime,cool_<4000,26,87.86474114677247,104.55143572998077,139.25185825807242,101.46799190982358,0.4469627617348968
noise_augmented,teff,3.0,2033,temperature_regime,mid_4000_6000,55,24.713704039232578,223.44111897435047,298.2666528908593,263.62377402846715,0.7447969047900433
noise_augmented,teff,3.0,2033,temperature_regime,hot_>6000,10,-281.20744332071854,284.4510629252104,363.9329636662682,163.25635656760346,-4.54808555442163
noise_augmented,teff,3.0,2033,gravity_regime,dwarf_>=3.5,88,-8.564189700386583,184.84998010704737,256.51678208996316,209.19235555613528,0.9266635952911966
noise_augmented,teff,3.0,2033,metallicity_regime,intermediate,44,79.77963263378723,225.07235816377562,310.6980900674868,221.43355103745898,0.8554105238261762
noise_augmented,teff,3.0,2033,metallicity_regime,metal_rich_>=-0.5,42,-21.725598702566998,147.208562166729,195.3544647103787,177.71652227271656,0.9314720250136299
noise_augmented,teff,3.0,2033,snr_regime,snr_<15,26,66.74379593130253,253.28074796314726,314.44847509280515,171.3073400669617,0.8919597283966598
noise_augmented,teff,3.0,2033,snr_regime,snr_15_30,41,17.987898718857263,173.4165201272113,254.19670555117463,179.2099982018513,0.9156003045730824
noise_augmented,teff,3.0,2033,snr_regime,snr_>=30,24,-68.38249928834678,173.19719706514115,250.12716709923848,137.92944666084546,0.9247576686390154
noise_augmented,teff,3.0,2034,temperature_regime,cool_<4000,26,115.18117735134052,137.250048402053,216.48425201139278,122.55270608161973,-0.33661088998218647
noise_augmented,teff,3.0,2034,temperature_regime,mid_4000_6000,55,23.37686435750339,166.885530936871,224.72545091886604,207.69235264428033,0.8551291336931583
noise_augmented,teff,3.0,2034,temperature_regime,hot_>6000,10,-230.93066151631712,243.64506930440285,317.4252730616035,224.11009983923284,-3.22068912147585
noise_augmented,teff,3.0,2034,gravity_regime,dwarf_>=3.5,88,4.922012706756747,155.0643379043811,218.01158855318997,176.57647579316117,0.9470278978992474
noise_augmented,teff,3.0,2034,metallicity_regime,intermediate,44,59.18844888259426,186.02013534268463,258.2281915572615,187.66689852235945,0.9001226928047706
noise_augmented,teff,3.0,2034,metallicity_regime,metal_rich_>=-0.5,42,15.940539952596216,135.62160249377064,196.5147557763955,148.4422284376349,0.930655575532485
noise_augmented,teff,3.0,2034,snr_regime,snr_<15,26,69.55309295615227,244.12265079400493,321.78540915684295,184.65820923907853,0.8868591656763816
noise_augmented,teff,3.0,2034,snr_regime,snr_15_30,41,37.37259380706548,135.46805159505212,193.04200207274903,117.94037721459553,0.9513251445871282
noise_augmented,teff,3.0,2034,snr_regime,snr_>=30,24,-57.06355113813644,136.76154654100193,180.69396619074067,113.98759917198805,0.9607329915286164
noise_augmented,teff,3.0,2035,temperature_regime,cool_<4000,26,115.28852863683454,140.682548159477,210.09095376214586,139.99048407489954,-0.2588299924605011
noise_augmented,teff,3.0,2035,temperature_regime,mid_4000_6000,55,61.97644368267665,205.1447908610024,290.52137544269175,231.74153203141515,0.7578788548417119
noise_augmented,teff,3.0,2035,temperature_regime,hot_>6000,10,-297.9917119201664,297.9917119201664,373.21140875017784,186.2032296113712,-4.834587857389137
noise_augmented,teff,3.0,2035,gravity_regime,dwarf_>=3.5,88,24.042263899485416,188.75064845403028,273.99524464182264,183.1804514051887,0.9163291656988406
noise_augmented,teff,3.0,2035,metallicity_regime,intermediate,44,105.1514635257145,228.3314483839092,314.143900842401,263.12083895146844,0.8521855874616295
noise_augmented,teff,3.0,2035,metallicity_regime,metal_rich_>=-0.5,42,14.008844112335911,144.8880076158309,219.0040693478044,139.34607695585757,0.9138757237510298
noise_augmented,teff,3.0,2035,snr_regime,snr_<15,26,113.58409740937074,314.8111208351331,401.7080817373089,326.35398141303864,0.8236774655928413
noise_augmented,teff,3.0,2035,snr_regime,snr_15_30,41,46.412752811835205,161.28856676675443,236.12735735914214,176.09462429290937,0.9271727925358181
noise_augmented,teff,3.0,2035,snr_regime,snr_>=30,24,-59.57584875106801,130.11277039803355,170.90477037597847,104.11468371240348,0.9648723671393588
source_only,feh,1.25,2026,temperature_regime,cool_<4000,26,0.049484391516475545,0.16543574310743864,0.20187618478582123,0.18727703046834213,0.4197029225643619
source_only,feh,1.25,2026,temperature_regime,mid_4000_6000,55,-0.028457396427106183,0.1927124169685411,0.25082789656643384,0.2224084716544157,0.4454178495195297
source_only,feh,1.25,2026,temperature_regime,hot_>6000,10,0.1752540136729513,0.382488531185849,0.4682436237451404,0.486276923088629,0.36682373074458174
source_only,feh,1.25,2026,gravity_regime,dwarf_>=3.5,88,0.016346012484934704,0.2061403874308116,0.2727292618314335,0.23167574161177892,0.6667690319301071
source_only,feh,1.25,2026,metallicity_regime,intermediate,44,0.0664906961835645,0.21515426636457474,0.27816768597403474,0.2244629753130955,-0.36285020915369715
source_only,feh,1.25,2026,metallicity_regime,metal_rich_>=-0.5,42,-0.09959227102571078,0.15541303767167416,0.19049587908248508,0.17877866089613648,0.05662380824243751
source_only,feh,1.25,2026,snr_regime,snr_<15,26,0.028596130819185123,0.1945427095751796,0.23956187255854433,0.24023129070885607,0.7444499407688973
source_only,feh,1.25,2026,snr_regime,snr_15_30,41,0.030803035835638957,0.1898655464006705,0.2503515734398731,0.2082634881171001,0.6349907525566846
source_only,feh,1.25,2026,snr_regime,snr_>=30,24,-0.02218526491220722,0.24511665477247893,0.3323264036166076,0.2412377955132061,0.6652437174433516
source_only,feh,1.25,2027,temperature_regime,cool_<4000,26,0.053193192994946514,0.16033984072703283,0.19842933554298342,0.17808635500735573,0.4393498243580328
source_only,feh,1.25,2027,temperature_regime,mid_4000_6000,55,-0.01777546163580749,0.19056086449352944,0.24790446354681608,0.21733503435921978,0.45826997364274713
source_only,feh,1.25,2027,temperature_regime,hot_>6000,10,0.1680507022337124,0.3792955876324631,0.4531948731925841,0.5188081709381828,0.4068686739013484
source_only,feh,1.25,2027,gravity_regime,dwarf_>=3.5,88,0.024591464420394494,0.20163445812753153,0.2664014043391773,0.2411381797509483,0.6820528762822671
source_only,feh,1.25,2027,metallicity_regime,intermediate,44,0.07261832678039494,0.2180230589414733,0.27570332111203444,0.2180903566384797,-0.33880943715108636
source_only,feh,1.25,2027,metallicity_regime,metal_rich_>=-0.5,42,-0.0899808065260453,0.14713708435604603,0.18427427093261936,0.16725153245499694,0.11723898677466515
source_only,feh,1.25,2027,snr_regime,snr_<15,26,0.037825805041076625,0.19031356397046176,0.24093466201222272,0.207040959897351,0.7415127322334352
source_only,feh,1.25,2027,snr_regime,snr_15_30,41,0.04572441334382348,0.18481008363061693,0.2429514263319541,0.20535682565173588,0.6562504620851402
source_only,feh,1.25,2027,snr_regime,snr_>=30,24,-0.03217884283035137,0.24655304959517932,0.3245747805835478,0.2469562761293103,0.6806781877737411
source_only,feh,1.25,2028,temperature_regime,cool_<4000,26,0.03994774908334918,0.16174708125417883,0.1993554628317988,0.17776958917485633,0.43410417726402506
source_only,feh,1.25,2028,temperature_regime,mid_4000_6000,55,-0.03799926085182705,0.19419123317028053,0.24782558923241596,0.22307587142641325,0.4586146369574423
source_only,feh,1.25,2028,temperature_regime,hot_>6000,10,0.17064565784022417,0.3888726066373607,0.494990885624042,0.5829491432837509,0.2924204220954385
source_only,feh,1.25,2028,gravity_regime,dwarf_>=3.5,88,0.008757250601782302,0.20613370545718898,0.2754591368623371,0.22643817195602425,0.6600647157567106
source_only,feh,1.25,2028,metallicity_regime,intermediate,44,0.051807111405863984,0.2182066326321733,0.2770239337880026,0.24357616632856546,-0.35166588852022307
source_only,feh,1.25,2028,metallicity_regime,metal_rich_>=-0.5,42,-0.10480691734702352,0.15228713888324416,0.18652667063278072,0.1498750527709742,0.09552697677386235
source_only,feh,1.25,2028,snr_regime,snr_<15,26,0.005181330808153388,0.18615462135461275,0.24422826940828277,0.18941978661027603,0.7343973206183818
source_only,feh,1.25,2028,snr_regime,snr_15_30,41,0.028377734969096367,0.1957908338518601,0.25589875698249853,0.202772625843878,0.6186361094097277
source_only,feh,1.25,2028,snr_regime,snr_>=30,24,-0.026794292792754446,0.24613431917506204,0.33076592721404,0.23878015098482458,0.6683801088237974
source_only,feh,1.25,2029,temperature_regime,cool_<4000,26,0.049114355979351106,0.1599512650947226,0.20842556525299463,0.18197673429510705,0.3814395015904959
source_only,feh,1.25,2029,temperature_regime,mid_4000_6000,55,-0.030508475439347368,0.20369380678073581,0.26056033926024336,0.2523566832196006,0.40154591313036214
source_only,feh,1.25,2029,temperature_regime,hot_>6000,10,0.12334794517722063,0.37379026911590796,0.46580765019883313,0.4888701104090279,0.37339462033976756
source_only,feh,1.25,2029,gravity_regime,dwarf_>=3.5,88,0.00918482150697859,0.20938288158305235,0.27844185397478477,0.23716250987150725,0.6526631076181858
source_only,feh,1.25,2029,metallicity_regime,intermediate,44,0.05719030425266705,0.23907165709792677,0.29955994085267373,0.2648396234634546,-0.5805281748067983
source_only,feh,1.25,2029,metallicity_regime,metal_rich_>=-0.5,42,-0.09927566429789915,0.1451178803044742,0.18333272465427913,0.14397721624556103,0.12623684570077798
source_only,feh,1.25,2029,snr_regime,snr_<15,26,0.009960631369082392,0.1828882961748733,0.23931599303445628,0.18921005105914923,0.744974250255076
source_only,feh,1.25,2029,snr_regime,snr_15_30,41,0.035019491602964054,0.20326787335501784,0.25985414845573146,0.23516718455906438,0.6067556188638374
source_only,feh,1.25,2029,snr_regime,snr_>=30,24,-0.0359287088852683,0.2504465186858292,0.34008057803032404,0.23093302429261536,0.6494397247440411
source_only,feh,1.25,2030,temperature_regime,cool_<4000,26,0.04467530416614407,0.15816234782840446,0.1930287462663419,0.17807513518760515,0.46945260540393485
source_only,feh,1.25,2030,temperature_regime,mid_4000_6000,55,-0.03534600405879306,0.20634329043416114,0.26837528548019696,0.2368031991081341,0.3651088783412082
source_only,feh,1.25,2030,temperature_regime,hot_>6000,10,0.1583541880449065,0.3802807354008562,0.4697830313262657,0.5623870317722824,0.3626535998616379
source_only,feh,1.25,2030,gravity_regime,dwarf_>=3.5,88,0.010842322794367537,0.20976022358908528,0.27854202248620796,0.22324460534692758,0.6524131561316051
source_only,feh,1.25,2030,metallicity_regime,intermediate,44,0.05030795410619074,0.23365018102921303,0.29638955816883006,0.24395327357526853,-0.5472502745242043
source_only,feh,1.25,2030,metallicity_regime,metal_rich_>=-0.5,42,-0.09760962602240691,0.1499089887699209,0.18638555307116775,0.15985580673804609,0.09689502505324432
source_only,feh,1.25,2030,snr_regime,snr_<15,26,0.01669954104807323,0.18963084095502328,0.24364556768445633,0.17798524931740559,0.735663206101974
source_only,feh,1.25,2030,snr_regime,snr_15_30,41,0.032606744541763426,0.19845822291004472,0.25060266719111624,0.226060808688766,0.63425820271454
source_only,feh,1.25,2030,snr_regime,snr_>=30,24,-0.04041645949695882,0.258196681970146,0.35465962840283494,0.2521761158364057,0.618738852752982
source_only,feh,1.25,2031,temperature_regime,cool_<4000,26,0.04237402714251053,0.16020216915440594,0.19744836174173527,0.17623746501675933,0.4448794871820031
source_only,feh,1.25,2031,temperature_regime,mid_4000_6000,55,-0.03106275728796994,0.19490250152464056,0.25354782315611324,0.2295326896584781,0.43332508573702166
source_only,feh,1.25,2031,temperature_regime,hot_>6000,10,0.16036891928687708,0.39208495125422893,0.4758512056484466,0.558582645750295,0.34608208840793475
source_only,feh,1.25,2031,gravity_regime,dwarf_>=3.5,88,0.012985413992867371,0.2049815204332384,0.2737258092162937,0.23413937337753649,0.6643293439018959
source_only,feh,1.25,2031,metallicity_regime,intermediate,44,0.06060584345940024,0.2237510185642497,0.28657838531170166,0.24368883566050697,-0.4465106399131522
source_only,feh,1.25,2031,metallicity_regime,metal_rich_>=-0.5,42,-0.10397207537003575,0.1491325327743213,0.18700885574178355,0.16395091011900964,0.09084467448096933
source_only,feh,1.25,2031,snr_regime,snr_<15,26,0.017095495020254543,0.1935307115098944,0.2563901361142883,0.21591226430066238,0.7072861893637328
source_only,feh,1.25,2031,snr_regime,snr_15_30,41,0.03220629808794124,0.19208567290502362,0.25151167953529774,0.20821563695024503,0.6316000763179579
source_only,feh,1.25,2031,snr_regime,snr_>=30,24,-0.031999118516521284,0.24576801691870206,0.32345896159844556,0.23298496008375247,0.6828699347040048
source_only,feh,1.25,2032,temperature_regime,cool_<4000,26,0.043805147366214596,0.157120198782545,0.20059776921093814,0.16435991249521206,0.4270293126699791
source_only,feh,1.25,2032,temperature_regime,mid_4000_6000,55,-0.03658105824813944,0.20293372044840988,0.26175072146258543,0.22520285575429144,0.39606529096393694
source_only,feh,1.25,2032,temperature_regime,hot_>6000,10,0.15588715190906088,0.3675990385006494,0.4543295156182321,0.495571204657458,0.40389496667118074
source_only,feh,1.25,2032,gravity_regime,dwarf_>=3.5,88,0.007649259227400802,0.2093240016568415,0.2774085008387682,0.23455113635864036,0.6552363964180783
source_only,feh,1.25,2032,metallicity_regime,intermediate,44,0.0531651418136802,0.22704079299364965,0.2927105098974979,0.21855426572543324,-0.5090770076328506
source_only,feh,1.25,2032,metallicity_regime,metal_rich_>=-0.5,42,-0.10168690583061812,0.15036296033919225,0.18637567167762117,0.17144636856938006,0.09699078031934871
source_only,feh,1.25,2032,snr_regime,snr_<15,26,0.016033708308777525,0.17964836989936156,0.22866823020847854,0.21955536107874088,0.7671628639366879
source_only,feh,1.25,2032,snr_regime,snr_15_30,41,0.02606356359123577,0.20227538558266442,0.2646450128552493,0.23323467988286967,0.5921216578492269
source_only,feh,1.25,2032,snr_regime,snr_>=30,24,-0.03331814067934845,0.2482634063226069,0.3321385218683012,0.24859327444075838,0.6656221214227711
source_only,feh,1.25,2033,temperature_regime,cool_<4000,26,0.04849732621670742,0.16062864395216161,0.20523576127354942,0.16892023941462203,0.4002278723680719
source_only,feh,1.25,2033,temperature_regime,mid_4000_6000,55,-0.03456471889674403,0.19897288941576013,0.2564366278084557,0.22994011882480597,0.4203386693123633
source_only,feh,1.25,2033,temperature_regime,hot_>6000,10,0.16836627661949485,0.3550245003888667,0.4449104463250819,0.5017933981937339,0.4283554185462186
source_only,feh,1.25,2033,gravity_regime,dwarf_>=3.5,88,0.012871909226819174,0.204718003322407,0.2721316343690642,0.2466765735640963,0.6682278396981833
source_only,feh,1.25,2033,metallicity_regime,intermediate,44,0.06210595541927036,0.2212458341889967,0.281195845176676,0.2374636835990845,-0.3926839437600733
source_only,feh,1.25,2033,metallicity_regime,metal_rich_>=-0.5,42,-0.10228278018887395,0.15067936957625225,0.18971590566390448,0.17539668438666461,0.06433318228531137
source_only,feh,1.25,2033,snr_regime,snr_<15,26,0.01837818724248192,0.17504831062388496,0.21756381169523378,0.22788650804817287,0.7892275199381682
source_only,feh,1.25,2033,snr_regime,snr_15_30,41,0.03508747092272911,0.20091259984231274,0.26220008621912255,0.2146894756390159,0.5996232248621676
source_only,feh,1.25,2033,snr_regime,snr_>=30,24,-0.03637022781783349,0.2450594164481603,0.33178902856609066,0.2078029077658245,0.6663254505263134
source_only,feh,1.25,2034,temperature_regime,cool_<4000,26,0.044358530479239024,0.16504923136068012,0.20608657670082006,0.1880113284339802,0.39524479238472376
source_only,feh,1.25,2034,temperature_regime,mid_4000_6000,55,-0.023872289558592705,0.20238258849433308,0.26014059010871166,0.24329509152091391,0.4034725168518758
source_only,feh,1.25,2034,temperature_regime,hot_>6000,10,0.1526105505527937,0.359880444874179,0.448110878060322,0.509683845272543,0.42010166906387436
source_only,feh,1.25,2034,gravity_regime,dwarf_>=3.5,88,0.014942337194793336,0.20962155646006472,0.2756704604731302,0.2269380977162618,0.659542940310676
source_only,feh,1.25,2034,metallicity_regime,intermediate,44,0.06791173805556963,0.2279543631089496,0.2869419295254632,0.23510151939893673,-0.4501829624021234
source_only,feh,1.25,2034,metallicity_regime,metal_rich_>=-0.5,42,-0.09962190665034223,0.1530638066042655,0.1890359512978887,0.1805897163356345,0.07102814678938352
source_only,feh,1.25,2034,snr_regime,snr_<15,26,0.018322365586243457,0.18115202618828646,0.2316717095390148,0.1777480362633525,0.7610062220634615
source_only,feh,1.25,2034,snr_regime,snr_15_30,41,0.04149161914313553,0.19905350582132703,0.2575796946675652,0.2172914566764785,0.6136094778503456
source_only,feh,1.25,2034,snr_regime,snr_>=30,24,-0.03379527157688892,0.2562491838224141,0.33656435675769447,0.25793580003483113,0.656651398523044
source_only,feh,1.25,2035,temperature_regime,cool_<4000,26,0.04582799880449021,0.16602489286564734,0.2067835564774065,0.18241170696788947,0.3911473406122936
source_only,feh,1.25,2035,temperature_regime,mid_4000_6000,55,-0.027131205177642736,0.19437344176584467,0.258861617579802,0.23252987873785946,0.4093237127246935
source_only,feh,1.25,2035,temperature_regime,hot_>6000,10,0.19672250464806956,0.37223941947395633,0.44374032462290197,0.48200519110420753,0.4313583335621318
source_only,feh,1.25,2035,gravity_regime,dwarf_>=3.5,88,0.019088050913963376,0.20663223745696824,0.2743951863212755,0.2211255402327496,0.6626856188566799
source_only,feh,1.25,2035,metallicity_regime,intermediate,44,0.07232725888120604,0.219948978296838,0.2851443155384796,0.20774328518187057,-0.43206986534315805
source_only,feh,1.25,2035,metallicity_regime,metal_rich_>=-0.5,42,-0.10116272711842467,0.15044889958283608,0.18723268961881856,0.17735866133942121,0.08866700704824226
source_only,feh,1.25,2035,snr_regime,snr_<15,26,0.03475780903232882,0.1809596552948679,0.2290169075436054,0.19464815020287762,0.7664522542623247
source_only,feh,1.25,2035,snr_regime,snr_15_30,41,0.03750604620394145,0.19663299620927918,0.2612876310030676,0.20866242483653427,0.6024049951952744
source_only,feh,1.25,2035,snr_regime,snr_>=30,24,-0.03228809160729404,0.24844486767170162,0.3293634075649406,0.25852302955948003,0.6711864277658707
source_only,feh,1.5,2026,temperature_regime,cool_<4000,26,0.04594289389287458,0.16469135072417834,0.20019238709339734,0.21191418708525184,0.4293427718429478
source_only,feh,1.5,2026,temperature_regime,mid_4000_6000,55,-0.036726390801668674,0.1933470193862479,0.25224872329703907,0.2107609817517914,0.4391171398469872
source_only,feh,1.5,2026,temperature_regime,hot_>6000,10,0.19374320609209508,0.3849003959338425,0.47324706406739386,0.49284790358080105,0.353219761596513
source_only,feh,1.5,2026,gravity_regime,dwarf_>=3.5,88,0.012910599838886152,0.2067064198987025,0.27427523786120256,0.21771777724396724,0.6629804600144447
source_only,feh,1.5,2026,metallicity_regime,intermediate,44,0.0620475007235558,0.2102453880661594,0.27448790974580456,0.2293774334340876,-0.3270314323408998
source_only,feh,1.5,2026,metallicity_regime,metal_rich_>=-0.5,42,-0.10608764337549834,0.1589686017028879,0.19390999381356058,0.18863546289389269,0.02250594163925035
source_only,feh,1.5,2026,snr_regime,snr_<15,26,0.024668809054260853,0.19938371126412305,0.24486898244681155,0.258059309773229,0.7330019185182024
source_only,feh,1.5,2026,snr_regime,snr_15_30,41,0.02343420097010427,0.1886628846077174,0.25025601771160066,0.20832940846867348,0.6352693373294778
source_only,feh,1.5,2026,snr_regime,snr_>=30,24,-0.02042481113088097,0.2435795992761284,0.33257300600449,0.22510337173248016,0.6647467221614227
source_only,feh,1.5,2027,temperature_regime,cool_<4000,26,0.05565713671897173,0.1627556380017907,0.20188328338045217,0.18330570121028086,0.4196621117461252
source_only,feh,1.5,2027,temperature_regime,mid_4000_6000,55,-0.023751848279544966,0.1866803747054213,0.2442454318434599,0.20386648774754815,0.47414365962168026
source_only,feh,1.5,2027,temperature_regime,hot_>6000,10,0.15799720796833666,0.3807058006135945,0.45543634299543434,0.5234969161191438,0.40098699338294197
source_only,feh,1.5,2027,gravity_regime,dwarf_>=3.5,88,0.021615516489391837,0.19930901774202317,0.26472588363010024,0.2366395069205504,0.6860397299493297
source_only,feh,1.5,2027,metallicity_regime,intermediate,44,0.06486355295673595,0.21486361616933092,0.27344976482887046,0.2351141196571271,-0.317012443016061
source_only,feh,1.5,2027,metallicity_regime,metal_rich_>=-0.5,42,-0.0899520038747857,0.1477960066639008,0.185438099277897,0.16623712859257775,0.10605319698769311
source_only,feh,1.5,2027,snr_regime,snr_<15,26,0.03353937045090811,0.18989822039557566,0.2433437944127549,0.23780131797211332,0.736317602399533
source_only,feh,1.5,2027,snr_regime,snr_15_30,41,0.04236490722739793,0.1798752078743557,0.2377419997830658,0.19850289379980463,0.6708339470658848
source_only,feh,1.5,2027,snr_regime,snr_>=30,24,-0.03701161871021946,0.24974533124363005,0.3264696792696768,0.23269103521454804,0.6769388415058655
source_only,feh,1.5,2028,temperature_regime,cool_<4000,26,0.03864926527264189,0.15997043077991321,0.20051270341068664,0.20080754147858187,0.42751515930531947
source_only,feh,1.5,2028,temperature_regime,mid_4000_6000,55,-0.05373648058416534,0.1983588202631143,0.2535482997154135,0.2249613931227791,0.4333229555317526
source_only,feh,1.5,2028,temperature_regime,hot_>6000,10,0.16665379302269692,0.4014620442937756,0.5110330516890599,0.5783695030838581,0.24581330851312377
source_only,feh,1.5,2028,gravity_regime,dwarf_>=3.5,88,-0.0005346328685033925,0.20788002392671592,0.2802283419402873,0.22357710127918462,0.648191769841844
source_only,feh,1.5,2028,metallicity_regime,intermediate,44,0.0349334945414302,0.2239986135914955,0.2855506037421404,0.26910906103461707,-0.4361537454989395
source_only,feh,1.5,2028,metallicity_regime,metal_rich_>=-0.5,42,-0.11071824076570407,0.15234864314613747,0.1887199253591003,0.1473434926882446,0.07413161785442823
source_only,feh,1.5,2028,snr_regime,snr_<15,26,-0.013384934061364658,0.19325150024043472,0.2606655891795223,0.18423964409280078,0.6974424505419619
source_only,feh,1.5,2028,snr_regime,snr_15_30,41,0.019648736971671615,0.1988438878902446,0.26204005680653825,0.19303833086705285,0.6001118021804226
source_only,feh,1.5,2028,snr_regime,snr_>=30,24,-0.030903230627353746,0.2461020144973106,0.32982208176376243,0.23477026411068896,0.6702699730915171
source_only,feh,1.5,2029,temperature_regime,cool_<4000,26,0.05019665184563486,0.16351952329071567,0.21340064060492236,0.201813700946046,0.35155724256976817
source_only,feh,1.5,2029,temperature_regime,mid_4000_6000,55,-0.04374913088358549,0.21318471765809197,0.2688322978761566,0.2718282977803743,0.3629447434363505
source_only,feh,1.5,2029,temperature_regime,hot_>6000,10,0.12035717723882514,0.37787213901365097,0.4696850314543032,0.46939544871972394,0.36291948154178644
source_only,feh,1.5,2029,gravity_regime,dwarf_>=3.5,88,0.0010391988631530604,0.21633012873078858,0.2846401934307823,0.24597558153649193,0.6370269903547581
source_only,feh,1.5,2029,metallicity_regime,intermediate,44,0.0466458013979886,0.2497397777460152,0.30767894852091204,0.29468397245458483,-0.6673636726674883
source_only,feh,1.5,2029,metallicity_regime,metal_rich_>=-0.5,42,-0.10573998383324575,0.14942123011436012,0.18716714222628464,0.1643361058684717,0.08930498373150642
source_only,feh,1.5,2029,snr_regime,snr_<15,26,0.005411562408558155,0.19223972852952576,0.24431477075859595,0.209887318456156,0.7342091437202904
source_only,feh,1.5,2029,snr_regime,snr_15_30,41,0.02173231072979334,0.21054060265706423,0.2673717414336279,0.2359326497677178,0.5836733362793571
source_only,feh,1.5,2029,snr_regime,snr_>=30,24,-0.03871845169860342,0.2552079506742862,0.34653308145859457,0.20093393977017107,0.6360108468789443
source_only,feh,1.5,2030,temperature_regime,cool_<4000,26,0.04165639133622526,0.15340169418695584,0.19160258322377743,0.1650654963617834,0.4772633788362485
source_only,feh,1.5,2030,temperature_regime,mid_4000_6000,55,-0.04897641024220666,0.21047234749847257,0.27311093301113065,0.2341130289252471,0.34250510240120524
source_only,feh,1.5,2030,temperature_regime,hot_>6000,10,0.15917384935733167,0.3971174284698218,0.4915232807882747,0.5845081217138368,0.3022994408843368
source_only,feh,1.5,2030,gravity_regime,dwarf_>=3.5,88,0.0010342454891894256,0.21289370334514235,0.2852421789545169,0.21749625289234198,0.6354900636667251
source_only,feh,1.5,2030,metallicity_regime,intermediate,44,0.034967436896773646,0.23678169105457442,0.30052269919241303,0.2918485724341303,-0.5907038473359336
source_only,feh,1.5,2030,metallicity_regime,metal_rich_>=-0.5,42,-0.10330765494285715,0.15085111072471472,0.1904242429178879,0.15864169061171332,0.05733318994392034
source_only,feh,1.5,2030,snr_regime,snr_<15,26,0.007472609483586986,0.18771627972747604,0.24657807395497477,0.1864376680146232,0.7292618234444961
source_only,feh,1.5,2030,snr_regime,snr_15_30,41,0.019621443830164228,0.20212295557008206,0.2543382382744062,0.25563442234818473,0.6232731846290791
source_only,feh,1.5,2030,snr_regime,snr_>=30,24,-0.042402705775674475,0.2653305414453048,0.36741516709361244,0.25260954331184654,0.590821127345728
source_only,feh,1.5,2031,temperature_regime,cool_<4000,26,0.0424179240259199,0.15859907235493936,0.19748479345782183,0.18563432107233657,0.44467461479380577
source_only,feh,1.5,2031,temperature_regime,mid_4000_6000,55,-0.04713221413880769,0.1980706686659963,0.2561339705468763,0.23407515093343537,0.42170614308103715
source_only,feh,1.5,2031,temperature_regime,hot_>6000,10,0.16473977644082324,0.3994482306772116,0.48453991726976564,0.5276529770651728,0.32198389943497097
source_only,feh,1.5,2031,gravity_regime,dwarf_>=3.5,88,0.005761305537938433,0.2062108538369242,0.2761074983748998,0.2331031565126965,0.6584625881832307
source_only,feh,1.5,2031,metallicity_regime,intermediate,44,0.04674452501133501,0.22629472236221895,0.28876464928433965,0.2435953038924535,-0.46866525594343034
source_only,feh,1.5,2031,metallicity_regime,metal_rich_>=-0.5,42,-0.11022205616860511,0.1505813788252928,0.19049688631013473,0.16041452995711433,0.05661383220410032
source_only,feh,1.5,2031,snr_regime,snr_<15,26,0.0007249966813439022,0.20078699160844285,0.2632509494904816,0.2579443628270225,0.6914109721905338
source_only,feh,1.5,2031,snr_regime,snr_15_30,41,0.024610381188789783,0.19115600226457144,0.25298896874776317,0.20401987195464938,0.6272596691500345
source_only,feh,1.5,2031,snr_regime,snr_>=30,24,-0.03624514712531649,0.2480869620818078,0.3255816253017394,0.21975066902359974,0.6786940154706718
source_only,feh,1.5,2032,temperature_regime,cool_<4000,26,0.04019960376742941,0.1543782448028466,0.1988698171281727,0.18658212717322042,0.43685795309265607
source_only,feh,1.5,2032,temperature_regime,mid_4000_6000,55,-0.0492153592592406,0.20926591418692864,0.26970479434667016,0.22224195608202477,0.35880290155797334
source_only,feh,1.5,2032,temperature_regime,hot_>6000,10,0.15335963366392072,0.38067218660898827,0.4625894032602197,0.4775607452903468,0.3820230945143941
source_only,feh,1.5,2032,gravity_regime,dwarf_>=3.5,88,-0.0018290526088464885,0.21458258616203832,0.2837800146442347,0.247408760931555,0.6392174745192926
source_only,feh,1.5,2032,metallicity_regime,intermediate,44,0.040595526759474636,0.23142027448949917,0.3001712059653652,0.21685250519168658,-0.5869850290636118
source_only,feh,1.5,2032,metallicity_regime,metal_rich_>=-0.5,42,-0.10915288103445928,0.15422691267482053,0.18982485714276764,0.13997394064513208,0.06325819012535028
source_only,feh,1.5,2032,snr_regime,snr_<15,26,0.0062135760165312115,0.17863247162320775,0.22885475608295486,0.22835846348589237,0.7667828560669818
source_only,feh,1.5,2032,snr_regime,snr_15_30,41,0.014967159298477936,0.20992428850820977,0.2754418569005273,0.22039103662667534,0.5581619719852232
source_only,feh,1.5,2032,snr_regime,snr_>=30,24,-0.03763605134721947,0.253285059175207,0.33519721755389864,0.23059692266466195,0.6594351274099433
source_only,feh,1.5,2033,temperature_regime,cool_<4000,26,0.043368453492548,0.15880712000867575,0.20506144931368353,0.18200063812644007,0.40124624321127833
source_only,feh,1.5,2033,temperature_regime,mid_4000_6000,55,-0.05041360829487324,0.2051949633809044,0.2621393360779615,0.23068976380629247,0.3942706668398147
source_only,feh,1.5,2033,temperature_regime,hot_>6000,10,0.18363210514117254,0.35704074390167473,0.4484819242573117,0.5274317437334426,0.4191409329453679
source_only,feh,1.5,2033,gravity_regime,dwarf_>=3.5,88,0.004385007209978511,0.20750741373507708,0.27552513125341577,0.24237321525497788,0.6599018131230314
source_only,feh,1.5,2033,metallicity_regime,intermediate,44,0.04727394797681634,0.22336899188651216,0.28288323737008764,0.24469572347961985,-0.40944845130404883
source_only,feh,1.5,2033,metallicity_regime,metal_rich_>=-0.5,42,-0.10925313399426233,0.15374165712872578,0.19419447917296503,0.1663828682570815,0.01963567455666171
source_only,feh,1.5,2033,snr_regime,snr_<15,26,0.010257353922731331,0.17945538628766475,0.2219068434055107,0.22631718252069608,0.780728605263505
source_only,feh,1.5,2033,snr_regime,snr_15_30,41,0.021626275226060573,0.20472345585585053,0.2673879380138248,0.22832583710763749,0.5836228951040976
source_only,feh,1.5,2033,snr_regime,snr_>=30,24,-0.04009233751081474,0.2469005754842876,0.33369426714250816,0.20276563275404857,0.6624823161848451
source_only,feh,1.5,2034,temperature_regime,cool_<4000,26,0.040648546865687196,0.16630988071363165,0.2079998826083644,0.1797622814356464,0.3839635833121987
source_only,feh,1.5,2034,temperature_regime,mid_4000_6000,55,-0.034108868963247156,0.20503543759328366,0.263306408255826,0.2311210909106078,0.38886511782106636
source_only,feh,1.5,2034,temperature_regime,hot_>6000,10,0.14243523974912814,0.3609314020416118,0.4489270528121096,0.4651131548718708,0.4179873289541667
source_only,feh,1.5,2034,gravity_regime,dwarf_>=3.5,88,0.0064570428538681165,0.21205941392712144,0.2785078672086191,0.23677756678029654,0.652498394237907
source_only,feh,1.5,2034,metallicity_regime,intermediate,44,0.05869049607232673,0.22894693623718154,0.28734460693452984,0.2225542309356562,-0.4542560211120539
source_only,feh,1.5,2034,metallicity_regime,metal_rich_>=-0.5,42,-0.10699971935989337,0.1576147996002726,0.19576534950263524,0.1706773136770176,0.003710875938261027
source_only,feh,1.5,2034,snr_regime,snr_<15,26,0.007722749434998877,0.17987078109746116,0.23237962343194818,0.18169514166079354,0.7595434150034923
source_only,feh,1.5,2034,snr_regime,snr_15_30,41,0.03300145443392806,0.20073562057615732,0.2592247037063687,0.22126496307216958,0.608658423354175
source_only,feh,1.5,2034,snr_regime,snr_>=30,24,-0.03952601225335277,0.2626466347685292,0.3412159275301732,0.25170946915616466,0.6470951462591417
source_only,feh,1.5,2035,temperature_regime,cool_<4000,26,0.040290562165690796,0.16410266807373963,0.20584141947625978,0.1739972141931886,0.39668275041875156
source_only,feh,1.5,2035,temperature_regime,mid_4000_6000,55,-0.039658863834046036,0.19438950523073348,0.2627091785163883,0.2067462675303735,0.39163431738091625
source_only,feh,1.5,2035,temperature_regime,hot_>6000,10,0.222294472593814,0.3673582059666517,0.4381925889394521,0.4981435965784989,0.4454880093671545
source_only,feh,1.5,2035,gravity_regime,dwarf_>=3.5,88,0.012731041252559394,0.20475477140854761,0.2747177489700839,0.21411943932656877,0.6618920993050059
source_only,feh,1.5,2035,metallicity_regime,intermediate,44,0.06198324724707219,0.21706787588547566,0.2856539001189583,0.23278307736987677,-0.43719297503533117
source_only,feh,1.5,2035,metallicity_regime,metal_rich_>=-0.5,42,-0.10644827067572604,0.1487586037483398,0.18678057084198185,0.17117812232117485,0.09306296252762458
source_only,feh,1.5,2035,snr_regime,snr_<15,26,0.03425967218886702,0.18151701550864735,0.2332459125772616,0.20309698775349283,0.7577472747317511
source_only,feh,1.5,2035,snr_regime,snr_15_30,41,0.026853568937427255,0.19535606726960347,0.26344040685368114,0.19720997380950575,0.5958263524836246
source_only,feh,1.5,2035,snr_regime,snr_>=30,24,-0.03760358216547877,0.24594304399981307,0.32645327383433004,0.22727342467300968,0.6769713089974647
source_only,feh,2.0,2026,temperature_regime,cool_<4000,26,0.04369573115834823,0.16727882527039173,0.20204169618869058,0.2084138646935388,0.4187510009119758
source_only,feh,2.0,2026,temperature_regime,mid_4000_6000,55,-0.06161275897130266,0.19985000478024742,0.2592413600818253,0.22942700492454227,0.4075894315461499
source_only,feh,2.0,2026,temperature_regime,hot_>6000,10,0.2315693651051965,0.3772293518284653,0.4793387321423783,0.5067400326780716,0.336461798942873
source_only,feh,2.0,2026,gravity_regime,dwarf_>=3.5,88,0.002881566951047847,0.21054947530983695,0.2798226918252738,0.23052311715533721,0.6492095666566053
source_only,feh,2.0,2026,metallicity_regime,intermediate,44,0.04359386391546095,0.20609648898442298,0.26992823967440455,0.21521184651391145,-0.28330951605390187
source_only,feh,2.0,2026,metallicity_regime,metal_rich_>=-0.5,42,-0.11580350167767049,0.1675321368329663,0.20330978153208915,0.1957075992346885,-0.07455905602811042
source_only,feh,2.0,2026,snr_regime,snr_<15,26,0.020579564615703635,0.20535487533102792,0.24737136081284564,0.2720007059945247,0.7275169925595115
source_only,feh,2.0,2026,snr_regime,snr_15_30,41,-2.6179611914872588e-05,0.19388994034371812,0.2577177550564096,0.23224419754827422,0.6131951631887639
source_only,feh,2.0,2026,snr_regime,snr_>=30,24,-0.01962143325718387,0.24269078856371987,0.3379576736313969,0.20974388928486273,0.6538027092760635
source_only,feh,2.0,2027,temperature_regime,cool_<4000,26,0.04882327292595687,0.16903166072336148,0.21064946003265303,0.18287432157218794,0.36816903412496615
source_only,feh,2.0,2027,temperature_regime,mid_4000_6000,55,-0.041814984691536244,0.18723366539397895,0.24598661189277124,0.20513114360644705,0.4666194724131665
source_only,feh,2.0,2027,temperature_regime,hot_>6000,10,0.15647477121287082,0.3904299833782166,0.46553463899194714,0.5481796544303813,0.37412891552995564
source_only,feh,2.0,2027,gravity_regime,dwarf_>=3.5,88,0.009772460461844419,0.20131044748383697,0.26798929496688995,0.2367785861058438,0.6782513205915802
source_only,feh,2.0,2027,metallicity_regime,intermediate,44,0.04775237297033734,0.20964740292079603,0.2725702790911523,0.24228390557340737,-0.308554355852938
source_only,feh,2.0,2027,metallicity_regime,metal_rich_>=-0.5,42,-0.10204684806685568,0.15841183386812366,0.19674347982885695,0.17379116167302067,-0.006269798645553104
source_only,feh,2.0,2027,snr_regime,snr_<15,26,0.008674591536703146,0.19717799878640666,0.2493932783274087,0.2557066764705235,0.7230444477933234
source_only,feh,2.0,2027,snr_regime,snr_15_30,41,0.03608688045532701,0.17963737120370316,0.2406348651394316,0.19504913799292523,0.6627745675758143
source_only,feh,2.0,2027,snr_regime,snr_>=30,24,-0.04878220118556651,0.2543839342275002,0.33277325480402675,0.22896783594889256,0.6643428753272445
source_only,feh,2.0,2028,temperature_regime,cool_<4000,26,0.028057907650275223,0.16365294648901224,0.2047501142162955,0.22558454722369103,0.4030629820350824
source_only,feh,2.0,2028,temperature_regime,mid_4000_6000,55,-0.07855431805054196,0.20528973351332302,0.26197416857320993,0.22623361854775978,0.39503373647677054
source_only,feh,2.0,2028,temperature_regime,hot_>6000,10,0.16637188557582455,0.42268561364663276,0.5304489898359522,0.560276848317593,0.18741623939983154
source_only,feh,2.0,2028,gravity_regime,dwarf_>=3.5,88,-0.01810636241643214,0.21473316959736782,0.2892517614168062,0.22990784584220447,0.6251703776763406
source_only,feh,2.0,2028,metallicity_regime,intermediate,44,0.010301623523415439,0.22787281071054447,0.2912907457965355,0.3205427952137836,-0.4944732458065588
source_only,feh,2.0,2028,metallicity_regime,metal_rich_>=-0.5,42,-0.12575191490993556,0.16087703280946397,0.19823178099559163,0.15666986197911725,-0.0215515967606128
source_only,feh,2.0,2028,snr_regime,snr_<15,26,-0.04095353311703388,0.2097923822140223,0.2838252195153263,0.1833923358572952,0.6412907693306547
source_only,feh,2.0,2028,snr_regime,snr_15_30,41,0.002250485247474047,0.20411030125576177,0.27109132805213704,0.21415449088206123,0.5720091669404195
source_only,feh,2.0,2028,snr_regime,snr_>=30,24,-0.03978087800908171,0.24790182497344157,0.3272892613459132,0.22362615070150363,0.675314755088534
source_only,feh,2.0,2029,temperature_regime,cool_<4000,26,0.03520110557659836,0.16197429425503904,0.2137893000346787,0.19036810480991065,0.3491931175840748
source_only,feh,2.0,2029,temperature_regime,mid_4000_6000,55,-0.06932209022153846,0.22685475318521434,0.28217037954776636,0.25227014973920114,0.29816170748982707
source_only,feh,2.0,2029,temperature_regime,hot_>6000,10,0.11624155751669232,0.39325829701246623,0.47628014462723983,0.4777942516387884,0.34490265543772325
source_only,feh,2.0,2029,gravity_regime,dwarf_>=3.5,88,-0.01970286167944266,0.22509357091236304,0.2927265992614641,0.26206390344998226,0.6161104806744913
source_only,feh,2.0,2029,metallicity_regime,intermediate,44,0.019227401844546264,0.2597264989552398,0.3160901671034919,0.31377539835062523,-0.7597733719176643
source_only,feh,2.0,2029,metallicity_regime,metal_rich_>=-0.5,42,-0.12210894275790386,0.15822525760157427,0.1975257212366364,0.16251016903475762,-0.014287454217171147
source_only,feh,2.0,2029,snr_regime,snr_<15,26,-0.0237948071417613,0.20858815003677142,0.2604278765569758,0.2715354668644531,0.6979940304758361
source_only,feh,2.0,2029,snr_regime,snr_15_30,41,0.00519417588407793,0.2148550239619864,0.27269639045523175,0.24411306398529212,0.5669261151624285
source_only,feh,2.0,2029,snr_regime,snr_>=30,24,-0.05539028614948066,0.2661907567727068,0.3549413795341027,0.19499714180398617,0.6181328439495724
source_only,feh,2.0,2030,temperature_regime,cool_<4000,26,0.024619494123249153,0.16844278549193936,0.20583506183216727,0.23437593733598944,0.3967200181088294
source_only,feh,2.0,2030,temperature_regime,mid_4000_6000,55,-0.0746552111468354,0.2228639981824052,0.28776730758267866,0.2757277528373385,0.2700432615975509
source_only,feh,2.0,2030,temperature_regime,hot_>6000,10,0.14503046901495786,0.4136054021865404,0.5060127322133167,0.5424752357832866,0.2605585790182092
source_only,feh,2.0,2030,gravity_regime,dwarf_>=3.5,88,-0.022439973731235834,0.22702507873208788,0.30007035724603554,0.274385399325025,0.5966072659544074
source_only,feh,2.0,2030,metallicity_regime,intermediate,44,0.010378794021050684,0.24475368499881292,0.3128233667142621,0.314387786413873,-0.7235867278286743
source_only,feh,2.0,2030,metallicity_regime,metal_rich_>=-0.5,42,-0.1253683659203717,0.17168440116030603,0.21140051957211706,0.19091170555173537,-0.16178520608087799
source_only,feh,2.0,2030,snr_regime,snr_<15,26,-0.02380859356645506,0.2033847461739411,0.261487005135047,0.2717884483009094,0.6955325921718654
source_only,feh,2.0,2030,snr_regime,snr_15_30,41,-0.0013502109211908093,0.21668799434771455,0.27076797378244427,0.2643944665078454,0.573029562006196
source_only,feh,2.0,2030,snr_regime,snr_>=30,24,-0.055885124801051435,0.27503646566288964,0.3782041502630426,0.23708655829041567,0.5664375900970875
source_only,feh,2.0,2031,temperature_regime,cool_<4000,26,0.02550792259909668,0.1592005169853801,0.1961948939943242,0.207072342185288,0.45190529369148624
source_only,feh,2.0,2031,temperature_regime,mid_4000_6000,55,-0.07192260998862993,0.2056587413278897,0.26736741519601176,0.23035997597459243,0.36986852944091797
source_only,feh,2.0,2031,temperature_regime,hot_>6000,10,0.1615394540758937,0.36947372364438524,0.4561184175433218,0.47411906114717983,0.39919145169558534
source_only,feh,2.0,2031,gravity_regime,dwarf_>=3.5,88,-0.012810846420109413,0.20596347473983975,0.2747818479758258,0.21981210628164544,0.661734301647428
source_only,feh,2.0,2031,metallicity_regime,intermediate,44,0.02730594060378295,0.2236758054349395,0.28905845225857923,0.24445078589889693,-0.4716553569471287
source_only,feh,2.0,2031,metallicity_regime,metal_rich_>=-0.5,42,-0.1292197712640315,0.1608290482494441,0.2000075668475784,0.16433074514451315,-0.039935956131496475
source_only,feh,2.0,2031,snr_regime,snr_<15,26,-0.03788644501548019,0.20905021272698002,0.26786634246106966,0.23423196539161467,0.6804955707333316
source_only,feh,2.0,2031,snr_regime,snr_15_30,41,0.009404613121262092,0.18880294019034854,0.25218493731966357,0.21144179936418842,0.6296251375536792
source_only,feh,2.0,2031,snr_regime,snr_>=30,24,-0.04490352452535232,0.24870647384966235,0.3253131891156659,0.2519415395677696,0.6792236190508544
source_only,feh,2.0,2032,temperature_regime,cool_<4000,26,0.025496319198145354,0.16078024846597097,0.20397005019369088,0.20423735218382894,0.4076027799277232
source_only,feh,2.0,2032,temperature_regime,mid_4000_6000,55,-0.07098728607598122,0.21766828359686777,0.28340642149797385,0.2372993532714481,0.2919994617557513
source_only,feh,2.0,2032,temperature_regime,hot_>6000,10,0.1673751845844793,0.37333599277877194,0.45041757390283765,0.4770342682127071,0.41411613299985894
source_only,feh,2.0,2032,gravity_regime,dwarf_>=3.5,88,-0.01863399101952975,0.22079440834305888,0.29072455823114035,0.25478072660325346,0.6213435846083053
source_only,feh,2.0,2032,metallicity_regime,intermediate,44,0.024514190906430953,0.230492804183544,0.30460625839079924,0.22456036233626786,-0.6342271217571094
source_only,feh,2.0,2032,metallicity_regime,metal_rich_>=-0.5,42,-0.12737678275908604,0.16762292178186908,0.20253406043422847,0.1642612791561717,-0.06637481699169423
source_only,feh,2.0,2032,snr_regime,snr_<15,26,-0.009690032603930254,0.1805013693314227,0.22003672113790165,0.23225418491141045,0.7844088559578377
source_only,feh,2.0,2032,snr_regime,snr_15_30,41,-0.0036590525641840422,0.2191708419861106,0.29388549128257313,0.24096837981387043,0.49700981682358814
source_only,feh,2.0,2032,snr_regime,snr_>=30,24,-0.04857010776452761,0.2585984109034654,0.33714970242633285,0.2373609261740436,0.6554560706120747
source_only,feh,2.0,2033,temperature_regime,cool_<4000,26,0.044852922747007355,0.15682966401807236,0.21179609609473768,0.1566742232540622,0.3612717749013463
source_only,feh,2.0,2033,temperature_regime,mid_4000_6000,55,-0.07698845671712883,0.20991307403823062,0.2681203247214493,0.23701175264242816,0.3663146185134436
source_only,feh,2.0,2033,temperature_regime,hot_>6000,10,0.18946863745348438,0.34965865058118706,0.4304056812680065,0.45806109601671946,0.46502082589908034
source_only,feh,2.0,2033,gravity_regime,dwarf_>=3.5,88,-0.008913064660392876,0.20768056075377908,0.27559333197994823,0.23986118996790878,0.6597334232991803
source_only,feh,2.0,2033,metallicity_regime,intermediate,44,0.024350534396022794,0.22197539703007926,0.28565659199031423,0.2647298659128898,-0.4372200620579796
source_only,feh,2.0,2033,metallicity_regime,metal_rich_>=-0.5,42,-0.11763244540674786,0.15849578411637116,0.20138443097921505,0.1631346407564316,-0.054303202455473265
source_only,feh,2.0,2033,snr_regime,snr_<15,26,-0.007669286728289811,0.1862424431205425,0.22769896277334636,0.2540839254590022,0.7691325573204348
source_only,feh,2.0,2033,snr_regime,snr_15_30,41,0.00426610736294307,0.20950377075312263,0.28163380779400876,0.21630241163531613,0.5380735923383287
source_only,feh,2.0,2033,snr_regime,snr_>=30,24,-0.0478754875179242,0.23697578001551264,0.3144185632414291,0.19409787810266915,0.7003492295818091
source_only,feh,2.0,2034,temperature_regime,cool_<4000,26,0.027667279226745355,0.16501053501999832,0.21107995347958464,0.18063674936902968,0.3655839145087272
source_only,feh,2.0,2034,temperature_regime,mid_4000_6000,55,-0.05428306888191664,0.20620008760329794,0.2659908028325448,0.2378338357256328,0.37634062426928927
source_only,feh,2.0,2034,temperature_regime,hot_>6000,10,0.14342576651156397,0.3649334091421032,0.44456805160318863,0.4013396640015927,0.4292349338499165
source_only,feh,2.0,2034,gravity_regime,dwarf_>=3.5,88,-0.009339277412794368,0.21334348598868338,0.2803245784312604,0.2500340966399705,0.6479500911957129
source_only,feh,2.0,2034,metallicity_regime,intermediate,44,0.038453895898310185,0.22216971187974738,0.2837183279755726,0.22253793292575935,-0.41778231010045763
source_only,feh,2.0,2034,metallicity_regime,metal_rich_>=-0.5,42,-0.12061259907829479,0.16579403855107502,0.206378332489583,0.15741404683749555,-0.10724044043231817
source_only,feh,2.0,2034,snr_regime,snr_<15,26,-0.009865573830459816,0.1826235460987615,0.24189212421359535,0.21409178298940482,0.7394542193876945
source_only,feh,2.0,2034,snr_regime,snr_15_30,41,0.01458271814083872,0.19880126926545727,0.2569233883218958,0.24167095598495406,0.615575995287705
source_only,feh,2.0,2034,snr_regime,snr_>=30,24,-0.048889516153201196,0.26589785756961776,0.3414698813322846,0.23987700302396978,0.6465696439418438
source_only,feh,2.0,2035,temperature_regime,cool_<4000,26,0.022652480916768244,0.17036245214338452,0.21783906420974614,0.18712422429480763,0.32430340297458926
source_only,feh,2.0,2035,temperature_regime,mid_4000_6000,55,-0.061484766164405326,0.20104687098296764,0.2723507781780115,0.1995172483190899,0.3461600448829535
source_only,feh,2.0,2035,temperature_regime,hot_>6000,10,0.2244401278368235,0.36494158929123477,0.4321276769279948,0.5144095405954288,0.4607315020406698
source_only,feh,2.0,2035,gravity_regime,dwarf_>=3.5,88,-0.005636372182337478,0.210826934524691,0.2825113848737167,0.2118750329185449,0.6424359984697072
source_only,feh,2.0,2035,metallicity_regime,intermediate,44,0.0426514806689618,0.22031353606584603,0.29181585142219973,0.22274691042279043,-0.4998662330850854
source_only,feh,2.0,2035,metallicity_regime,metal_rich_>=-0.5,42,-0.12505507669133795,0.15750643454863214,0.20192261936857617,0.17869819884763818,-0.05994586241755684
source_only,feh,2.0,2035,snr_regime,snr_<15,26,0.009125353180571899,0.19282025835715777,0.25085136096252914,0.21601814338518213,0.719796528950057
source_only,feh,2.0,2035,snr_regime,snr_15_30,41,0.00884947019144298,0.19946655697783788,0.26783094402031266,0.21210703436858896,0.5822420522460227
source_only,feh,2.0,2035,snr_regime,snr_>=30,24,-0.047849325724254786,0.2477067499719213,0.32936865820956596,0.21410645450666552,0.6711759439237817
source_only,feh,2.5,2026,temperature_regime,cool_<4000,26,0.020681681280336102,0.17363662203983024,0.21433600172857306,0.18942484758793157,0.34586037691804594
source_only,feh,2.5,2026,temperature_regime,mid_4000_6000,55,-0.08141660892827432,0.20739942539651643,0.2662298007286128,0.24296583240267336,0.37521938067209837
source_only,feh,2.5,2026,temperature_regime,hot_>6000,10,0.27021606824594063,0.3711687572770798,0.49178149401546456,0.5105140896167943,0.3015661985708541
source_only,feh,2.5,2026,gravity_regime,dwarf_>=3.5,88,-0.010548874225056027,0.2160762333052208,0.288624761649672,0.2311219936730063,0.6267936235642172
source_only,feh,2.5,2026,metallicity_regime,intermediate,44,0.0329179032686532,0.20212897079646988,0.2680990449197307,0.2088503597158048,-0.2659755070677394
source_only,feh,2.5,2026,metallicity_regime,metal_rich_>=-0.5,42,-0.14006664071529928,0.17959884182512442,0.21867207528221935,0.18324076421065277,-0.2430837647764672
source_only,feh,2.5,2026,snr_regime,snr_<15,26,-0.007546158018272954,0.21165444020867089,0.2575171319655109,0.3080558233376327,0.704707211200748
source_only,feh,2.5,2026,snr_regime,snr_15_30,41,-0.014040192437401169,0.20259037442010544,0.26956969870056224,0.2180927484796156,0.5768002881566414
source_only,feh,2.5,2026,snr_regime,snr_>=30,24,-0.019424212370766542,0.2426661394152093,0.342032076315897,0.21647497393367915,0.6454049125790617
source_only,feh,2.5,2027,temperature_regime,cool_<4000,26,0.03320548218239498,0.1721009720797933,0.21703762395144868,0.22008166461547013,0.3292660968705228
source_only,feh,2.5,2027,temperature_regime,mid_4000_6000,55,-0.05852676179027265,0.18757992473000962,0.24556192043128713,0.2362576108148669,0.4684596263209949
source_only,feh,2.5,2027,temperature_regime,hot_>6000,10,0.14505500888502376,0.3870543754885051,0.45810807554966637,0.5615692931801651,0.3939383824991394
source_only,feh,2.5,2027,gravity_regime,dwarf_>=3.5,88,-0.00578427117313215,0.20291521346206842,0.268912331746058,0.2563668131518201,0.6760311026557901
source_only,feh,2.5,2027,metallicity_regime,intermediate,44,0.03219634825897011,0.19943831433490739,0.2634555574628943,0.21234360546924075,-0.22250177451855735
source_only,feh,2.5,2027,metallicity_regime,metal_rich_>=-0.5,42,-0.11862536947940042,0.1720531461073008,0.21281852916857408,0.19837027267802887,-0.1774232733503318
source_only,feh,2.5,2027,snr_regime,snr_<15,26,-0.015026103447859786,0.2058561774822304,0.2537867521979386,0.2777981208009115,0.7132004381000803
source_only,feh,2.5,2027,snr_regime,snr_15_30,41,0.022395465194830974,0.17607718233943798,0.2409393938940815,0.19378654076779325,0.6619204949773867
source_only,feh,2.5,2027,snr_regime,snr_>=30,24,-0.05969227734234182,0.2537766582773022,0.32820095078656786,0.2530044614044743,0.6735033642083947
source_only,feh,2.5,2028,temperature_regime,cool_<4000,26,0.0021573549605622905,0.18126774177586735,0.22211909723721174,0.2501679268810493,0.29749081681266676
source_only,feh,2.5,2028,temperature_regime,mid_4000_6000,55,-0.10510959206383765,0.21924199340596476,0.27427677482636104,0.23734052059981892,0.33687976101325867
source_only,feh,2.5,2028,temperature_regime,hot_>6000,10,0.1780366057422993,0.4415903073453996,0.5532423163052749,0.5863042504782396,0.11608263226590398
source_only,feh,2.5,2028,gravity_regime,dwarf_>=3.5,88,-0.03961007932907922,0.2299532667021343,0.3034750695232148,0.24507852973868585,0.5874012385997809
source_only,feh,2.5,2028,metallicity_regime,intermediate,44,-0.017344659681555772,0.2350744956154368,0.29975012229463194,0.29906154159299425,-0.5825356698227877
source_only,feh,2.5,2028,metallicity_regime,metal_rich_>=-0.5,42,-0.1495128527753214,0.18442289581992605,0.21976278023504234,0.1393201218533141,-0.2555153382095736
source_only,feh,2.5,2028,snr_regime,snr_<15,26,-0.08090919072948667,0.2438401476381409,0.31326934927302175,0.21186210148624615,0.5630050707255613
source_only,feh,2.5,2028,snr_regime,snr_15_30,41,-0.01667582645029604,0.21524894939169167,0.2837173301276908,0.24101323963578597,0.5312136629147625
source_only,feh,2.5,2028,snr_regime,snr_>=30,24,-0.04821760140352776,0.25092180138764947,0.330980850670722,0.24522226745282447,0.6679490121289742
source_only,feh,2.5,2029,temperature_regime,cool_<4000,26,0.028918780724537595,0.17291006844563814,0.23179233071548389,0.19669016619946594,0.2349702374991074
source_only,feh,2.5,2029,temperature_regime,mid_4000_6000,55,-0.09344083645564866,0.2309303919565088,0.29084649551391656,0.2581257927161939,0.2543382160342511
source_only,feh,2.5,2029,temperature_regime,hot_>6000,10,0.11261091148272424,0.42033450908507675,0.5111858309237787,0.4923092919020604,0.2453622954564837
source_only,feh,2.5,2029,gravity_regime,dwarf_>=3.5,88,-0.036421030601053256,0.23389884887254214,0.3085252826996598,0.2681566928255237,0.5735546348694034
source_only,feh,2.5,2029,metallicity_regime,intermediate,44,-0.006906828635339266,0.2615930085409302,0.32655742945265787,0.3633972612865343,-0.8782522046354124
source_only,feh,2.5,2029,metallicity_regime,metal_rich_>=-0.5,42,-0.13385893414951272,0.17203235593822405,0.21426931182182013,0.15237625893284334,-0.1935309648338166
source_only,feh,2.5,2029,snr_regime,snr_<15,26,-0.05615714523900339,0.2257023781214103,0.28760518889042774,0.2685347664525883,0.6316726044804155
source_only,feh,2.5,2029,snr_regime,snr_15_30,41,-0.008034183441852931,0.21783432907679035,0.27909125051357137,0.292044694643262,0.546376379926393
source_only,feh,2.5,2029,snr_regime,snr_>=30,24,-0.06132338725272494,0.2750295460308445,0.3718404463822026,0.17273207533501678,0.5809051766866475
source_only,feh,2.5,2030,temperature_regime,cool_<4000,26,0.004331940986672679,0.18106025320846447,0.22010373007404144,0.26304801143915263,0.3101812235391208
source_only,feh,2.5,2030,temperature_regime,mid_4000_6000,55,-0.0936248988593549,0.23303381124506425,0.300628981925297,0.27459877510614233,0.2033346887538353
source_only,feh,2.5,2030,temperature_regime,hot_>6000,10,0.1299186566402478,0.42526508722627765,0.5132030100208012,0.5443904278757074,0.2393948262944825
source_only,feh,2.5,2030,gravity_regime,dwarf_>=3.5,88,-0.04148407896540854,0.2373449102069384,0.3111873975177353,0.27215631261179235,0.5661637056004275
source_only,feh,2.5,2030,metallicity_regime,intermediate,44,-0.010957157254447876,0.25498029105790715,0.3251562623347532,0.3154592211730066,-0.8621686680323069
source_only,feh,2.5,2030,metallicity_regime,metal_rich_>=-0.5,42,-0.14360371917489223,0.1852863225781153,0.22619336131279175,0.1834876400186764,-0.33006679061051636
source_only,feh,2.5,2030,snr_regime,snr_<15,26,-0.04819920596557729,0.22223989511928366,0.2748360604723757,0.3066869202233796,0.6636526447751124
source_only,feh,2.5,2030,snr_regime,snr_15_30,41,-0.019348620229719483,0.22156543223641148,0.279613664948273,0.2643635822390543,0.5446765679788348
source_only,feh,2.5,2030,snr_regime,snr_>=30,24,-0.07046165086187689,0.28811071164029745,0.3923591137325143,0.23198664544140501,0.533376581815113
source_only,feh,2.5,2031,temperature_regime,cool_<4000,26,-0.010539574912154412,0.1743184862696077,0.21278943747274182,0.24249365140030157,0.3552663474379044
source_only,feh,2.5,2031,temperature_regime,mid_4000_6000,55,-0.0952996363134195,0.21307958665525897,0.276782595351598,0.2359556862948562,0.32470774349241016
source_only,feh,2.5,2031,temperature_regime,hot_>6000,10,0.15837497870750447,0.35573620880606593,0.4452916148698732,0.44557885254063034,0.42737550776705024
source_only,feh,2.5,2031,gravity_regime,dwarf_>=3.5,88,-0.038259935598184455,0.21419489432807454,0.28291888154206946,0.249673354308981,0.6414037482242259
source_only,feh,2.5,2031,metallicity_regime,intermediate,44,0.00584529054024412,0.21855499736100895,0.28806743090085307,0.23189457904740815,-0.46158167265401073
source_only,feh,2.5,2031,metallicity_regime,metal_rich_>=-0.5,42,-0.15889793774449773,0.1835199683239568,0.22576268492465462,0.17361350121103133,-0.3250066684204935
source_only,feh,2.5,2031,snr_regime,snr_<15,26,-0.08817232893475636,0.24106950067751157,0.2972133323576316,0.2537207916303036,0.6066518048373081
source_only,feh,2.5,2031,snr_regime,snr_15_30,41,-0.009906004130964503,0.1876167718955332,0.25289021677869405,0.2142178217808973,0.6275506040299614
source_only,feh,2.5,2031,snr_regime,snr_>=30,24,-0.05138051817524303,0.2437052221573975,0.3198150927497511,0.23686897509929816,0.6899748321456166
source_only,feh,2.5,2032,temperature_regime,cool_<4000,26,-0.0014400214213925006,0.16436203454738138,0.2077009479959586,0.21083050690492366,0.3857330292646646
source_only,feh,2.5,2032,temperature_regime,mid_4000_6000,55,-0.09776230031118664,0.22669883358237752,0.29571199158872175,0.20245340049343838,0.22918157430650743
source_only,feh,2.5,2032,temperature_regime,hot_>6000,10,0.18212697734138142,0.38260955084164516,0.4662020411569485,0.4362374852130495,0.3723331001387079
source_only,feh,2.5,2032,gravity_regime,dwarf_>=3.5,88,-0.04147192602819116,0.22868336139553075,0.30160369166990325,0.24989910274841615,0.5924741266156062
source_only,feh,2.5,2032,metallicity_regime,intermediate,44,-0.004357337294717523,0.23268877555104736,0.31103165919898107,0.23033645203379866,-0.703899454844324
source_only,feh,2.5,2032,metallicity_regime,metal_rich_>=-0.5,42,-0.14821564525250513,0.1787132259170933,0.21596085701038212,0.17549441087326859,-0.21244996610419453
source_only,feh,2.5,2032,snr_regime,snr_<15,26,-0.04775336165923023,0.1964491222781532,0.2349646867122263,0.21756336329313328,0.7541638305974705
source_only,feh,2.5,2032,snr_regime,snr_15_30,41,-0.025229820431688012,0.2225527271612047,0.30393777873037225,0.23200453567778664,0.46201200179388
source_only,feh,2.5,2032,snr_regime,snr_>=30,24,-0.054878635825769184,0.26398355253490663,0.34650989691826856,0.23086385641430396,0.6360595501015245
source_only,feh,2.5,2033,temperature_regime,cool_<4000,26,0.03381455064410984,0.1641083871485702,0.21883883154596237,0.17355490304236612,0.31808698283402215
source_only,feh,2.5,2033,temperature_regime,mid_4000_6000,55,-0.10355665225784111,0.213308351916535,0.2714282436507477,0.24174212408443055,0.3505820505367031
source_only,feh,2.5,2033,temperature_regime,hot_>6000,10,0.20086619928094412,0.3491271341600981,0.4301101426910196,0.45028688835689307,0.46575526184421356
source_only,feh,2.5,2033,gravity_regime,dwarf_>=3.5,88,-0.025358125384675845,0.2115722503387988,0.2788672239042813,0.22281559305883075,0.6516010580584883
source_only,feh,2.5,2033,metallicity_regime,intermediate,44,0.0026069150065320856,0.21764809590467948,0.2805369787866385,0.24285788861002092,-0.38616522978606427
source_only,feh,2.5,2033,metallicity_regime,metal_rich_>=-0.5,42,-0.13505824981232348,0.1705610922824315,0.21650520614148075,0.19031533689868577,-0.21856985176315868
source_only,feh,2.5,2033,snr_regime,snr_<15,26,-0.037676321022384954,0.2022597683087068,0.24178370502484375,0.25304644557331946,0.7396877270445648
source_only,feh,2.5,2033,snr_regime,snr_15_30,41,-0.008310705825732796,0.20771880697847578,0.2811931520944491,0.24313699614213125,0.5395179591507602
source_only,feh,2.5,2033,snr_regime,snr_>=30,24,-0.061977178299496304,0.23811765419705608,0.3152600227524581,0.19576758885083737,0.6987432086964029
source_only,feh,2.5,2034,temperature_regime,cool_<4000,26,0.013616470991066588,0.16723079104233632,0.21381573168344037,0.2330080150442859,0.3490321837834066
source_only,feh,2.5,2034,temperature_regime,mid_4000_6000,55,-0.07501259758065439,0.21606576902445146,0.2757431438199478,0.2447001180502304,0.32977031269527035
source_only,feh,2.5,2034,temperature_regime,hot_>6000,10,0.1450570487009202,0.37346257902407487,0.4469114319456579,0.4472058187744643,0.4232019102989447
source_only,feh,2.5,2034,gravity_regime,dwarf_>=3.5,88,-0.025127926060312125,0.22068535431500835,0.28652289016176247,0.2477780402612383,0.6322094830831619
source_only,feh,2.5,2034,metallicity_regime,intermediate,44,0.02089708935072236,0.22611985718474398,0.28813355007480096,0.24993598468330994,-0.462252693762635
source_only,feh,2.5,2034,metallicity_regime,metal_rich_>=-0.5,42,-0.13888486200513853,0.17677075711744317,0.21893195123151943,0.1685984304861181,-0.24604015079287422
source_only,feh,2.5,2034,snr_regime,snr_<15,26,-0.03666711033925911,0.19748360674298465,0.25475005095093367,0.2303672785744213,0.7110190950306542
source_only,feh,2.5,2034,snr_regime,snr_15_30,41,-0.0008281825915454993,0.20509740581045038,0.26278447738276095,0.2636591007816717,0.5978365176470852
source_only,feh,2.5,2034,snr_regime,snr_>=30,24,-0.0555747407952065,0.267611510005844,0.3445534462899012,0.2396147234749491,0.6401576806654176
source_only,feh,2.5,2035,temperature_regime,cool_<4000,26,0.0023415293748528633,0.16868382600155502,0.22504798707895765,0.18056999473455093,0.2788419231747661
source_only,feh,2.5,2035,temperature_regime,mid_4000_6000,55,-0.08450013821163373,0.21320692790550366,0.28463202247944497,0.21506974306006235,0.28586267483321626
source_only,feh,2.5,2035,temperature_regime,hot_>6000,10,0.2564384447110969,0.3531617155303637,0.43822175801281704,0.4635321947700096,0.4454141827452972
source_only,feh,2.5,2035,gravity_regime,dwarf_>=3.5,88,-0.02204907156112258,0.21658448209318634,0.2926206446261534,0.2235590680612916,0.6163883338851746
source_only,feh,2.5,2035,metallicity_regime,intermediate,44,0.028711786933053155,0.21662030043721303,0.29445513272093526,0.23327804444925046,-0.5271195176375105
source_only,feh,2.5,2035,metallicity_regime,metal_rich_>=-0.5,42,-0.14799635391348143,0.17100475234238624,0.22103521534563456,0.19672191198756322,-0.2700963948309303
source_only,feh,2.5,2035,snr_regime,snr_<15,26,-0.009794342193011608,0.19889377400708963,0.27194137542556096,0.20503675184271164,0.6707004272177499
source_only,feh,2.5,2035,snr_regime,snr_15_30,41,-0.009447420400054675,0.20566475807035697,0.2748997931749941,0.2213753345039314,0.5598993164867857
source_only,feh,2.5,2035,snr_regime,snr_>=30,24,-0.05751026072342372,0.2516785192115751,0.3336615239545301,0.20381637618459145,0.6625485496437622
source_only,feh,3.0,2026,temperature_regime,cool_<4000,26,-0.023959905616050308,0.18154927514134242,0.23235523773663444,0.25188046072275894,0.23124998042122213
source_only,feh,3.0,2026,temperature_regime,mid_4000_6000,55,-0.10097812545963468,0.21730262748584359,0.2741064829922333,0.2214879658664556,0.3377029361139111
source_only,feh,3.0,2026,temperature_regime,hot_>6000,10,0.2965526123618535,0.38268686457355316,0.517735386334952,0.521675422663942,0.22590086185047464
source_only,feh,3.0,2026,gravity_regime,dwarf_>=3.5,88,-0.03300613670430662,0.2254874823963428,0.3024387902692016,0.22661005576336285,0.5902142375577548
source_only,feh,3.0,2026,metallicity_regime,intermediate,44,0.016635468675813815,0.19763700566652706,0.2661510318457087,0.22455143670216146,-0.24764513711166858
source_only,feh,3.0,2026,metallicity_regime,metal_rich_>=-0.5,42,-0.17470131371545908,0.20020237690880596,0.2435594348549618,0.1892015457586066,-0.5421394834513591
source_only,feh,3.0,2026,snr_regime,snr_<15,26,-0.05911394903720769,0.22787375832561632,0.2865956839456739,0.2818693605152295,0.6342537523577962
source_only,feh,3.0,2026,snr_regime,snr_15_30,41,-0.028891689150566446,0.21151900049100317,0.27668129157181326,0.24346289872005838,0.5541766555201988
source_only,feh,3.0,2026,snr_regime,snr_>=30,24,-0.020404433022419052,0.24590823227227832,0.35014187207569136,0.20985203801111815,0.6283902160524057
source_only,feh,3.0,2027,temperature_regime,cool_<4000,26,0.008684223013724244,0.1725383507712347,0.21902197331895254,0.22434411479746597,0.31694514693860854
source_only,feh,3.0,2027,temperature_regime,mid_4000_6000,55,-0.07381536028765495,0.1869713976684562,0.2485216099218614,0.22764504722235548,0.4555693940527745
source_only,feh,3.0,2027,temperature_regime,hot_>6000,10,0.13753582873096568,0.38833053355223696,0.46051050634513974,0.5983760903477521,0.3875650438171838
source_only,feh,3.0,2027,gravity_regime,dwarf_>=3.5,88,-0.021422339661319956,0.20325026773119562,0.27072064051503675,0.2474943982890503,0.671659376532047
source_only,feh,3.0,2027,metallicity_regime,intermediate,44,0.01389976508795437,0.19067769213834043,0.25942930614216386,0.1849410675691797,-0.1854216042135035
source_only,feh,3.0,2027,metallicity_regime,metal_rich_>=-0.5,42,-0.13570519536763195,0.18175188242468024,0.2228218602117774,0.17679401154111116,-0.2907119542587988
source_only,feh,3.0,2027,snr_regime,snr_<15,26,-0.04566232722903375,0.20383298247722045,0.25292917706103357,0.2603587412493244,0.71513542186771
source_only,feh,3.0,2027,snr_regime,snr_15_30,41,0.009840980294492353,0.1724031150050725,0.24044327774674853,0.18975250965906446,0.6633113345287098
source_only,feh,3.0,2027,snr_regime,snr_>=30,24,-0.06978985059474353,0.26185600282182747,0.33734662230690676,0.2594326188416715,0.6550534757832248
source_only,feh,3.0,2028,temperature_regime,cool_<4000,26,-0.05019179062016611,0.20432395472397105,0.25679586004632293,0.2539595752339063,0.06102021581125949
source_only,feh,3.0,2028,temperature_regime,mid_4000_6000,55,-0.12820469402018453,0.23487661146572214,0.2841122241449101,0.2560407567222181,0.28846862505185733
source_only,feh,3.0,2028,temperature_regime,hot_>6000,10,0.19237426286703463,0.4457352628634341,0.5623907063535605,0.5517358335763721,0.0866081001997534
source_only,feh,3.0,2028,gravity_regime,dwarf_>=3.5,88,-0.06724625127476164,0.2471115477353971,0.31885615851393906,0.2264325257905422,0.5445177054272464
source_only,feh,3.0,2028,metallicity_regime,intermediate,44,-0.04011423693284078,0.23622872782673857,0.296345865781663,0.3072677641131691,-0.5467941310919571
source_only,feh,3.0,2028,metallicity_regime,metal_rich_>=-0.5,42,-0.18709579290884454,0.216747081643892,0.257129124246644,0.16580054502534045,-0.718764134081417
source_only,feh,3.0,2028,snr_regime,snr_<15,26,-0.13550398034404257,0.28054492165581807,0.3528730324666813,0.29905846805414876,0.44553067197038576
source_only,feh,3.0,2028,snr_regime,snr_15_30,41,-0.040578970915201275,0.2287804317080669,0.29039862766118113,0.2524660770641419,0.5088746670563091
source_only,feh,3.0,2028,snr_regime,snr_>=30,24,-0.051902533420656795,0.2505759757912623,0.3305221194132711,0.23557029573438093,0.6688688031653487
source_only,feh,3.0,2029,temperature_regime,cool_<4000,26,-0.00034349758500275274,0.1705400092504155,0.2361021137144885,0.1935866339206589,0.20625691171252136
source_only,feh,3.0,2029,temperature_regime,mid_4000_6000,55,-0.1113178272076651,0.23957688698839977,0.3054855890624628,0.24349462393066265,0.17738680680553043
source_only,feh,3.0,2029,temperature_regime,hot_>6000,10,0.11616661658125679,0.44488670402676844,0.5370227541710597,0.5640278084739235,0.16715101559811685
source_only,feh,3.0,2029,gravity_regime,dwarf_>=3.5,88,-0.05578225489254354,0.24110812400937,0.32257050097800494,0.24873691357952957,0.5338441077056535
source_only,feh,3.0,2029,metallicity_regime,intermediate,44,-0.029232253865359163,0.26407533071589434,0.337181143450688,0.3568470625300432,-1.0024483730119171
source_only,feh,3.0,2029,metallicity_regime,metal_rich_>=-0.5,42,-0.15449506430436685,0.18178702168097605,0.22899302125658047,0.15782047059787124,-0.36319578749562687
source_only,feh,3.0,2029,snr_regime,snr_<15,26,-0.1005607241680963,0.24022540865018668,0.3148436620980964,0.22880488551040637,0.5586018605988469
source_only,feh,3.0,2029,snr_regime,snr_15_30,41,-0.02094728761688551,0.21967739928072505,0.2824249659905965,0.3179551250249779,0.5354746843282755
source_only,feh,3.0,2029,snr_regime,snr_>=30,24,-0.062346985298178094,0.28362508623857885,0.38828442854429956,0.22472818198892328,0.5430181099527072
source_only,feh,3.0,2030,temperature_regime,cool_<4000,26,-0.02323246560614832,0.19591297905672003,0.2453243096619426,0.217246721171315,0.1430383697892328
source_only,feh,3.0,2030,temperature_regime,mid_4000_6000,55,-0.1171598631430094,0.24425518983429864,0.31289381277053147,0.2641208506650227,0.13700522579846686
source_only,feh,3.0,2030,temperature_regime,hot_>6000,10,0.13142307527454497,0.4318566070245383,0.5236094255300726,0.5941977499757772,0.20823591711540834
source_only,feh,3.0,2030,gravity_regime,dwarf_>=3.5,88,-0.06385190921591771,0.24876518469725736,0.32512369897073157,0.2729562711172392,0.5264355036836141
source_only,feh,3.0,2030,metallicity_regime,intermediate,44,-0.03410576186989466,0.26139697963048647,0.33459721244373464,0.3664413734165421,-0.9718751171858311
source_only,feh,3.0,2030,metallicity_regime,metal_rich_>=-0.5,42,-0.16784168369285657,0.20305889169927877,0.24773697925524288,0.19982686313554554,-0.5954948871166246
source_only,feh,3.0,2030,snr_regime,snr_<15,26,-0.08833003418602625,0.2462061022383365,0.2999028232766226,0.2937098845766436,0.5995007601566003
source_only,feh,3.0,2030,snr_regime,snr_15_30,41,-0.03720336313754519,0.2274138710846763,0.2910603679615962,0.26891891111627036,0.5066338319751832
source_only,feh,3.0,2030,snr_regime,snr_>=30,24,-0.0796536270168287,0.2967088164140854,0.40203888701973056,0.24766404760561872,0.5100687235132892
source_only,feh,3.0,2031,temperature_regime,cool_<4000,26,-0.043545816716520094,0.19103333311071408,0.23638498498718583,0.2678743073963349,0.2043538231230596
source_only,feh,3.0,2031,temperature_regime,mid_4000_6000,55,-0.1210429380769245,0.2243691738943926,0.28308083499265585,0.269934029763636,0.29362527536992267
source_only,feh,3.0,2031,temperature_regime,hot_>6000,10,0.17229731087994052,0.35802334799059443,0.45803418185804035,0.47168197256917077,0.3941338844812171
source_only,feh,3.0,2031,gravity_regime,dwarf_>=3.5,88,-0.061218898488092345,0.22559606345964126,0.2930876116886557,0.25862754104856195,0.6151630140171591
source_only,feh,3.0,2031,metallicity_regime,intermediate,44,-0.009961126261624246,0.2108336364713956,0.2764145552752361,0.22600330593461182,-0.34572582259081397
source_only,feh,3.0,2031,metallicity_regime,metal_rich_>=-0.5,42,-0.1955671563848163,0.21488557849099785,0.2610812199509525,0.19899523582615503,-0.7720052650129137
source_only,feh,3.0,2031,snr_regime,snr_<15,26,-0.12692729912686695,0.2709876697953827,0.31917775242371804,0.27665527099108655,0.5463657759567893
source_only,feh,3.0,2031,snr_regime,snr_15_30,41,-0.031260741311682265,0.19509280530704826,0.2630753693113502,0.25479993933667966,0.5969456670029867
source_only,feh,3.0,2031,snr_regime,snr_>=30,24,-0.06186581454097711,0.24345501136279893,0.3209295894581341,0.21989241836781387,0.6878103059724607
source_only,feh,3.0,2032,temperature_regime,cool_<4000,26,-0.020424789331017493,0.1695269962596136,0.22128567354257392,0.1911607305743709,0.3027527631094309
source_only,feh,3.0,2032,temperature_regime,mid_4000_6000,55,-0.12529769416866363,0.24722608556010553,0.3144407343236178,0.2389005611020128,0.12845098029446889
source_only,feh,3.0,2032,temperature_regime,hot_>6000,10,0.21149759791668657,0.37825150526937257,0.4670966659835969,0.4137989608467234,0.3699218487229604
source_only,feh,3.0,2032,gravity_regime,dwarf_>=3.5,88,-0.06209340785523423,0.2404481518364216,0.3154635685650249,0.2634036172287985,0.5541586918179735
source_only,feh,3.0,2032,metallicity_regime,intermediate,44,-0.024737957354898497,0.24327425316807122,0.3226195461110678,0.24767784736364978,-0.833226478635616
source_only,feh,3.0,2032,metallicity_regime,metal_rich_>=-0.5,42,-0.1706599313102584,0.19368664299819172,0.2337869366793203,0.18504331769616672,-0.42086959866561413
source_only,feh,3.0,2032,snr_regime,snr_<15,26,-0.07138820727808473,0.2249007594930323,0.26381617934785373,0.284932093482947,0.6900843977842404
source_only,feh,3.0,2032,snr_regime,snr_15_30,41,-0.04743044821476132,0.23309545471055282,0.3183368028183287,0.22615910904937697,0.4098302882287843
source_only,feh,3.0,2032,snr_regime,snr_>=30,24,-0.0627791648616947,0.26597159463741576,0.34931559114651656,0.2435359708512316,0.6301420303988006
source_only,feh,3.0,2033,temperature_regime,cool_<4000,26,0.003466209324587561,0.17718735472477992,0.23579681860900803,0.1971769249630781,0.20830830553222912
source_only,feh,3.0,2033,temperature_regime,mid_4000_6000,55,-0.12811214028841808,0.21884237393058834,0.2794414530758511,0.24841168110483194,0.3116713015271979
source_only,feh,3.0,2033,temperature_regime,hot_>6000,10,0.19716888985864633,0.3553575471994862,0.43294898046878677,0.42996464551035973,0.4586796824411268
source_only,feh,3.0,2033,gravity_regime,dwarf_>=3.5,88,-0.04890477781120875,0.21909878270911196,0.2872690714104307,0.22067824554757753,0.6302913414504816
source_only,feh,3.0,2033,metallicity_regime,intermediate,44,-0.02232899341423159,0.2136659312264529,0.27818401289016487,0.251871796954842,-0.3630101975002573
source_only,feh,3.0,2033,metallicity_regime,metal_rich_>=-0.5,42,-0.1610598535690888,0.19125819289921214,0.2430618080824736,0.19188669932134458,-0.5358442978000362
source_only,feh,3.0,2033,snr_regime,snr_<15,26,-0.08223981584776424,0.21824678842061135,0.26508349194543807,0.24694334740111423,0.6870997187373789
source_only,feh,3.0,2033,snr_regime,snr_15_30,41,-0.02570799767067754,0.21118611065546528,0.28649331221749463,0.2685554565731662,0.521995270419163
source_only,feh,3.0,2033,snr_regime,snr_>=30,24,-0.07467059409573358,0.24432209271714714,0.31771645545076843,0.19455351628568746,0.6940302733456143
source_only,feh,3.0,2034,temperature_regime,cool_<4000,26,-0.023034694975364686,0.1845652928926562,0.23015532872284308,0.2642512902924775,0.24573791861264727
source_only,feh,3.0,2034,temperature_regime,mid_4000_6000,55,-0.09431952362340162,0.21118382704066524,0.2758190278982577,0.21589159840380656,0.329401369630101
source_only,feh,3.0,2034,temperature_regime,hot_>6000,10,0.15924683156226718,0.3760830564870078,0.44633940702930286,0.5059672714346908,0.42467751239823903
source_only,feh,3.0,2034,gravity_regime,dwarf_>=3.5,88,-0.04582038292506581,0.22453480895795017,0.2911164748671912,0.2291252561612298,0.6203219868643204
source_only,feh,3.0,2034,metallicity_regime,intermediate,44,0.00332543079377384,0.21208264971246107,0.27956898700377997,0.23948790148735688,-0.37661581761266794
source_only,feh,3.0,2034,metallicity_regime,metal_rich_>=-0.5,42,-0.16707085590943624,0.19443696761240636,0.2386923710024336,0.1738203429167383,-0.48112195002240354
source_only,feh,3.0,2034,snr_regime,snr_<15,26,-0.06976227774384004,0.21588321982679062,0.262769209383953,0.22781771930639474,0.6925393532304538
source_only,feh,3.0,2034,snr_regime,snr_15_30,41,-0.021512279484864876,0.1989172898437949,0.26346929930764296,0.2424028047714013,0.5957376932760008
source_only,feh,3.0,2034,snr_regime,snr_>=30,24,-0.06242436970019153,0.2669194195093159,0.34834947003690797,0.25411311737460107,0.6321850737719845
source_only,feh,3.0,2035,temperature_regime,cool_<4000,26,-0.028556350259820625,0.18763518098176363,0.23815441553344546,0.22757795023838587,0.19239782043600928
source_only,feh,3.0,2035,temperature_regime,mid_4000_6000,55,-0.10593764235688721,0.2227770728594549,0.2971539077310696,0.22145226047588537,0.22164609832250315
source_only,feh,3.0,2035,temperature_regime,hot_>6000,10,0.2635065751290183,0.36912895580163296,0.45354267800227166,0.46583887111431177,0.40595792622775195
source_only,feh,3.0,2035,gravity_regime,dwarf_>=3.5,88,-0.04262420486544467,0.22971618532590446,0.30547050886568516,0.2426227661817246,0.581957479570341
source_only,feh,3.0,2035,metallicity_regime,intermediate,44,0.00988499423100713,0.22021175192323314,0.30063387239835004,0.23519166636590288,-0.5918809721056317
source_only,feh,3.0,2035,metallicity_regime,metal_rich_>=-0.5,42,-0.1751637125514026,0.19393475453069767,0.24240293357375692,0.18781068022035627,-0.5275290702177713
source_only,feh,3.0,2035,snr_regime,snr_<15,26,-0.05989090259340808,0.2355886169417002,0.30232561412794223,0.24105420384698445,0.5930036867755233
source_only,feh,3.0,2035,snr_regime,snr_15_30,41,-0.020693760517466034,0.20836517038655492,0.28228549848147,0.24227022627577496,0.5359333561887507
source_only,feh,3.0,2035,snr_regime,snr_>=30,24,-0.06368175151871801,0.256427801853302,0.338174038834679,0.21483942700115968,0.6533592867373497
source_only,logg,1.25,2026,temperature_regime,cool_<4000,26,0.019127139059397377,0.12408094063783329,0.15098291578762352,0.17826190725526364,-0.07176706406695588
source_only,logg,1.25,2026,temperature_regime,mid_4000_6000,55,0.01976267543344789,0.24145775433020153,0.3779141668361336,0.22942532657080927,0.4864279365755647
source_only,logg,1.25,2026,temperature_regime,hot_>6000,10,-0.0790892924666419,0.31242133267720573,0.3499907774012581,0.4835535391480601,-0.5360816413232585
source_only,logg,1.25,2026,gravity_regime,dwarf_>=3.5,88,-0.03342858365087798,0.1806297621650227,0.23412795223838204,0.20286416637039006,0.08236722894277526
source_only,logg,1.25,2026,metallicity_regime,intermediate,44,0.039754201548569096,0.27356253826256915,0.4151568198288579,0.3055007754089505,0.4826655993480933
source_only,logg,1.25,2026,metallicity_regime,metal_rich_>=-0.5,42,0.015621987162601537,0.14242366901702394,0.1794504124975785,0.16988307086068583,0.02621113085788296
source_only,logg,1.25,2026,snr_regime,snr_<15,26,0.03037020167861216,0.242591251131052,0.39265750163833696,0.19646269100651126,0.4093482228835499
source_only,logg,1.25,2026,snr_regime,snr_15_30,41,-0.024342421969262278,0.19186967266526667,0.2771207796867495,0.19514627699774634,0.2665514748581733
source_only,logg,1.25,2026,snr_regime,snr_>=30,24,0.041740579033891,0.22735271511806335,0.3237390941500237,0.2549080297825041,0.5768807462409341
source_only,logg,1.25,2027,temperature_regime,cool_<4000,26,0.02107196472394141,0.1307092957083997,0.15563409120171307,0.16561909800651534,-0.13881783091227207
source_only,logg,1.25,2027,temperature_regime,mid_4000_6000,55,0.021486541112263967,0.22601790746414277,0.34459895478454294,0.22657348699730773,0.5729851700310999
source_only,logg,1.25,2027,temperature_regime,hot_>6000,10,-0.12266248845060676,0.3310158402820436,0.37437260922401444,0.49256157429808833,-0.7575562381083014
source_only,logg,1.25,2027,gravity_regime,dwarf_>=3.5,88,-0.03279211924947582,0.17898718804911232,0.22810596350001616,0.21768423351347665,0.12896489113859366
source_only,logg,1.25,2027,metallicity_regime,intermediate,44,0.04044484860743553,0.25491689832598863,0.37788663597967964,0.2424060454689861,0.5713823293663258
source_only,logg,1.25,2027,metallicity_regime,metal_rich_>=-0.5,42,0.01245964731488879,0.14579449783241952,0.1824120049375662,0.17698607400548524,-0.006196304026705013
source_only,logg,1.25,2027,snr_regime,snr_<15,26,0.009267085553744293,0.24919799993435524,0.3779838605640157,0.26019500062450757,0.4526687690877027
source_only,logg,1.25,2027,snr_regime,snr_15_30,41,-0.010397784932842404,0.1759406280856793,0.24392158112075565,0.20080621100885068,0.4317598606920281
source_only,logg,1.25,2027,snr_regime,snr_>=30,24,0.028682121555838085,0.2269529688316915,0.31678133212770393,0.25189653940355866,0.5948725641931046
source_only,logg,1.25,2028,temperature_regime,cool_<4000,26,0.018963551039879106,0.12823448376777874,0.15206084080297724,0.15780871169477537,-0.08712520618377328
source_only,logg,1.25,2028,temperature_regime,mid_4000_6000,55,0.015028002112200784,0.24333687734423234,0.37620989500942825,0.23414265625172542,0.4910495829163526
source_only,logg,1.25,2028,temperature_regime,hot_>6000,10,-0.10474981566270185,0.3349967004855474,0.3659615290885648,0.5145624308176633,-0.6794688953288166
source_only,logg,1.25,2028,gravity_regime,dwarf_>=3.5,88,-0.039519585854176316,0.18542924994320573,0.2351318269120685,0.22014161108073685,0.07448125729621435
source_only,logg,1.25,2028,metallicity_regime,intermediate,44,0.03463685682777229,0.2768936767903236,0.41465137179678835,0.29312474183905307,0.4839245283337529
source_only,logg,1.25,2028,metallicity_regime,metal_rich_>=-0.5,42,0.011169145208975379,0.1467437748894808,0.18261573076773083,0.16870332840436575,-0.00844508855563797
source_only,logg,1.25,2028,snr_regime,snr_<15,26,0.01396302308791797,0.2582756943121933,0.39719609613568074,0.24137038098922467,0.3956150243021104
source_only,logg,1.25,2028,snr_regime,snr_15_30,41,-0.022681566263602064,0.18867874957197062,0.27348578427208425,0.1805244843952011,0.285666580693839
source_only,logg,1.25,2028,snr_regime,snr_>=30,24,0.03495832929594578,0.2340247938409448,0.3263670236970855,0.26984302794936343,0.5699835836403424
source_only,logg,1.25,2029,temperature_regime,cool_<4000,26,0.017110624427979042,0.12243685473998414,0.1484404008490273,0.16041062263786932,-0.03597440857598033
source_only,logg,1.25,2029,temperature_regime,mid_4000_6000,55,0.008495996861746694,0.24516133230021503,0.3780184949050626,0.24903886668377978,0.4861443410818933
source_only,logg,1.25,2029,temperature_regime,hot_>6000,10,-0.10789282495776913,0.3302757284144565,0.36146743271182397,0.4835428779152358,-0.6384735954537724
source_only,logg,1.25,2029,gravity_regime,dwarf_>=3.5,88,-0.04260048346311768,0.18622634575222488,0.24477139911899937,0.21962129678961684,-0.002960252588591228
source_only,logg,1.25,2029,metallicity_regime,intermediate,44,0.023165128664536714,0.27609439994349605,0.41439293257898524,0.26587070563387755,0.48456763522465174
source_only,logg,1.25,2029,metallicity_regime,metal_rich_>=-0.5,42,0.014259560817764059,0.14373561389862574,0.1813666067888826,0.16629973272558865,0.0053036147247425
source_only,logg,1.25,2029,snr_regime,snr_<15,26,0.016700008198237103,0.25262251531466473,0.39266069934786196,0.2518216060450648,0.40933860258852695
source_only,logg,1.25,2029,snr_regime,snr_15_30,41,-0.031204190438356025,0.1977290249161606,0.29382125992098956,0.19201283615720208,0.1754862766769285
source_only,logg,1.25,2029,snr_regime,snr_>=30,24,0.02826664199017768,0.22062139017300467,0.3021149867064523,0.24307355439385672,0.6315173596996823
source_only,logg,1.25,2030,temperature_regime,cool_<4000,26,0.02059925192441731,0.12532413210624316,0.15150431227127398,0.18385277912682485,-0.07918221389081026
source_only,logg,1.25,2030,temperature_regime,mid_4000_6000,55,0.00985378149964607,0.2404601435751622,0.38314086607324255,0.21781063671070444,0.4721238997782411
source_only,logg,1.25,2030,temperature_regime,hot_>6000,10,-0.11954225437839913,0.32131113758683216,0.357802140486542,0.4491482714389552,-0.6054137063464025
source_only,logg,1.25,2030,gravity_regime,dwarf_>=3.5,88,-0.045100252712991985,0.18006714181579406,0.233805242624461,0.2107997944050162,0.084895118758612
source_only,logg,1.25,2030,metallicity_regime,intermediate,44,0.030161296993945742,0.26852364015624314,0.41894778133622895,0.24590171158495475,0.47317449175299964
source_only,logg,1.25,2030,metallicity_regime,metal_rich_>=-0.5,42,0.00905664323577815,0.14420110584488008,0.18155691163868903,0.18221390067672683,0.0032150840759027632
source_only,logg,1.25,2030,snr_regime,snr_<15,26,0.02150482491040858,0.25039628436168004,0.3992609726262605,0.24357264092233888,0.3893147397060235
source_only,logg,1.25,2030,snr_regime,snr_15_30,41,-0.03228554629940299,0.18931751733146052,0.2788961580501728,0.19834742372161004,0.2571236740202738
source_only,logg,1.25,2030,snr_regime,snr_>=30,24,0.0269457474723455,0.2260218793029584,0.3302208094696768,0.22699805285447924,0.5597682420497767
source_only,logg,1.25,2031,temperature_regime,cool_<4000,26,0.020441871247230327,0.12032110007145459,0.14610930745705827,0.17062238676616545,-0.003692213271671907
source_only,logg,1.25,2031,temperature_regime,mid_4000_6000,55,0.014558049527081392,0.24708266912445873,0.37197996535028865,0.27688224139422346,0.502430047983899
source_only,logg,1.25,2031,temperature_regime,hot_>6000,10,-0.10911137973268867,0.3480279074211914,0.3946526006555747,0.5229645743173652,-0.9531294831789419
source_only,logg,1.25,2031,gravity_regime,dwarf_>=3.5,88,-0.038883633213964555,0.18790167245449438,0.24238898220823316,0.2363898111597313,0.016468821595278738
source_only,logg,1.25,2031,metallicity_regime,intermediate,44,0.03446394026730972,0.28054263310902033,0.4088056460897337,0.331049227480083,0.49837314848767933
source_only,logg,1.25,2031,metallicity_regime,metal_rich_>=-0.5,42,0.01495446085456807,0.14168727315607532,0.17839167079320806,0.17388055045130787,0.037667772219399986
source_only,logg,1.25,2031,snr_regime,snr_<15,26,0.000981622724196893,0.2479938538678179,0.3832273514788214,0.22222660098752206,0.437377997060973
source_only,logg,1.25,2031,snr_regime,snr_15_30,41,-0.021576578190656313,0.19442833079070582,0.27681581036272207,0.23643349075466394,0.268164895710149
source_only,logg,1.25,2031,snr_regime,snr_>=30,24,0.04584104558659866,0.24078219645553167,0.3392825239642618,0.30168447535937787,0.5352756013134112
source_only,logg,1.25,2032,temperature_regime,cool_<4000,26,0.012931841948093662,0.12101745555798216,0.14956151881224566,0.17006451190283775,-0.051682201351964
source_only,logg,1.25,2032,temperature_regime,mid_4000_6000,55,0.010827630153208307,0.24644408798759618,0.37698704760207247,0.22159989536637073,0.48894469054060496
source_only,logg,1.25,2032,temperature_regime,hot_>6000,10,-0.06847289617856438,0.30568383944034627,0.3334587583873622,0.4636888354360772,-0.3943935184100156
source_only,logg,1.25,2032,gravity_regime,dwarf_>=3.5,88,-0.038549339067981,0.18316314378358198,0.23559830146569125,0.22262836764526583,0.0708053687500898
source_only,logg,1.25,2032,metallicity_regime,intermediate,44,0.02959569631878162,0.27869796418105075,0.41426119294928787,0.2889024347046619,0.4848953052693542
source_only,logg,1.25,2032,metallicity_regime,metal_rich_>=-0.5,42,0.01230266812774912,0.14102625100385588,0.177203438350305,0.16387177708861278,0.0504448950292844
source_only,logg,1.25,2032,snr_regime,snr_<15,26,0.019598694084546595,0.24137336406952306,0.38482535894399394,0.2357827610543685,0.43267609534351326
source_only,logg,1.25,2032,snr_regime,snr_15_30,41,-0.03177654746586695,0.1972594770231867,0.2823398392292791,0.19275476862019505,0.23866502505444698
source_only,logg,1.25,2032,snr_regime,snr_>=30,24,0.04334545779973257,0.22476546060293898,0.3156599236705104,0.26175338909382007,0.5977357960211137
source_only,logg,1.25,2033,temperature_regime,cool_<4000,26,0.016200624490395728,0.12444813405856098,0.1518317646096715,0.17247661627227107,-0.08385221466062753
source_only,logg,1.25,2033,temperature_regime,mid_4000_6000,55,0.0009484849879232371,0.2487242148356,0.3654521210125122,0.2817416157351689,0.5197404385342068
source_only,logg,1.25,2033,temperature_regime,hot_>6000,10,-0.11953245210647609,0.35295299444595957,0.39894078820479106,0.5481131182959063,-0.9958044223306279
source_only,logg,1.25,2033,gravity_regime,dwarf_>=3.5,88,-0.047318472944651774,0.19321510496351726,0.24909056467747095,0.22022744206139502,-0.03866844053823648
source_only,logg,1.25,2033,metallicity_regime,intermediate,44,0.0169428623287061,0.28024238542399577,0.40155564896356066,0.33987152033296114,0.5160076638767012
source_only,logg,1.25,2033,metallicity_regime,metal_rich_>=-0.5,42,0.010789822124772471,0.14747019537148015,0.1835038333099732,0.18413857067105363,-0.018277542797197954
source_only,logg,1.25,2033,snr_regime,snr_<15,26,-0.0022090997642429944,0.25741747110699975,0.3772390859788183,0.2331769192732285,0.45482355308887124
source_only,logg,1.25,2033,snr_regime,snr_15_30,41,-0.034700750386327486,0.19484788123427352,0.27410760096714504,0.20593970065987796,0.2824145695387179
source_only,logg,1.25,2033,snr_regime,snr_>=30,24,0.031592739572127125,0.2401414944397073,0.33886297923541087,0.2779210526505677,0.5364242141061788
source_only,logg,1.25,2034,temperature_regime,cool_<4000,26,0.018752352591508877,0.1256291429927715,0.1495098047385241,0.1850405550649474,-0.050955044144237904
source_only,logg,1.25,2034,temperature_regime,mid_4000_6000,55,0.016605092830730247,0.23078824482000218,0.3546259009627858,0.2178800407679086,0.5477735595775044
source_only,logg,1.25,2034,temperature_regime,hot_>6000,10,-0.13789144411683144,0.36182069852948223,0.4145501036850843,0.554568073986174,-1.1550390991792399
source_only,logg,1.25,2034,gravity_regime,dwarf_>=3.5,88,-0.03905569505962452,0.18317147921657914,0.23873492233068855,0.21254258062425382,0.04589914107455506
source_only,logg,1.25,2034,metallicity_regime,intermediate,44,0.031245661447897168,0.26294928641707577,0.392276195860877,0.294938041009782,0.5381181302488538
source_only,logg,1.25,2034,metallicity_regime,metal_rich_>=-0.5,42,0.014418835013158956,0.14403991008325234,0.1798846456928289,0.17133815534782496,0.021492690224051203
source_only,logg,1.25,2034,snr_regime,snr_<15,26,-0.00019484769839460083,0.26112254495804105,0.4037967896092104,0.24556218491461873,0.37536050497851836
source_only,logg,1.25,2034,snr_regime,snr_15_30,41,-0.019060107549516144,0.18023939415933643,0.2521605418507488,0.2061718694549797,0.3927245657739835
source_only,logg,1.25,2034,snr_regime,snr_>=30,24,0.03368572006622924,0.22495486828188097,0.31425468809485574,0.2644305066791493,0.6013093744035662
source_only,logg,1.25,2035,temperature_regime,cool_<4000,26,0.015854841581522044,0.12232218455427737,0.14862616689033328,0.1674877637580046,-0.03856897560672823
source_only,logg,1.25,2035,temperature_regime,mid_4000_6000,55,0.015638724077831744,0.2366110527948898,0.36026818125717297,0.25129845670199785,0.5332687709136128
source_only,logg,1.25,2035,temperature_regime,hot_>6000,10,-0.09748901382088779,0.3351451767782374,0.37357540381243615,0.511640888128669,-0.7500789735201931
source_only,logg,1.25,2035,gravity_regime,dwarf_>=3.5,88,-0.03718882809872878,0.1815381139776472,0.23120447918909542,0.22954167254310937,0.1051404676290939
source_only,logg,1.25,2035,metallicity_regime,intermediate,44,0.04058584985633687,0.26337297298014123,0.3937217401733733,0.3099810935535427,0.5347077734351464
source_only,logg,1.25,2035,metallicity_regime,metal_rich_>=-0.5,42,0.008330035271152784,0.14568696073596468,0.1812893108023811,0.1875117389478695,0.0061512862541082125
source_only,logg,1.25,2035,snr_regime,snr_<15,26,0.01872447334038907,0.24255103237353867,0.3817950795991764,0.1995237747641516,0.44157561929502953
source_only,logg,1.25,2035,snr_regime,snr_15_30,41,-0.02287363349664477,0.18755964024037836,0.2655541593499488,0.19944648877942453,0.3264998894003276
source_only,logg,1.25,2035,snr_regime,snr_>=30,24,0.03118534307099004,0.2312151824310421,0.31802180906299826,0.26255883024063986,0.5916934929948547
source_only,logg,1.5,2026,temperature_regime,cool_<4000,26,0.016265656772332784,0.12386573209976594,0.1491543798883769,0.18648388017663417,-0.045964180264542964
source_only,logg,1.5,2026,temperature_regime,mid_4000_6000,55,0.014343913685191875,0.2460531086777196,0.38525087489140625,0.2281696879665336,0.46629371921958396
source_only,logg,1.5,2026,temperature_regime,hot_>6000,10,-0.0716235854327691,0.310788504550855,0.3474664500915094,0.4650027146294397,-0.5140034067792358
source_only,logg,1.5,2026,gravity_regime,dwarf_>=3.5,88,-0.037337684189957115,0.18272741334343523,0.23703701286335344,0.2109959863628497,0.05942222464377778
source_only,logg,1.5,2026,metallicity_regime,intermediate,44,0.03586770216398192,0.27809141076649674,0.42323195155312293,0.2957002416861619,0.46234473982023183
source_only,logg,1.5,2026,metallicity_regime,metal_rich_>=-0.5,42,0.012587003360192008,0.14319158147015312,0.1785729119267565,0.17153391480890112,0.03571137164201643
source_only,logg,1.5,2026,snr_regime,snr_<15,26,0.030155279559966528,0.24070780177146991,0.39862134634139496,0.19931989676529402,0.3912698391880396
source_only,logg,1.5,2026,snr_regime,snr_15_30,41,-0.03112350896364254,0.19857436898520375,0.28380816220224864,0.21651149981695325,0.23072571016358856
source_only,logg,1.5,2026,snr_regime,snr_>=30,24,0.04115054472453037,0.22755679512189456,0.3237123012613233,0.25203763894808334,0.5769507786723928
source_only,logg,1.5,2027,temperature_regime,cool_<4000,26,0.023913491402680755,0.13024550701945273,0.15231900697671213,0.18488665919846506,-0.09081974321569941
source_only,logg,1.5,2027,temperature_regime,mid_4000_6000,55,0.017969685307054773,0.22564938300486753,0.3395626796533037,0.21866704803842166,0.5853755096532185
source_only,logg,1.5,2027,temperature_regime,hot_>6000,10,-0.15031772237022753,0.3415188545087974,0.3919494128795571,0.4967060268614292,-0.9264650493617128
source_only,logg,1.5,2027,gravity_regime,dwarf_>=3.5,88,-0.03607692753726803,0.18102968096507316,0.2312928925838253,0.21864057677730944,0.10445594199397434
source_only,logg,1.5,2027,metallicity_regime,intermediate,44,0.0378293300690977,0.25198932590132395,0.37026941297393334,0.22529187678974635,0.5884878330644954
source_only,logg,1.5,2027,metallicity_regime,metal_rich_>=-0.5,42,0.010142692320403197,0.14621857374670025,0.18303145531533022,0.16713494648370428,-0.013041763452545041
source_only,logg,1.5,2027,snr_regime,snr_<15,26,0.004864748636117693,0.2564052834304478,0.38497967494525986,0.22523651462748465,0.4322210073007099
source_only,logg,1.5,2027,snr_regime,snr_15_30,41,-0.0127321060692394,0.1756186821887165,0.23793231375075366,0.19511192086344917,0.45932248274705056
source_only,logg,1.5,2027,snr_regime,snr_>=30,24,0.02093496370646634,0.22272435224718504,0.31001343460150027,0.23352716277575536,0.6119983942383385
source_only,logg,1.5,2028,temperature_regime,cool_<4000,26,0.018590403665334633,0.12585944542518057,0.1500160434778471,0.15133345737716664,-0.05808414031013909
source_only,logg,1.5,2028,temperature_regime,mid_4000_6000,55,0.008656811291521245,0.24629830510688538,0.3783930871523235,0.2370301635153245,0.48512544005196545
source_only,logg,1.5,2028,temperature_regime,hot_>6000,10,-0.11662401501337713,0.3437195696234704,0.3719421221930542,0.5139713985570036,-0.7348096418033208
source_only,logg,1.5,2028,gravity_regime,dwarf_>=3.5,88,-0.044819378331303644,0.18771145225925884,0.23883234469566453,0.22474252799647854,0.04512028788663702
source_only,logg,1.5,2028,metallicity_regime,intermediate,44,0.028468534560366233,0.2794810801450951,0.41619240907503074,0.29298507300233856,0.4800814474664319
source_only,logg,1.5,2028,metallicity_regime,metal_rich_>=-0.5,42,0.008377135511901387,0.1463704829958699,0.18388551779174514,0.18109116973221617,-0.022517944021225977
source_only,logg,1.5,2028,snr_regime,snr_<15,26,0.00849177132432314,0.2585882473259397,0.3984085539381111,0.23078790484002323,0.3919195714781295
source_only,logg,1.5,2028,snr_regime,snr_15_30,41,-0.029112008558056273,0.19245367422336493,0.2778736231833688,0.162646660913766,0.2625609983217826
source_only,logg,1.5,2028,snr_regime,snr_>=30,24,0.0319183859436043,0.23508554102232093,0.32600997490236266,0.2606327897772794,0.570923953509892
source_only,logg,1.5,2029,temperature_regime,cool_<4000,26,0.015783458512562874,0.1198539917591292,0.14554049215911305,0.15959718755474725,0.004107483890386288
source_only,logg,1.5,2029,temperature_regime,mid_4000_6000,55,0.0011345570033247088,0.24994521277059162,0.3852358089540728,0.23081335498756164,0.46633546151625316
source_only,logg,1.5,2029,temperature_regime,hot_>6000,10,-0.12459409484267252,0.3347418289681276,0.36678616825593385,0.456066333359274,-0.6870462832010817
source_only,logg,1.5,2029,gravity_regime,dwarf_>=3.5,88,-0.04923863442445343,0.1892134015950739,0.2530977226276833,0.2102424610279224,-0.07235567989281266
source_only,logg,1.5,2029,metallicity_regime,intermediate,44,0.012280491163784683,0.27911725705545903,0.4215291688185611,0.2738036248381422,0.46666231750709064
source_only,logg,1.5,2029,metallicity_regime,metal_rich_>=-0.5,42,0.013453836895170783,0.14406848368190592,0.18181398296277176,0.17150367008170564,0.00039033642163022186
source_only,logg,1.5,2029,snr_regime,snr_<15,26,0.012198495773168911,0.25621183362526734,0.39572069151291034,0.23062247796049598,0.4000967210799291
source_only,logg,1.5,2029,snr_regime,snr_15_30,41,-0.040255399998126,0.2063262213560622,0.3107949753746898,0.19521367196649128,0.07747226223451531
source_only,logg,1.5,2029,snr_regime,snr_>=30,24,0.023339171579314293,0.2120719178310698,0.29058975324973535,0.2344956456263072,0.6590952236864658
source_only,logg,1.5,2030,temperature_regime,cool_<4000,26,0.01684444378965975,0.12563431594998437,0.14975283349476473,0.17398903298011534,-0.05437448388627408
source_only,logg,1.5,2030,temperature_regime,mid_4000_6000,55,0.00019440005222984332,0.244651431497299,0.3921590226030341,0.2048562244848066,0.44698174259541024
source_only,logg,1.5,2030,temperature_regime,hot_>6000,10,-0.14094723260402717,0.3313849803805351,0.3697703450636024,0.45490321555393887,-0.7146096156287491
source_only,logg,1.5,2030,gravity_regime,dwarf_>=3.5,88,-0.0557775882529939,0.18282463374124322,0.2376440131070578,0.2074278596239685,0.054598826416232704
source_only,logg,1.5,2030,metallicity_regime,intermediate,44,0.021859101562789293,0.2729361937172483,0.4274264729298955,0.25773496084198344,0.45163485933086955
source_only,logg,1.5,2030,metallicity_regime,metal_rich_>=-0.5,42,0.0013251955357810477,0.14401654193798705,0.18344651254635372,0.16107689629956934,-0.01764148709140123
source_only,logg,1.5,2030,snr_regime,snr_<15,26,0.013591949660808959,0.2566951819834032,0.4148139187830002,0.24834107694736188,0.3408103834002122
source_only,logg,1.5,2030,snr_regime,snr_15_30,41,-0.04242732832344529,0.19478487775335468,0.2861240908998737,0.1907539197680304,0.2181196355218229
source_only,logg,1.5,2030,snr_regime,snr_>=30,24,0.017721041060156133,0.22399650130834856,0.32776841019148767,0.22658874081105296,0.5662827624979225
source_only,logg,1.5,2031,temperature_regime,cool_<4000,26,0.020873466279262197,0.12134464857669981,0.14510298243778685,0.17597154582557237,0.01008599546692468
source_only,logg,1.5,2031,temperature_regime,mid_4000_6000,55,0.003429737286134033,0.2558425251715112,0.38265972983247065,0.2817342680770134,0.47344884772653884
source_only,logg,1.5,2031,temperature_regime,hot_>6000,10,-0.12175140573581067,0.3598794992566105,0.4121210288119976,0.5322263998600814,-1.1298579948920646
source_only,logg,1.5,2031,gravity_regime,dwarf_>=3.5,88,-0.04711095728770358,0.19506248729585698,0.25584610839243743,0.23522474487293257,-0.09577152985504589
source_only,logg,1.5,2031,metallicity_regime,intermediate,44,0.024873386587608747,0.2900335063107989,0.41963169614036355,0.32807303827730055,0.47145304640446406
source_only,logg,1.5,2031,metallicity_regime,metal_rich_>=-0.5,42,0.011267633558738773,0.1430900585627745,0.17953926238128295,0.15491815832257555,0.025246603155634206
source_only,logg,1.5,2031,snr_regime,snr_<15,26,-0.009922789063973378,0.2566827031855398,0.3931895106267416,0.23123488997992822,0.4077465984216623
source_only,logg,1.5,2031,snr_regime,snr_15_30,41,-0.03025568138535411,0.20052592199750074,0.286729720958348,0.21802263744491568,0.21480616825785948
source_only,logg,1.5,2031,snr_regime,snr_>=30,24,0.04217946121262119,0.247074235636327,0.3481565112672913,0.2997688590767363,0.5106478088051638
source_only,logg,1.5,2032,temperature_regime,cool_<4000,26,0.009407362548204802,0.12141662937708352,0.14944921948555867,0.17225415195912175,-0.050103468202896906
source_only,logg,1.5,2032,temperature_regime,mid_4000_6000,55,0.0022887511885529882,0.2534502912597224,0.38875244881982124,0.25453730863005214,0.4565478366980098
source_only,logg,1.5,2032,temperature_regime,hot_>6000,10,-0.07643120860060115,0.3122507056097195,0.3406245775897939,0.46613441150492496,-0.4549667209092545
source_only,logg,1.5,2032,gravity_regime,dwarf_>=3.5,88,-0.04648828741275889,0.1877497214914271,0.2449750604716316,0.2281102482722707,-0.004629967442183469
source_only,logg,1.5,2032,metallicity_regime,intermediate,44,0.020197807385614334,0.2858563865653492,0.4273892722521132,0.3173142645792061,0.4517303081084654
source_only,logg,1.5,2032,metallicity_regime,metal_rich_>=-0.5,42,0.009005157455565986,0.1423967844720871,0.1775961497203967,0.1710818350000696,0.046231497206192684
source_only,logg,1.5,2032,snr_regime,snr_<15,26,0.01006185831931958,0.24588913083840597,0.39070442698262475,0.26895459271487904,0.4152094023900986
source_only,logg,1.5,2032,snr_regime,snr_15_30,41,-0.041239978629883586,0.20370950331775184,0.2959986273493142,0.2074696050975351,0.1632208520256151
source_only,logg,1.5,2032,snr_regime,snr_>=30,24,0.04314131096419357,0.22807910005665485,0.32222579553761915,0.26259322268021057,0.5808271911159539
source_only,logg,1.5,2033,temperature_regime,cool_<4000,26,0.015785650687339964,0.12630383844559023,0.15322753233285266,0.18975666693574395,-0.10387120668474958
source_only,logg,1.5,2033,temperature_regime,mid_4000_6000,55,-0.010468845165137587,0.2536716473752799,0.3629641497221109,0.2809867873132207,0.526257323410984
source_only,logg,1.5,2033,temperature_regime,hot_>6000,10,-0.1240727435052396,0.36121991838018064,0.40599379979099154,0.5273965634348389,-1.066997256838365
source_only,logg,1.5,2033,gravity_regime,dwarf_>=3.5,88,-0.05316890520128367,0.1997188969611217,0.2566492138894829,0.23040593987652694,-0.102661619715128
source_only,logg,1.5,2033,metallicity_regime,intermediate,44,0.005589538778770755,0.2868126102356292,0.39927564753244116,0.3517812385218423,0.5214882014786772
source_only,logg,1.5,2033,metallicity_regime,metal_rich_>=-0.5,42,0.007111441360579179,0.14946613080917864,0.18605984541010076,0.16969185824912872,-0.046842137812039164
source_only,logg,1.5,2033,snr_regime,snr_<15,26,-0.01587357526406253,0.26015288698367567,0.3684864619615796,0.2758446089916205,0.47982821645105744
source_only,logg,1.5,2033,snr_regime,snr_15_30,41,-0.04097878239019165,0.199790395527351,0.27577951836888365,0.20125272248638,0.2736340579590072
source_only,logg,1.5,2033,snr_regime,snr_>=30,24,0.028614834733306633,0.24552742961794127,0.3449668870201505,0.29354681529834814,0.5195731037707604
source_only,logg,1.5,2034,temperature_regime,cool_<4000,26,0.016265130818654463,0.1239687450917866,0.14906034479908375,0.1671502808612877,-0.044645729807546886
source_only,logg,1.5,2034,temperature_regime,mid_4000_6000,55,0.010722857347040355,0.22820720232074904,0.34929822633735663,0.21946184997123266,0.561259417843026
source_only,logg,1.5,2034,temperature_regime,hot_>6000,10,-0.1701417903602133,0.38439655360579505,0.4514486941102078,0.5393109561676691,-1.5557472373337724
source_only,logg,1.5,2034,gravity_regime,dwarf_>=3.5,88,-0.04602296282960625,0.18474199608306988,0.2466684115793066,0.21109072178378985,-0.01856665856330153
source_only,logg,1.5,2034,metallicity_regime,intermediate,44,0.022189975130286775,0.25977852374089455,0.38682407354043535,0.2795244683549683,0.5508680059402391
source_only,logg,1.5,2034,metallicity_regime,metal_rich_>=-0.5,42,0.0125667697664293,0.14274674779365942,0.1796170134882954,0.17505408676696033,0.024402168740145447
source_only,logg,1.5,2034,snr_regime,snr_<15,26,-0.016796201329964663,0.26826713361801213,0.4118776294447983,0.24934806843128882,0.3501095935608183
source_only,logg,1.5,2034,snr_regime,snr_15_30,41,-0.022772583130414123,0.177403636073194,0.2476316557628468,0.1768623824369875,0.41434240707869774
source_only,logg,1.5,2034,snr_regime,snr_>=30,24,0.028400408112340125,0.22375227012568044,0.3163173541002783,0.25790508457884376,0.5960584457644824
source_only,logg,1.5,2035,temperature_regime,cool_<4000,26,0.01138744421494295,0.12149290479910668,0.14633061764957395,0.17594739007535704,-0.006735079571436486
source_only,logg,1.5,2035,temperature_regime,mid_4000_6000,55,0.013137261603817875,0.23432993814800712,0.3500269325073791,0.23513769762861844,0.5594269066086726
source_only,logg,1.5,2035,temperature_regime,hot_>6000,10,-0.10400375228126904,0.3379576027890049,0.384065533413209,0.4784838577546473,-0.8497445961458325
source_only,logg,1.5,2035,gravity_regime,dwarf_>=3.5,88,-0.039466947321638975,0.18153251558542244,0.22995429143746351,0.21856697021842358,0.11479181826886453
source_only,logg,1.5,2035,metallicity_regime,intermediate,44,0.04147332236396559,0.25705622400072436,0.379574094758484,0.2822247842032309,0.5675457843326177
source_only,logg,1.5,2035,metallicity_regime,metal_rich_>=-0.5,42,0.0028470327622358675,0.1464344797555419,0.18199548932596193,0.17766927689957646,-0.00160649656068923
source_only,logg,1.5,2035,snr_regime,snr_<15,26,0.009312214056650699,0.2386359811516909,0.3770233288711902,0.22432479438034267,0.4554469882547483
source_only,logg,1.5,2035,snr_regime,snr_15_30,41,-0.02169809996354867,0.18716627103768693,0.25669642937958187,0.2209079764070521,0.3706806135509243
source_only,logg,1.5,2035,snr_regime,snr_>=30,24,0.026087081167432784,0.23117439701325362,0.3144374929766595,0.254743573351177,0.6008453953846868
source_only,logg,2.0,2026,temperature_regime,cool_<4000,26,0.012744005884115573,0.12565861713045728,0.1501961130646956,0.19607157144242454,-0.060625776775215634
source_only,logg,2.0,2026,temperature_regime,mid_4000_6000,55,0.006784729356115457,0.25211865717172627,0.3983269698775773,0.21906083084874559,0.42944899916290113
source_only,logg,2.0,2026,temperature_regime,hot_>6000,10,-0.04976468966404664,0.28964793692032503,0.3355190710852002,0.4094847111858723,-0.41167758624200634
source_only,logg,2.0,2026,gravity_regime,dwarf_>=3.5,88,-0.04120411169687014,0.18406034498616616,0.24366402516343175,0.20136686223182232,0.00609423422934352
source_only,logg,2.0,2026,metallicity_regime,intermediate,44,0.029994816836534155,0.28321635861062633,0.4370170355798595,0.2933027410966147,0.4267504286494196
source_only,logg,2.0,2026,metallicity_regime,metal_rich_>=-0.5,42,0.009092178857988594,0.1446148499586283,0.1788430170967058,0.1784412054759293,0.03279204503915112
source_only,logg,2.0,2026,snr_regime,snr_<15,26,0.03201658302392718,0.24118607748013293,0.41106798306917025,0.20658962847745246,0.35266211987115526
source_only,logg,2.0,2026,snr_regime,snr_15_30,41,-0.04054293751716601,0.20385862554961134,0.29665369425370763,0.18454692058777628,0.1595130451667438
source_only,logg,2.0,2026,snr_regime,snr_>=30,24,0.04319527710477452,0.22504532904260668,0.31867320856274806,0.24816410911318754,0.5900191232582248
source_only,logg,2.0,2027,temperature_regime,cool_<4000,26,0.02362682141554619,0.128898664132143,0.15085544224521094,0.15681247931328493,-0.06995806111804859
source_only,logg,2.0,2027,temperature_regime,mid_4000_6000,55,0.007649457649751021,0.2259950360023615,0.3390469782769438,0.24178626605546238,0.586633952142454
source_only,logg,2.0,2027,temperature_regime,hot_>6000,10,-0.18006666924556125,0.36167900846401846,0.41860141936812834,0.49339982952538297,-1.1973664585629642
source_only,logg,2.0,2027,gravity_regime,dwarf_>=3.5,88,-0.04433608001493168,0.18479495972507845,0.2412640249628323,0.2060826855750672,0.02557701599183393
source_only,logg,2.0,2027,metallicity_regime,intermediate,44,0.027083153270862113,0.24883496656336582,0.36682267872804525,0.19923667527255307,0.5961134775820937
source_only,logg,2.0,2027,metallicity_regime,metal_rich_>=-0.5,42,0.005424892944948766,0.1491426283546858,0.19010287692975175,0.16346761531347628,-0.09283164608716676
source_only,logg,2.0,2027,snr_regime,snr_<15,26,-0.012310098478427626,0.2597434600499959,0.3984759424599476,0.20973863765475104,0.3917138474473717
source_only,logg,2.0,2027,snr_regime,snr_15_30,41,-0.018216364286779523,0.17775179587244067,0.23280401651767882,0.20238246351623707,0.4823783976853042
source_only,logg,2.0,2027,snr_regime,snr_>=30,24,0.012553513803415553,0.2231970308389927,0.31063803903215187,0.2247657141822006,0.6104333545870314
source_only,logg,2.0,2028,temperature_regime,cool_<4000,26,0.008870465751641906,0.12333092115246298,0.1482862975270955,0.144435178298861,-0.03382453255690354
source_only,logg,2.0,2028,temperature_regime,mid_4000_6000,55,-0.006557947998696962,0.2568638774897111,0.39223410509548573,0.22664211443084487,0.44676996134530866
source_only,logg,2.0,2028,temperature_regime,hot_>6000,10,-0.13819062719742434,0.34977525025606193,0.3821747734515138,0.5085523843123282,-0.8315767899401352
source_only,logg,2.0,2028,gravity_regime,dwarf_>=3.5,88,-0.05991024613944857,0.193996924506218,0.25396941372331916,0.20501851430842152,-0.07975497682149646
source_only,logg,2.0,2028,metallicity_regime,intermediate,44,0.00932444713106701,0.289282969279271,0.4300896899447247,0.283747172417254,0.44478004215074063
source_only,logg,2.0,2028,metallicity_regime,metal_rich_>=-0.5,42,-0.0004885834289922624,0.14765958557289732,0.18810681238505295,0.1792657068203376,-0.0700028443998637
source_only,logg,2.0,2028,snr_regime,snr_<15,26,-0.00544354505263805,0.2598985081376163,0.3952427281781703,0.22777770871111663,0.4015450082998686
source_only,logg,2.0,2028,snr_regime,snr_15_30,41,-0.04686110856571811,0.20530245716978882,0.30507040479500813,0.19683581302041223,0.11114358369935506
source_only,logg,2.0,2028,snr_regime,snr_>=30,24,0.022953180008464375,0.23571282328830864,0.33018173542180584,0.2599391342032006,0.5598724185194717
source_only,logg,2.0,2029,temperature_regime,cool_<4000,26,0.011091589217002876,0.11801490679001238,0.1434070637301114,0.14362141241794818,0.033090387577045965
source_only,logg,2.0,2029,temperature_regime,mid_4000_6000,55,-0.017551375721440186,0.2595690550370648,0.4000327143998452,0.23603866871494125,0.4245520270657358
source_only,logg,2.0,2029,temperature_regime,hot_>6000,10,-0.1623702135185412,0.34899683766563794,0.394505618957908,0.49523530179518477,-0.951674933893123
source_only,logg,2.0,2029,gravity_regime,dwarf_>=3.5,88,-0.06562401605262001,0.1972771255434915,0.2751999148967766,0.20503040911066264,-0.2678240100007663
source_only,logg,2.0,2029,metallicity_regime,intermediate,44,-0.012457368468696627,0.2887263428261784,0.4389239574160869,0.23604651897659984,0.4217367701585327
source_only,logg,2.0,2029,metallicity_regime,metal_rich_>=-0.5,42,0.007529296579342315,0.14433195647502717,0.18185959973761492,0.1880990380243664,-0.00011132674594005465
source_only,logg,2.0,2029,snr_regime,snr_<15,26,-0.02123831484562298,0.2783775472946658,0.41405375592033083,0.21642346143117322,0.3432241516388972
source_only,logg,2.0,2029,snr_regime,snr_15_30,41,-0.049329378154219485,0.21762832050401032,0.33977843010254744,0.2039530325169521,-0.10261289182027733
source_only,logg,2.0,2029,snr_regime,snr_>=30,24,0.01141892542027704,0.19475319207956374,0.26627160192519983,0.18835343102577473,0.7137653566640684
source_only,logg,2.0,2030,temperature_regime,cool_<4000,26,0.007733190548725677,0.12892933234190365,0.15400083555209818,0.15080460508605634,-0.11504127739211722
source_only,logg,2.0,2030,temperature_regime,mid_4000_6000,55,-0.021082274149764442,0.2535896655772672,0.4111958362451507,0.18602625096237232,0.39198756275000324
source_only,logg,2.0,2030,temperature_regime,hot_>6000,10,-0.18087845702966074,0.3486189205447829,0.39416581183433663,0.4809034465345746,-0.9483142343585329
source_only,logg,2.0,2030,gravity_regime,dwarf_>=3.5,88,-0.07789243096655052,0.1897556388897427,0.2532543234031186,0.20108984227853882,-0.07368310142792178
source_only,logg,2.0,2030,metallicity_regime,intermediate,44,-0.00016033779491051649,0.2878910741571222,0.45187785911478145,0.2402897442845975,0.38710069317915474
source_only,logg,2.0,2030,metallicity_regime,metal_rich_>=-0.5,42,-0.015352435738794433,0.14293301571219735,0.18416911335084946,0.1686601618700319,-0.02567431176624746
source_only,logg,2.0,2030,snr_regime,snr_<15,26,-0.012927224162296773,0.266647077844693,0.43386693860839987,0.23780093643501238,0.27886457244047924
source_only,logg,2.0,2030,snr_regime,snr_15_30,41,-0.0622287626237402,0.20660065631071745,0.3103609409721602,0.17978712580818298,0.08004713773647132
source_only,logg,2.0,2030,snr_regime,snr_>=30,24,0.005010016730261672,0.2242638550160662,0.3307986823283782,0.224461891359956,0.558226118899629
source_only,logg,2.0,2031,temperature_regime,cool_<4000,26,0.01692729556789783,0.12060139107016392,0.14664092207226265,0.18574915972408487,-0.01100931253570403
source_only,logg,2.0,2031,temperature_regime,mid_4000_6000,55,-0.010961444961302478,0.2636018693573545,0.3925546847510805,0.2892075040572264,0.44586526300162044
source_only,logg,2.0,2031,temperature_regime,hot_>6000,10,-0.1511462299128373,0.3853830131987731,0.4383499339275207,0.5204938883985291,-1.4095890929548744
source_only,logg,2.0,2031,gravity_regime,dwarf_>=3.5,88,-0.06054927780208274,0.20265300858088497,0.27093403194549615,0.24163375354528585,-0.2288234817865975
source_only,logg,2.0,2031,metallicity_regime,intermediate,44,0.01205184605988577,0.2985834807654221,0.43014147304199923,0.3747671937059749,0.4446463363652776
source_only,logg,2.0,2031,metallicity_regime,metal_rich_>=-0.5,42,0.002893547347140609,0.14342508710329469,0.1815306596222451,0.13938155922964324,0.003503321212450894
source_only,logg,2.0,2031,snr_regime,snr_<15,26,-0.03092709951293749,0.2637920295236962,0.40641889096510914,0.2266292650869786,0.36722182754275967
source_only,logg,2.0,2031,snr_regime,snr_15_30,41,-0.04303904857577339,0.2103131910552822,0.30194002148590077,0.22856791872579105,0.12929143136839005
source_only,logg,2.0,2031,snr_regime,snr_>=30,24,0.03726972882118409,0.2502556463993259,0.3490219135424391,0.29115320541220924,0.5082120489685464
source_only,logg,2.0,2032,temperature_regime,cool_<4000,26,0.006831641090222171,0.11888567197017211,0.1436121860296379,0.16884017883211377,0.030322370967379886
source_only,logg,2.0,2032,temperature_regime,mid_4000_6000,55,-0.011433494370995185,0.26791177137512134,0.41575047584217734,0.2565722234688388,0.37844358041680826
source_only,logg,2.0,2032,temperature_regime,hot_>6000,10,-0.09176649441321767,0.32694260028998146,0.35421943913763176,0.4470134125131962,-0.573424397177482
source_only,logg,2.0,2032,gravity_regime,dwarf_>=3.5,88,-0.059199939243721265,0.19607830355113212,0.26263243113783274,0.2196752255193308,-0.154673209158654
source_only,logg,2.0,2032,metallicity_regime,intermediate,44,0.005441233504450441,0.30315419156668766,0.45828607603616583,0.29321892450660547,0.36959401161160166
source_only,logg,2.0,2032,metallicity_regime,metal_rich_>=-0.5,42,0.004684078452133346,0.14170920084393215,0.1752258139293479,0.1601233291744607,0.07152106289636806
source_only,logg,2.0,2032,snr_regime,snr_<15,26,0.0047975509785691366,0.2555193619200816,0.4137751999507977,0.23835970832592313,0.3441075504289772
source_only,logg,2.0,2032,snr_regime,snr_15_30,41,-0.061729552794278164,0.21662892825719798,0.32294154397124214,0.17952665318226887,0.003954243166286342
source_only,logg,2.0,2032,snr_regime,snr_>=30,24,0.043220453038811314,0.2320963096370301,0.3272496865799366,0.24081863509023593,0.5676544709333917
source_only,logg,2.0,2033,temperature_regime,cool_<4000,26,0.017595580373054975,0.12867226016062994,0.15164293546711147,0.19717279139894128,-0.08115797451952389
source_only,logg,2.0,2033,temperature_regime,mid_4000_6000,55,-0.025084481631264578,0.25688991323564975,0.36455056573976,0.2903697165871268,0.5221070766929122
source_only,logg,2.0,2033,temperature_regime,hot_>6000,10,-0.1393361618022122,0.3709060013194878,0.4229121330812003,0.5700855388717656,-1.2428559826765935
source_only,logg,2.0,2033,gravity_regime,dwarf_>=3.5,88,-0.06210203058678991,0.20493214013337183,0.26653613983544,0.224641830482934,-0.18925391280851311
source_only,logg,2.0,2033,metallicity_regime,intermediate,44,-0.0072173464591753275,0.2912157041760104,0.3990995871685824,0.35106706273302024,0.5219101074354
source_only,logg,2.0,2033,metallicity_regime,metal_rich_>=-0.5,42,0.002749212608923743,0.14896586471843348,0.18658643290397056,0.18194640007058027,-0.05277607866292011
source_only,logg,2.0,2033,snr_regime,snr_<15,26,-0.026712666849294724,0.25965021713421865,0.35981176112547264,0.2937627233053178,0.5040311201966792
source_only,logg,2.0,2033,snr_regime,snr_15_30,41,-0.04837239770143003,0.2032642244008499,0.2809329801145067,0.18925119406575047,0.24623336896875037
source_only,logg,2.0,2033,snr_regime,snr_>=30,24,0.015094776074918733,0.25411438164197747,0.359040336773809,0.2855899410170611,0.47957400778321935
source_only,logg,2.0,2034,temperature_regime,cool_<4000,26,0.016881226855210762,0.1305942041560629,0.15050785351360843,0.20829208859014683,-0.06503312234368175
source_only,logg,2.0,2034,temperature_regime,mid_4000_6000,55,0.0008967366164382621,0.2283413058645797,0.34868027425688375,0.2105469966266197,0.5628104181745379
source_only,logg,2.0,2034,temperature_regime,hot_>6000,10,-0.20547851769129516,0.4070965550939243,0.4802587016269922,0.565126701470375,-1.892354910911243
source_only,logg,2.0,2034,gravity_regime,dwarf_>=3.5,88,-0.05566239274248028,0.18969828278390757,0.2534242865468265,0.20517361465591505,-0.07512471780529895
source_only,logg,2.0,2034,metallicity_regime,intermediate,44,0.012698132644096865,0.2611764249295897,0.38861230874044617,0.2237512432953995,0.54670585507404
source_only,logg,2.0,2034,metallicity_regime,metal_rich_>=-0.5,42,0.006668298384027203,0.14590678217628675,0.17978124328182798,0.1611129171744877,0.0226173102177194
source_only,logg,2.0,2034,snr_regime,snr_<15,26,-0.034502270825397884,0.28319173248150425,0.42310070632053004,0.25274291545152683,0.3142098900134761
source_only,logg,2.0,2034,snr_regime,snr_15_30,41,-0.028673155918353895,0.17700470978167032,0.24396900775297195,0.16086942370993168,0.4315388688802885
source_only,logg,2.0,2034,snr_regime,snr_>=30,24,0.021087736222478632,0.2252086889992153,0.3219415819641981,0.24309304797190354,0.5815663129569546
source_only,logg,2.0,2035,temperature_regime,cool_<4000,26,0.006354651156908227,0.12030178544230913,0.14475419466584175,0.14813903338936119,0.014839239365759926
source_only,logg,2.0,2035,temperature_regime,mid_4000_6000,55,-0.0013464611010116604,0.23793383340402077,0.34647662888797326,0.27804503421944254,0.5683189972907197
source_only,logg,2.0,2035,temperature_regime,hot_>6000,10,-0.1133542400697873,0.3388243331015116,0.3954009316400691,0.4593188122858391,-0.960543462057132
source_only,logg,2.0,2035,gravity_regime,dwarf_>=3.5,88,-0.04957368758704627,0.18502662401420594,0.23417835751569302,0.223242850391119,0.08197207310767363
source_only,logg,2.0,2035,metallicity_regime,intermediate,44,0.03208771516202073,0.2605485095919078,0.3749310042675034,0.319720116634727,0.5780609551509022
source_only,logg,2.0,2035,metallicity_regime,metal_rich_>=-0.5,42,-0.008949787966788686,0.1442850229522539,0.18044488962337468,0.1671539333343212,0.01538815075539457
source_only,logg,2.0,2035,snr_regime,snr_<15,26,-0.006636989926680475,0.23995115491060115,0.3843539008939563,0.20550869293546575,0.4340653259348305
source_only,logg,2.0,2035,snr_regime,snr_15_30,41,-0.029035058278378403,0.1939575647387074,0.25809011465075465,0.2440293562450997,0.36382851892495294
source_only,logg,2.0,2035,snr_regime,snr_>=30,24,0.013359262347221105,0.22547751699056917,0.29852368752270897,0.21675465865436416,0.6402257397221576
source_only,logg,2.5,2026,temperature_regime,cool_<4000,26,-0.003202260958078219,0.12621500360277962,0.15539334143962752,0.18192682033193053,-0.13529729034952886
source_only,logg,2.5,2026,temperature_regime,mid_4000_6000,55,-0.004467344520669737,0.25984981292124953,0.4114021207537314,0.25188080485785413,0.3913773668463979
source_only,logg,2.5,2026,temperature_regime,hot_>6000,10,-0.01986780742804246,0.27682816191514287,0.33488947014873516,0.4177026809532024,-0.40638453617675596
source_only,logg,2.5,2026,gravity_regime,dwarf_>=3.5,88,-0.050169899281904316,0.18698069425581973,0.2546738192167549,0.199620218889713,-0.08575286530514648
source_only,logg,2.5,2026,metallicity_regime,intermediate,44,0.027362147824782704,0.2905704471401192,0.45190225996718697,0.28323390230750856,0.3870344997642461
source_only,logg,2.5,2026,metallicity_regime,metal_rich_>=-0.5,42,-0.005907034890519194,0.14459599768122025,0.18194190520774356,0.17115894240406068,-0.001016786341165643
source_only,logg,2.5,2026,snr_regime,snr_<15,26,0.02209842650554162,0.2388704792199989,0.41523655084784394,0.20176787583118674,0.3394664719310605
source_only,logg,2.5,2026,snr_regime,snr_15_30,41,-0.053783877285999634,0.20995735908669197,0.3145387600564546,0.18043979706764002,0.05511316952575662
source_only,logg,2.5,2026,snr_regime,snr_>=30,24,0.04595579465644204,0.23011363505075333,0.3239664066180015,0.2559951275748041,0.5762863537198407
source_only,logg,2.5,2027,temperature_regime,cool_<4000,26,0.02856515910762986,0.13477414237765195,0.15697227352383147,0.16956645804965575,-0.15848572653624182
source_only,logg,2.5,2027,temperature_regime,mid_4000_6000,55,0.003033039602366569,0.23120321386149442,0.34267327870142156,0.21123844295453723,0.5777442946955006
source_only,logg,2.5,2027,temperature_regime,hot_>6000,10,-0.21233583201964742,0.3852067596912391,0.4442534624180343,0.5197617658721833,-1.4749289764309093
source_only,logg,2.5,2027,gravity_regime,dwarf_>=3.5,88,-0.04926263845553904,0.19262621457152312,0.25082037462531603,0.2134345720822804,-0.053144601795303226
source_only,logg,2.5,2027,metallicity_regime,intermediate,44,0.024205433498277893,0.2545437831883178,0.37160675147708805,0.2275327485280323,0.5855098668134666
source_only,logg,2.5,2027,metallicity_regime,metal_rich_>=-0.5,42,0.002877285835288864,0.15411222658460125,0.19468302499129606,0.16861785163951026,-0.14612518416282394
source_only,logg,2.5,2027,snr_regime,snr_<15,26,-0.02476810989089495,0.28154966076597193,0.41865769497163774,0.22125362224739664,0.32853733004052577
source_only,logg,2.5,2027,snr_regime,snr_15_30,41,-0.01799671588389843,0.17992464468731162,0.23254484536593453,0.19249538588905338,0.48353024992189486
source_only,logg,2.5,2027,snr_regime,snr_>=30,24,0.006999550130631989,0.2239654353757702,0.3094578937654108,0.2251229783744532,0.6133877379254065
source_only,logg,2.5,2028,temperature_regime,cool_<4000,26,0.006154957039234248,0.12600401659042412,0.1507679201295992,0.14265773939084855,-0.06871690167923217
source_only,logg,2.5,2028,temperature_regime,mid_4000_6000,55,-0.0236644843527764,0.26702077917980427,0.40212409422651646,0.2297414850135422,0.41851938948812384
source_only,logg,2.5,2028,temperature_regime,hot_>6000,10,-0.1474879543681939,0.36012262601653766,0.3921174445647049,0.5003627761844089,-0.9281171837741755
source_only,logg,2.5,2028,gravity_regime,dwarf_>=3.5,88,-0.07237819623427845,0.20239306338470095,0.2664924747313281,0.2148738915361148,-0.18886428727899163
source_only,logg,2.5,2028,metallicity_regime,intermediate,44,-0.005456672333406561,0.30138434627290933,0.4398481264994465,0.2865735694282956,0.41929910139038984
source_only,logg,2.5,2028,metallicity_regime,metal_rich_>=-0.5,42,-0.009383314736778559,0.15048470980827777,0.19428092202906497,0.1911641066729426,-0.14139560493319414
source_only,logg,2.5,2028,snr_regime,snr_<15,26,-0.025590131091765392,0.27176311410390364,0.40318792565546296,0.24775542051902325,0.37724280691731626
source_only,logg,2.5,2028,snr_regime,snr_15_30,41,-0.058613624080894225,0.21389004382418456,0.3171110345505842,0.1778375398620358,0.03959554905122875
source_only,logg,2.5,2028,snr_regime,snr_>=30,24,0.018837695651583868,0.23867253262135732,0.3337142914973905,0.25881709460544894,0.5504043448629858
source_only,logg,2.5,2029,temperature_regime,cool_<4000,26,0.009793777125768207,0.13023473496238402,0.15340961183405746,0.16376595949980946,-0.10649621453710023
source_only,logg,2.5,2029,temperature_regime,mid_4000_6000,55,-0.03260156381852695,0.27460896232272636,0.4242232794634822,0.21106452594202552,0.3528513637469589
source_only,logg,2.5,2029,temperature_regime,hot_>6000,10,-0.1791874099075803,0.34064317851265247,0.3949770020394753,0.41978014948144354,-0.9563417174959883
source_only,logg,2.5,2029,gravity_regime,dwarf_>=3.5,88,-0.07786442096824907,0.20879864409678817,0.2959678873318017,0.21048679304868156,-0.46639701033352843
source_only,logg,2.5,2029,metallicity_regime,intermediate,44,-0.029318984144113592,0.30404327037433787,0.46521463012847686,0.23307174840441622,0.35038845718368583
source_only,logg,2.5,2029,metallicity_regime,metal_rich_>=-0.5,42,0.0017538007265994167,0.15248042127206207,0.18806603782327916,0.1942578690842684,-0.06953902102246712
source_only,logg,2.5,2029,snr_regime,snr_<15,26,-0.034821822066337355,0.29975964117890774,0.4314153345456718,0.25229166992768937,0.2869912280550154
source_only,logg,2.5,2029,snr_regime,snr_15_30,41,-0.060874340684433245,0.23422348883578445,0.36904211892523053,0.19808805866444185,-0.3007185248482258
source_only,logg,2.5,2029,snr_regime,snr_>=30,24,0.0029538932484050964,0.18746308787415403,0.2619707030000726,0.184837713718026,0.7229373748956363
source_only,logg,2.5,2030,temperature_regime,cool_<4000,26,-0.0010564580750767392,0.12890060254778632,0.15446008336611092,0.17574451264408453,-0.12170155047205333
source_only,logg,2.5,2030,temperature_regime,mid_4000_6000,55,-0.04153763386516872,0.2709926724596457,0.42509036143048706,0.19147173713094404,0.35020320936536276
source_only,logg,2.5,2030,temperature_regime,hot_>6000,10,-0.20733736648162188,0.36026952548821717,0.41468427503870203,0.4835138665365275,-1.1564343047384602
source_only,logg,2.5,2030,gravity_regime,dwarf_>=3.5,88,-0.09713507603402384,0.20109355287231281,0.26663867433022875,0.20367250921475738,-0.19016908329027227
source_only,logg,2.5,2030,metallicity_regime,intermediate,44,-0.01719999861762376,0.30388481231575654,0.4667530493884278,0.27184182323357586,0.3460849496770734
source_only,logg,2.5,2030,metallicity_regime,metal_rich_>=-0.5,42,-0.0325807552441718,0.14827515206166691,0.18880488297676734,0.17272316843813604,-0.07795921199905265
source_only,logg,2.5,2030,snr_regime,snr_<15,26,-0.036630383661159754,0.2810305840693982,0.44643390067858546,0.2792997535563979,0.23648416406434147
source_only,logg,2.5,2030,snr_regime,snr_15_30,41,-0.07868686735145444,0.21966554607317734,0.32434500190129234,0.1678834705271739,-0.004721914469313138
source_only,logg,2.5,2030,snr_regime,snr_>=30,24,-0.0086191625313628,0.23106772215002117,0.3405550228823542,0.23220098353076007,0.5317831121916566
source_only,logg,2.5,2031,temperature_regime,cool_<4000,26,0.015207686535058875,0.12428744845283352,0.15333361134927717,0.19645739529618775,-0.10540014999214442
source_only,logg,2.5,2031,temperature_regime,mid_4000_6000,55,-0.021289898959073288,0.2763171081181726,0.4191828611697557,0.27861837748795915,0.36813822712471467
source_only,logg,2.5,2031,temperature_regime,hot_>6000,10,-0.14475876771410218,0.3887254739105697,0.44631990237446334,0.516744497209907,-1.498006733143546
source_only,logg,2.5,2031,gravity_regime,dwarf_>=3.5,88,-0.07001827687025068,0.20883742330426508,0.27956382956704934,0.23728740357226083,-0.3083512196006388
source_only,logg,2.5,2031,metallicity_regime,intermediate,44,0.013700269957383392,0.3137803655411257,0.46082233585552235,0.39686231780180586,0.3625970822816469
source_only,logg,2.5,2031,metallicity_regime,metal_rich_>=-0.5,42,-0.010278887003660203,0.14560958018142076,0.18230716245855003,0.16357699376523424,-0.005040000758291363
source_only,logg,2.5,2031,snr_regime,snr_<15,26,-0.036263900968508504,0.27814612640402214,0.45627651389445634,0.2512647960383886,0.20244627731263598
source_only,logg,2.5,2031,snr_regime,snr_15_30,41,-0.05224084982300169,0.21956145498568433,0.31055988896909376,0.21985918996244702,0.07886734082385805
source_only,logg,2.5,2031,snr_regime,snr_>=30,24,0.03590016658107368,0.2534312668525514,0.34763190860063514,0.2961966274848599,0.5121214107430373
source_only,logg,2.5,2032,temperature_regime,cool_<4000,26,0.0037726054703582325,0.11941173368157447,0.1447131777941308,0.17225705836972394,0.01539746135975184
source_only,logg,2.5,2032,temperature_regime,mid_4000_6000,55,-0.024529246010563464,0.2820670709483551,0.4404134291777137,0.26772284659230977,0.3025129436292211
source_only,logg,2.5,2032,temperature_regime,hot_>6000,10,-0.12075192271669719,0.35275149159630165,0.38267766585919605,0.39143683657812994,-0.8364001960916643
source_only,logg,2.5,2032,gravity_regime,dwarf_>=3.5,88,-0.07364164469368516,0.20595436563997546,0.2784548042253405,0.23013614194894064,-0.2979913914063297
source_only,logg,2.5,2032,metallicity_regime,intermediate,44,-0.009495729557943816,0.3221415956160335,0.4875022173631859,0.2816802346290359,0.286654056494956
source_only,logg,2.5,2032,metallicity_regime,metal_rich_>=-0.5,42,-0.0007542230094234313,0.14196733662296843,0.17598571397671078,0.1580565179760473,0.06345055032928915
source_only,logg,2.5,2032,snr_regime,snr_<15,26,-0.010131892871397494,0.2800979358454541,0.452355996647052,0.27374042103028295,0.21609321967966
source_only,logg,2.5,2032,snr_regime,snr_15_30,41,-0.07742394291530762,0.22593989487343688,0.3383107624821864,0.204515835030198,-0.09310802599178913
source_only,logg,2.5,2032,snr_regime,snr_>=30,24,0.040802952444387454,0.23332611966878183,0.3331688222745191,0.24661242681059234,0.5518729074695496
source_only,logg,2.5,2033,temperature_regime,cool_<4000,26,0.015109869470963112,0.13411921795362083,0.15844088966844636,0.21095557748320773,-0.18026447416588787
source_only,logg,2.5,2033,temperature_regime,mid_4000_6000,55,-0.04006703971913362,0.2648348287470412,0.3778509746673571,0.29162281676757335,0.4865996740864349
source_only,logg,2.5,2033,temperature_regime,hot_>6000,10,-0.1426011417806147,0.3709752177298065,0.4246382033906144,0.5514899863972659,-1.2612012937652661
source_only,logg,2.5,2033,gravity_regime,dwarf_>=3.5,88,-0.07270499889033306,0.21138147180617747,0.2774371584041186,0.2500117928438467,-0.2885214033762631
source_only,logg,2.5,2033,metallicity_regime,intermediate,44,-0.018261298787864713,0.2965210985843881,0.4103091121785001,0.37856517284536134,0.49467669374878454
source_only,logg,2.5,2033,metallicity_regime,metal_rich_>=-0.5,42,-0.006956998140565919,0.15654019428387514,0.19879192178004484,0.18122262149876714,-0.19501497753609343
source_only,logg,2.5,2033,snr_regime,snr_<15,26,-0.041509458082608225,0.2764478306854378,0.3778539602048719,0.31138773457461405,0.4530449031706375
source_only,logg,2.5,2033,snr_regime,snr_15_30,41,-0.056295259107903645,0.20270020688210083,0.2831353133312591,0.19664669271224539,0.23436895824517257
source_only,logg,2.5,2033,snr_regime,snr_>=30,24,0.006271230727433685,0.2610173060496647,0.3713370190525075,0.270697973884106,0.44331568209188077
source_only,logg,2.5,2034,temperature_regime,cool_<4000,26,0.011894393120056392,0.12945925497855937,0.15421778720986964,0.18887516564124796,-0.11818516230002785
source_only,logg,2.5,2034,temperature_regime,mid_4000_6000,55,-0.004929287870724742,0.2313101253762388,0.3582879553317492,0.22357303865158895,0.5383854772377272
source_only,logg,2.5,2034,temperature_regime,hot_>6000,10,-0.21246288296580365,0.4031519819597406,0.4787123476332827,0.5624602010802324,-1.8737590831741926
source_only,logg,2.5,2034,gravity_regime,dwarf_>=3.5,88,-0.06282755496939921,0.18951338578241342,0.255881594558946,0.21598134672171082,-0.09607552062424585
source_only,logg,2.5,2034,metallicity_regime,intermediate,44,0.010596610332528879,0.26317049781707186,0.39799529013388774,0.225251833982196,0.5245521689755601
source_only,logg,2.5,2034,metallicity_regime,metal_rich_>=-0.5,42,-0.00194514770592952,0.14449941305650613,0.1801344017907314,0.16018761271456056,0.01877363853763736
source_only,logg,2.5,2034,snr_regime,snr_<15,26,-0.03905017701096996,0.2801683807640506,0.4282692737946754,0.24019062144807077,0.2973524260533613
source_only,logg,2.5,2034,snr_regime,snr_15_30,41,-0.03531533429777726,0.1800425820767395,0.25257618572750995,0.1559994620722535,0.3907209347404941
source_only,logg,2.5,2034,snr_regime,snr_>=30,24,0.01569782779448564,0.22722473248839367,0.3282540857939147,0.26381295558494294,0.564996476584767
source_only,logg,2.5,2035,temperature_regime,cool_<4000,26,-0.0001302390870372086,0.11741810261821137,0.1436765481197029,0.14824668266415517,0.02945302323659127
source_only,logg,2.5,2035,temperature_regime,mid_4000_6000,55,-0.008827882799235172,0.24115482459285018,0.3453098438716771,0.2763575021303291,0.5712215355649742
source_only,logg,2.5,2035,temperature_regime,hot_>6000,10,-0.10296556447943121,0.3291973068217443,0.4109730883989993,0.5050825758025359,-1.118009315699497
source_only,logg,2.5,2035,gravity_regime,dwarf_>=3.5,88,-0.05347335563238811,0.18660544554844047,0.24159017077725753,0.2185251329138557,0.02294074409150315
source_only,logg,2.5,2035,metallicity_regime,intermediate,44,0.031216946612253414,0.2573499425771559,0.37072132340083436,0.30813227184018477,0.5874827264161768
source_only,logg,2.5,2035,metallicity_regime,metal_rich_>=-0.5,42,-0.017412064510678255,0.14581302997611814,0.18582873643265427,0.13798367087363936,-0.044243142210784514
source_only,logg,2.5,2035,snr_regime,snr_<15,26,-0.0009827968898490015,0.23428491974870388,0.386105886190277,0.25148322045037047,0.42889421147952667
source_only,logg,2.5,2035,snr_regime,snr_15_30,41,-0.03770985449475002,0.19731348965953016,0.26180577913850855,0.25295299885463607,0.34537903025237493
source_only,logg,2.5,2035,snr_regime,snr_>=30,24,0.002211722433567117,0.22612908747461088,0.2956341923684018,0.2301742709601834,0.647156746529747
source_only,logg,3.0,2026,temperature_regime,cool_<4000,26,-0.009593801272984866,0.12411141708493229,0.1517630750777168,0.15387266807323358,-0.08287175499349364
source_only,logg,3.0,2026,temperature_regime,mid_4000_6000,55,-0.017504962323289967,0.26834345227118706,0.4292148827170676,0.18742716296630801,0.33753247845052115
source_only,logg,3.0,2026,temperature_regime,hot_>6000,10,-0.02727591182788256,0.29307603927453274,0.3486022059543556,0.3867980567916585,-0.5239171613497167
source_only,logg,3.0,2026,gravity_regime,dwarf_>=3.5,88,-0.06250894128147394,0.19205376316200598,0.26557061472496,0.18042045467567266,-0.18065339248358936
source_only,logg,3.0,2026,metallicity_regime,intermediate,44,0.013820729136015408,0.301580171975674,0.46978161044214267,0.290296804688872,0.33757146824914097
source_only,logg,3.0,2026,metallicity_regime,metal_rich_>=-0.5,42,-0.014203117052240935,0.1464397023807442,0.188701262048648,0.15471850778987853,-0.07677631375408356
source_only,logg,3.0,2026,snr_regime,snr_<15,26,-0.0020711071292560668,0.2468260417993252,0.4373099715909507,0.18703714080843076,0.2673737462289454
source_only,logg,3.0,2026,snr_regime,snr_15_30,41,-0.06353931812493745,0.21456363839589496,0.32579204500135944,0.152390326790687,-0.013706909393745637
source_only,logg,3.0,2026,snr_regime,snr_>=30,24,0.04891624788857135,0.237581702118946,0.3305592878780294,0.28192448240387624,0.5588652988795395
source_only,logg,3.0,2027,temperature_regime,cool_<4000,26,0.020499731306082028,0.13721645166858656,0.16252382877914806,0.17628504845985837,-0.24187784784912658
source_only,logg,3.0,2027,temperature_regime,mid_4000_6000,55,-0.005367111298170923,0.23094866859009758,0.3419432353717577,0.21540274014514443,0.5795415552985068
source_only,logg,3.0,2027,temperature_regime,hot_>6000,10,-0.21513161171476108,0.3854386206169933,0.4496249417661487,0.5463166495306205,-1.5351396454954869
source_only,logg,3.0,2027,gravity_regime,dwarf_>=3.5,88,-0.05593191513848133,0.19449655016376222,0.25525365471660866,0.2262643116134694,-0.09070252788897792
source_only,logg,3.0,2027,metallicity_regime,intermediate,44,0.01836319506845681,0.2484303844629814,0.3630865339549782,0.22918373563540106,0.6042988707916288
source_only,logg,3.0,2027,metallicity_regime,metal_rich_>=-0.5,42,-0.0038520606027708424,0.15794156055601824,0.2022224586081432,0.1733084517247988,-0.2366154168389687
source_only,logg,3.0,2027,snr_regime,snr_<15,26,-0.030976135963812938,0.28766786180627635,0.42789340116034413,0.26777483832862725,0.2985852490169335
source_only,logg,3.0,2027,snr_regime,snr_15_30,41,-0.027643954300783504,0.1766194374895678,0.22362332064479737,0.21293591134917864,0.5223985469438555
source_only,logg,3.0,2027,snr_regime,snr_>=30,24,0.0010528098667658876,0.22514289074887864,0.3114856631118576,0.22791440338701152,0.6083044679923606
source_only,logg,3.0,2028,temperature_regime,cool_<4000,26,-0.007772915860016554,0.1294697331694454,0.15684784304498686,0.15783671359526977,-0.15664981250005505
source_only,logg,3.0,2028,temperature_regime,mid_4000_6000,55,-0.03861743207230692,0.2717750843781415,0.4048187296671607,0.22720907003229912,0.4107002704003032
source_only,logg,3.0,2028,temperature_regime,hot_>6000,10,-0.15819876784086215,0.35933554053306604,0.3942105581892245,0.4898782032205727,-0.9487566111753587
source_only,logg,3.0,2028,gravity_regime,dwarf_>=3.5,88,-0.08600383949437797,0.20735116463380335,0.27541638566156307,0.20767336468079695,-0.2698193214626896
source_only,logg,3.0,2028,metallicity_regime,intermediate,44,-0.015633000596003022,0.3040894521547087,0.4384180802894549,0.2817477313703916,0.4230689442627802
source_only,logg,3.0,2028,metallicity_regime,metal_rich_>=-0.5,42,-0.02768311140556126,0.1540419681961574,0.20433226438844287,0.16842132851567937,-0.2625534697978442
source_only,logg,3.0,2028,snr_regime,snr_<15,26,-0.04686011355274711,0.2690986322936336,0.4004244703704155,0.19377339576178565,0.3857503231429168
source_only,logg,3.0,2028,snr_regime,snr_15_30,41,-0.07048262452691526,0.2232899627307568,0.32520419298939385,0.18783775062847305,-0.010051988825700686
source_only,logg,3.0,2028,snr_regime,snr_>=30,24,0.008337845967875734,0.239822716539105,0.33553757411590796,0.2605257071741232,0.5454780990809776
source_only,logg,3.0,2029,temperature_regime,cool_<4000,26,-0.00042133403894213553,0.128341487730161,0.15422504430891565,0.1487973502300991,-0.11829040270779045
source_only,logg,3.0,2029,temperature_regime,mid_4000_6000,55,-0.0425142308889014,0.2854959248069563,0.44191162631506076,0.2070386050318491,0.29775945322631237
source_only,logg,3.0,2029,temperature_regime,hot_>6000,10,-0.1908656522929671,0.32929547310868984,0.386139075395003,0.38592968018675106,-0.8697717873238051
source_only,logg,3.0,2029,gravity_regime,dwarf_>=3.5,88,-0.09022351153985125,0.2119356155429377,0.3012978300345546,0.20748901663890448,-0.5196878433852616
source_only,logg,3.0,2029,metallicity_regime,intermediate,44,-0.041554942117496003,0.3147527141688453,0.4846457640993762,0.24696635555663837,0.2949890738146538
source_only,logg,3.0,2029,metallicity_regime,metal_rich_>=-0.5,42,-0.00679856113025114,0.15092983254364575,0.18579802016780156,0.17728866436293894,-0.043897957729322146
source_only,logg,3.0,2029,snr_regime,snr_<15,26,-0.04847517269162004,0.3051933402625415,0.4547338235373605,0.2761865088341811,0.20783028643368917
source_only,logg,3.0,2029,snr_regime,snr_15_30,41,-0.06888300973467702,0.241695719954929,0.37776956269291373,0.2060348979605444,-0.3629671289425458
source_only,logg,3.0,2029,snr_regime,snr_>=30,24,-0.007222334071994334,0.18698157964481302,0.26002558998025815,0.1728291968626681,0.7270364394073041
source_only,logg,3.0,2030,temperature_regime,cool_<4000,26,-0.007654845913250949,0.12600793083508824,0.15221948360677443,0.1662794900658097,-0.0893947524356824
source_only,logg,3.0,2030,temperature_regime,mid_4000_6000,55,-0.05844916306661821,0.2823722960244528,0.42763790520179856,0.23862347066664719,0.34239147691329475
source_only,logg,3.0,2030,temperature_regime,hot_>6000,10,-0.21757780523101483,0.3641747646828488,0.42415868548220614,0.4846355896965856,-1.256097305018816
source_only,logg,3.0,2030,gravity_regime,dwarf_>=3.5,88,-0.1103738486879701,0.20823908477344305,0.2734609072028626,0.2165373250944931,-0.25185169616304415
source_only,logg,3.0,2030,metallicity_regime,intermediate,44,-0.031501026546412875,0.3153361903356784,0.468128325107751,0.30965895725891207,0.34222578520329394
source_only,logg,3.0,2030,metallicity_regime,metal_rich_>=-0.5,42,-0.04497664256464873,0.14902842609891845,0.19192320678804928,0.14964829028606558,-0.1138606641110651
source_only,logg,3.0,2030,snr_regime,snr_<15,26,-0.058290241673970754,0.2851577133704452,0.4488910430980162,0.25124556749623933,0.22805635417012937
source_only,logg,3.0,2030,snr_regime,snr_15_30,41,-0.09036989577417404,0.23056808434366244,0.33000389270733704,0.19342904954731438,-0.04008679066847143
source_only,logg,3.0,2030,snr_regime,snr_>=30,24,-0.015366500185595803,0.23254325517349783,0.33884227055318045,0.24082496494868502,0.5364808727020589
source_only,logg,3.0,2031,temperature_regime,cool_<4000,26,0.0016710487160925057,0.13001246143610043,0.1610280341245523,0.17652312256994626,-0.21912369495545958
source_only,logg,3.0,2031,temperature_regime,mid_4000_6000,55,-0.026291357072917028,0.27613202375715423,0.4122459689994897,0.2562646461800368,0.3888780512816393
source_only,logg,3.0,2031,temperature_regime,hot_>6000,10,-0.15559817619125055,0.406903313686451,0.47352221279653367,0.6253560694093138,-1.8117830638652177
source_only,logg,3.0,2031,gravity_regime,dwarf_>=3.5,88,-0.07768643858870788,0.21316785203800961,0.2845369603594969,0.23928932847457948,-0.3553134776705962
source_only,logg,3.0,2031,metallicity_regime,intermediate,44,0.017851421740470417,0.30874936131591135,0.45129594846020266,0.354741321362794,0.38867821236035394
source_only,logg,3.0,2031,metallicity_regime,metal_rich_>=-0.5,42,-0.02475188497986122,0.15112390526703423,0.18806145734125046,0.147247090240182,-0.06948692289074576
source_only,logg,3.0,2031,snr_regime,snr_<15,26,-0.05511176199867149,0.27162505557521793,0.4381300272856881,0.23351496832609425,0.2646234881346039
source_only,logg,3.0,2031,snr_regime,snr_15_30,41,-0.05757798511565214,0.2263317513538568,0.3172256129575838,0.23847360247683266,0.0389013979169911
source_only,logg,3.0,2031,snr_regime,snr_>=30,24,0.03479350280844414,0.26228188293261695,0.3620924498446247,0.2964123572793029,0.4706883751497999
source_only,logg,3.0,2032,temperature_regime,cool_<4000,26,-0.0041900578255833825,0.12000727217548918,0.1466270401811085,0.17261704685705823,-0.010817905434199915
source_only,logg,3.0,2032,temperature_regime,mid_4000_6000,55,-0.0295898222471727,0.2919061189763472,0.45889030462944347,0.28787866105049575,0.24276128375463746
source_only,logg,3.0,2032,temperature_regime,hot_>6000,10,-0.1071162952284019,0.3485866633156941,0.39206632847683753,0.4207746213883157,-0.9276145211928717
source_only,logg,3.0,2032,gravity_regime,dwarf_>=3.5,88,-0.08051370517548272,0.2089003508786359,0.2789264434691007,0.22732826718405139,-0.3023921208537055
source_only,logg,3.0,2032,metallicity_regime,intermediate,44,-0.005380606504552016,0.329984917448777,0.5059860256808177,0.30027183726596973,0.2315350738139531
source_only,logg,3.0,2032,metallicity_regime,metal_rich_>=-0.5,42,-0.009589981171819714,0.14222707385108568,0.17902957780719725,0.1672247837113439,0.030773099921001856
source_only,logg,3.0,2032,snr_regime,snr_<15,26,-0.015197116958024556,0.2983101618557401,0.5008263230076229,0.2740850548886043,0.03910040366199952
source_only,logg,3.0,2032,snr_regime,snr_15_30,41,-0.08443219631183424,0.22477647792517652,0.32535211228336236,0.2117795780651622,-0.010971043124619717
source_only,logg,3.0,2032,snr_regime,snr_>=30,24,0.04372085043125653,0.23704135209321983,0.3425728564008954,0.24122277160632769,0.5262181805316922
source_only,logg,3.0,2033,temperature_regime,cool_<4000,26,0.008043604963100338,0.13521218391183076,0.16335140240343685,0.18339661935582766,-0.2545573669831258
source_only,logg,3.0,2033,temperature_regime,mid_4000_6000,55,-0.0581654479973243,0.2678200513955317,0.38752350921652534,0.2868763266574747,0.4599783706517653
source_only,logg,3.0,2033,temperature_regime,hot_>6000,10,-0.13645861447850854,0.359298604061206,0.4170188575037605,0.5045671766422667,-1.1807831659538848
source_only,logg,3.0,2033,gravity_regime,dwarf_>=3.5,88,-0.08554889632558288,0.21210062304568097,0.2846433527093395,0.23249112942552522,-0.3563272084965783
source_only,logg,3.0,2033,metallicity_regime,intermediate,44,-0.030590642232334934,0.29819143430075845,0.4163118662232706,0.37348277201175495,0.47978294658325815
source_only,logg,3.0,2033,metallicity_regime,metal_rich_>=-0.5,42,-0.018596612047108607,0.15453991543915527,0.20523479020613422,0.17643510421467326,-0.2737313778593393
source_only,logg,3.0,2033,snr_regime,snr_<15,26,-0.060937780699668945,0.26717005640268315,0.374144924917078,0.2716119149391342,0.4637300840664689
source_only,logg,3.0,2033,snr_regime,snr_15_30,41,-0.0672289113324832,0.20530488983644699,0.29122869976540944,0.19958745282352225,0.18997243578920053
source_only,logg,3.0,2033,snr_regime,snr_>=30,24,-0.0005743496989212097,0.2697784874712425,0.3859751400195869,0.27077761919644583,0.39856158958935006
source_only,logg,3.0,2034,temperature_regime,cool_<4000,26,0.010253457086972749,0.13233957699094095,0.1568340304134131,0.15644067725032423,-0.15644610330088748
source_only,logg,3.0,2034,temperature_regime,mid_4000_6000,55,-0.011917479813098654,0.23752068545782193,0.369105965716835,0.21045329027253784,0.5100890171903563
source_only,logg,3.0,2034,temperature_regime,hot_>6000,10,-0.21257963629563736,0.38896559965610533,0.46296537121591447,0.4321103065083933,-1.687807204858585
source_only,logg,3.0,2034,gravity_regime,dwarf_>=3.5,88,-0.06850883880122134,0.1918183267319744,0.25680613216357395,0.20345815150946764,-0.10401039184832461
source_only,logg,3.0,2034,metallicity_regime,intermediate,44,0.003717414635149135,0.2626664404638789,0.4032002120511427,0.22904315467458997,0.5120351841296186
source_only,logg,3.0,2034,metallicity_regime,metal_rich_>=-0.5,42,-0.004423622198048006,0.1510561270964523,0.1899874558824838,0.19935747648430127,-0.09150502248820014
source_only,logg,3.0,2034,snr_regime,snr_<15,26,-0.036100341452237734,0.2940757111517284,0.4428019754941885,0.25895772601071,0.24885666760382696
source_only,logg,3.0,2034,snr_regime,snr_15_30,41,-0.04295807585725927,0.18039397622753942,0.25287750861685554,0.17713603940212758,0.38926633015119905
source_only,logg,3.0,2034,snr_regime,snr_>=30,24,0.007717588312095958,0.22300004930131942,0.3263627914856101,0.24438506380250943,0.5699947361678941
source_only,logg,3.0,2035,temperature_regime,cool_<4000,26,7.820007128617617e-05,0.11942369171442097,0.14309514669564655,0.1586254568914152,0.03729196006391866
source_only,logg,3.0,2035,temperature_regime,mid_4000_6000,55,-0.016025911602106865,0.24306950006340478,0.3534296328691369,0.2748555327266472,0.5508194262388645
source_only,logg,3.0,2035,temperature_regime,hot_>6000,10,-0.12079774693648045,0.35043723388512993,0.4272186914630928,0.5739188300126208,-1.2887670300308662
source_only,logg,3.0,2035,gravity_regime,dwarf_>=3.5,88,-0.060374315434107144,0.19037091448112864,0.2479615683186894,0.20525023374286308,-0.029274304073422464
source_only,logg,3.0,2035,metallicity_regime,intermediate,44,0.02732014917514555,0.26167525213324627,0.38005262961388586,0.29364701860353215,0.566454693726522
source_only,logg,3.0,2035,metallicity_regime,metal_rich_>=-0.5,42,-0.02222097774346652,0.1454363054510147,0.18814824148395984,0.14484322488608825,-0.0704742163262726
source_only,logg,3.0,2035,snr_regime,snr_<15,26,-0.011457563657790885,0.24134571911814856,0.39732675430976594,0.2125966679041954,0.3952173324495257
source_only,logg,3.0,2035,snr_regime,snr_15_30,41,-0.040794245191221414,0.20088264737429673,0.26876297460029835,0.23199292482811387,0.3101251171199715
source_only,logg,3.0,2035,snr_regime,snr_>=30,24,-0.004871195736858347,0.22779306614564496,0.3001090327492425,0.2087053037087632,0.6363943459060191
source_only,teff,1.25,2026,temperature_regime,cool_<4000,26,60.07485229883409,83.2065565334222,100.54473964549159,79.7156320810859,0.7116824465018954
source_only,teff,1.25,2026,temperature_regime,mid_4000_6000,55,20.74572724313434,152.2640802334877,220.69187189268285,176.98191991339465,0.8602830125892125
source_only,teff,1.25,2026,temperature_regime,hot_>6000,10,-192.76160315958788,192.86244658406576,259.36642312732573,141.00746297558632,-1.8179148574781485
source_only,teff,1.25,2026,gravity_regime,dwarf_>=3.5,88,-10.902029458248618,121.95222306453847,170.93689143008672,151.67237619433726,0.967434357401588
source_only,teff,1.25,2026,metallicity_regime,intermediate,44,83.3397265971791,161.3088000095254,236.01942961956587,134.12896731723328,0.9165637013002224
source_only,teff,1.25,2026,metallicity_regime,metal_rich_>=-0.5,42,-32.72628773038399,91.71031878759011,113.41594985514574,122.92667252890085,0.976902260192995
source_only,teff,1.25,2026,snr_regime,snr_<15,26,34.083836474295786,149.26796654334416,193.4952215603494,126.53593097210671,0.9590902175343855
source_only,teff,1.25,2026,snr_regime,snr_15_30,41,31.07062400507724,125.48398217922369,191.53512515879336,124.19435427246093,0.9520820860136086
source_only,teff,1.25,2026,snr_regime,snr_>=30,24,-57.69709191640254,143.36287287818084,217.6345477106743,116.78547710519524,0.9430365625020956
source_only,teff,1.25,2027,temperature_regime,cool_<4000,26,67.864606761443,87.36735099596852,115.82317759215024,67.36449950375616,0.6174014431710235
source_only,teff,1.25,2027,temperature_regime,mid_4000_6000,55,12.326063459916696,148.1109804632014,219.33741708472053,165.4372032535389,0.8619927233297264
source_only,teff,1.25,2027,temperature_regime,hot_>6000,10,-123.04301658121776,123.40164560953808,178.4231652686429,80.2274224972521,-0.3335301539322424
source_only,teff,1.25,2027,gravity_regime,dwarf_>=3.5,88,-6.618854616338612,112.01396819259183,158.92129939575292,114.83350293331807,0.971851694020953
source_only,teff,1.25,2027,metallicity_regime,intermediate,44,76.98671937422337,148.8056507966013,233.5360012617284,115.27143753637613,0.9183103196606441
source_only,teff,1.25,2027,metallicity_regime,metal_rich_>=-0.5,42,-27.842764284648744,97.57586714729425,120.89806227115761,143.48803591372763,0.9737541950867199
source_only,teff,1.25,2027,snr_regime,snr_<15,26,42.8965870510002,151.18258294912536,210.04187943785573,153.2525208950504,0.9517942912314823
source_only,teff,1.25,2027,snr_regime,snr_15_30,41,32.34997044757125,117.66882487227261,182.44785011034344,96.54080191558738,0.9565211003700459
source_only,teff,1.25,2027,snr_regime,snr_>=30,24,-51.23653964148616,120.68760545942507,182.72187552283165,112.94091322277758,0.9598466667245129
source_only,teff,1.25,2028,temperature_regime,cool_<4000,26,67.7788908268851,83.61135167048532,104.86483294852628,68.26140192099139,0.6863739595549434
source_only,teff,1.25,2028,temperature_regime,mid_4000_6000,55,32.272780504631186,154.02943208636643,225.7706126920717,158.4797492364476,0.8537784580955305
source_only,teff,1.25,2028,temperature_regime,hot_>6000,10,-114.87701543172315,115.45919186401352,168.2171762940149,77.08658912905894,-0.1853348096339298
source_only,teff,1.25,2028,gravity_regime,dwarf_>=3.5,88,5.853271997624838,112.80352076906134,156.13786347078545,125.61695605780201,0.972829069393228
source_only,teff,1.25,2028,metallicity_regime,intermediate,44,105.61287297566717,151.90598580562656,236.3685856782946,138.01603838711648,0.9163166552182442
source_only,teff,1.25,2028,metallicity_regime,metal_rich_>=-0.5,42,-32.142301088363766,100.18420526413705,124.56899502018369,128.58256311523218,0.9721361490996702
source_only,teff,1.25,2028,snr_regime,snr_<15,26,71.87459585336525,144.64868729028902,193.66651286832388,166.58114511739979,0.95901775484745
source_only,teff,1.25,2028,snr_regime,snr_15_30,41,43.07208289913975,116.81826799346163,179.8177686907834,96.36477755205941,0.9577656074051575
source_only,teff,1.25,2028,snr_regime,snr_>=30,24,-51.9254565048221,135.40379039764437,211.29330637813715,109.73779373281477,0.9463077018586623
source_only,teff,1.25,2029,temperature_regime,cool_<4000,26,63.60255750998462,81.47903922447799,103.15417384695249,77.9389234326179,0.6965228570767742
source_only,teff,1.25,2029,temperature_regime,mid_4000_6000,55,11.036911556359138,142.10974791925625,201.1141030494221,159.8614439365232,0.8839723252424275
source_only,teff,1.25,2029,temperature_regime,hot_>6000,10,-136.43883955892025,163.91505029296906,223.86295431066856,159.36797857037095,-1.0992531954605087
source_only,teff,1.25,2029,gravity_regime,dwarf_>=3.5,88,-7.447037588177688,113.88629676472074,157.3256203869872,125.2155297105696,0.9724141128925405
source_only,teff,1.25,2029,metallicity_regime,intermediate,44,90.79341061909992,137.37253125046206,208.2282635668525,109.6006588130778,0.9350560241811543
source_only,teff,1.25,2029,metallicity_regime,metal_rich_>=-0.5,42,-42.15515134538983,100.02773352002403,121.53017529053291,146.1958082075522,0.9734790263083842
source_only,teff,1.25,2029,snr_regime,snr_<15,26,39.90359099168039,133.71839337079993,176.79318053714317,101.8483403208942,0.9658478775312533
source_only,teff,1.25,2029,snr_regime,snr_15_30,41,32.665349766180256,117.90936232652126,170.86628928740063,114.8463641535022,0.9618658720091541
source_only,teff,1.25,2029,snr_regime,snr_>=30,24,-61.68601962195542,135.9449823040434,203.3804668955552,134.57778584277267,0.9502539050114471
source_only,teff,1.25,2030,temperature_regime,cool_<4000,26,63.49375771938181,82.71907511001966,102.01348997273888,76.95846806561491,0.7031974777873738
source_only,teff,1.25,2030,temperature_regime,mid_4000_6000,55,30.21099970222266,146.13230932432248,209.0821541059198,134.74288918261828,0.8745962661104556
source_only,teff,1.25,2030,temperature_regime,hot_>6000,10,-176.8553350423187,178.13302787272195,250.16000125233575,173.7790255191008,-1.6214169431110999
source_only,teff,1.25,2030,gravity_regime,dwarf_>=3.5,88,-0.9246948635218359,117.54591775605181,165.40999586249453,129.40580887435826,0.9695061998177601
source_only,teff,1.25,2030,metallicity_regime,intermediate,44,94.70571144335219,152.33311876701606,222.456008094298,121.84427679892052,0.9258778860928769
source_only,teff,1.25,2030,metallicity_regime,metal_rich_>=-0.5,42,-27.65706608363586,90.59716249011801,112.82851632025476,106.26047762545439,0.9771409082577841
source_only,teff,1.25,2030,snr_regime,snr_<15,26,34.8694548073792,150.1708484434472,194.03720275333998,156.6802265948498,0.9588607195143275
source_only,teff,1.25,2030,snr_regime,snr_15_30,41,44.5496797788045,120.04670224569679,181.3416933299469,100.59438737731988,0.9570467156011339
source_only,teff,1.25,2030,snr_regime,snr_>=30,24,-49.552223417494055,130.95609970092792,201.40458609759665,105.64640358483828,0.9512157957051351
source_only,teff,1.25,2031,temperature_regime,cool_<4000,26,57.379084942157164,76.4389026504905,92.437558716295,65.13516010641465,0.7563034893592842
source_only,teff,1.25,2031,temperature_regime,mid_4000_6000,55,25.977086575594967,154.01191009891375,216.91118599164943,171.61306024365302,0.865029009835737
source_only,teff,1.25,2031,temperature_regime,hot_>6000,10,-149.48189481608088,154.5012773030593,201.5378161310899,173.73729195190415,-0.7014275381728117
source_only,teff,1.25,2031,gravity_regime,dwarf_>=3.5,88,-3.655311102433612,116.5413056633687,155.43740961133895,141.74112910281525,0.9730723069124976
source_only,teff,1.25,2031,metallicity_regime,intermediate,44,88.7574974869238,157.4825472444474,231.11775381919776,152.8062630307343,0.9199933413220306
source_only,teff,1.25,2031,metallicity_regime,metal_rich_>=-0.5,42,-35.23485144721148,96.20728759765595,114.93741840659789,141.33941167709278,0.9762783937616248
source_only,teff,1.25,2031,snr_regime,snr_<15,26,43.9082061611081,140.91889581142303,176.82733571678915,142.7303603355127,0.9658346803643526
source_only,teff,1.25,2031,snr_regime,snr_15_30,41,34.13632173367608,120.99327076981693,175.61557450781063,125.16479729345635,0.9597165088383676
source_only,teff,1.25,2031,snr_regime,snr_>=30,24,-46.47606371985537,140.7693293635046,217.81806361527137,118.89447191015336,0.9429404554795208
source_only,teff,1.25,2032,temperature_regime,cool_<4000,26,67.79133882571477,86.69317585089294,109.41335442502765,80.38030777972571,0.6585767891174188
source_only,teff,1.25,2032,temperature_regime,mid_4000_6000,55,23.385169971812626,146.02990211995441,209.411573833418,149.5034143186038,0.8742007946996493
source_only,teff,1.25,2032,temperature_regime,hot_>6000,10,-156.79131083170643,162.24511181640636,227.72187578852459,161.11726227093473,-1.1722503022283153
source_only,teff,1.25,2032,gravity_regime,dwarf_>=3.5,88,-1.8103508226801532,116.68137937372393,162.63137608152945,136.52381228567452,0.9705220877263809
source_only,teff,1.25,2032,metallicity_regime,intermediate,44,95.99148354732614,139.82213550452025,214.11062689971317,126.47326343194446,0.9313349147869611
source_only,teff,1.25,2032,metallicity_regime,metal_rich_>=-0.5,42,-34.058858177548665,105.80088480147118,132.37775743839234,125.96002094131534,0.9685332959678344
source_only,teff,1.25,2032,snr_regime,snr_<15,26,45.09436947553562,147.12968172513536,195.11503953244286,145.53777746890293,0.9584024096365718
source_only,teff,1.25,2032,snr_regime,snr_15_30,41,40.311245568747914,118.65569283338127,176.0548394546561,133.2966055227063,0.9595147356648094
source_only,teff,1.25,2032,snr_regime,snr_>=30,24,-56.01535937839068,134.07763232760922,202.1888401764741,115.7904887019049,0.9508351320750833
source_only,teff,1.25,2033,temperature_regime,cool_<4000,26,62.4486448904186,79.01802986731921,102.47441396144582,79.37893804608221,0.7005093537078896
source_only,teff,1.25,2033,temperature_regime,mid_4000_6000,55,21.566114135742115,151.82483702133652,220.90905103680555,145.10791237603243,0.860007891028959
source_only,teff,1.25,2033,temperature_regime,hot_>6000,10,-155.82657354736466,161.113848856608,232.67963855122184,150.59827197845306,-1.2678646013555848
source_only,teff,1.25,2033,gravity_regime,dwarf_>=3.5,88,-5.036421061429275,117.28673794023933,168.02368867910917,136.9436897666619,0.9685349027796635
source_only,teff,1.25,2033,metallicity_regime,intermediate,44,89.49215603915114,155.3463949954874,232.99822397088755,164.30684985363843,0.9186861098912243
source_only,teff,1.25,2033,metallicity_regime,metal_rich_>=-0.5,42,-37.63088598584372,96.54159929305797,124.30536808838389,118.99310883389406,0.9722539615402672
source_only,teff,1.25,2033,snr_regime,snr_<15,26,41.22124940921122,152.90096252832652,197.52024455806807,190.40758804571476,0.9573705322174246
source_only,teff,1.25,2033,snr_regime,snr_15_30,41,32.66803602761334,115.7272497459355,179.88958879397677,120.66281340936455,0.9577318634185676
source_only,teff,1.25,2033,snr_regime,snr_>=30,24,-48.31694385952439,137.32212649875189,219.5950362186802,110.20926608291364,0.9420056676870784
source_only,teff,1.25,2034,temperature_regime,cool_<4000,26,60.135498015574704,78.52307150033819,96.76405524853428,62.57669388534676,0.7329574306604032
source_only,teff,1.25,2034,temperature_regime,mid_4000_6000,55,22.865472741329228,137.79417509321763,198.6155745025814,139.049833435183,0.8868373425188001
source_only,teff,1.25,2034,temperature_regime,hot_>6000,10,-158.38776314290664,160.3635957031267,208.4418174568733,146.97490474963217,-0.8199944505158601
source_only,teff,1.25,2034,gravity_regime,dwarf_>=3.5,88,-3.7724825263751116,109.71239393292086,151.30516329331974,138.96799219284034,0.9744850015805377
source_only,teff,1.25,2034,metallicity_regime,intermediate,44,78.8985634150645,145.8041285405019,215.17556889830013,151.25444682778868,0.9306501642278706
source_only,teff,1.25,2034,metallicity_regime,metal_rich_>=-0.5,42,-29.23656111217697,90.52806868053632,112.46552227593017,108.88626102624312,0.9772877570624928
source_only,teff,1.25,2034,snr_regime,snr_<15,26,26.84093770736252,132.75688913589923,172.99489763627025,139.395360872895,0.9672995846052082
source_only,teff,1.25,2034,snr_regime,snr_15_30,41,43.54905866173187,114.75203827896787,173.00744642898331,98.04656271441877,0.9609041521316821
source_only,teff,1.25,2034,snr_regime,snr_>=30,24,-51.92206115722703,127.80844829983194,187.33554694002552,109.93083201119848,0.9577933483409848
source_only,teff,1.25,2035,temperature_regime,cool_<4000,26,58.74110238099649,79.80707575871376,103.80621931202286,60.09632289233373,0.6926741266266367
source_only,teff,1.25,2035,temperature_regime,mid_4000_6000,55,31.6893544108073,143.7146965406011,210.23187973845978,161.13724382904215,0.8732133044265182
source_only,teff,1.25,2035,temperature_regime,hot_>6000,10,-167.74349867757184,176.07870945231124,224.76003941785171,206.26132602184714,-1.116111563752006
source_only,teff,1.25,2035,gravity_regime,dwarf_>=3.5,88,-0.1287508138023141,115.18183107549471,163.40826845832268,132.2784546615906,0.9702397822392466
source_only,teff,1.25,2035,metallicity_regime,intermediate,44,93.50664329991179,147.01258160446605,221.8370209461518,128.6684487650134,0.9262898039773957
source_only,teff,1.25,2035,metallicity_regime,metal_rich_>=-0.5,42,-31.817105347164357,95.79234419807531,123.59373461781696,125.4887609427804,0.9725707377347093
source_only,teff,1.25,2035,snr_regime,snr_<15,26,33.82037886790699,158.21274354201074,204.53711378966509,181.66263926306462,0.9542879257930095
source_only,teff,1.25,2035,snr_regime,snr_15_30,41,45.6538701052781,114.61259843531653,179.49342113852265,116.21878325286806,0.9579178311533079
source_only,teff,1.25,2035,snr_regime,snr_>=30,24,-48.266264881557994,121.97631275176973,183.433062427928,117.2851851246639,0.9595334902277833
source_only,teff,1.5,2026,temperature_regime,cool_<4000,26,63.53852487417334,86.19661520150973,105.75885992108617,87.55468623257266,0.6810035152017035
source_only,teff,1.5,2026,temperature_regime,mid_4000_6000,55,17.28706125155329,163.86506678910715,231.72274538793934,176.74171651299594,0.8459669671417361
source_only,teff,1.5,2026,temperature_regime,hot_>6000,10,-219.8234882710789,219.8234882710789,289.27615305277476,164.05356375702087,-2.5053035121210945
source_only,teff,1.5,2026,gravity_regime,dwarf_>=3.5,88,-15.128675763679764,133.1368971737951,185.48174625209836,164.1151776835339,0.9616566193885279
source_only,teff,1.5,2026,metallicity_regime,intermediate,44,75.97055911208605,174.45408271789583,247.3530706580851,173.09585796588226,0.9083580905807038
source_only,teff,1.5,2026,metallicity_regime,metal_rich_>=-0.5,42,-30.141487368629583,97.70806936112673,122.18357431389838,128.78605895397877,0.9731930831376818
source_only,teff,1.5,2026,snr_regime,snr_<15,26,34.50335637410448,167.91129236074582,214.4143386827293,142.8707879864172,0.9497663967576894
source_only,teff,1.5,2026,snr_regime,snr_15_30,41,24.685631396285395,132.7340016583701,200.96720102997082,138.33850200189048,0.9472464838357761
source_only,teff,1.5,2026,snr_regime,snr_>=30,24,-62.69345917171953,151.83907841576544,226.35262766493835,125.7327448193371,0.9383814327761878
source_only,teff,1.5,2027,temperature_regime,cool_<4000,26,71.18110699775833,90.08679985633238,122.57179929697483,67.53111479275564,0.5715170955735949
source_only,teff,1.5,2027,temperature_regime,mid_4000_6000,55,4.940598318389013,157.70044091796862,231.19146230302775,148.7046613063343,0.8466724769167037
source_only,teff,1.5,2027,temperature_regime,hot_>6000,10,-143.67754489135777,144.75763058471722,196.1528703465155,78.59075201254761,-0.6117203762975807
source_only,teff,1.5,2027,gravity_regime,dwarf_>=3.5,88,-12.993181234417731,120.84421776627038,170.80869971633197,132.28289504135,0.9674831833763791
source_only,teff,1.5,2027,metallicity_regime,intermediate,44,67.42535505814993,159.6272694905596,247.10969222027592,140.49413278436384,0.9085383405533899
source_only,teff,1.5,2027,metallicity_regime,metal_rich_>=-0.5,42,-26.61235092163119,101.81968694535503,126.29225945294442,150.18555336935538,0.9713598899533781
source_only,teff,1.5,2027,snr_regime,snr_<15,26,35.1989406527007,172.67074738722582,237.14972388845393,162.6167674461066,0.9385485792707763
source_only,teff,1.5,2027,snr_regime,snr_15_30,41,25.819077731496513,124.76384019557028,189.3687044931965,114.61432739001762,0.9531599381153609
source_only,teff,1.5,2027,snr_regime,snr_>=30,24,-53.67035014258503,119.10835302140977,180.5755864772512,106.3144019519972,0.960784425393621
source_only,teff,1.5,2028,temperature_regime,cool_<4000,26,74.06673424745193,89.81194265121074,115.8051059015795,79.41093579184087,0.6175208262421841
source_only,teff,1.5,2028,temperature_regime,mid_4000_6000,55,28.178325648452468,161.19814030132872,231.2233554870977,157.5664223005994,0.8466301705082729
source_only,teff,1.5,2028,temperature_regime,hot_>6000,10,-123.93408643595475,124.45720366414488,172.21426232712818,71.45416625591814,-0.24233463399618183
source_only,teff,1.5,2028,gravity_regime,dwarf_>=3.5,88,4.505584750319883,120.5212452663076,164.16754569292868,146.963022412843,0.9699625777518951
source_only,teff,1.5,2028,metallicity_regime,intermediate,44,102.84020856915127,157.2093273833303,239.60755757551246,161.3864212698069,0.9140075066131895
source_only,teff,1.5,2028,metallicity_regime,metal_rich_>=-0.5,42,-31.09606511433945,108.22946551852772,136.81341488323923,147.50779330401653,0.9663892206903413
source_only,teff,1.5,2028,snr_regime,snr_<15,26,74.14776340191179,155.64062608376508,202.763368165693,141.5190198502807,0.9550773181957416
source_only,teff,1.5,2028,snr_regime,snr_15_30,41,39.912025719619365,124.02250144648366,185.30219305416125,113.3197592691647,0.9551500294239975
source_only,teff,1.5,2028,snr_regime,snr_>=30,24,-55.33469859229217,138.08339269426187,214.96526188525354,109.32827811825298,0.9444253056176267
source_only,teff,1.5,2029,temperature_regime,cool_<4000,26,64.72674681834619,81.227593062963,104.77822321625047,70.69455877618222,0.6868918042775979
source_only,teff,1.5,2029,temperature_regime,mid_4000_6000,55,1.8397110225790791,151.14725193093074,207.2920116763248,167.54880939453668,0.8767344640067293
source_only,teff,1.5,2029,temperature_regime,hot_>6000,10,-139.09292346191597,174.48685290527357,235.6002737073744,169.86502275115353,-1.3251551786075928
source_only,teff,1.5,2029,gravity_regime,dwarf_>=3.5,88,-12.682259156198768,121.14426943461116,166.16100009893077,140.88173282785004,0.9692286717133931
source_only,teff,1.5,2029,metallicity_regime,intermediate,44,83.75315300450148,143.41618493975992,212.21217948331287,118.05402054666223,0.932547177244654
source_only,teff,1.5,2029,metallicity_regime,metal_rich_>=-0.5,42,-45.01467834230512,106.1476360623802,128.87917269846446,158.09586097158765,0.970174571265195
source_only,teff,1.5,2029,snr_regime,snr_<15,26,36.68486969385378,146.54331675602873,187.78842019119594,106.97608678143408,0.9614677563240687
source_only,teff,1.5,2029,snr_regime,snr_15_30,41,24.687630436594148,123.45330273636003,177.74978554753866,128.994016739441,0.9587314495282903
source_only,teff,1.5,2029,snr_regime,snr_>=30,24,-65.53538212670281,137.4238815434773,203.26428471619866,130.3115140782752,0.9503107242232618
source_only,teff,1.5,2030,temperature_regime,cool_<4000,26,65.18421762319673,82.09316627698051,99.64681801936295,78.29633531857266,0.7168091307094386
source_only,teff,1.5,2030,temperature_regime,mid_4000_6000,55,25.841012612082704,151.14977282529898,212.00494407462045,143.17689389489652,0.8710656859261252
source_only,teff,1.5,2030,temperature_regime,hot_>6000,10,-193.70298372395882,193.87977388509188,272.7559185326023,169.81332796520707,-2.1163679376766584
source_only,teff,1.5,2030,gravity_regime,dwarf_>=3.5,88,-4.614204546610727,122.74309150811405,172.63649415828496,129.8757499706102,0.9667835462549687
source_only,teff,1.5,2030,metallicity_regime,intermediate,44,86.7561889347886,160.15513227751774,227.0354431093539,162.9305907804564,0.9227947488730547
source_only,teff,1.5,2030,metallicity_regime,metal_rich_>=-0.5,42,-26.10904070657437,90.38539897131534,111.03937980327863,106.55525590527462,0.9778601195769993
source_only,teff,1.5,2030,snr_regime,snr_<15,26,26.744667573586256,149.5099367934007,198.11193628445255,102.98119488437028,0.9571147479740196
source_only,teff,1.5,2030,snr_regime,snr_15_30,41,44.941008670465415,129.65289238410293,187.19574672387182,136.88385745165905,0.9542287263121038
source_only,teff,1.5,2030,snr_regime,snr_>=30,24,-56.62196657392705,132.64294262780075,205.84894663893374,88.64907861929203,0.9490390151052973
source_only,teff,1.5,2031,temperature_regime,cool_<4000,26,59.687405094244276,78.8190538337902,93.50154994999707,68.38725076239093,0.7506611244365374
source_only,teff,1.5,2031,temperature_regime,mid_4000_6000,55,24.913582758123358,171.0730738617866,228.54288613583188,207.24241467309403,0.8501654557634749
source_only,teff,1.5,2031,temperature_regime,hot_>6000,10,-163.64288736979242,186.29862032063858,230.26009032001008,214.23071727917352,-1.2209444831046956
source_only,teff,1.5,2031,gravity_regime,dwarf_>=3.5,88,-5.273626124064203,131.49466881723103,169.2889153824652,165.39771709884633,0.9680592511737576
source_only,teff,1.5,2031,metallicity_regime,intermediate,44,85.33010686469821,175.8930166186706,244.5465954983189,163.71481083185085,0.9104258368582276
source_only,teff,1.5,2031,metallicity_regime,metal_rich_>=-0.5,42,-35.3463350786484,104.07530205378448,123.66270140165756,164.67080783847115,0.9725401174802882
source_only,teff,1.5,2031,snr_regime,snr_<15,26,43.25943356244978,160.50873858329578,197.20419059712296,112.73374225415189,0.9575068466784604
source_only,teff,1.5,2031,snr_regime,snr_15_30,41,34.05954074518458,136.92408549238976,185.0879427804427,163.14324488360631,0.9552536824157074
source_only,teff,1.5,2031,snr_regime,snr_>=30,24,-51.4789888636271,147.25774820539684,224.96006131238497,122.40907487060744,0.9391372798854517
source_only,teff,1.5,2032,temperature_regime,cool_<4000,26,76.2520392706449,95.61179642114874,123.22265019857248,85.67817069073531,0.5669545632038913
source_only,teff,1.5,2032,temperature_regime,mid_4000_6000,55,16.119274267948036,152.27556830943732,213.3245959856847,137.07855276599116,0.8694555539548617
source_only,teff,1.5,2032,temperature_regime,hot_>6000,10,-178.96874506632503,190.62532945760012,262.01199237158005,215.80757286834424,-1.875694192897103
source_only,teff,1.5,2032,gravity_regime,dwarf_>=3.5,88,-6.046927191994624,126.77001148339473,175.00688006906762,146.06478118535983,0.965865126826712
source_only,teff,1.5,2032,metallicity_regime,intermediate,44,89.75836012175604,143.77413678024735,214.5055545776736,137.16816045001357,0.9310813752739437
source_only,teff,1.5,2032,metallicity_regime,metal_rich_>=-0.5,42,-33.44662917848669,116.90885870555113,147.67930517618908,150.48328247622578,0.9608383937221526
source_only,teff,1.5,2032,snr_regime,snr_<15,26,38.41924286671145,164.9811441431295,221.04723796489208,171.33651049042209,0.9466103754637083
source_only,teff,1.5,2032,snr_regime,snr_15_30,41,35.18375597449776,126.66949809252745,178.54352040772204,144.05401353198405,0.9583620603556352
source_only,teff,1.5,2032,snr_regime,snr_>=30,24,-56.75036059909362,136.84821204291373,204.81597709374535,119.29143548117094,0.9495491859574228
source_only,teff,1.5,2033,temperature_regime,cool_<4000,26,64.97539913079692,80.14892127403867,105.72515156905641,70.74508819244411,0.6812068292728878
source_only,teff,1.5,2033,temperature_regime,mid_4000_6000,55,14.804529713023939,163.38533139685433,233.724821340016,154.9298408681042,0.843293789318984
source_only,teff,1.5,2033,temperature_regime,hot_>6000,10,-188.5407822469083,194.6917252400718,270.16269381737266,107.0715872213156,-2.0573919471522837
source_only,teff,1.5,2033,gravity_regime,dwarf_>=3.5,88,-12.310921902512023,128.58431381572385,184.34466233494808,147.79530706402528,0.9621253016163139
source_only,teff,1.5,2033,metallicity_regime,intermediate,44,79.82907563643016,166.07444481127226,245.36755332252486,182.9810396239051,0.9098234155211521
source_only,teff,1.5,2033,metallicity_regime,metal_rich_>=-0.5,42,-37.676965024433294,104.71099411495135,137.87480133607832,133.9353279542201,0.96586569887286
source_only,teff,1.5,2033,snr_regime,snr_<15,26,30.078458310641228,175.1791898404639,227.17009762991842,204.09630267941372,0.9436116988230723
source_only,teff,1.5,2033,snr_regime,snr_15_30,41,23.534122818117094,122.182169896568,188.13657534379274,126.13909295696979,0.9537674857106341
source_only,teff,1.5,2033,snr_regime,snr_>=30,24,-47.030719269646646,143.8689387808901,226.57137230527175,113.11271913503879,0.9382622802458043
source_only,teff,1.5,2034,temperature_regime,cool_<4000,26,64.71169728596965,83.41553354116596,103.57516312016807,74.94209782995624,0.6940407213920123
source_only,teff,1.5,2034,temperature_regime,mid_4000_6000,55,20.58895918042724,143.89807644190938,200.68440524798552,161.09229799200486,0.8844676020455602
source_only,teff,1.5,2034,temperature_regime,hot_>6000,10,-175.46442824300365,178.5387826538102,240.2763791144175,143.37992883422967,-1.4183687293779101
source_only,teff,1.5,2034,gravity_regime,dwarf_>=3.5,88,-5.665443357988269,117.156525971384,159.84042146074572,144.6176605616762,0.9715251607765325
source_only,teff,1.5,2034,metallicity_regime,intermediate,44,71.90700852365158,156.64890206539275,225.1126285268884,147.74721690060636,0.9240969486220979
source_only,teff,1.5,2034,metallicity_regime,metal_rich_>=-0.5,42,-26.146302955264282,94.53626578679174,116.20418627862294,120.77841206497374,0.9757526230615116
source_only,teff,1.5,2034,snr_regime,snr_<15,26,18.36264013437097,148.5197545330346,192.4459959979887,160.5145960186786,0.95953268027676
source_only,teff,1.5,2034,snr_regime,snr_15_30,41,44.14753525152405,120.35468494942523,175.99698695591871,127.79800673998741,0.9595413386129147
source_only,teff,1.5,2034,snr_regime,snr_>=30,24,-51.13437445322745,128.0220917553374,186.908926636231,120.95418735278344,0.9579853643466968
source_only,teff,1.5,2035,temperature_regime,cool_<4000,26,64.68267833611836,85.02925153292131,113.56632224196365,61.34219840777567,0.6321663134381159
source_only,teff,1.5,2035,temperature_regime,mid_4000_6000,55,29.583860096324713,153.72211309629492,216.91231170120315,168.69762350512588,0.8650276089072726
source_only,teff,1.5,2035,temperature_regime,hot_>6000,10,-182.02847499593153,212.54344687906905,257.9516509478775,260.77002535852046,-1.7872568077400315
source_only,teff,1.5,2035,gravity_regime,dwarf_>=3.5,88,-1.1340867903740455,127.30152726491282,176.37017014585734,143.3164763624555,0.9653312393734049
source_only,teff,1.5,2035,metallicity_regime,intermediate,44,86.8766680283981,158.10241832617547,229.71973204602824,170.0700160605522,0.9209583278519524
source_only,teff,1.5,2035,metallicity_regime,metal_rich_>=-0.5,42,-26.88033292740149,103.63526177784739,133.66304801621774,118.54627620266413,0.9679192925424878
source_only,teff,1.5,2035,snr_regime,snr_<15,26,31.491478999211022,181.2611692770937,229.85700749839262,191.3127021189871,0.9422699175151886
source_only,teff,1.5,2035,snr_regime,snr_15_30,41,45.39731014096617,124.54310510650858,186.1771756303365,130.63933097338617,0.9547254732629186
source_only,teff,1.5,2035,snr_regime,snr_>=30,24,-49.645457403394936,123.82722993214907,181.85307515816856,118.22973988104017,0.960227598617652
source_only,teff,2.0,2026,temperature_regime,cool_<4000,26,71.40513819376598,95.52363275381222,118.55280147058805,103.71829151489207,0.5991554173840035
source_only,teff,2.0,2026,temperature_regime,mid_4000_6000,55,15.959837990500446,187.03818838408506,257.77548502331115,201.1972007982794,0.8093838201987017
source_only,teff,2.0,2026,temperature_regime,hot_>6000,10,-279.5883352966308,279.5883352966308,343.9931975418987,158.97516181213396,-3.9567848678737727
source_only,teff,2.0,2026,gravity_regime,dwarf_>=3.5,88,-22.148875364824047,155.44381595495972,212.2580121389175,173.26563696136597,0.9497869925390985
source_only,teff,2.0,2026,metallicity_regime,intermediate,44,65.48863891139148,198.6931268125593,274.1710525106583,213.40135623242006,0.8874092490571659
source_only,teff,2.0,2026,metallicity_regime,metal_rich_>=-0.5,42,-20.47736029246539,112.88311751592731,141.7270527810369,142.72369886095777,0.9639316123893643
source_only,teff,2.0,2026,snr_regime,snr_<15,26,46.00342409965321,199.29626379942263,250.0295979085044,150.83582362362847,0.9316923214076823
source_only,teff,2.0,2026,snr_regime,snr_15_30,41,10.854302077874397,155.32481967088648,227.87844253496468,163.5869735322246,0.9321722315193774
source_only,teff,2.0,2026,snr_regime,snr_>=30,24,-70.9447534264459,167.357404183282,245.70743179980286,131.52576632873394,0.9273932328587015
source_only,teff,2.0,2027,temperature_regime,cool_<4000,26,93.94726354354417,109.81288751064176,156.63560582112507,69.45402696414283,0.3002653846313732
source_only,teff,2.0,2027,temperature_regime,mid_4000_6000,55,-10.555365106756074,176.9786666759143,251.76109357296673,155.25809581372067,0.818174927757906
source_only,teff,2.0,2027,temperature_regime,hot_>6000,10,-169.6422743021645,172.51400220743798,226.48227108947975,100.98334938159334,-1.148665367961999
source_only,teff,2.0,2027,gravity_regime,dwarf_>=3.5,88,-18.345269354618093,142.43246628501183,200.04510572764985,161.49317920803318,0.9553990705152865
source_only,teff,2.0,2027,metallicity_regime,intermediate,44,53.0040726586543,181.12993999134403,269.23764779085997,151.45377353271385,0.8914246863641497
source_only,teff,2.0,2027,metallicity_regime,metal_rich_>=-0.5,42,-18.51785322401273,117.99085884699716,151.6225692908867,160.29708965215835,0.9587191226047206
source_only,teff,2.0,2027,snr_regime,snr_<15,26,38.517896212064514,221.58418509458903,288.2266413202877,200.3726035602136,0.9092273690304321
source_only,teff,2.0,2027,snr_regime,snr_15_30,41,14.960916365956342,137.3761087011318,203.9770630700755,146.80045839349611,0.9456544844880739
source_only,teff,2.0,2027,snr_regime,snr_>=30,24,-60.38341017829034,121.68718730502638,179.25000394685486,97.01452854040436,0.9613580652698792
source_only,teff,2.0,2028,temperature_regime,cool_<4000,26,99.14028762426096,108.39410605406118,148.79791387180634,83.20916676525813,0.3685396857598623
source_only,teff,2.0,2028,temperature_regime,mid_4000_6000,55,26.561341149532613,177.95185984478567,250.19333408985926,181.40104717382752,0.8204323887880142
source_only,teff,2.0,2028,temperature_regime,hot_>6000,10,-154.8622643839517,154.8622643839517,195.95960458572415,62.664033193171306,-0.6085459449335349
source_only,teff,2.0,2028,gravity_regime,dwarf_>=3.5,88,8.251393809463035,140.80051989006256,191.52620491867503,174.7019673958771,0.9591168401403948
source_only,teff,2.0,2028,metallicity_regime,intermediate,44,99.97152692852643,177.28509141864185,257.927096603857,202.0029043275421,0.9003554715778784
source_only,teff,2.0,2028,metallicity_regime,metal_rich_>=-0.5,42,-17.85777763730043,123.68704151940703,163.72144797657106,167.73440533883553,0.9518681704559612
source_only,teff,2.0,2028,snr_regime,snr_<15,26,89.60985873882592,195.32971543140832,239.88394798109945,178.25166484543035,0.93712339893213
source_only,teff,2.0,2028,snr_regime,snr_15_30,41,40.808701819443066,136.75197922373195,203.55966401415398,132.47257151397494,0.9458766718025403
source_only,teff,2.0,2028,snr_regime,snr_>=30,24,-63.04643767462824,144.53408097161227,224.29813471850673,81.33081380929255,0.9394949201056136
source_only,teff,2.0,2029,temperature_regime,cool_<4000,26,78.04473995893369,95.99638533372095,126.86607731150026,74.04723944732672,0.5409675373174634
source_only,teff,2.0,2029,temperature_regime,mid_4000_6000,55,-4.9338168704874,175.52393551913164,231.01833321276965,179.91278969384203,0.8469020313730704
source_only,teff,2.0,2029,temperature_regime,hot_>6000,10,-177.95788334147238,200.00880773925837,277.71071711140047,158.86329265624343,-2.2306182423000234
source_only,teff,2.0,2029,gravity_regime,dwarf_>=3.5,88,-16.892810955626043,144.14793986233786,195.7586757584453,165.65675342843795,0.9572899494360027
source_only,teff,2.0,2029,metallicity_regime,intermediate,44,79.89383159521809,164.7722437101417,235.99620544837643,158.5821633183583,0.9165801206564708
source_only,teff,2.0,2029,metallicity_regime,metal_rich_>=-0.5,42,-44.091998538063116,124.15694410536034,148.95859612908748,173.00096962033408,0.960156970100234
source_only,teff,2.0,2029,snr_regime,snr_<15,26,45.16444905207672,191.31707682682904,238.8796892653918,181.9324788275753,0.9376487546321319
source_only,teff,2.0,2029,snr_regime,snr_15_30,41,16.515933741126933,136.70710439542435,190.30709920049074,147.93951775500233,0.9526945669029865
source_only,teff,2.0,2029,snr_regime,snr_>=30,24,-78.05018671247724,148.773969662984,219.51496755234012,120.91540710113249,0.9420479517237541
source_only,teff,2.0,2030,temperature_regime,cool_<4000,26,82.49645494118732,93.26462801028545,118.05153580903746,82.18345344363162,0.602537958099672
source_only,teff,2.0,2030,temperature_regime,mid_4000_6000,55,25.70153051757823,161.81312667939116,222.45362219954586,162.84897191906637,0.85804342924152
source_only,teff,2.0,2030,temperature_regime,hot_>6000,10,-227.97436027018247,227.97436027018247,318.950140141261,158.26571288751396,-3.261337735462593
source_only,teff,2.0,2030,gravity_regime,dwarf_>=3.5,88,-3.191750857035262,136.8718570304638,192.82500173310103,138.19001343740447,0.9585604780730749
source_only,teff,2.0,2030,metallicity_regime,intermediate,44,86.64914187113466,178.62204927155443,242.57889496515784,196.06799336502294,0.9118615225646436
source_only,teff,2.0,2030,metallicity_regime,metal_rich_>=-0.5,42,-16.606709052191825,93.06294458298447,116.24788869745683,109.73255650683622,0.9757343815795428
source_only,teff,2.0,2030,snr_regime,snr_<15,26,33.16752150315494,160.0204785312752,218.9840787391537,126.08322217498754,0.9476023556863298
source_only,teff,2.0,2030,snr_regime,snr_15_30,41,49.78917932773985,147.67178125645094,202.2793848026591,166.50279500714413,0.9465553432357166
source_only,teff,2.0,2030,snr_regime,snr_>=30,24,-67.70681280347975,141.21960104200497,221.44801477429425,105.47798881241079,0.9410228071638909
source_only,teff,2.0,2031,temperature_regime,cool_<4000,26,75.55897000043828,92.92025686410783,112.69234408603691,91.10288817212181,0.6378060416791245
source_only,teff,2.0,2031,temperature_regime,mid_4000_6000,55,13.121543651234084,189.22410253721293,244.1759460459444,247.06271616326566,0.8289660624511777
source_only,teff,2.0,2031,temperature_regime,hot_>6000,10,-178.12848593139705,215.42957011922255,255.29582995111772,214.8496651501169,-1.7301581383333051
source_only,teff,2.0,2031,gravity_regime,dwarf_>=3.5,88,-9.134154123248482,150.78192266868837,189.2955546265584,184.10034501147783,0.9600636031759828
source_only,teff,2.0,2031,metallicity_regime,intermediate,44,71.45252519780954,194.33169748710878,259.45268102701726,172.2494846632721,0.8991732327659081
source_only,teff,2.0,2031,metallicity_regime,metal_rich_>=-0.5,42,-29.406087123326003,120.23857856871601,144.08352373484283,179.61494302444603,0.9627222356731188
source_only,teff,2.0,2031,snr_regime,snr_<15,26,54.7736797547955,188.6323278730348,219.2947109875882,128.12586322479495,0.9474535965407445
source_only,teff,2.0,2031,snr_regime,snr_15_30,41,23.062874892319975,153.2465012737989,199.93620068870567,151.3296436380008,0.9477863667634975
source_only,teff,2.0,2031,snr_regime,snr_>=30,24,-61.03167844560428,157.91670592837832,239.08280400437113,137.29732901898248,0.9312556205229297
source_only,teff,2.0,2032,temperature_regime,cool_<4000,26,102.06276448958933,118.36943806574908,159.78025822407253,89.94018139792168,0.2718872873506336
source_only,teff,2.0,2032,temperature_regime,mid_4000_6000,55,3.2327425796043663,171.5943446858726,231.30643425042794,163.81884937305057,0.8465199388683475
source_only,teff,2.0,2032,temperature_regime,hot_>6000,10,-202.85493195597465,234.56238504028335,308.9719069553474,241.83756360363816,-2.998879779525866
source_only,teff,2.0,2032,gravity_regime,dwarf_>=3.5,88,-9.264402865785966,150.48599257498097,203.71736815375527,172.81450813226076,0.9537465467634964
source_only,teff,2.0,2032,metallicity_regime,intermediate,44,83.89814411510115,167.16919938520962,236.5245617629844,178.49752112585497,0.9162061760101635
source_only,teff,2.0,2032,metallicity_regime,metal_rich_>=-0.5,42,-31.701132403177457,135.10098580738884,171.48088029536396,149.45827370028772,0.947197726210105
source_only,teff,2.0,2032,snr_regime,snr_<15,26,45.02642895429535,201.4751807227512,265.42512634278705,195.2798528030712,0.9230212691039479
source_only,teff,2.0,2032,snr_regime,snr_15_30,41,28.340591678773617,147.44630640541646,195.67210361968705,187.54048059234574,0.9499897676809201
source_only,teff,2.0,2032,snr_regime,snr_>=30,24,-63.74033385806589,149.05270568423745,219.80603742082621,133.87940001226764,0.9418941646855636
source_only,teff,2.0,2033,temperature_regime,cool_<4000,26,75.47680957109502,88.06273604564181,115.80597646245924,69.14317858770953,0.6175150756726397
source_only,teff,2.0,2033,temperature_regime,mid_4000_6000,55,7.169032720392716,184.21569266209468,261.45165319594423,197.02013139477933,0.8039082507673545
source_only,teff,2.0,2033,temperature_regime,hot_>6000,10,-236.98236233520646,259.97330321248455,356.5910190350308,100.85853937368859,-4.326490579784395
source_only,teff,2.0,2033,gravity_regime,dwarf_>=3.5,88,-20.236390696438832,150.60857567411495,219.35086875367088,160.27654079263382,0.9463750665549705
source_only,teff,2.0,2033,metallicity_regime,intermediate,44,67.29567492860758,192.3358908358492,277.44024929545975,212.02791896161062,0.8847081921383153
source_only,teff,2.0,2033,metallicity_regime,metal_rich_>=-0.5,42,-31.046239146883572,116.38692003280364,157.23964024179872,146.50218860455163,0.9556038511212175
source_only,teff,2.0,2033,snr_regime,snr_<15,26,27.699767937293856,212.8725331585227,284.66510679380525,191.9108132190831,0.9114568122035083
source_only,teff,2.0,2033,snr_regime,snr_15_30,41,8.763900198587635,138.66979831850642,209.4610454897621,136.93925662616147,0.942693012677948
source_only,teff,2.0,2033,snr_regime,snr_>=30,24,-45.52681872473867,158.3783196894327,247.83819055485694,114.74868635601797,0.9261284903940683
source_only,teff,2.0,2034,temperature_regime,cool_<4000,26,91.23500398684729,103.99077583117385,134.7877289623155,104.32673446866069,0.48185288033850937
source_only,teff,2.0,2034,temperature_regime,mid_4000_6000,55,23.01901485928644,158.39760664136466,209.7747822207227,175.81232732305588,0.8737640380323557
source_only,teff,2.0,2034,temperature_regime,hot_>6000,10,-227.0114335428897,227.6422307027201,301.2531943252156,233.8092234469925,-2.801576046737774
source_only,teff,2.0,2034,gravity_regime,dwarf_>=3.5,88,-1.8117890144119428,138.23377074039365,184.74826701602555,160.70890900970332,0.9619592741391287
source_only,teff,2.0,2034,metallicity_regime,intermediate,44,68.35277989243008,173.56861901947966,239.68339122424194,159.71961232205155,0.9139530662896734
source_only,teff,2.0,2034,metallicity_regime,metal_rich_>=-0.5,42,-7.3766604880683015,112.5088242327977,141.20725049246872,147.48401754531972,0.9641956981642614
source_only,teff,2.0,2034,snr_regime,snr_<15,26,36.30088038909108,203.8464364350151,253.70559840803259,148.90667023168993,0.9296690015707284
source_only,teff,2.0,2034,snr_regime,snr_15_30,41,42.51813685223331,128.28916343378836,176.91817089227837,126.62820421118553,0.959116701731195
source_only,teff,2.0,2034,snr_regime,snr_>=30,24,-54.95937148200196,130.50782482571088,187.45719008031924,108.69261789279082,0.9577385182073642
source_only,teff,2.0,2035,temperature_regime,cool_<4000,26,93.8804051091116,112.89735860188799,167.68802683710402,107.59276137460446,0.19803302328719763
source_only,teff,2.0,2035,temperature_regime,mid_4000_6000,55,24.069050890373184,165.55942208030015,224.3858039281551,190.1636074117426,0.8555667144810285
source_only,teff,2.0,2035,temperature_regime,hot_>6000,10,-215.6108714294438,248.1312568868005,300.06943974903874,240.89953352999763,-2.7717586596462076
source_only,teff,2.0,2035,gravity_regime,dwarf_>=3.5,88,1.7585033162431605,148.5065997869319,204.6897667106484,177.8946538333739,0.9533039322252037
source_only,teff,2.0,2035,metallicity_regime,intermediate,44,79.68350003791548,177.24543131510436,242.83711077016764,233.71050040625133,0.9116737827300809
source_only,teff,2.0,2035,metallicity_regime,metal_rich_>=-0.5,42,-12.28374698941711,119.44838723561112,162.25921292137633,146.0236382209461,0.9527240846791654
source_only,teff,2.0,2035,snr_regime,snr_<15,26,48.21707997639968,216.43741594363516,271.1615355067066,236.63020740197874,0.9196579608329327
source_only,teff,2.0,2035,snr_regime,snr_15_30,41,41.59760466784915,141.92485807589392,204.1879863626803,151.82109513311806,0.9455420339856415
source_only,teff,2.0,2035,snr_regime,snr_>=30,24,-56.27359388563408,128.17167130364305,180.22752903752217,119.28542207101368,0.960935454869425
source_only,teff,2.5,2026,temperature_regime,cool_<4000,26,92.36176271487497,110.64898557614089,141.48388769989555,104.01847450393915,0.4290917142004843
source_only,teff,2.5,2026,temperature_regime,mid_4000_6000,55,16.112859818891955,217.28493064556721,292.8589522720142,225.64760508520789,0.7539668966026056
source_only,teff,2.5,2026,temperature_regime,hot_>6000,10,-348.3300007527667,348.3300007527667,410.6533072437615,231.919032871734,-6.064005210548001
source_only,teff,2.5,2026,gravity_regime,dwarf_>=3.5,88,-26.033827620997634,184.26766902576813,247.8747495248937,212.2037520126675,0.9315217543924996
source_only,teff,2.5,2026,metallicity_regime,intermediate,44,57.78105551286172,232.6205191386831,309.3530879332251,246.42963974957254,0.8566596606970149
source_only,teff,2.5,2026,metallicity_regime,metal_rich_>=-0.5,42,-4.944965832422819,132.02802884298694,172.70085287711413,158.14832779422062,0.9464437474643156
source_only,teff,2.5,2026,snr_regime,snr_<15,26,61.10691511496552,242.70116384261712,299.3473772077318,148.9468411749288,0.9020876225384757
source_only,teff,2.5,2026,snr_regime,snr_15_30,41,6.505509432660591,181.22874054947525,260.79425321152587,174.13224263220297,0.9111623466039883
source_only,teff,2.5,2026,snr_regime,snr_>=30,24,-85.46635694291865,190.42650814904152,274.2855845013612,138.3878965890825,0.9095212730871756
source_only,teff,2.5,2027,temperature_regime,cool_<4000,26,116.77403082040641,129.1674933135211,185.75878938502098,89.6054127038601,0.01587306019097301
source_only,teff,2.5,2027,temperature_regime,mid_4000_6000,55,-10.739472817160806,206.0736056555547,287.5023833177486,137.05928472722834,0.7628847783135831
source_only,teff,2.5,2027,temperature_regime,hot_>6000,10,-199.02888066609694,199.02888066609694,261.8910879136303,107.5098016669275,-1.8730408484782113
source_only,teff,2.5,2027,gravity_regime,dwarf_>=3.5,88,-16.97241995493566,167.43129543304468,234.02891371359988,174.98792426300204,0.9389582350647684
source_only,teff,2.5,2027,metallicity_regime,intermediate,44,53.29206663883092,217.70072566870525,310.98968867543414,173.98341827172968,0.8551389941550345
source_only,teff,2.5,2027,metallicity_regime,metal_rich_>=-0.5,42,-6.380212794712428,130.52721451047876,170.69064637766738,174.64412859149311,0.9476832614427038
source_only,teff,2.5,2027,snr_regime,snr_<15,26,55.1903868729036,273.0618611771026,344.6235081213964,283.3423112112728,0.8702293501487556
source_only,teff,2.5,2027,snr_regime,snr_15_30,41,17.265698110688668,158.85672223098894,234.7400651121533,173.329508933047,0.9280260255425431
source_only,teff,2.5,2027,snr_regime,snr_>=30,24,-70.319945479499,127.91491424136701,180.51833005727732,97.30221476064808,0.9608092901882397
source_only,teff,2.5,2028,temperature_regime,cool_<4000,26,119.17257602789431,128.27413656381447,180.6696900598649,111.71174923236099,0.06905724709331695
source_only,teff,2.5,2028,temperature_regime,mid_4000_6000,55,25.110838421446086,199.39210842248204,267.71040980436663,195.95182491949842,0.7944076011866115
source_only,teff,2.5,2028,temperature_regime,hot_>6000,10,-170.23004321288926,170.23004321288926,210.43734381348486,59.483209335322876,-0.8550088421346851
source_only,teff,2.5,2028,gravity_regime,dwarf_>=3.5,88,12.6925792497578,162.99611661622012,217.13808457994597,202.93217075174127,0.9474515326665074
source_only,teff,2.5,2028,metallicity_regime,intermediate,44,99.70566226843697,197.48818241003784,273.6467992553825,220.87098585452415,0.8878394158025074
source_only,teff,2.5,2028,metallicity_regime,metal_rich_>=-0.5,42,-8.316703420972457,144.14402337210538,191.47255928620172,196.7086746944579,0.9341684166602338
source_only,teff,2.5,2028,snr_regime,snr_<15,26,104.91406284821367,232.8254505685659,274.2629229814507,170.4714666140467,0.9178096401681403
source_only,teff,2.5,2028,snr_regime,snr_15_30,41,43.89367864097049,151.87870684119733,219.54605044561026,173.60980907428015,0.9370418002116199
source_only,teff,2.5,2028,snr_regime,snr_>=30,24,-72.92182502322714,155.14605211469896,232.85931794120083,77.607950070278,0.9347879644086419
source_only,teff,2.5,2029,temperature_regime,cool_<4000,26,106.5625099729877,117.12225063617414,155.29560602177872,83.31570571594317,0.3121864739564062
source_only,teff,2.5,2029,temperature_regime,mid_4000_6000,55,-9.14327110521771,202.10739739620323,259.8414424823932,189.96149231060852,0.8063161661485025
source_only,teff,2.5,2029,temperature_regime,hot_>6000,10,-207.32543681844172,228.2984304707855,316.18816946692243,139.59347816930662,-3.187854590829307
source_only,teff,2.5,2029,gravity_regime,dwarf_>=3.5,88,-13.937090810140427,170.71721257296488,228.8386291102807,192.61200871112052,0.9416357749531121
source_only,teff,2.5,2029,metallicity_regime,intermediate,44,80.51720364426063,192.08237818631233,266.7142407262936,166.98655426296955,0.893450374746639
source_only,teff,2.5,2029,metallicity_regime,metal_rich_>=-0.5,42,-33.343207026890774,143.91889887976305,171.75793876578774,197.96899946685573,0.947026965069343
source_only,teff,2.5,2029,snr_regime,snr_<15,26,66.13548288198614,238.71701973157053,289.9679489857281,232.2389543758857,0.9081272587650475
source_only,teff,2.5,2029,snr_regime,snr_15_30,41,13.909017204966236,155.05270089002153,212.66626866631051,176.0109718033452,0.9409257432163607
source_only,teff,2.5,2029,snr_regime,snr_>=30,24,-87.3042200003736,161.67776785532678,232.72209526088966,131.65398730901737,0.9348647999307977
source_only,teff,2.5,2030,temperature_regime,cool_<4000,26,117.05804651896165,120.38128621810566,162.2649228300094,95.46332443179578,0.24906616733946296
source_only,teff,2.5,2030,temperature_regime,mid_4000_6000,55,24.40587220717932,177.22147149103324,237.0414743503578,210.63829290050396,0.8388147803090004
source_only,teff,2.5,2030,temperature_regime,hot_>6000,10,-268.39581739298603,268.39581739298603,358.54920553137407,83.08111176004101,-4.385151060703729
source_only,teff,2.5,2030,gravity_regime,dwarf_>=3.5,88,1.6547686016198109,159.14543383627242,219.25217677963704,157.97850528777707,0.9464233103570793
source_only,teff,2.5,2030,metallicity_regime,intermediate,44,85.33175317475288,204.69223757657156,262.88962793405847,265.1385575215153,0.896484252933156
source_only,teff,2.5,2030,metallicity_regime,metal_rich_>=-0.5,42,0.2992353772361379,106.88816846817257,141.88035186647278,130.69824616491846,0.9638535434380561
source_only,teff,2.5,2030,snr_regime,snr_<15,26,61.933503124530574,206.6583466319553,267.610945406238,200.24145558209477,0.9217481838424089
source_only,teff,2.5,2030,snr_regime,snr_15_30,41,47.8424164364202,159.1411234488141,213.97664902231983,188.08629891364066,0.9401955076885954
source_only,teff,2.5,2030,snr_regime,snr_>=30,24,-77.91400617387575,152.63122807396738,234.63596480041113,116.28756932324325,0.9337890716603656
source_only,teff,2.5,2031,temperature_regime,cool_<4000,26,116.22430690667566,123.28305671104998,171.34526155136695,108.83072830252048,0.162670149433083
source_only,teff,2.5,2031,temperature_regime,mid_4000_6000,55,10.586746715198933,199.0803317390208,257.74869949993365,258.1167856397102,0.8094234321025998
source_only,teff,2.5,2031,temperature_regime,hot_>6000,10,-203.1320643412276,238.65833318074593,283.9136105050512,184.96443669922297,-2.376546900818622
source_only,teff,2.5,2031,gravity_regime,dwarf_>=3.5,88,0.22688655044088984,170.32437116911896,219.97079170496247,221.1077054374936,0.9460715318313743
source_only,teff,2.5,2031,metallicity_regime,intermediate,44,61.12350489760908,212.11470480254187,277.5062244156986,209.93465038851667,0.8846533529770684
source_only,teff,2.5,2031,metallicity_regime,metal_rich_>=-0.5,42,-1.6636702861484038,138.24461176796532,181.5048370177998,194.4346279785457,0.9408441604078692
source_only,teff,2.5,2031,snr_regime,snr_<15,26,104.02708187396713,225.23427338820233,277.7192303961953,227.88483120147285,0.9157250337009282
source_only,teff,2.5,2031,snr_regime,snr_15_30,41,14.707285240607423,163.54575718329207,209.76079930256043,151.06939216882233,0.9425288744786245
source_only,teff,2.5,2031,snr_regime,snr_>=30,24,-72.28835075378403,165.82891247219453,242.7266602588148,143.71382527313028,0.929144188627572
source_only,teff,2.5,2032,temperature_regime,cool_<4000,26,133.51597489968316,149.83869839008076,224.22026526735857,116.55179393841944,-0.4338446507976883
source_only,teff,2.5,2032,temperature_regime,mid_4000_6000,55,-0.4347057624586672,187.6954142659507,250.86417014801523,162.8683209470236,0.8194681590860045
source_only,teff,2.5,2032,temperature_regime,hot_>6000,10,-234.56738951619553,271.59640550740534,351.8238782392633,257.3421934995715,-4.1850265499450945
source_only,teff,2.5,2032,gravity_regime,dwarf_>=3.5,88,-5.879433163729754,174.04312777432548,240.37552933114182,191.79233514868233,0.9356025670184742
source_only,teff,2.5,2032,metallicity_regime,intermediate,44,81.85246839812285,178.39613925124692,253.75028243828004,170.38842229754854,0.9035565837134416
source_only,teff,2.5,2032,metallicity_regime,metal_rich_>=-0.5,42,-17.52009819151864,165.51109192136747,220.78040484172044,172.87681393575932,0.9124729549339199
source_only,teff,2.5,2032,snr_regime,snr_<15,26,77.19794508322694,255.19611040555571,334.6009176439754,203.83062727172867,0.8776677575695896
source_only,teff,2.5,2032,snr_regime,snr_15_30,41,21.51503873003146,158.03523722826972,208.90030721086532,208.97524519964603,0.9429994296430778
source_only,teff,2.5,2032,snr_regime,snr_>=30,24,-74.4762718666921,159.18643337249716,233.2857759299041,142.52451158715797,0.9345488873595115
source_only,teff,2.5,2033,temperature_regime,cool_<4000,26,97.94105219523125,105.1141247362971,140.81548407235323,96.5352751192937,0.4344731862167638
source_only,teff,2.5,2033,temperature_regime,mid_4000_6000,55,6.85720894553476,210.31828388930842,290.77299634679594,236.85320308655037,0.7574592704033309
source_only,teff,2.5,2033,temperature_regime,hot_>6000,10,-269.7343225606287,303.6835110371908,412.93679525524897,96.47714259710642,-6.142784165615377
source_only,teff,2.5,2033,gravity_regime,dwarf_>=3.5,88,-17.582822213606224,176.86078396768306,254.29501866527534,204.51716047656512,0.9279284678867832
source_only,teff,2.5,2033,metallicity_regime,intermediate,44,64.83306807546944,219.19598544958916,308.0177328509447,250.46912796325256,0.8578944770723026
source_only,teff,2.5,2033,metallicity_regime,metal_rich_>=-0.5,42,-16.615864403134342,137.24206049359043,183.84211211641977,185.43713157897767,0.9393108272287494
source_only,teff,2.5,2033,snr_regime,snr_<15,26,46.683134100498734,251.95053376026655,328.575546389358,187.04431543548364,0.8820339170748863
source_only,teff,2.5,2033,snr_regime,snr_15_30,41,4.373012489381193,163.248702568737,240.0727549453547,189.57320235076958,0.9247187543737907
source_only,teff,2.5,2033,snr_regime,snr_>=30,24,-48.616015633477446,170.55822018093536,266.21359408853795,116.89934640768735,0.9147683350217805
source_only,teff,2.5,2034,temperature_regime,cool_<4000,26,116.92460755959517,133.38902519030495,181.77028133834685,117.82620019839266,0.057680593596267205
source_only,teff,2.5,2034,temperature_regime,mid_4000_6000,55,23.11147384920991,172.85591403475632,228.41225358951525,208.8055078298911,0.850336694295031
source_only,teff,2.5,2034,temperature_regime,hot_>6000,10,-236.13680204264392,242.07123189290422,304.6233759147662,187.07088170183886,-2.8871098574875456
source_only,teff,2.5,2034,gravity_regime,dwarf_>=3.5,88,3.705405882632993,156.50199006398515,206.2804878746081,193.056097889861,0.9525753266379774
source_only,teff,2.5,2034,metallicity_regime,intermediate,44,65.11363216284525,183.62747216658147,251.3961318061064,195.15724330331622,0.9053377769599872
source_only,teff,2.5,2034,metallicity_regime,metal_rich_>=-0.5,42,11.365458921402293,141.04160043867807,183.63322931898963,187.66256788522315,0.9394486598746844
source_only,teff,2.5,2034,snr_regime,snr_<15,26,75.8296826837001,247.13421073326725,299.86727312926774,159.68762272045996,0.9017472257023265
source_only,teff,2.5,2034,snr_regime,snr_15_30,41,33.50837517218843,138.46634652238538,186.3440069346665,155.47425748810298,0.9546442969050106
source_only,teff,2.5,2034,snr_regime,snr_>=30,24,-58.15051225026449,137.22052330440923,193.09501428690155,108.6209247325438,0.9551582414715327
source_only,teff,2.5,2035,temperature_regime,cool_<4000,26,120.52359113644275,136.23475829295595,209.15558919541198,130.38791366100972,-0.24764584767612896
source_only,teff,2.5,2035,temperature_regime,mid_4000_6000,55,31.97279769804958,193.33333592455304,256.9699756030863,231.69528920593575,0.8105732523817615
source_only,teff,2.5,2035,temperature_regime,hot_>6000,10,-277.3852779846187,297.49831090291264,363.24907699766794,241.27835733074772,-4.527253713828676
source_only,teff,2.5,2035,gravity_regime,dwarf_>=3.5,88,8.602879480303887,179.42283217805786,249.10340875319724,192.43775396908293,0.9308412094703953
source_only,teff,2.5,2035,metallicity_regime,intermediate,44,85.24089525858527,216.20521642280326,286.2021932775291,234.7526981965913,0.8773110548732072
source_only,teff,2.5,2035,metallicity_regime,metal_rich_>=-0.5,42,-0.31235518924795325,138.50105805654354,197.9463882168584,166.32885215646013,0.9296415311189092
source_only,teff,2.5,2035,snr_regime,snr_<15,26,74.48064528245193,282.36120744754146,347.89961357887495,257.2264903271802,0.8677503369868332
source_only,teff,2.5,2035,snr_regime,snr_15_30,41,42.019054054321856,158.81830693934955,226.53329900561857,150.44768893078134,0.932970629105853
source_only,teff,2.5,2035,snr_regime,snr_>=30,24,-64.20889710320398,137.39493009779116,186.84266162004766,125.54496548470962,0.9580151500507461
source_only,teff,3.0,2026,temperature_regime,cool_<4000,26,132.54116456251865,148.30317801842335,186.56548902122626,168.52888673654255,0.007306911788654502
source_only,teff,3.0,2026,temperature_regime,mid_4000_6000,55,19.181617302172327,236.92294774650813,312.16735667183036,251.03882045190372,0.7204551408373999
source_only,teff,3.0,2026,temperature_regime,hot_>6000,10,-398.01943484496985,398.01943484496985,462.63813235034115,243.16267498269508,-7.96567957276643
source_only,teff,3.0,2026,gravity_regime,dwarf_>=3.5,88,-16.31754504926261,214.88670746427596,282.7692725148271,240.86407519277847,0.9108846581033077
source_only,teff,3.0,2026,metallicity_regime,intermediate,44,62.69982691215773,253.61104016159533,327.4535739872557,302.592383111026,0.8393950276307205
source_only,teff,3.0,2026,metallicity_regime,metal_rich_>=-0.5,42,16.88987530662897,160.96788263472305,205.86497685671029,206.82689432040343,0.923899738053893
source_only,teff,3.0,2026,snr_regime,snr_<15,26,112.92324707422539,292.3944746242426,341.42529058945274,191.09678718264894,0.8726268008702726
source_only,teff,3.0,2026,snr_regime,snr_15_30,41,-0.6263258845631243,201.61275169558647,284.6548882163947,204.76299692443433,0.8941628013526234
source_only,teff,3.0,2026,snr_regime,snr_>=30,24,-99.56084086947948,208.2691643015543,292.40117876977854,138.70363674316675,0.8971749917648975
source_only,teff,3.0,2027,temperature_regime,cool_<4000,26,148.1035550005004,157.21231029021465,221.6256626662056,117.16092024795516,-0.4008526974137383
source_only,teff,3.0,2027,temperature_regime,mid_4000_6000,55,-22.40699490633867,223.06501702695903,299.18425471693354,156.14431565033325,0.7432242513456129
source_only,teff,3.0,2027,temperature_regime,hot_>6000,10,-236.45294432576483,236.45294432576483,294.20353833527,133.68632644249868,-2.625735714319665
source_only,teff,3.0,2027,gravity_regime,dwarf_>=3.5,88,-18.41633253155337,191.4342036091198,258.29200729769434,192.0828263551008,0.9256450333191631
source_only,teff,3.0,2027,metallicity_regime,intermediate,44,41.86238047050697,248.38640193823647,333.49955008686237,246.32170505490203,0.8334095804463989
source_only,teff,3.0,2027,metallicity_regime,metal_rich_>=-0.5,42,3.3325666833301772,144.36879732162225,185.23125290475815,189.13107176831105,0.9383902076982662
source_only,teff,3.0,2027,snr_regime,snr_<15,26,53.276595392472174,310.8384382551149,368.5718398411553,325.1744766499304,0.8515668231863407
source_only,teff,3.0,2027,snr_regime,snr_15_30,41,16.593402181485388,180.48494061477757,257.63370355084646,190.71177849181848,0.9133025353494286
source_only,teff,3.0,2027,snr_regime,snr_>=30,24,-75.48927928076843,134.95597864362944,183.98201396325658,95.27302983212171,0.9592909233535072
source_only,teff,3.0,2028,temperature_regime,cool_<4000,26,185.8004433578099,194.25701160137493,271.2670389011165,167.61717769940046,-1.098680995813536
source_only,teff,3.0,2028,temperature_regime,mid_4000_6000,55,25.26507155539758,214.24024044522363,280.562849382567,208.53852792303255,0.7741932795516564
source_only,teff,3.0,2028,temperature_regime,hot_>6000,10,-181.18784133911095,181.18784133911095,225.9428144659157,53.9109221473366,-1.1384417745771591
source_only,teff,3.0,2028,gravity_regime,dwarf_>=3.5,88,32.21830827424013,194.00537520668723,255.37245606183748,209.84824170236007,0.9273164459158191
source_only,teff,3.0,2028,metallicity_regime,intermediate,44,106.7503367337314,220.7234520929507,294.7283009334661,262.52860336120665,0.8698922405236057
source_only,teff,3.0,2028,metallicity_regime,metal_rich_>=-0.5,42,25.496003214518037,180.3477891806954,242.37426141106076,193.67844579888737,0.8945141483814832
source_only,teff,3.0,2028,snr_regime,snr_<15,26,166.30133049598092,295.8208270967926,339.756178629788,225.9634498314804,0.873869125156379
source_only,teff,3.0,2028,snr_regime,snr_15_30,41,49.14858238654393,171.90105634983925,241.33397192851788,178.9380902908911,0.9239256999195161
source_only,teff,3.0,2028,snr_regime,snr_>=30,24,-80.43393422020792,162.77038019392268,238.3860135687174,63.338737149104425,0.9316557381731331
source_only,teff,3.0,2029,temperature_regime,cool_<4000,26,144.7718189532941,150.8403918887412,202.63050918810524,96.55275023519899,-0.17101389384781962
source_only,teff,3.0,2029,temperature_regime,mid_4000_6000,55,-3.6780600659920393,230.27669232362732,296.55658315498084,233.650493896611,0.7477148577241608
source_only,teff,3.0,2029,temperature_regime,hot_>6000,10,-216.02499383544983,229.74014086914121,316.9373635872313,147.78050760796756,-3.2077239815492113
source_only,teff,3.0,2029,gravity_regime,dwarf_>=3.5,88,-3.0826342611602926,195.5872023842556,257.94174944334,236.52603719677737,0.9258465552572935
source_only,teff,3.0,2029,metallicity_regime,intermediate,44,94.05115427884171,223.12853038209906,306.1638286996869,191.30873296966485,0.8595999450461881
source_only,teff,3.0,2029,metallicity_regime,metal_rich_>=-0.5,42,-17.52275043063693,168.23912189059826,207.1074080213792,186.91185466320718,0.9229784094293965
source_only,teff,3.0,2029,snr_regime,snr_<15,26,123.50783009847038,300.0690680479398,360.3173959047191,304.110139963315,0.8581409191627076
source_only,teff,3.0,2029,snr_regime,snr_15_30,41,10.042510016216156,168.41248378102415,227.06283504971316,209.33622234465633,0.9326568919789102
source_only,teff,3.0,2029,snr_regime,snr_>=30,24,-92.55926843431276,174.0734196387399,243.21171080910798,139.84764624883763,0.9288607175791396
source_only,teff,3.0,2030,temperature_regime,cool_<4000,26,159.68266997899724,161.05864972628058,216.32990710740344,126.13603391809143,-0.33470566559810777
source_only,teff,3.0,2030,temperature_regime,mid_4000_6000,55,29.49342982436674,195.04981736431668,255.2481587986482,219.73516266747978,0.8131032401891252
source_only,teff,3.0,2030,temperature_regime,hot_>6000,10,-303.9431120808919,303.9431120808919,401.02295541290687,71.55473402545135,-5.736570014246265
source_only,teff,3.0,2030,gravity_regime,dwarf_>=3.5,88,13.482867378465999,186.44012908010748,251.81839139125267,209.710739918154,0.9293254683319064
source_only,teff,3.0,2030,metallicity_regime,intermediate,44,89.58508537754871,235.49765372767553,295.30346587546785,310.7234864175421,0.8693839320866794
source_only,teff,3.0,2030,metallicity_regime,metal_rich_>=-0.5,42,23.325848311166727,128.71016090514152,169.5061531648476,159.34861853271525,0.9484068372140352
source_only,teff,3.0,2030,snr_regime,snr_<15,26,90.53456987821157,254.66811603643953,313.04155741826787,203.2792276334814,0.8929243615820008
source_only,teff,3.0,2030,snr_regime,snr_15_30,41,57.17582312855272,182.08995426581137,242.25942512065444,213.5671836488646,0.9233411308072674
source_only,teff,3.0,2030,snr_regime,snr_>=30,24,-81.81877608829096,161.15153445349742,246.1497232867504,115.63840976717904,0.9271316025289318
source_only,teff,3.0,2031,temperature_regime,cool_<4000,26,157.77398068941545,162.38578768216638,228.70228922551135,145.08846886068514,-0.4917409092245424
source_only,teff,3.0,2031,temperature_regime,mid_4000_6000,55,-0.506342281457174,206.28163014544847,259.3207894639857,255.61154832397153,0.807091570113524
source_only,teff,3.0,2031,temperature_regime,hot_>6000,10,-223.31127719116301,256.5412304382329,302.3731531698162,162.00738157901012,-2.8298945707004277
source_only,teff,3.0,2031,gravity_regime,dwarf_>=3.5,88,3.8921043650307183,189.02586051940906,239.13994296781854,253.27556711816027,0.9362629012020525
source_only,teff,3.0,2031,metallicity_regime,intermediate,44,56.50569380326712,221.5822598220361,280.9042468041411,248.81736045883497,0.8818112532906339
source_only,teff,3.0,2031,metallicity_regime,metal_rich_>=-0.5,42,9.726997658865619,166.60454640464178,220.88683715042322,253.29976727835052,0.9123885457137011
source_only,teff,3.0,2031,snr_regime,snr_<15,26,120.28040975326108,245.56167620145368,290.6167502458776,195.73736756246856,0.9077156695822669
source_only,teff,3.0,2031,snr_regime,snr_15_30,41,17.896144525791286,182.50714989390787,232.94847432843716,199.86157537756208,0.9291204772206046
source_only,teff,3.0,2031,snr_regime,snr_>=30,24,-84.16127827538348,177.7306548012626,254.29995500495303,176.23810804174892,0.9222262425275267
source_only,teff,3.0,2032,temperature_regime,cool_<4000,26,165.30548780001084,176.7163439198031,250.8434228550321,150.28931810071103,-0.794559296010954
source_only,teff,3.0,2032,temperature_regime,mid_4000_6000,55,3.0237445179334745,198.57720018051614,266.4558551917766,213.77001181689076,0.796329995904627
source_only,teff,3.0,2032,temperature_regime,hot_>6000,10,-266.66523361206174,300.27115601603225,373.5794127655177,241.95256019430266,-4.84609988679314
source_only,teff,3.0,2032,gravity_regime,dwarf_>=3.5,88,4.097508639711262,194.11439746741107,263.8357413576743,203.39165210076894,0.9224190121598328
source_only,teff,3.0,2032,metallicity_regime,intermediate,44,82.96631528912154,195.24806646173673,270.6189651919656,207.8755064702149,0.8903077422967578
source_only,teff,3.0,2032,metallicity_regime,metal_rich_>=-0.5,42,0.627183927505831,183.63916812230678,244.02937831799503,213.5104273397496,0.8930685531493378
source_only,teff,3.0,2032,snr_regime,snr_<15,26,103.6375311240174,279.9777803587307,357.21777208680487,185.96294775551945,0.8605711015131909
source_only,teff,3.0,2032,snr_regime,snr_15_30,41,27.98324381014163,172.73370934959348,227.45375107740423,207.268051750543,0.9324248138271999
source_only,teff,3.0,2032,snr_regime,snr_>=30,24,-85.17885459476054,173.23242247263576,249.80550792683044,145.03982217932034,0.9249510648573714
source_only,teff,3.0,2033,temperature_regime,cool_<4000,26,135.33085331060946,143.51769166604063,190.65713255355152,124.48860272909593,-0.03671287106722887
source_only,teff,3.0,2033,temperature_regime,mid_4000_6000,55,12.45927327658901,235.7680172359582,317.7557460430036,254.15824439380143,0.7103567835880402
source_only,teff,3.0,2033,temperature_regime,hot_>6000,10,-285.68690078735546,326.2346166890473,433.35044948419124,80.61174338317632,-6.866451402309244
source_only,teff,3.0,2033,gravity_regime,dwarf_>=3.5,88,-5.782433943315239,205.74090571316822,284.0282236064444,230.37806311303552,0.9100893693691997
source_only,teff,3.0,2033,metallicity_regime,intermediate,44,76.001283668749,250.45059428128354,340.6384805716639,279.2844760035742,0.8262011369547418
source_only,teff,3.0,2033,metallicity_regime,metal_rich_>=-0.5,42,0.16903997754275224,165.16804756527839,214.0387340748393,208.14151171658332,0.9177367310291296
source_only,teff,3.0,2033,snr_regime,snr_<15,26,83.55444092579357,299.28824861184165,366.71039695489264,209.45525881823605,0.8530623371455771
source_only,teff,3.0,2033,snr_regime,snr_15_30,41,9.316487650056986,191.020810919041,271.3020500089858,208.64115933349052,0.9038593188462636
source_only,teff,3.0,2033,snr_regime,snr_>=30,24,-50.30826038784509,181.1541411081945,278.5470339989157,125.23440698022488,0.9066879798802092
source_only,teff,3.0,2034,temperature_regime,cool_<4000,26,157.58975272154203,174.28172242775977,242.39084571154723,156.96734920871177,-0.6756557621953057
source_only,teff,3.0,2034,temperature_regime,mid_4000_6000,55,23.88842255748425,170.69685454212535,225.3048439657804,186.5980090078155,0.8543811509719836
source_only,teff,3.0,2034,temperature_regime,hot_>6000,10,-260.4797488911957,280.2953632710777,346.49751170817746,191.3063544210154,-4.0292196254364026
source_only,teff,3.0,2034,gravity_regime,dwarf_>=3.5,88,13.22488864898687,171.36359425284655,228.31662491421343,214.7949475215749,0.9419017407303737
source_only,teff,3.0,2034,metallicity_regime,intermediate,44,66.93871358004468,196.68563776883232,265.5500437240616,213.9286685222473,0.8943785143823341
source_only,teff,3.0,2034,metallicity_regime,metal_rich_>=-0.5,42,33.302974599202784,155.4954368010021,210.21492226370697,204.57934585198674,0.9206497500492999
source_only,teff,3.0,2034,snr_regime,snr_<15,26,96.55306427393215,282.62809796064363,342.45131100049997,155.1231938279752,0.8718601097617509
source_only,teff,3.0,2034,snr_regime,snr_15_30,41,40.96614298254504,144.23495269279206,193.28176546454856,145.34332399102266,0.9512041585238863
source_only,teff,3.0,2034,snr_regime,snr_>=30,24,-57.64967545403383,144.1934086778423,197.83723779894444,114.65276121301196,0.9529286564626493
source_only,teff,3.0,2035,temperature_regime,cool_<4000,26,160.31464676685795,175.37275483351445,249.59571847261668,171.2551477177736,-0.7767512878044291
source_only,teff,3.0,2035,temperature_regime,mid_4000_6000,55,45.556576018362335,214.31412210915272,294.05058063456136,229.86648814020003,0.7519606305195741
source_only,teff,3.0,2035,temperature_regime,hot_>6000,10,-321.1719170532232,322.0964407348639,403.8507248324344,257.7842040310092,-5.831909341005641
source_only,teff,3.0,2035,gravity_regime,dwarf_>=3.5,88,24.48157397992669,207.50270378228362,290.0848715367092,227.24719986184823,0.9062139578070512
source_only,teff,3.0,2035,metallicity_regime,intermediate,44,94.89675335046005,248.79458564989488,328.2151908134018,288.21534114309765,0.838647063894416
source_only,teff,3.0,2035,metallicity_regime,metal_rich_>=-0.5,42,27.83873587956497,160.21702418251584,230.48965535491507,175.87784177676318,0.9046053337013301
source_only,teff,3.0,2035,snr_regime,snr_<15,26,135.4686645977311,349.92548447829023,420.3560559746592,345.91862194381633,0.8069271094818911
source_only,teff,3.0,2035,snr_regime,snr_15_30,41,39.02519928226612,169.56776558232457,245.47523217287764,189.14233816491182,0.9212924483721616
source_only,teff,3.0,2035,snr_regime,snr_>=30,24,-69.17271348741322,146.5663234880233,198.06957478209964,121.9465192500921,0.9528180318315159
